tree
version=v4
num_class=6
num_tree_per_iteration=6
label_index=0
max_feature_idx=14
objective=multiclass num_class:6
feature_names=Column_0 Column_1 Column_2 Column_3 Column_4 Column_5 Column_6 Column_7 Column_8 Column_9 Column_10 Column_11 Column_12 Column_13 Column_14
feature_infos=[1.2117:11.2902] none [10:3700] [1:12] [3:361] [-1:1] [-1:1] [6:19.5] [-0.97904547248458373:1] [-0.99144486137381038:0.38268343236508917] [4:5] [0:9] [4:194] [0:1] [0:7]
tree_sizes=822 545 447 540 348 835 1078 985 1216 1088 1092 1072 1070 1078 1102 1086 1095 1175 1069 1077 1322 981 1101 972 965 1085 1102 985 997 1288 1178 1093 1095 1083 1203 1165 1186 978 1099 984 1201 1063 1180 1087 1100 1092 1209 1070 1182 1091 1100 1084 1202 1071 1180 984 1099 1088 1203 1071 1177 1196 1208 1190 1206 1398 1174 1095 1318 1205 1203 1404 1173 1094 1213 1206 1203 1189 1173 1096 1214 1205 1205 1194 1176 1101 1329 1203 1203 1301 1077 1199 1325 1096 1204 1288 1180 1094 1328 1096 1201 1295 1185 1093 1221 1207 1195 1188 1184 986 1332 1197 1205 1188 1396 1095 1317 1215 1318 1186 1308 1200 1318 1209 1431 1288 1304 1199 1325 1303 1320 1288 1307 1201 1327 1306 1316 1290 1311 1205 1334 1301 1293 1184 1525 1211 1335 1299 1420 1295 1401 1311 1655 1418 1320 1511 1405 1307 1434 1419 1104 1279 1520 1316 1657 1417 1109 1616 1516 1315 1657 1418 1105 1400 1516 1314 1664 1418 1103 1410 1195 1098 1330 1309 1205 1415 1410 1206 1546 1211 1211 1414 1414 1324 1557 1213 1209 1416 1297 1106 1449 1214 1212 1192 1189 1107 1328 1219 1215 1191 1420 1429 1451 1318 1436 1522 1421 1429 1448 1311 1430 1520 1425 1320 1450 1215 1318 1409 1422 1324 1443 1322 1431 1525 1418 1207 1341 1321 1435 1635 1518 1106 1322 1210 1213 1190 1521 1219 1326 1209 1208 1304 1520 1216 1429 1213 1213 1194 1411 1108 1544 1212 1212 1202 1515 1218 1542 1215 1216 1197 1413 1217 1237 1546 1428 1515 1633 1217 1235 1541 1215 1514 1416 1218 1230 1548 1221 1298 1640 1217 1446 1542 1432 1299 1527 1219 1339 1424 1219 1305 1637 1436 1359 1339 1334 1305 1626 1549 1453 1338 1337 1304 1635 1549 1354 1332 1332 1414 1634 1552 1350 1549 1440 1211 1637 1555 1349 1555 1440 1297 1088 1333 1238 1331 1336 1321 1426 1340 1350 1331 1338 1527 1311 1222 1356 1332 1337 1529 1198 1342 1581 1336 1334 1088 1317 1332 1354 1335 1339 1528 1637 1446 1570 1558 1557 1519 1641 1783 1563 1562 1556 1528 1638 1430 1564 1443 1333 1532 1640 1444 1564 1552 1447 1425 1535 1443 1462 1557 1342 1422 1317 1237 1351 1115 1229 1438 1317 1012 1245 1005 1232 1316 1319 1235 1356 1225 1235 1440 1322 1231 1242 1228 1231 1447 1212 1012 1245 1230 1230 1324 1318 1433 1684 1452 1453 1429 1538 1439 1686 1669 1459 1553 1428 1436 1690 1664 1460 1336 1431 1440 1692 1558 1574 1552

Tree=0
num_leaves=7
num_cat=0
split_feature=2 2 4 2 7 0
split_gain=10.0998 9.90716 11.7188 1.47059 2.08333 8.88178e-16
threshold=1350.0000000000002 300.00000000000006 161.00000000000003 1650.0000000000002 8.1083333333333361 10.654750000000002
decision_type=2 2 2 2 2 2
left_child=1 -1 -3 4 -2 -5
right_child=3 2 -4 5 -6 -7
leaf_value=-1.6615212460908095 -1.6615212460908095 -1.4011045778072635 -1.596417079019923 -1.6615212460908095 -1.557354578777391 -1.6615212460908095
leaf_weight=1.3440000116825102 0.96000000834465005 1.5360000133514407 1.5360000133514402 3.2640000283718109 0.96000000834465027 1.3440000116825102
leaf_count=7 5 8 8 17 5 7
internal_value=-1.6067 -1.5483 -1.49876 -1.6462 -1.60944 -1.66152
internal_weight=10.944 4.416 3.072 6.528 1.92 4.608
internal_count=57 23 16 34 10 24
is_linear=0
shrinkage=1


Tree=1
num_leaves=4
num_cat=0
split_feature=13 0 0
split_gain=22.3802 4.9569 12.5964
threshold=1.0000000180025095e-35 10.363450000000002 11.100500000000002
decision_type=2 2 2
left_child=1 -1 -3
right_child=-2 2 -4
leaf_value=-1.8668285207664661 -1.6287029089551952 -1.6218993200463019 -1.8668285207664661
leaf_weight=5.5526248216629028 1.4698124527931211 0.81656247377395663 1.4698124527931211
leaf_count=34 9 5 9
internal_value=-1.80774 -1.84132 -1.77935
internal_weight=9.30881 7.839 2.28637
internal_count=57 48 14
is_linear=0
shrinkage=1


Tree=2
num_leaves=3
num_cat=0
split_feature=2 0
split_gain=16.9668 4.44089e-16
threshold=2850.0000000000005 11.102200000000002
decision_type=2 2
left_child=1 -1
right_child=-2 -3
leaf_value=-3.0395919233074258 -2.7106445587346362 -3.0395919233074253
leaf_weight=2.4510000012815008 0.45600000023841847 0.34200000017881382
leaf_count=43 8 6
internal_value=-2.99342 -3.03959
internal_weight=3.249 2.793
internal_count=57 49
is_linear=0
shrinkage=1


Tree=3
num_leaves=4
num_cat=0
split_feature=0 2 0
split_gain=27.5198 12.2004 8.88178e-16
threshold=10.654750000000002 1855.0000000000002 1.9456500000000003
decision_type=2 2 2
left_child=2 -2 -1
right_child=1 -3 -4
leaf_value=-1.9461395955935248 -1.8807801152992882 -1.619342194122342 -1.9461395955935248
leaf_weight=1.3769999742507932 0.76499998569488514 1.0709999799728391 5.5079998970031738
leaf_count=9 5 7 36
internal_value=-1.90027 -1.72827 -1.94614
internal_weight=8.721 1.836 6.885
internal_count=57 12 45
is_linear=0
shrinkage=1


Tree=4
num_leaves=2
num_cat=0
split_feature=0
split_gain=43.7457
threshold=1.9456500000000003
decision_type=2
left_child=-1
right_child=-2
leaf_value=-1.5048740767930522 -1.7934743533482751
leaf_weight=1.5592500418424613 8.3160002231597883
leaf_count=9 48
internal_value=-1.74791
internal_weight=9.87525
internal_count=57
is_linear=0
shrinkage=1


Tree=5
num_leaves=7
num_cat=0
split_feature=2 2 4 2 6 9
split_gain=19.5487 3.94652 5.76502 0.956566 2.00879 8.88178e-16
threshold=300.00000000000006 1250.0000000000002 161.00000000000003 1650.0000000000002 0.6830127018922193 -0.27768031003904575
decision_type=2 2 2 2 2 2
left_child=-1 2 -2 4 -3 -5
right_child=1 3 -4 5 -6 -7
leaf_value=-1.1787740359803947 -1.3940013694100275 -1.3079104360381744 -1.259484286016507 -1.3940013694100275 -1.3940013694100275 -1.3940013694100273
leaf_weight=1.6261875033378608 1.3938750028610223 1.1615625023841842 1.858500003814697 4.4139375090599033 1.6261875033378599 1.1615625023841882
leaf_count=7 6 5 8 19 7 5
internal_value=-1.34114 -1.36387 -1.31713 -1.38204 -1.35813 -1.394
internal_weight=13.2418 11.6156 3.25238 8.36325 2.78775 5.5755
internal_count=57 50 14 36 12 24
is_linear=0
shrinkage=1


Tree=6
num_leaves=9
num_cat=0
split_feature=2 2 4 2 9 3 13 0
split_gain=9.00348 8.12058 8.33496 1.39602 1.96178 4.07535e-05 1.12476e-05 5.80522e-08
threshold=1350.0000000000002 300.00000000000006 161.00000000000003 1650.0000000000002 -0.27768031003904575 6.5000000000000009 1.0000000180025095e-35 11.100500000000002
decision_type=2 2 2 2 2 2 2 2
left_child=1 -1 -3 4 -2 6 7 -5
right_child=3 2 -4 5 -6 -7 -8 -9
leaf_value=-0.051224920176361322 0.048939224664440721 0.17152327474521542 0.012509557663047644 -0.05135617802196403 -0.051868213056406022 -0.051619255021037994 -0.05115191345047513 -0.051373193450659209
leaf_weight=1.2745447009801862 0.98504823446273804 1.7655268311500552 1.545457527041435 1.1021373867988593 0.94621074199676491 1.4937625825405119 0.90601210296154011 0.91945551335811604
leaf_count=7 5 8 8 6 5 8 5 5
internal_value=0.00262518 0.0560183 0.097301 -0.0359157 -0.000450879 -0.0514067 -0.0512983 -0.0513639
internal_weight=10.9382 4.58553 3.31098 6.35263 1.93126 4.42137 2.92761 2.02159
internal_count=57 23 16 34 10 24 16 11
is_linear=0
shrinkage=0.05


Tree=7
num_leaves=8
num_cat=0
split_feature=13 12 0 2 6 5 9
split_gain=17.7602 4.62098 7.53744 2.241e-05 6.73378e-06 6.20058e-06 2.74272e-06
threshold=1.0000000180025095e-35 62.000000000000007 10.363450000000002 1550.0000000000002 -0.68301270189221952 1.0000000180025095e-35 -0.41859597363157713
decision_type=2 2 2 2 2 2 2
left_child=1 3 -3 4 -1 -5 -6
right_child=-2 2 -4 5 6 -7 -8
leaf_value=-0.049283112993679268 0.15558697218872231 -0.049225995557940577 0.13029860310763589 -0.04951296426427635 -0.049071980681214836 -0.049338864891764464 -0.049193569844336031
leaf_weight=1.2543205469846725 1.6884838640689848 1.2474808990955355 1.1004358083009718 0.7999699562788013 0.92222699522972085 1.4178532510995863 0.93303853273391746
leaf_count=8 9 8 6 5 6 9 6
internal_value=0.0087728 -0.0235246 0.0349147 -0.0492802 -0.0491936 -0.0494017 -0.0491331
internal_weight=9.36381 7.67533 2.34792 5.32741 3.10959 2.21782 1.85527
internal_count=57 48 14 34 20 14 12
is_linear=0
shrinkage=0.05


Tree=8
num_leaves=10
num_cat=0
split_feature=5 12 13 0 0 8 9 11 10
split_gain=6.60168 17.1482 2.14313e-05 3.35438e-06 1.86106e-06 2.61935e-06 2.44827e-07 2.12072e-07 1.50719e-07
threshold=-0.24999999999999994 20.500000000000004 1.0000000180025095e-35 10.361300000000002 10.381750000000002 0.94478581029364217 -0.59116893267988335 6.5000000000000009 4.5000000000000009
decision_type=2 2 2 2 2 2 2 2 2
left_child=1 -1 4 -3 6 -6 7 -2 -8
right_child=2 3 -4 -5 5 -7 8 -9 -10
leaf_value=0.39839217006906308 -0.043753226066012993 -0.043752589195074063 -0.04417007793292841 -0.043985320506793518 -0.043961183216408947 -0.043745189945869317 -0.043749580359103445 -0.043690404586964278 -0.043795707375786717
leaf_weight=0.33874406293034587 0.27248422428965602 0.32686455920338631 0.43646161258220662 0.29415988922119141 0.29088194668292988 0.27125674858689308 0.48969566076993931 0.26498283818364143 0.27741497009992599
leaf_count=5 5 6 7 5 5 5 9 5 5
internal_value=0.00205582 0.112228 -0.0438547 -0.0438628 -0.0437809 -0.043857 -0.0437481 -0.0437223 -0.0437663
internal_weight=3.26295 0.959769 2.30318 0.621024 1.86672 0.562139 1.30458 0.537467 0.767111
internal_count=57 16 41 11 34 10 24 10 14
is_linear=0
shrinkage=0.05


Tree=9
num_leaves=9
num_cat=0
split_feature=0 7 0 12 5 7 5 11
split_gain=22.8109 2.30881 1.02315e-05 1.00144e-05 4.77739e-06 2.03386e-06 1.36201e-06 1.04984e-06
threshold=10.654750000000002 6.6500000000000012 1.9456500000000003 27.500000000000004 0.68301270189221941 8.4166666666666696 0.25000000000000011 1.5000000000000002
decision_type=2 2 2 2 2 2 2 2
left_child=2 -2 -1 7 5 -5 -7 -4
right_child=1 -3 3 4 -6 6 -8 -9
leaf_value=-0.048473632088664828 0.074692989614726674 0.18280478036341785 -0.048697823021306014 -0.048670613000282727 -0.048494208026494713 -0.048626033490921455 -0.048533684219565332 -0.048781809553344394
leaf_weight=1.3031956404447553 0.80369023978710208 1.2808912247419355 0.74100086092948891 1.1825723797082908 1.0160621404647825 0.88295382261276223 0.72882235050201416 0.74737212061882019
leaf_count=9 5 7 5 8 7 6 5 5
internal_value=-0.00306997 0.141123 -0.0485991 -0.04863 -0.0485871 -0.0486208 -0.0485843 -0.04874
internal_weight=8.68656 2.08458 6.60198 5.29878 3.81041 2.79435 1.61178 1.48837
internal_count=57 12 45 36 26 19 11 10
is_linear=0
shrinkage=0.05


Tree=10
num_leaves=9
num_cat=0
split_feature=0 3 4 0 2 0 4 0
split_gain=34.7441 2.20598e-05 1.23493e-05 1.07047e-05 7.4426e-06 4.67584e-06 3.96347e-06 2.24037e-06
threshold=1.9456500000000003 6.5000000000000009 36.000000000000007 10.654750000000002 1550.0000000000002 10.363450000000002 80.000000000000014 5.8354500000000007
decision_type=2 2 2 2 2 2 2 2
left_child=-1 2 -2 6 -3 -6 -4 -8
right_child=1 4 3 -5 5 -7 7 -9
leaf_value=0.19093584435171287 -0.050062402347994361 -0.049968599937734649 -0.049841034946754299 -0.049748556149738693 -0.050224472611982887 -0.050065050286891427 -0.050025737179995679 -0.049914614447227681
leaf_weight=1.8424528837203977 1.0045488178730009 0.99742670357227359 0.98710024356842074 1.3056509941816328 0.84791977703571308 1.0051882714033125 0.83490963280200936 0.9931018203496933
leaf_count=9 6 6 6 8 5 6 5 6
internal_value=-0.00476056 -0.0499672 -0.0499052 -0.0498669 -0.0500787 -0.050138 -0.0499218 -0.0499654
internal_weight=9.8183 7.97585 5.12531 4.12076 2.85053 1.85311 2.81511 1.82801
internal_count=57 48 31 25 17 11 17 11
is_linear=0
shrinkage=0.05


Tree=11
num_leaves=9
num_cat=0
split_feature=2 6 12 8 0 2 0 0
split_gain=16.3248 3.67592 5.28169 0.856294 2.04791 0.000185093 3.21652e-05 6.19421e-05
threshold=300.00000000000006 -0.68301270189221952 43.000000000000007 0.9195955058153672 10.381750000000002 1550.0000000000002 10.381750000000002 1.9456500000000003
decision_type=2 2 2 2 2 2 2 2
left_child=-1 2 -2 5 -5 -3 7 -7
right_child=1 3 -4 4 -6 6 -8 -9
leaf_value=0.13785478244190413 0.072894085530642014 -0.056035106323839345 -0.055891076605421003 0.030054485155135896 -0.055361320753701787 -0.055257856337075154 -0.055164365081979708 -0.055760509474753896
leaf_weight=1.7714201509952552 1.9161334782838815 1.5997203588485698 1.3620284795761106 1.1557645201683047 1.78633277118206 1.3352591693401343 1.1086049526929853 1.1329234242439268
leaf_count=7 8 7 6 5 8 6 5 5
internal_value=-0.00335365 -0.0253019 0.0193857 -0.0433461 -0.0218068 -0.055588 -0.0553881 -0.0554886
internal_weight=13.1682 11.3968 3.27816 8.11861 2.9421 5.17651 3.57679 2.46818
internal_count=57 50 14 36 13 23 16 11
is_linear=0
shrinkage=0.05


Tree=12
num_leaves=9
num_cat=0
split_feature=2 2 5 2 7 3 3 12
split_gain=8.05876 6.72672 4.82093 1.32687 1.77962 4.51446e-05 2.37794e-05 2.52389e-07
threshold=1350.0000000000002 300.00000000000006 0.68301270189221941 1650.0000000000002 8.1083333333333361 4.5000000000000009 2.5000000000000004 29.500000000000004
decision_type=2 2 2 2 2 2 2 2
left_child=1 -1 -3 4 -2 6 -5 -7
right_child=3 2 -4 5 -6 7 -8 -9
leaf_value=-0.050399235696378032 -0.051384911455088916 0.029738140787184439 0.14690620722014575 -0.050764390197039572 0.044568945344413025 -0.050980227550970293 -0.050448800686797482 -0.050942668190956435
leaf_weight=1.2017652541399 0.91707824170589436 1.8079050630331042 1.7066685855388639 1.4119596630334856 1.0214090347290037 0.89558903872966744 1.0340071916580198 0.89350864291191101
leaf_count=7 5 9 7 8 5 5 6 5
internal_value=0.00250676 0.0517172 0.0866347 -0.035088 -0.00082583 -0.0507706 -0.050631 -0.0509615
internal_weight=10.8899 4.71634 3.51457 6.17355 1.93849 4.23506 2.44597 1.7891
internal_count=57 23 16 34 10 24 14 10
is_linear=0
shrinkage=0.05


Tree=13
num_leaves=9
num_cat=0
split_feature=0 0 2 6 0 2 4 3
split_gain=14.5321 22.9004 0.00159702 0.00101111 3.24797e-05 4.67106e-05 1.31085e-05 1.05708e-06
threshold=10.361300000000002 10.654750000000002 2850.0000000000005 0.25000000000000017 1.9456500000000003 1550.0000000000002 161.00000000000003 2.5000000000000004
decision_type=2 2 2 2 2 2 2 2
left_child=4 2 -2 -3 -1 6 7 -6
right_child=1 3 -4 -5 5 -7 -8 -9
leaf_value=-0.048598103672780502 0.18082589882501754 -0.051102498617037764 0.18345608871488761 -0.048820815052500313 -0.048641121080517526 -0.049163147385447289 -0.04891137677605098 -0.048722053081859833
leaf_weight=1.3199286311864851 1.2767608761787417 1.0566321909427641 1.0532140284776685 0.89835928380489338 0.7369231432676322 1.0851665288209913 1.0595860183238981 0.8916342556476593
leaf_count=9 6 6 5 6 5 7 7 6
internal_value=0.00827725 0.0761347 0.182015 -0.050054 -0.0488116 -0.0488863 -0.0487745 -0.0486854
internal_weight=9.3782 4.28497 2.32997 1.95499 5.09324 3.77331 2.68814 1.62856
internal_count=57 23 11 12 34 25 18 11
is_linear=0
shrinkage=0.05


Tree=14
num_leaves=9
num_cat=0
split_feature=2 2 9 5 0 2 0 12
split_gain=19.5344 6.01451e-05 2.49564e-05 7.13281e-07 7.5194e-07 4.319e-07 9.58695e-08 7.35472e-08
threshold=2950.0000000000005 2850.0000000000005 -0.11318597237013776 0.68301270189221941 1.9456500000000003 400.00000000000006 10.654750000000002 56.000000000000007
decision_type=2 2 2 2 2 2 2 2
left_child=1 2 3 4 -1 -6 -5 -7
right_child=-2 -3 -4 6 5 7 -8 -9
leaf_value=-0.043611753075920398 0.32926938830947999 -0.044476102618099762 -0.044096661077775934 -0.043625249538957495 -0.043636438153654186 -0.043697720427441675 -0.043590681413814128 -0.043729353436284479
leaf_weight=0.40889204293489578 0.39967472851276387 0.28402760624885548 0.35892976075410876 0.46277826279401768 0.25859650224447228 0.42530953139066696 0.35399544984102249 0.32352268695831299
leaf_count=8 4 4 6 9 5 8 7 6
internal_value=0.00173142 -0.0437854 -0.0437097 -0.0436475 -0.0436689 -0.0436921 -0.0436103 -0.0437114
internal_weight=3.27573 2.87605 2.59202 2.23309 1.41632 1.00743 0.816774 0.748832
internal_count=57 53 49 43 27 19 16 14
is_linear=0
shrinkage=0.05


Tree=15
num_leaves=9
num_cat=0
split_feature=0 2 0 2 0 4 2 3
split_gain=19.5537 6.10476 2.77198e-05 2.2487e-05 1.32602e-05 9.94869e-06 3.55054e-06 7.92264e-07
threshold=10.654750000000002 1855.0000000000002 1.9456500000000003 1550.0000000000002 10.361300000000002 161.00000000000003 2850.0000000000005 2.5000000000000004
decision_type=2 2 2 2 2 2 2 2
left_child=2 -2 -1 5 -5 7 -6 -4
right_child=1 -3 3 4 6 -7 -8 -9
leaf_value=-0.047995085328486453 0.012022107058116502 0.18281748424676178 -0.048032945624446974 -0.048503422974679467 -0.048339635240660248 -0.048276016513294273 -0.048187959808564079 -0.048105362767543978
leaf_weight=1.235566198825836 0.80987635254859958 1.4779622852802274 0.68980507552623771 1.0167734324932101 0.85664020478725411 0.99227169156074513 0.70204170048236847 0.83469597995281219
leaf_count=9 5 7 5 7 6 7 5 6
internal_value=-0.00291489 0.122357 -0.0482075 -0.0482591 -0.048363 -0.0481528 -0.0482713 -0.0480726
internal_weight=8.61563 2.28784 6.32779 5.09223 2.57546 2.51677 1.55868 1.5245
internal_count=57 12 45 36 18 18 11 11
is_linear=0
shrinkage=0.05


Tree=16
num_leaves=9
num_cat=0
split_feature=0 2 2 0 3 9 0 12
split_gain=28.7093 5.56322e-05 6.2782e-05 4.52472e-05 2.77536e-05 1.64861e-05 4.77994e-06 1.5672e-07
threshold=1.9456500000000003 1550.0000000000002 1855.0000000000002 5.0021000000000013 4.5000000000000009 -0.41859597363157713 4.3650000000000011 29.500000000000004
decision_type=2 2 2 2 2 2 2 2
left_child=-1 3 -3 6 -4 -5 -2 -6
right_child=1 2 4 5 7 -7 -8 -9
leaf_value=0.16010777682538357 -0.049401282797105407 -0.049898753728836648 -0.049303795743940088 -0.049270416242775068 -0.049622921832227884 -0.048957173396080446 -0.049567036985563889 -0.049591751494645994
leaf_weight=2.079023465514183 0.79228867590427421 1.1567038446664808 1.4121396541595461 0.93963144719600677 0.8074972480535505 0.75961761176586129 0.96433719992637634 0.8055361807346344
leaf_count=9 5 7 9 6 5 5 6 5
internal_value=-0.00462258 -0.0494628 -0.0495854 -0.0493143 -0.0494657 -0.0491304 -0.0494923 -0.0496074
internal_weight=9.71678 7.63775 4.18188 3.45587 3.02517 1.69925 1.75663 1.61303
internal_count=57 48 26 22 19 11 11 10
is_linear=0
shrinkage=0.05


Tree=17
num_leaves=10
num_cat=0
split_feature=6 0 0 4 0 10 9 10 7
split_gain=6.16546 2.95756 9.04043 1.89615 0.50948 0.455944 0.000271909 0.000219144 7.01567e-05
threshold=-0.9330127018922193 10.361300000000002 5.1314000000000011 196.00000000000003 11.102200000000002 4.5000000000000009 -0.49524719222984687 4.5000000000000009 7.6500000000000012
decision_type=2 2 2 2 2 2 2 2 2
left_child=-1 2 3 6 7 -5 -2 -3 -9
right_child=1 4 -4 5 -6 -7 -8 8 -10
leaf_value=0.10334207581149124 -0.055214416122984694 -0.054061556902847058 0.10209132847218781 -0.01588314613538562 -0.018172146577539607 0.027995921055365899 -0.05423024536585707 -0.055166517763891476 -0.054600845086182639
leaf_weight=1.2318892180919654 1.5513444244861592 1.2709219157695772 1.828233867883682 1.1951825469732285 1.329417750239372 1.1731051802635193 1.281596198678016 1.1082261055707934 1.0845246315002439
leaf_count=5 7 6 7 5 6 5 6 5 5
internal_value=-0.00310741 -0.0141993 0.00645112 -0.0271665 -0.0444847 0.00585187 -0.0547692 -0.054584 -0.0548867
internal_weight=13.0544 11.8226 7.02946 5.20123 4.79309 2.36829 2.83294 3.46367 2.19275
internal_count=57 52 30 23 22 10 13 16 10
is_linear=0
shrinkage=0.05


Tree=18
num_leaves=9
num_cat=0
split_feature=2 2 4 11 12 3 4 12
split_gain=7.1292 3.89481 4.97548 2.2441 2.02206 4.85848e-05 3.05721e-05 5.13108e-07
threshold=1650.0000000000002 300.00000000000006 161.00000000000003 3.5000000000000004 32.500000000000007 4.5000000000000009 80.000000000000014 29.500000000000004
decision_type=2 2 2 2 2 2 2 2
left_child=1 -1 4 -4 -3 6 -2 -7
right_child=5 2 3 -5 -6 7 -8 -9
leaf_value=-0.049869504020163179 -0.050112921562369045 0.052464542708610777 0.040455649209593429 -0.051780260167125093 0.13626974189767829 -0.050358340691785256 -0.049733012887214489 -0.050303557951803468
leaf_weight=1.1530713886022566 1.5132413357496264 1.3623101413249972 1.6045499444007876 1.1195874661207197 1.5260343402624128 0.85649076104164101 0.81462217867374409 0.85321946442127228
leaf_count=7 9 6 8 6 6 5 5 5
internal_value=0.00244973 0.0338276 0.051023 0.00254781 0.0967424 -0.0501286 -0.04998 -0.050331
internal_weight=10.8031 6.76555 5.61248 2.72414 2.88834 4.03757 2.32786 1.70971
internal_count=57 33 26 14 12 24 14 10
is_linear=0
shrinkage=0.05


Tree=19
num_leaves=9
num_cat=0
split_feature=0 0 2 6 0 2 3 3
split_gain=12.7853 17.9157 0.00183634 0.000707031 5.83063e-05 3.87752e-05 3.44207e-05 1.15911e-06
threshold=10.361300000000002 10.654750000000002 2850.0000000000005 0.25000000000000017 1.9456500000000003 1550.0000000000002 6.5000000000000009 2.5000000000000004
decision_type=2 2 2 2 2 2 2 2
left_child=4 2 -2 -3 -1 6 7 -6
right_child=1 3 -4 -5 5 -7 -8 -9
leaf_value=-0.048076128108089464 0.15202713778380397 -0.050408179885891635 0.15469037301637831 -0.048457820006507696 -0.048202422710449 -0.048730321124063891 -0.048657136972624519 -0.048284112695911909
leaf_weight=1.2464261054992674 1.432482033967972 1.0043172985315321 1.1807760894298551 0.86479598283767689 0.70318022370338518 1.0402889996767042 0.7378297448158263 1.1353541761636732
leaf_count=9 6 6 5 6 5 7 5 8
internal_value=0.00777562 0.0686911 0.15323 -0.0495058 -0.048371 -0.0484727 -0.0483686 -0.0482529
internal_weight=9.34545 4.48237 2.61326 1.86911 4.86308 3.61665 2.57636 1.83853
internal_count=57 23 11 12 34 25 18 13
is_linear=0
shrinkage=0.05


Tree=20
num_leaves=11
num_cat=0
split_feature=2 2 9 5 7 3 12 7 3 12
split_gain=13.8675 4.95251e-05 4.16654e-05 7.73406e-07 5.02203e-07 2.48679e-07 2.41191e-07 3.1035e-07 2.04383e-07 1.92324e-07
threshold=2950.0000000000005 2850.0000000000005 -1.0000000180025095e-35 0.68301270189221941 8.4166666666666696 7.5000000000000009 40.000000000000007 10.508333333333335 3.5000000000000004 12.500000000000002
decision_type=2 2 2 2 2 2 2 2 2 2
left_child=1 2 3 4 5 -1 7 -6 9 -5
right_child=-2 -3 -4 8 6 -7 -8 -9 -10 -11
leaf_value=-0.043640500785742775 0.23613501264754549 -0.044324493936245643 -0.044224729582100192 -0.043552481346096954 -0.043525130661260264 -0.043570607283741639 -0.043510751107769863 -0.043603966303498269 -0.043475865300436456 -0.043492412460932411
leaf_weight=0.25868414342403523 0.52800993621349324 0.27054420113563526 0.24941847100853953 0.2978680059313773 0.24493561685085297 0.2505023293197155 0.34071372821927071 0.25460326299071312 0.33472995087504387 0.2411157488822937
leaf_count=5 4 4 4 6 5 5 7 5 7 5
internal_value=0.00148458 -0.0436822 -0.043612 -0.0435432 -0.0435669 -0.0436061 -0.0435432 -0.0435653 -0.0435066 -0.0435256
internal_weight=3.27113 2.74312 2.47257 2.22315 1.34944 0.509186 0.840253 0.499539 0.873714 0.538984
internal_count=57 53 49 45 27 10 17 10 18 11
is_linear=0
shrinkage=0.05


Tree=21
num_leaves=8
num_cat=0
split_feature=0 2 0 3 2 0 3
split_gain=16.7799 4.46583 4.47188e-05 2.21225e-05 1.54251e-05 4.69316e-06 8.78917e-07
threshold=10.654750000000002 1855.0000000000002 1.9456500000000003 6.5000000000000009 1550.0000000000002 10.361300000000002 2.5000000000000004
decision_type=2 2 2 2 2 2 2
left_child=2 -2 -1 4 6 -5 -4
right_child=1 -3 3 5 -6 -7 -8
leaf_value=-0.047528028194815802 0.011205376088467637 0.15392780654988308 -0.047641352310325707 -0.048054254118270107 -0.047937465265999193 -0.047906739836764918 -0.04771488442613387
leaf_weight=1.1662757098674772 0.81875655055046115 1.6580205857753751 0.65804471075534854 1.244234085083008 0.95357733964920033 0.95152519643306721 1.0625982731580732
leaf_count=9 5 7 5 9 7 7 8
internal_value=-0.00284035 0.106748 -0.0478061 -0.0478727 -0.0477762 -0.0479903 -0.0476868
internal_weight=8.51303 2.47678 6.03626 4.86998 2.67422 2.19576 1.72064
internal_count=57 12 45 36 20 16 13
is_linear=0
shrinkage=0.05


Tree=22
num_leaves=9
num_cat=0
split_feature=0 5 2 13 6 12 0 10
split_gain=24.4791 7.69284e-05 8.29951e-05 2.30736e-05 2.48146e-05 1.53329e-05 6.01589e-06 4.99169e-06
threshold=1.9456500000000003 0.68301270189221941 400.00000000000006 1.0000000180025095e-35 0.6830127018922193 12.500000000000002 10.654750000000002 4.5000000000000009
decision_type=2 2 2 2 2 2 2 2
left_child=-1 2 -2 4 7 -3 -7 -4
right_child=1 5 3 -5 -6 6 -8 -9
leaf_value=0.13914812653451261 -0.048721918063553978 -0.048949595833575908 -0.049280242422966573 -0.049017452302586029 -0.049540093814171605 -0.048781654023828031 -0.048604285190844851 -0.049108621419182041
leaf_weight=2.265094980597496 1.0389553308486936 0.91068516671657596 0.94007584452629156 0.91774260997772206 0.80093555152416218 1.0464163571596143 0.88018091022968281 0.77131995558738708
leaf_count=9 7 6 6 6 5 7 6 5
internal_value=-0.00446223 -0.0489842 -0.0491134 -0.049232 -0.0493104 -0.0487805 -0.0487006 -0.0492029
internal_weight=9.57141 7.30631 4.46903 3.43007 2.51233 2.83728 1.9266 1.7114
internal_count=57 48 29 22 16 19 13 11
is_linear=0
shrinkage=0.05


Tree=23
num_leaves=8
num_cat=0
split_feature=2 2 6 8 3 10 11
split_gain=12.3945 3.39729 4.54444 1.13833 0.000917964 5.93818e-05 5.6258e-05
threshold=300.00000000000006 1650.0000000000002 -0.68301270189221952 0.9195955058153672 6.5000000000000009 4.5000000000000009 6.5000000000000009
decision_type=2 2 2 2 2 2 2
left_child=-1 2 -2 6 5 -3 -4
right_child=1 4 3 -5 -6 -7 -8
leaf_value=0.11321296181653984 0.062651298738668745 -0.05315655986421125 -0.05448335224382797 -7.4619924779598695e-05 -0.054767490717305092 -0.053584880876263612 -0.05396877269277485
leaf_weight=1.9518603980541236 2.0338641852140418 1.8290489763021469 1.0702131688594816 1.7862240821123121 1.7374156415462492 1.4512533992528915 1.0545148402452467
leaf_count=7 8 9 5 8 8 7 5
internal_value=-0.0028726 -0.0235414 0.00203055 -0.0294949 -0.0538382 -0.0533461 -0.054228
internal_weight=12.9144 10.9625 5.94482 3.91095 5.01772 3.2803 2.12473
internal_count=57 50 26 18 24 16 10
is_linear=0
shrinkage=0.05


Tree=24
num_leaves=8
num_cat=0
split_feature=2 2 5 2 7 3 3
split_gain=6.49636 4.97316 3.20333 1.1917 1.57081 5.77068e-05 1.36559e-05
threshold=1350.0000000000002 300.00000000000006 0.68301270189221941 1650.0000000000002 8.1083333333333361 6.5000000000000009 2.5000000000000004
decision_type=2 2 2 2 2 2 2
left_child=1 -1 -3 4 -2 6 -5
right_child=3 2 -4 5 -6 -7 -8
leaf_value=-0.04924552003137575 -0.050948883208658008 0.025386674217140914 0.11713976371339981 -0.049527323095213349 0.039377237978395846 -0.049820834815013149 -0.049295267675073334
leaf_weight=1.0924806296825407 0.87949422001838673 1.8812833577394488 1.9242545068264005 1.2815624773502357 1.063170328736305 1.3135198056697843 1.2546426355838773
leaf_count=7 5 9 7 8 5 8 8
internal_value=0.00240037 0.0447868 0.0717812 -0.0334414 -0.00151572 -0.0495518 -0.0494125
internal_weight=10.6904 4.89802 3.80554 5.79239 1.94266 3.84972 2.53621
internal_count=57 23 16 34 10 24 16
is_linear=0
shrinkage=0.05


Tree=25
num_leaves=9
num_cat=0
split_feature=0 0 11 6 0 2 5 12
split_gain=11.4245 14.5508 0.0027483 0.000537837 7.19987e-05 6.12853e-05 4.49342e-05 6.2316e-06
threshold=10.361300000000002 10.654750000000002 1.5000000000000002 0.25000000000000017 1.9456500000000003 1550.0000000000002 1.0000000180025095e-35 37.500000000000007
decision_type=2 2 2 2 2 2 2 2
left_child=4 2 -2 -3 -1 6 -6 -8
right_child=1 3 -4 -5 5 -7 7 -9
leaf_value=-0.047635056796751396 0.1351760925892905 -0.049779863850293066 0.13204727334523744 -0.048036575465263742 -0.048287907478429509 -0.048415512045665271 -0.047934165371496917 -0.047740608542210017
leaf_weight=1.1820982843637464 1.279226288199425 0.95426738262176491 1.5549999773502348 0.82489293813705444 0.70959246158599931 1.0068855583667753 0.68183535337448109 1.0659161955118177
leaf_count=9 5 6 6 6 5 7 5 8
internal_value=0.00736873 0.0631046 0.133459 -0.0489716 -0.047972 -0.048087 -0.0479524 -0.0478161
internal_weight=9.25971 4.61339 2.83423 1.77916 4.64633 3.46423 2.45734 1.74775
internal_count=57 23 11 12 34 25 18 13
is_linear=0
shrinkage=0.05


Tree=26
num_leaves=9
num_cat=0
split_feature=2 2 9 0 4 0 4 0
split_gain=10.6714 4.1277e-05 3.49806e-05 1.00185e-06 1.17836e-06 5.70202e-07 3.19477e-07 2.60806e-07
threshold=2950.0000000000005 2850.0000000000005 -1.0000000180025095e-35 1.9456500000000003 161.00000000000003 5.8354500000000007 46.000000000000007 10.363450000000002
decision_type=2 2 2 2 2 2 2 2
left_child=1 2 3 -1 5 -5 -7 -6
right_child=-2 -3 -4 4 7 6 -8 -9
leaf_value=-0.043374215661189652 0.18418578947561851 -0.044176375417515415 -0.044084834001531695 -0.043475954259483814 -0.043538757012591724 -0.043445186107884587 -0.043372036337220143 -0.043476124893608081
leaf_weight=0.40790456533432129 0.64054152369499195 0.25718490034341801 0.23729959130287204 0.38183289766311623 0.39462924376130093 0.23548401892185211 0.40766528248786926 0.28716102614998817
leaf_count=9 4 4 4 8 8 5 9 6
internal_value=0.00131843 -0.043575 -0.0435092 -0.0434446 -0.0434614 -0.0434276 -0.0433988 -0.0435124
internal_weight=3.2497 2.60916 2.35198 2.11468 1.70677 1.02498 0.643149 0.68179
internal_count=57 53 49 45 36 22 14 14
is_linear=0
shrinkage=0.05


Tree=27
num_leaves=8
num_cat=0
split_feature=0 2 0 2 0 9 11
split_gain=14.6615 2.11389 4.91406e-05 2.67965e-05 2.27657e-05 2.53418e-05 3.72418e-06
threshold=10.654750000000002 2300.0000000000005 1.9456500000000003 400.00000000000006 10.361300000000002 -0.59116893267988335 1.5000000000000002
decision_type=2 2 2 2 2 2 2
left_child=2 -2 -1 -4 5 -5 -6
right_child=1 -3 3 4 6 -7 -8
leaf_value=-0.04713234503236001 0.041167188544439619 0.13249146521985264 -0.047291551678344527 -0.047474266399669764 -0.047325268221204614 -0.047824502808964012 -0.047488874742336318
leaf_weight=1.1057430729269979 1.0709267854690554 1.5518645346164701 1.1315503567457197 0.90077742934226979 0.63143400847911813 1.2106167972087867 0.77444061636924744
leaf_count=9 6 6 9 7 5 9 6
internal_value=-0.00277584 0.0952023 -0.0474319 -0.0475032 -0.0475713 -0.0476751 -0.0474154
internal_weight=8.37735 2.62279 5.75456 4.64882 3.51727 2.11139 1.40587
internal_count=57 12 45 36 27 16 11
is_linear=0
shrinkage=0.05


Tree=28
num_leaves=8
num_cat=0
split_feature=0 0 2 2 5 5 13
split_gain=21.0955 7.38765e-05 5.65109e-05 4.48905e-05 4.46485e-05 4.25667e-05 1.40732e-05
threshold=1.9456500000000003 5.8354500000000007 1550.0000000000002 1550.0000000000002 1.0000000180025095e-35 0.68301270189221941 1.0000000180025095e-35
decision_type=2 2 2 2 2 2 2
left_child=-1 2 4 -3 -2 6 -5
right_child=1 3 -4 5 -6 -7 -8
leaf_value=0.12281590146233652 -0.048862927267847966 -0.048138292780081367 -0.049041537666402069 -0.048825114766583633 -0.048367277028663391 -0.048280060880666477 -0.048529787982911812
leaf_weight=2.4201293587684631 0.75317209959030185 1.25532491505146 0.91920146346092213 0.74904356896877311 1.145210728049278 1.2753276675939558 0.87416660785675049
leaf_count=9 5 9 6 5 8 9 6
internal_value=-0.00436976 -0.0485221 -0.0487197 -0.0483881 -0.0485639 -0.0484962 -0.0486661
internal_weight=9.39158 6.97145 2.81758 4.15386 1.89838 2.89854 1.62321
internal_count=57 48 19 29 13 20 11
is_linear=0
shrinkage=0.05


Tree=29
num_leaves=11
num_cat=0
split_feature=2 0 7 5 2 5 0 11 8 2
split_gain=11.0219 3.1308 2.19304 0.770446 0.589837 0.00169958 0.00208587 0.000376095 0.000266779 2.95186e-05
threshold=825.00000000000011 4.3650000000000011 16.041666666666668 0.93301270189221952 400.00000000000006 -0.24999999999999994 10.361300000000002 3.5000000000000004 0.80625269229011354 2300.0000000000005
decision_type=2 2 2 2 2 2 2 2 2 2
left_child=1 -1 3 5 -3 6 -2 9 -9 -7
right_child=2 4 -4 -5 -6 7 -8 8 -10 -11
leaf_value=-0.011198656975644906 -0.05607772693516732 0.10282927909706222 0.027198180320350221 -0.0070722610221198553 0.059172987346228584 -0.052169854179067415 -0.052950838824510682 -0.052751514099160929 -0.053895131866240779 -0.052558963072300416
leaf_weight=1.1052533388137824 1.1356781274080265 2.0218075215816502 1.1670482158660886 1.047417417168617 1.2533428966999052 0.96423344314098336 1.0055742710828779 0.99513603746891055 1.0459400266408918 0.98563985526561737
leaf_count=5 5 7 5 5 5 5 5 5 5 5
internal_value=-0.00266241 0.0615669 -0.0363705 -0.0467036 0.0861228 -0.0534729 -0.0546093 -0.0528631 -0.0533376 -0.0523665
internal_weight=12.7271 4.3804 8.34667 7.17962 3.27515 6.1322 2.14125 3.99095 2.04108 1.94987
internal_count=57 17 40 35 12 30 10 20 10 10
is_linear=0
shrinkage=0.05


Tree=30
num_leaves=10
num_cat=0
split_feature=2 2 0 6 0 9 3 0 9
split_gain=4.06733 5.60373 2.18956 1.02698 1.50982 0.731807 0.00202241 0.00090328 0.00112029
threshold=1350.0000000000002 825.00000000000011 4.3650000000000011 0.6830127018922193 10.363450000000002 -0.24825246871434689 4.5000000000000009 10.361300000000002 -0.49524719222984687
decision_type=2 2 2 2 2 2 2 2 2
left_child=1 2 -1 7 -5 6 -4 8 -2
right_child=3 -3 5 4 -6 -7 -8 -9 -10
leaf_value=0.062271692581252529 -0.049186827353791665 0.090406047962458214 -0.048740717228611424 0.03489147516022905 -0.049914918709255088 0.0074671048231737293 -0.052077428817954796 -0.048866532296252707 -0.051757435438052904
leaf_weight=0.78445243835449252 0.77398028969764709 2.2866151183843613 0.89323288202285811 1.129671707749367 0.98019009828567494 0.77984362840652433 0.92376485466957092 1.35548360645771 0.93687359988689445
leaf_count=3 5 9 6 6 6 4 5 9 5
internal_value=0.000686483 0.0299497 -0.0109342 -0.0313566 -0.0045075 -0.0330482 -0.0504371 -0.0498307 -0.0505945
internal_weight=10.8441 5.66791 3.38129 5.1762 2.10986 2.59684 1.817 3.06634 1.71085
internal_count=58 27 18 31 12 15 11 19 10
is_linear=0
shrinkage=0.05


Tree=31
num_leaves=9
num_cat=0
split_feature=0 0 3 5 2 6 12 9
split_gain=5.82778 11.1257 0.000574349 0.000240446 0.000106441 7.6373e-05 4.26706e-05 3.39901e-06
threshold=10.361300000000002 10.654750000000002 2.5000000000000004 -0.6830127018922193 675.00000000000011 0.25000000000000017 32.500000000000007 -0.49524719222984687
decision_type=2 2 2 2 2 2 2 2
left_child=3 -2 -3 -1 7 6 -6 -5
right_child=1 2 -4 4 5 -7 -8 -9
leaf_value=-0.04877802461020974 0.12020314869281418 -0.047749554604922327 -0.049447804603740306 -0.047496970810945789 -0.047895961348285658 -0.047647722416096487 -0.048383507042280324 -0.047333888524571259
leaf_weight=0.73374484479427327 1.9011818170547488 0.92530659586191211 1.0777613744139669 0.64580376446247101 0.81365290284156833 1.1770070493221281 1.0007883310317991 0.63236100971698739
leaf_count=5 7 7 7 5 6 9 7 5
internal_value=-0.0122163 0.0335665 -0.0486633 -0.0479419 -0.0477982 -0.0479614 -0.0481649 -0.0474163
internal_weight=8.90761 3.90425 2.00307 5.00336 4.26961 2.99145 1.81444 1.27816
internal_count=58 21 14 37 32 22 13 10
is_linear=0
shrinkage=0.05


Tree=32
num_leaves=9
num_cat=0
split_feature=2 12 0 2 0 7 5 11
split_gain=14.9264 2.77772e-05 4.32786e-06 3.3752e-06 4.03252e-06 5.11655e-06 1.16022e-06 6.42626e-07
threshold=2950.0000000000005 9.5000000000000018 1.9456500000000003 675.00000000000011 10.363450000000002 8.4166666666666696 0.68301270189221941 6.5000000000000009
decision_type=2 2 2 2 2 2 2 2
left_child=1 -1 -3 7 5 -5 -6 -4
right_child=-2 2 3 4 6 -7 -8 -9
leaf_value=-0.043864805517949398 0.20933356075104981 -0.043201252440632026 -0.043360496660674 -0.043703807166615288 -0.043415738607367541 -0.043407379796019878 -0.043277538268578414 -0.043257128552878971
leaf_weight=0.32513561099767763 0.7643512338399886 0.32634019106626544 0.26992109045386303 0.2653778903186319 0.36951474845409393 0.3224555030465126 0.25783358886837959 0.33943983539938927
leaf_count=6 4 8 6 5 8 7 6 8
internal_value=0.0161898 -0.0434341 -0.043369 -0.043399 -0.0434471 -0.0435412 -0.0433589 -0.0433029
internal_weight=3.24037 2.47602 2.15088 1.82454 1.21518 0.587833 0.627348 0.609361
internal_count=58 54 48 40 26 12 14 14
is_linear=0
shrinkage=0.05


Tree=33
num_leaves=9
num_cat=0
split_feature=2 5 8 12 7 3 12 7
split_gain=6.74546 3.4596 1.23995 0.00109343 0.00012861 5.12581e-05 3.91059e-05 3.49974e-05
threshold=1855.0000000000002 0.68301270189221941 0.99342052987049467 27.500000000000004 8.4166666666666696 7.5000000000000009 40.000000000000007 10.508333333333335
decision_type=2 2 2 2 2 2 2 2
left_child=2 -2 3 -1 5 -5 -6 -8
right_child=1 -3 -4 4 6 -7 7 -9
leaf_value=-0.04878641460456546 -0.01070880585961851 0.096356405639030446 0.025630976725242428 -0.047778717208767155 -0.047133397772395939 -0.047145681276020757 -0.046885748973451685 -0.046369121556832822
leaf_weight=1.2975327521562574 1.2537157982587817 1.8949396908283231 0.66031110286712635 0.66613814979791663 0.73731450736522708 0.615005724132061 0.83083856850862481 0.54143135994672775
leaf_count=9 9 8 4 5 6 5 7 5
internal_value=-0.0043365 0.0537257 -0.0385172 -0.047552 -0.0470797 -0.0474748 -0.0468397 -0.0466819
internal_weight=8.49723 3.14866 5.34857 4.68826 3.39073 1.28114 2.10958 1.37227
internal_count=58 17 41 37 28 10 18 12
is_linear=0
shrinkage=0.05


Tree=34
num_leaves=10
num_cat=0
split_feature=0 0 9 2 2 4 2 7 0
split_gain=18.1418 0.000270943 0.00013718 6.6272e-05 7.83272e-05 3.97705e-05 3.77045e-05 1.77793e-05 1.10563e-05
threshold=1.9456500000000003 5.8354500000000007 -0.59116893267988335 1550.0000000000002 1855.0000000000002 161.00000000000003 1350.0000000000002 8.4166666666666696 11.100500000000002
decision_type=2 2 2 2 2 2 2 2 2
left_child=-1 2 5 7 -5 -2 -4 -3 -6
right_child=1 3 6 4 8 -7 -8 -9 -10
leaf_value=0.1164520012642152 -0.047902399124754448 -0.047483839435246512 -0.048576232534713687 -0.048505784733133168 -0.048018504845884963 -0.048413935403545189 -0.049057503450151238 -0.047819339825009709 -0.047745096178201558
leaf_weight=2.2004702091217041 0.67912532389163993 0.77307099848985694 0.72982925176620461 0.72383829951286349 0.68820182979106881 0.86258190870285034 0.91992279887199402 0.80719411373138428 0.79913115501403809
leaf_count=8 5 6 5 5 5 6 6 6 6
internal_value=-0.008738 -0.0481882 -0.0485277 -0.0479025 -0.0480792 -0.0481886 -0.0488446 -0.0476552 -0.0478716
internal_weight=9.18337 6.9829 3.19146 3.79144 2.21117 1.54171 1.64975 1.58027 1.48733
internal_count=58 50 22 28 16 11 11 12 11
is_linear=0
shrinkage=0.05


Tree=35
num_leaves=10
num_cat=0
split_feature=0 0 0 9 12 9 12 8 0
split_gain=3.31585 4.25755 4.21302 3.35659 3.74123 0.617027 0.504306 0.342318 0.000173865
threshold=4.3650000000000011 10.361300000000002 11.133350000000002 -0.49524719222984687 56.000000000000007 -0.24825246871434689 32.500000000000007 -1.0000000180025095e-35 10.654750000000002
decision_type=2 2 2 2 2 2 2 2 2
left_child=6 3 5 4 -2 8 -1 -5 -3
right_child=1 2 -4 7 -6 -7 -8 -9 -10
leaf_value=-0.008512344465652041 0.05823041470297681 -0.05229838014040035 0.07540729408953141 0.075837706530494056 -0.055874029556746307 -0.0034862737099046665 -0.052277474557577003 0.11094144916585746 -0.051456265926734239
leaf_weight=1.0603271871805202 2.0395644605159755 1.1647600680589678 1.060990512371063 1.384536460042 1.1089711040258405 0.90097631514072452 1.7357511371374128 1.3934349417686451 1.293716177344322
leaf_count=5 8 6 4 5 5 4 9 5 7
internal_value=0.0126307 0.025686 -0.0114512 0.0533859 0.0180408 -0.0388831 -0.0356809 0.0934458 -0.0518552
internal_weight=13.143 10.347 4.42044 5.92651 3.14854 3.35945 2.79608 2.77797 2.45848
internal_count=58 44 21 23 13 17 14 10 13
is_linear=0
shrinkage=0.05


Tree=36
num_leaves=10
num_cat=0
split_feature=2 5 2 9 0 8 0 13 0
split_gain=3.62256 4.2937 2.76506 4.81406 0.896038 0.666156 0.00634177 6.11467e-05 3.56858e-05
threshold=1650.0000000000002 0.68301270189221941 825.00000000000011 -0.48574157668954127 5.1314000000000011 -0.91959550581536686 5.8354500000000007 1.0000000180025095e-35 10.363450000000002
decision_type=2 2 2 2 2 2 2 2 2
left_child=1 2 6 -4 -3 -5 -1 8 -2
right_child=7 4 3 5 -6 -7 -8 -9 -10
leaf_value=-0.053667720430610535 -0.048915659238308526 0.097082024430119429 0.09852327613354224 0.0085491893823401287 0.036464271965044433 -0.050466023251961305 -0.048257696889212075 -0.048239854465121558 -0.048459796823647809
leaf_weight=1.0389265567064287 1.0570013374090197 1.4693168401718142 1.2592039555311205 0.80533911287784565 1.0419389456510542 1.1770706474781034 1.1318148523569105 0.98714400827884663 0.72292831540107716
leaf_count=5 7 5 5 4 5 7 8 7 5
internal_value=0.000696818 0.0178966 -0.00717465 0.0220704 0.0719313 -0.0264915 -0.050847 -0.0485555 -0.0487305
internal_weight=10.6907 7.92361 5.41236 3.24161 2.51126 1.98241 2.17074 2.76707 1.77993
internal_count=58 39 29 16 10 11 13 19 12
is_linear=0
shrinkage=0.05


Tree=37
num_leaves=8
num_cat=0
split_feature=0 0 0 5 7 12 2
split_gain=5.34014 9.61823 0.000545726 0.000158148 8.7848e-05 9.69114e-05 4.95719e-05
threshold=10.361300000000002 10.654750000000002 11.107100000000001 -0.6830127018922193 8.4166666666666696 56.000000000000007 675.00000000000011
decision_type=2 2 2 2 2 2 2
left_child=3 -2 -3 -1 -5 6 -6
right_child=1 2 -4 4 5 -7 -8
leaf_value=-0.048231414960495364 0.10857506064396874 -0.048879716067431696 -0.047065234688840801 -0.047803332619675454 -0.047165407593982786 -0.046892707518936969 -0.047686532428086424
leaf_weight=0.69136209785938252 1.9849141240119936 1.3197839036583898 0.604053035378456 1.0654705539345739 0.74101185053586993 1.0682888329029081 1.1878961920738218
leaf_count=5 7 9 5 8 6 9 9
internal_value=-0.011936 0.0313583 -0.04831 -0.0475323 -0.0474134 -0.0472747 -0.0474863
internal_weight=8.66278 3.90875 1.92384 4.75403 4.06267 2.9972 1.92891
internal_count=58 21 14 37 32 24 15
is_linear=0
shrinkage=0.05


Tree=38
num_leaves=9
num_cat=0
split_feature=2 12 0 2 0 7 5 0
split_gain=12.1964 2.48495e-05 5.11427e-06 3.06602e-06 3.44079e-06 4.58519e-06 1.06216e-06 6.43825e-07
threshold=2950.0000000000005 9.5000000000000018 1.9456500000000003 675.00000000000011 10.363450000000002 8.4166666666666696 0.68301270189221941 9.1832000000000011
decision_type=2 2 2 2 2 2 2 2
left_child=1 -1 -3 7 5 -5 -6 -4
right_child=-2 2 3 4 6 -7 -8 -9
leaf_value=-0.043761459204738569 0.1761074656511552 -0.043092309761258045 -0.043271537816563531 -0.043607059169770757 -0.043333436908093721 -0.043320167519850461 -0.043198120859374946 -0.043166212207861827
leaf_weight=0.31024296581745225 0.8656184822320937 0.30479495227336917 0.29963433742523182 0.25455063208937623 0.35319754108786583 0.3075270801782608 0.24604741856455803 0.28130745515227318
leaf_count=6 4 8 7 5 8 7 6 7
internal_value=0.0155964 -0.0433445 -0.0432813 -0.0433143 -0.0433612 -0.0434501 -0.0432779 -0.0432205
internal_weight=3.22292 2.3573 2.04706 1.74226 1.16132 0.562078 0.599245 0.580942
internal_count=58 54 48 40 26 12 14 14
is_linear=0
shrinkage=0.05


Tree=39
num_leaves=8
num_cat=0
split_feature=0 2 0 2 0 12 9
split_gain=9.99409 7.6263 0.000210863 0.000102787 7.99489e-05 1.9392e-05 1.1074e-05
threshold=10.654750000000002 1550.0000000000002 1.9456500000000003 400.00000000000006 4.4118000000000004 78.500000000000014 -0.41859597363157713
decision_type=2 2 2 2 2 2 2
left_child=2 -2 -1 -4 -5 6 -6
right_child=1 -3 3 4 5 -7 -8
leaf_value=-0.046181864460985204 -0.04978712699213203 0.11817484920615262 -0.046609032672788403 -0.047624730777403992 -0.047015201851421391 -0.04679364766808989 -0.047254317427492497
leaf_weight=0.83970555663108815 0.98078033328056369 2.1735139489173889 1.0230171978473661 0.78079931437969241 1.0867950841784477 0.58473961800336827 0.87328742444515239
leaf_count=8 6 8 9 6 9 5 7
internal_value=-0.00423685 0.0659496 -0.0469073 -0.0470473 -0.0471821 -0.0470463 -0.0471217
internal_weight=8.34264 3.15429 5.18834 4.34864 3.32562 2.54482 1.96008
internal_count=58 14 44 36 27 21 16
is_linear=0
shrinkage=0.05


Tree=40
num_leaves=10
num_cat=0
split_feature=0 0 9 2 2 4 2 0 3
split_gain=16.189 0.000227123 0.000115313 6.19637e-05 8.13756e-05 3.39279e-05 2.47776e-05 1.01954e-05 3.37767e-06
threshold=1.9456500000000003 5.8354500000000007 -0.59116893267988335 1550.0000000000002 1855.0000000000002 161.00000000000003 1350.0000000000002 10.654750000000002 3.5000000000000004
decision_type=2 2 2 2 2 2 2 2 2
left_child=-1 2 5 7 -5 -2 -4 -3 -6
right_child=1 3 6 4 8 -7 -8 -9 -10
leaf_value=0.10660585696009268 -0.047518502625071173 -0.047404223951651482 -0.048182763858771543 -0.048139803554961877 -0.04739360743309691 -0.048002210032447798 -0.048581880677741641 -0.047143860759436149 -0.047548793925075855
leaf_weight=2.278448611497879 0.6476152688264849 0.76588329672813438 0.69884334504604317 0.6942607015371326 0.63685765862464883 0.82348945736885071 0.87669195234775543 0.73860831558704376 0.78015458583831787
leaf_count=8 5 6 5 5 5 6 6 6 6
internal_value=-0.00844411 -0.0477896 -0.0481076 -0.0475216 -0.0476963 -0.0477893 -0.0484048 -0.0472764 -0.047479
internal_weight=8.94085 6.6624 3.04664 3.61576 2.11127 1.4711 1.57554 1.50449 1.41701
internal_count=58 50 22 28 16 11 11 12 11
is_linear=0
shrinkage=0.05


Tree=41
num_leaves=9
num_cat=0
split_feature=2 5 7 8 6 2 6 2
split_gain=15.0276 2.46968 1.61834 0.825749 1.07641 0.19961 0.00332826 0.000129409
threshold=825.00000000000011 0.68301270189221941 16.041666666666668 0.9195955058153672 0.6830127018922193 300.00000000000006 -0.68301270189221952 2537.5000000000005
decision_type=2 2 2 2 2 2 2 2
left_child=1 5 3 6 -5 -1 -2 -8
right_child=2 -3 -4 4 -6 -7 7 -9
leaf_value=0.091887169634250754 -0.054478402804905846 0.017786024271139587 0.024210874893213257 0.011451266164722231 -0.052745682784769155 0.115808294971397 -0.051350337211479628 -0.052082953193314754
leaf_weight=2.3691446185112013 1.6728536039590824 1.1812781393527982 1.1800835281610487 1.4642140418291092 1.1785309314727783 1.3801070153713224 1.6457003355026238 0.95115076005458821
leaf_count=8 8 5 5 7 6 5 9 5
internal_value=0.0120192 0.0808295 -0.0299047 -0.0391432 -0.0171773 0.100693 -0.0527391 -0.0516187
internal_weight=13.0231 4.93053 8.09253 6.91245 2.64274 3.74925 4.2697 2.59685
internal_count=58 18 40 35 13 13 22 14
is_linear=0
shrinkage=0.05


Tree=42
num_leaves=10
num_cat=0
split_feature=2 5 2 9 0 8 0 2 12
split_gain=3.32148 3.69697 2.52638 4.09102 0.801311 0.647879 0.00496779 5.38457e-05 2.80596e-05
threshold=1650.0000000000002 0.68301270189221941 825.00000000000011 -0.48574157668954127 5.1314000000000011 -0.91959550581536686 5.8354500000000007 2850.0000000000005 78.500000000000014
decision_type=2 2 2 2 2 2 2 2 2
left_child=1 2 6 -4 -3 -5 -1 8 -2
right_child=7 4 3 5 -6 -7 -8 -9 -10
leaf_value=-0.052685963400484294 -0.047763897351869915 0.090049614578073311 0.088497814335725983 0.0086971268117766783 0.033276537181505882 -0.050024407003762594 -0.047770751587008581 -0.048419306228699319 -0.048162225431555933
leaf_weight=0.98972298204898868 1.2014157772064211 1.490777522325516 1.3199916183948519 0.80266357958316792 1.0659118741750715 1.132407486438751 1.0696431100368498 0.7156938463449477 0.6995558738708495
leaf_count=5 9 5 5 4 5 7 8 5 5
internal_value=0.000752399 0.0169761 -0.0067915 0.0206292 0.0663803 -0.0256668 -0.050133 -0.0480497 -0.0479105
internal_weight=10.4878 7.87112 5.31443 3.25506 2.55669 1.93507 2.05937 2.61667 1.90097
internal_count=58 39 29 16 10 11 13 19 14
is_linear=0
shrinkage=0.05


Tree=43
num_leaves=9
num_cat=0
split_feature=0 0 0 4 12 11 14 0
split_gain=4.93412 8.31929 0.000429983 0.000131571 0.000153357 4.05322e-05 6.24197e-05 2.93119e-05
threshold=10.361300000000002 10.654750000000002 11.107100000000001 200.00000000000003 50.000000000000007 1.5000000000000002 1.5000000000000002 4.4709500000000011
decision_type=2 2 2 2 2 2 2 2
left_child=3 -2 -3 5 -5 -1 7 -7
right_child=1 2 -4 4 -6 6 -8 -9
leaf_value=-0.04670765989100642 0.099004456627133655 -0.04836334094151469 -0.04671007188390798 -0.047045992568417974 -0.048008783424605073 -0.047530775907272338 -0.046667079700849753 -0.047046631295316062
leaf_weight=1.0382022112607956 2.0453111827373509 1.2516148164868353 0.57348213344812382 0.84528944641351678 0.80986092984676361 0.647073835134506 0.57374944537878048 0.60487894713878632
leaf_count=9 7 9 5 7 6 5 5 5
internal_value=-0.0116758 0.0297579 -0.0478439 -0.0471622 -0.0475171 -0.0469571 -0.0470989 -0.0472969
internal_weight=8.38946 3.87041 1.8251 4.51905 1.65515 2.8639 1.8257 1.25195
internal_count=58 21 14 37 13 24 15 10
is_linear=0
shrinkage=0.05


Tree=44
num_leaves=9
num_cat=0
split_feature=2 12 0 2 0 7 5 0
split_gain=9.97849 2.09923e-05 5.20431e-06 3.14522e-06 3.7841e-06 4.1095e-06 1.15418e-06 4.67478e-07
threshold=2950.0000000000005 9.5000000000000018 1.9456500000000003 675.00000000000011 10.363450000000002 8.4166666666666696 0.68301270189221941 9.1832000000000011
decision_type=2 2 2 2 2 2 2 2
left_child=1 -1 -3 7 5 -5 -6 -4
right_child=-2 2 3 4 6 -7 -8 -9
leaf_value=-0.043647243023818429 0.14920400241536511 -0.042996839569183723 -0.043175089147336157 -0.043522934976919725 -0.043245742573085215 -0.043245633874788442 -0.043100601087842277 -0.043082816704059168
leaf_weight=0.29433006793260652 0.96396858990192402 0.2852505613118409 0.28283278271555889 0.24467564001679398 0.33545666560530663 0.29432042315602303 0.23149388656020164 0.26669781282544136
leaf_count=6 4 8 7 5 8 7 6 7
internal_value=0.0147399 -0.0432538 -0.0431941 -0.0432281 -0.0432767 -0.0433715 -0.0431865 -0.0431303
internal_weight=3.19903 2.23506 1.94073 1.65548 1.10595 0.538996 0.566951 0.549531
internal_count=58 54 48 40 26 12 14 14
is_linear=0
shrinkage=0.05


Tree=45
num_leaves=9
num_cat=0
split_feature=0 2 0 2 0 12 9 0
split_gain=9.03487 3.38655 0.000206546 0.000109477 9.13496e-05 2.53432e-05 1.27991e-05 7.32513e-06
threshold=10.654750000000002 1855.0000000000002 1.9456500000000003 675.00000000000011 4.4118000000000004 78.500000000000014 -0.41859597363157713 5.8354500000000007
decision_type=2 2 2 2 2 2 2 2
left_child=2 -2 -1 7 -5 6 -6 -4
right_child=1 -3 3 4 5 -7 -8 -9
leaf_value=-0.045845989065477655 -0.0070300446777691724 0.10012694115684131 -0.046458041939948881 -0.047424855283453915 -0.046711531039401344 -0.046452274254519671 -0.046981370875933515 -0.046209567296977422
leaf_weight=0.78748071193695057 1.1551011055707934 2.038578599691391 0.55433701723813988 0.63354614377021823 0.92277280241251003 0.55384690314531315 0.83900401741266262 0.63798633217811584
leaf_count=8 7 7 5 5 8 5 7 6
internal_value=-0.00414102 0.06137 -0.0465883 -0.0467294 -0.0468928 -0.0467473 -0.04684 -0.0463251
internal_weight=8.12265 3.19368 4.92897 4.14149 2.94917 2.31562 1.76178 1.19232
internal_count=58 14 44 36 25 20 15 11
is_linear=0
shrinkage=0.05


Tree=46
num_leaves=10
num_cat=0
split_feature=0 0 9 2 2 4 2 9 4
split_gain=14.5109 0.000226185 0.000143538 4.66451e-05 9.66945e-05 3.06045e-05 2.63871e-05 6.67864e-06 4.73725e-06
threshold=1.9456500000000003 5.8354500000000007 -0.59116893267988335 1550.0000000000002 1855.0000000000002 161.00000000000003 1350.0000000000002 -0.35824514579943006 91.500000000000014
decision_type=2 2 2 2 2 2 2 2 2
left_child=-1 2 5 7 -5 -2 -4 -3 -6
right_child=1 3 6 4 8 -7 -8 -9 -10
leaf_value=0.098464839260687456 -0.047102852869754325 -0.047006233891135604 -0.047836168196518113 -0.04778314580188571 -0.046940533701719953 -0.04757492674028737 -0.048256170760015073 -0.046786396633277383 -0.047129914812113878
leaf_weight=2.3318525850772858 0.61225257813930534 0.84547041356563568 0.67025127261877038 0.6647213697433475 0.59793948382139184 0.78162755072116852 0.84595933556556702 0.58420375734567664 0.73749109357595444
leaf_count=8 5 7 5 5 5 6 6 5 6
internal_value=-0.00818372 -0.0474096 -0.0477338 -0.0471345 -0.0472904 -0.0473676 -0.0480705 -0.0469164 -0.0470451
internal_weight=8.67177 6.33992 2.91009 3.42983 2.00015 1.39388 1.51621 1.42967 1.33543
internal_count=58 50 22 28 16 11 11 12 11
is_linear=0
shrinkage=0.05


Tree=47
num_leaves=9
num_cat=0
split_feature=2 5 6 9 2 5 7 2
split_gain=13.117 2.06877 1.58805 3.95682 0.131636 0.00273512 0.00164566 0.000654954
threshold=825.00000000000011 0.68301270189221941 0.25000000000000017 -0.48574157668954127 300.00000000000006 0.25000000000000011 9.7500000000000018 1650.0000000000002
decision_type=2 2 2 2 2 2 2 2
left_child=1 4 3 5 -1 -2 7 -4
right_child=2 -3 6 -5 -6 -7 -8 -9
leaf_value=0.085410309523223538 -0.054464102381847901 0.016904846275875691 -0.051792405398186504 0.046897330639441681 0.1045700961208836 -0.050830603357113903 -0.053523978694734881 -0.050258600383388752
leaf_weight=2.3869272172451024 1.2666532695293433 1.1814247816801069 1.6786430925130851 1.8459302484989164 1.435651361942291 0.87619227170944203 0.98649285733699787 1.1889795213937757
leaf_count=8 6 5 9 8 5 5 5 7
internal_value=0.0114823 0.0747334 -0.0288738 -0.00675779 0.0926062 -0.0529784 -0.0517624 -0.0511565
internal_weight=12.8469 5.004 7.84289 3.98878 3.82258 2.14285 3.85412 2.86762
internal_count=58 18 40 19 13 11 21 16
is_linear=0
shrinkage=0.05


Tree=48
num_leaves=10
num_cat=0
split_feature=2 5 2 9 0 8 0 2 12
split_gain=3.0427 3.21625 2.29531 3.52513 0.723285 0.618392 0.00392288 5.51929e-05 1.60689e-05
threshold=1650.0000000000002 0.68301270189221941 825.00000000000011 -0.48574157668954127 5.1314000000000011 -0.91959550581536686 5.8354500000000007 2850.0000000000005 78.500000000000014
decision_type=2 2 2 2 2 2 2 2 2
left_child=1 2 6 -4 -3 -5 -1 8 -2
right_child=7 4 3 5 -6 -7 -8 -9 -10
leaf_value=-0.051787815423277872 -0.047316659565305771 0.084236637141301543 0.080285567834718852 0.0081704079596030803 0.030635428290906288 -0.049613411369549609 -0.047296775648826707 -0.047960084128753272 -0.047627474851918428
leaf_weight=0.94074708223342884 1.134457014501095 1.4985091984272005 1.3682549595832822 0.80564786493778218 1.0850918143987653 1.0886878818273547 1.006432846188545 0.67864786833524693 0.65646252036094654
leaf_count=5 9 5 5 4 5 7 8 5 5
internal_value=0.000787208 0.0161126 -0.00650704 0.0191321 0.0617246 -0.0250384 -0.0494665 -0.0475761 -0.0474306
internal_weight=10.2629 7.79337 5.20977 3.26259 2.5836 1.89434 1.94718 2.46957 1.79092
internal_count=58 39 29 16 10 11 13 19 14
is_linear=0
shrinkage=0.05


Tree=49
num_leaves=9
num_cat=0
split_feature=0 0 0 2 6 12 10 12
split_gain=4.58365 7.33467 0.000364941 0.000124754 8.42196e-05 0.000105483 8.59931e-05 6.92622e-06
threshold=10.361300000000002 10.654750000000002 11.107100000000001 675.00000000000011 0.25000000000000017 50.000000000000007 4.5000000000000009 40.000000000000007
decision_type=2 2 2 2 2 2 2 2
left_child=3 -2 -3 7 5 -5 -6 -1
right_child=1 2 -4 4 6 -7 -8 -9
leaf_value=-0.046512942091285786 0.091835005178626777 -0.047922370849245957 -0.04635713475312786 -0.046909648746008427 -0.046271097217373151 -0.047714621334958386 -0.04706708226364948 -0.04627249522049371
leaf_weight=0.5597567558288572 2.0796084702014928 1.1917847990989683 0.54163971543312062 1.0682481825351717 0.64428962022066094 0.65742598474025715 0.71680507808923721 0.64416377991437912
leaf_count=5 7 9 5 9 6 5 6 6
internal_value=-0.0113669 0.0285229 -0.0474333 -0.046816 -0.0469844 -0.0472163 -0.0466903 -0.0463843
internal_weight=8.10372 3.81303 1.73342 4.29069 3.08677 1.72567 1.36109 1.20392
internal_count=58 21 14 37 26 14 12 11
is_linear=0
shrinkage=0.05


Tree=50
num_leaves=9
num_cat=0
split_feature=2 12 0 0 9 0 12 6
split_gain=8.38068 1.80419e-05 4.56417e-06 3.71012e-06 2.84494e-06 1.20145e-06 1.66888e-06 8.96556e-08
threshold=2950.0000000000005 12.500000000000002 1.9456500000000003 5.8354500000000007 -0.59116893267988335 10.654750000000002 37.500000000000007 0.25000000000000017
decision_type=2 2 2 2 2 2 2 2
left_child=1 -1 -3 4 -4 6 -5 -7
right_child=-2 2 3 5 -6 7 -8 -9
leaf_value=-0.04348630328524232 0.13005709313066402 -0.042909850782377953 -0.043096430781199901 -0.043229325499774783 -0.043322620864026981 -0.042974669115066588 -0.043048886561385225 -0.043024561983703219
leaf_weight=0.36526161804795343 1.0420035868883131 0.2674326468259095 0.23050660267472267 0.20739791542291641 0.35024668276309945 0.17691628262400627 0.33534764125943184 0.18336336314678192
leaf_count=8 4 8 6 5 8 5 9 5
internal_value=0.0139811 -0.0431667 -0.0431 -0.0431343 -0.0432328 -0.0430708 -0.0431178 -0.0430001
internal_weight=3.15848 2.11647 1.75121 1.48378 0.580753 0.903025 0.542746 0.36028
internal_count=58 54 46 38 14 24 14 10
is_linear=0
shrinkage=0.05


Tree=51
num_leaves=9
num_cat=0
split_feature=0 2 0 2 0 14 5 12
split_gain=8.16302 2.88795 0.000190614 0.000107869 9.03606e-05 3.28554e-05 1.51682e-05 5.25751e-06
threshold=10.654750000000002 1855.0000000000002 1.9456500000000003 675.00000000000011 4.4118000000000004 1.0000000180025095e-35 -0.5 40.000000000000007
decision_type=2 2 2 2 2 2 2 2
left_child=2 -2 -1 7 -5 6 -6 -4
right_child=1 -3 3 4 5 -7 -8 -9
leaf_value=-0.045544102374068418 -0.0066125391999701721 0.092316844939948434 -0.04612139667211404 -0.047124595784626466 -0.046385191977063485 -0.046191388578282942 -0.046726329201535959 -0.045904734135954306
leaf_weight=0.73959629982709874 1.1440688818693163 2.0768711864948273 0.5232869088649752 0.60755542665720019 0.54660671204328592 0.84635004401206959 0.80681014806032147 0.60223545134067535
leaf_count=8 7 7 5 5 5 8 7 6
internal_value=-0.00406392 0.0571774 -0.0462805 -0.046419 -0.0465848 -0.0464357 -0.0465886 -0.0460055
internal_weight=7.89338 3.22094 4.67244 3.93284 2.80732 2.19977 1.35342 1.12552
internal_count=58 14 44 36 25 20 12 11
is_linear=0
shrinkage=0.05


Tree=52
num_leaves=10
num_cat=0
split_feature=0 0 9 2 2 7 2 0 3
split_gain=13.039 0.000214807 0.000164098 4.00454e-05 0.000123246 3.57811e-05 1.52013e-05 4.65703e-06 2.84897e-06
threshold=1.9456500000000003 5.8354500000000007 -0.59116893267988335 1550.0000000000002 1855.0000000000002 8.1083333333333361 825.00000000000011 10.654750000000002 3.5000000000000004
decision_type=2 2 2 2 2 2 2 2 2
left_child=-1 2 6 7 -5 -4 -2 -3 -6
right_child=1 3 5 4 8 -7 -8 -9 -10
leaf_value=0.091516180130937583 -0.047152948212343206 -0.04666010615538356 -0.04745988249765181 -0.04749077252574252 -0.046553847604752258 -0.047959633465158011 -0.046812635102051227 -0.046474662868969674 -0.04670526373657536
leaf_weight=2.3640224635601044 0.61490888893604301 0.68731927871704124 0.63594348728656747 0.63792166113853443 0.56328341364860512 0.81999413669109344 0.70363764464855194 0.66719211637973785 0.6926812008023262
leaf_count=8 5 6 5 5 5 6 6 6 6
internal_value=-0.00799391 -0.0470523 -0.0473754 -0.0467763 -0.0469248 -0.0477413 -0.0469713 -0.0465688 -0.0466374
internal_weight=8.3869 6.02288 2.77448 3.2484 1.89389 1.45594 1.31855 1.35451 1.25596
internal_count=58 50 22 28 16 11 11 12 11
is_linear=0
shrinkage=0.05


Tree=53
num_leaves=9
num_cat=0
split_feature=2 5 6 11 3 12 0 2
split_gain=11.5616 1.76993 1.52597 3.09658 0.0867193 0.00286949 0.00148866 0.000199709
threshold=825.00000000000011 0.68301270189221941 0.25000000000000017 6.5000000000000009 5.5000000000000009 29.500000000000004 10.361300000000002 1650.0000000000002
decision_type=2 2 2 2 2 2 2 2
left_child=1 4 3 6 -1 -4 -2 -7
right_child=2 -3 5 -5 -6 7 -8 -9
leaf_value=0.078085176434893058 -0.053566387575275168 0.016173207146519025 -0.053175308874654492 0.03671048262232033 0.093126764281354912 -0.050514271953486505 -0.050752717591536517 -0.049598838049414722
leaf_weight=1.7833745181560519 1.0152999460697176 1.1795883327722547 1.1524333357810976 2.0255002677440643 2.0709965527057648 1.5551874339580538 0.875439092516899 0.96574403345584858
leaf_count=6 5 5 6 9 7 9 5 6
internal_value=0.011011 0.0697658 -0.0279593 -0.00624573 0.0861672 -0.0511084 -0.0522636 -0.0501636
internal_weight=12.6236 5.03396 7.5896 3.91624 3.85437 3.67336 1.89074 2.52093
internal_count=58 18 40 19 13 21 10 15
is_linear=0
shrinkage=0.05


Tree=54
num_leaves=10
num_cat=0
split_feature=2 5 2 9 0 9 0 2 12
split_gain=2.79608 2.8003 2.09759 3.09507 0.664292 0.596398 0.00312515 5.17113e-05 1.24241e-05
threshold=1650.0000000000002 0.68301270189221941 825.00000000000011 -0.48574157668954127 5.1314000000000011 -0.27768031003904575 5.8354500000000007 2850.0000000000005 78.500000000000014
decision_type=2 2 2 2 2 2 2 2 2
left_child=1 2 6 -4 -3 -5 -1 8 -2
right_child=7 4 3 5 -6 -7 -8 -9 -10
leaf_value=-0.050978854311637026 -0.046894256838482418 0.079366401946588686 0.073987404541740506 0.0079128957529643155 0.028203012963287116 -0.04929391763296917 -0.046853749727198711 -0.047524649190054898 -0.047175850643590068
leaf_weight=0.89312799274921395 1.0683324858546259 1.4943074285984042 1.4027616679668424 0.80548362433910359 1.1025074720382688 1.0488407611846926 0.94487159699201584 0.64240321516990651 0.61846613138914097
leaf_count=5 9 5 5 4 5 7 8 5 5
internal_value=0.000852605 0.0153862 -0.00615151 0.0179482 0.0576444 -0.0244444 -0.0488582 -0.0471429 -0.0469975
internal_weight=10.0211 7.6919 5.09509 3.25709 2.59681 1.85432 1.838 2.3292 1.6868
internal_count=58 39 29 16 10 11 13 19 14
is_linear=0
shrinkage=0.05


Tree=55
num_leaves=8
num_cat=0
split_feature=0 0 0 4 12 11 14
split_gain=4.22194 6.45538 0.000312972 0.000128438 0.000101837 4.72687e-05 5.07945e-05
threshold=10.361300000000002 10.654750000000002 11.107100000000001 196.00000000000003 50.000000000000007 1.5000000000000002 1.5000000000000002
decision_type=2 2 2 2 2 2 2
left_child=3 -2 -3 5 -5 -1 -7
right_child=1 2 -4 4 -6 6 -8
leaf_value=-0.045934533868420481 0.085299989680503036 -0.0475152225070406 -0.046024291557526659 -0.046481930670160987 -0.047257976513632428 -0.04661187108572401 -0.046000864194337243
leaf_weight=0.80815181136131298 2.0960833430290227 1.1332218945026395 0.51058079302310933 0.99317469447851159 0.73602437973022461 1.0163334459066389 0.51125008612871181
leaf_count=8 7 9 5 9 6 9 5
internal_value=-0.0112122 0.0271269 -0.0470521 -0.0464856 -0.0468123 -0.0462438 -0.0464074
internal_weight=7.80482 3.73989 1.6438 4.06493 1.7292 2.33574 1.52758
internal_count=58 21 14 37 15 22 14
is_linear=0
shrinkage=0.05


Tree=56
num_leaves=9
num_cat=0
split_feature=2 12 0 0 9 0 12 6
split_gain=7.21318 1.61145e-05 4.52738e-06 3.97982e-06 3.38599e-06 1.11137e-06 1.61332e-06 7.06109e-08
threshold=2950.0000000000005 12.500000000000002 1.9456500000000003 5.8354500000000007 -0.59116893267988335 10.654750000000002 37.500000000000007 0.25000000000000017
decision_type=2 2 2 2 2 2 2 2
left_child=1 -1 -3 4 -4 6 -5 -7
right_child=-2 2 3 5 -6 7 -8 -9
leaf_value=-0.043394513006144664 0.11629789093493013 -0.042823957537868385 -0.04300520841276121 -0.043145871591132 -0.04325857017794163 -0.042893759750201349 -0.042963576258557103 -0.042939398941360479
leaf_weight=0.34794141724705774 1.0995198637247083 0.24962227791547764 0.21667483821511269 0.19714656099677086 0.33692008256912209 0.16656479239463806 0.31576252728700638 0.17253724858164787
leaf_count=8 4 8 6 5 8 5 9 5
internal_value=0.0133964 -0.0430852 -0.0430202 -0.043055 -0.0431594 -0.0429872 -0.0430336 -0.042917
internal_weight=3.10269 2.00317 1.65523 1.40561 0.553595 0.852011 0.512909 0.339102
internal_count=58 54 46 38 14 24 14 10
is_linear=0
shrinkage=0.05


Tree=57
num_leaves=9
num_cat=0
split_feature=0 2 0 2 0 12 9 12
split_gain=7.4022 2.48853 0.000181709 0.000105685 8.5193e-05 3.63275e-05 2.81068e-05 6.9018e-06
threshold=10.654750000000002 1855.0000000000002 1.9456500000000003 675.00000000000011 4.4118000000000004 78.500000000000014 -0.48574157668954127 40.000000000000007
decision_type=2 2 2 2 2 2 2 2
left_child=2 -2 -1 7 -5 6 -6 -4
right_child=1 -3 3 4 5 -7 -8 -9
leaf_value=-0.045250541683082353 -0.0061455396286550987 0.085877647430761428 -0.045846899557895893 -0.04683567478624262 -0.046034994353167574 -0.045774805951316083 -0.046456269376702504 -0.045591437416035628
leaf_weight=0.69160038977861393 1.1316483020782473 2.0942406058311462 0.49677953124046348 0.5818644464015964 0.7191204652190214 0.48975469172000874 0.88098017871379819 0.56519824266433716
leaf_count=8 7 7 5 5 7 5 8 6
internal_value=-0.0040056 0.0535957 -0.045995 -0.0461329 -0.0463006 -0.0461516 -0.0462669 -0.0457109
internal_weight=7.65119 3.22589 4.4253 3.7337 2.67172 2.08986 1.6001 1.06198
internal_count=58 14 44 36 25 20 15 11
is_linear=0
shrinkage=0.05


Tree=58
num_leaves=10
num_cat=0
split_feature=0 0 9 7 2 2 4 0 4
split_gain=11.8331 0.0001917 0.000191152 4.25791e-05 4.08856e-05 0.000121846 2.47288e-05 7.1316e-06 2.88318e-06
threshold=1.9456500000000003 5.8354500000000007 -0.59116893267988335 8.1083333333333361 1000.0000000000001 1855.0000000000002 161.00000000000003 10.654750000000002 91.500000000000014
decision_type=2 2 2 2 2 2 2 2 2
left_child=-1 2 6 -4 7 -6 -2 -3 -7
right_child=1 4 3 -5 5 8 -8 -9 -10
leaf_value=0.086090442564540473 -0.046330467950471174 -0.04633192233573611 -0.047120306782571841 -0.047677239902315573 -0.04710836204002472 -0.046198153459509408 -0.046780253465327562 -0.046083490189877292 -0.046355019103271299
leaf_weight=2.3731505572795868 0.54288797080516837 0.65061122179031394 0.60528380423784234 0.79255132377147675 0.72332513332366932 0.53033009916543938 0.69909939169883728 0.51956745237112045 0.65435511618852615
leaf_count=8 5 6 5 6 6 5 6 5 6
internal_value=-0.00776819 -0.0467224 -0.047035 -0.0474361 -0.0464543 -0.046597 -0.0465836 -0.0462216 -0.0462848
internal_weight=8.09116 5.71801 2.63982 1.39784 3.07819 1.90801 1.24199 1.17018 1.18469
internal_count=58 50 22 11 28 17 11 11 11
is_linear=0
shrinkage=0.05


Tree=59
num_leaves=9
num_cat=0
split_feature=2 5 6 11 5 12 0 2
split_gain=10.234 1.53784 1.46758 2.8448 0.0598735 0.00311528 0.0013238 0.000161222
threshold=825.00000000000011 0.68301270189221941 0.25000000000000017 6.5000000000000009 0.25000000000000011 29.500000000000004 10.361300000000002 1650.0000000000002
decision_type=2 2 2 2 2 2 2 2
left_child=1 4 3 6 -1 -4 -2 -7
right_child=2 -3 5 -5 -6 7 -8 -9
leaf_value=0.086533021980662109 -0.052756930650430869 0.015505073890709327 -0.052696210445842752 0.034697707342260964 0.074019851613759166 -0.049814916923060684 -0.050038460764012277 -0.048968854269776207
leaf_weight=2.09076789021492 0.97317434847354911 1.1768426448106764 1.1118761599063876 2.0401617139577866 1.7612596452236178 1.4719160646200182 0.82958222925662994 0.91190671920776356
leaf_count=7 5 5 6 9 6 9 5 6
internal_value=0.0105844 0.0655288 -0.0270669 -0.00574141 0.0808116 -0.0505107 -0.051506 -0.0494913
internal_weight=12.3675 5.02887 7.33862 3.84292 3.85203 3.4957 1.80276 2.38382
internal_count=58 18 40 19 13 21 10 15
is_linear=0
shrinkage=0.05


Tree=60
num_leaves=10
num_cat=0
split_feature=2 0 0 5 9 12 2 2 6
split_gain=3.46168 3.60323 4.45101 2.60896 2.38326 3.0269 0.00143536 3.8384e-05 1.04072e-05
threshold=1855.0000000000002 1.9456500000000003 5.8354500000000007 0.68301270189221941 -0.41859597363157713 56.000000000000007 1550.0000000000002 2950.0000000000005 0.25000000000000017
decision_type=2 2 2 2 2 2 2 2 2
left_child=1 -1 4 6 5 -3 -4 8 -2
right_child=7 2 3 -5 -6 -7 -8 -9 -10
leaf_value=-0.051925996899886931 -0.046377010406134421 -0.017190381789997083 -0.046408307330592903 0.063894839840253501 0.12621310824954934 0.086774500598878063 -0.049316353751646447 -0.047024933660634261 -0.046646978542578432
leaf_weight=1.2930275201797465 0.54651800543069962 1.1669284850358952 0.99052670598030113 0.75149802863597859 1.3172578066587459 1.7500858306884763 0.74232340604066849 0.59419622272253025 1.0293477848172186
leaf_count=8 5 6 9 3 6 6 5 5 9
internal_value=0.00933556 0.0245088 0.039219 -0.0139113 0.0703918 0.0451842 -0.0476541 -0.0466825 -0.0465534
internal_weight=10.1817 8.01165 6.71862 2.48435 4.23427 2.91701 1.73285 2.17006 1.57587
internal_count=62 43 35 17 18 12 14 19 14
is_linear=0
shrinkage=0.05


Tree=61
num_leaves=10
num_cat=0
split_feature=0 0 3 4 12 4 2 4 3
split_gain=4.55745 6.47567 0.000230849 0.000196862 0.000105744 0.000117096 5.78638e-05 1.71234e-05 3.88837e-06
threshold=10.361300000000002 10.654750000000002 2.5000000000000004 196.00000000000003 25.000000000000004 271.00000000000006 1550.0000000000002 129.50000000000003 2.5000000000000004
decision_type=2 2 2 2 2 2 2 2 2
left_child=3 -2 -3 6 -5 -6 7 8 -1
right_child=1 2 -4 4 5 -7 -8 -9 -10
leaf_value=-0.045617597723390371 0.081869872771926464 -0.046136116269551809 -0.04732164220796465 -0.045999252304142757 -0.047276645701692051 -0.046260704195197247 -0.046189631269859546 -0.045887711974212486 -0.045421098722713389
leaf_weight=0.56818179041147254 2.386484682559967 0.92273338884115197 0.73987998813390732 0.61109647899866093 0.6227825805544851 0.52081246674060822 0.72983918339014042 0.49997983872890461 0.4520723819732666
leaf_count=6 8 9 6 6 5 5 7 5 5
internal_value=-0.00831344 0.0290923 -0.0466637 -0.0461333 -0.0465302 -0.046814 -0.0458237 -0.045648 -0.0455305
internal_weight=8.05386 4.0491 1.66261 4.00476 1.75469 1.1436 2.25007 1.52023 1.02025
internal_count=62 23 15 39 16 10 23 16 11
is_linear=0
shrinkage=0.05


Tree=62
num_leaves=10
num_cat=0
split_feature=2 12 0 0 2 3 3 12 3
split_gain=5.01415 1.12631e-05 5.10788e-06 5.41529e-06 1.01118e-05 3.37616e-06 4.16336e-07 3.42266e-07 8.00345e-08
threshold=2950.0000000000005 11.500000000000002 1.9456500000000003 10.363450000000002 1550.0000000000002 6.5000000000000009 10.500000000000002 56.000000000000007 2.5000000000000004
decision_type=2 2 2 2 2 2 2 2 2
left_child=1 -1 -3 4 5 7 8 -4 -5
right_child=-2 2 3 6 -6 -7 -8 -9 -10
leaf_value=-0.043269564836382397 0.081983220686684843 -0.042741746801493875 -0.042921391648714252 -0.04285549693627131 -0.043329231333028503 -0.043132009611931602 -0.042922437744636624 -0.04283141775567597 -0.042805237485802491
leaf_weight=0.35470853373408351 1.3414773195981977 0.2325220014899968 0.23752889409661271 0.16179698705673218 0.26393374055624008 0.19580314308404922 0.20420341938734055 0.19044624641537666 0.15518232248723507
leaf_count=9 5 8 7 5 6 5 6 6 5
internal_value=0.00722589 -0.0430141 -0.0429589 -0.0429947 -0.0430698 -0.04296 -0.0428668 -0.0428814 -0.0428309
internal_weight=3.3376 1.99613 1.64142 1.40889 0.887712 0.623778 0.521183 0.427975 0.316979
internal_count=62 57 48 40 24 18 16 13 10
is_linear=0
shrinkage=0.05


Tree=63
num_leaves=10
num_cat=0
split_feature=2 2 9 12 7 12 5 3 3
split_gain=4.68778 2.14296 1.73379 0.767844 0.00125462 0.000866321 9.32874e-05 1.23558e-05 3.1725e-06
threshold=1855.0000000000002 2590.0000000000005 1.0000000180025095e-35 43.000000000000007 8.4166666666666696 40.000000000000007 0.25000000000000011 3.5000000000000004 1.5000000000000002
decision_type=2 2 2 2 2 2 2 2 2
left_child=2 -2 4 -3 5 -1 -6 8 -8
right_child=1 3 -4 -5 6 -7 7 -9 -10
leaf_value=-0.048143133921972447 0.070312453002122605 -0.045982727156526994 0.055758198121672597 0.036085717312965254 -0.045837013185070788 -0.045970543737180319 -0.045173701538237972 -0.044934412466620423 -0.045363855292940604
leaf_weight=1.0680868625640867 2.2659903466701512 0.70326302200555779 0.46455993503332127 0.4792250320315361 0.87359721213579211 0.80441118776798237 0.42960044741630532 0.3962215892970562 0.44818158447742462
leaf_count=8 9 7 3 3 9 8 5 5 5
internal_value=-0.0019916 0.0418395 -0.0356955 -0.012723 -0.0462638 -0.0472098 -0.0454391 -0.0451662 -0.0452708
internal_weight=7.93314 3.44848 4.48466 1.18249 4.0201 1.8725 2.1476 1.274 0.877782
internal_count=62 19 43 10 40 16 24 15 10
is_linear=0
shrinkage=0.05


Tree=64
num_leaves=10
num_cat=0
split_feature=0 2 0 2 12 7 5 3 0
split_gain=12.7317 0.0532613 0.000225612 0.000290089 0.000139162 7.64835e-05 3.12377e-05 6.84536e-06 1.01302e-06
threshold=1.9456500000000003 1650.0000000000002 4.5639000000000012 825.00000000000011 11.500000000000002 9.1416666666666675 1.0000000180025095e-35 2.5000000000000004 11.100500000000002
decision_type=2 2 2 2 2 2 2 2 2
left_child=1 -1 3 -2 -4 6 -6 8 -8
right_child=2 -3 4 -5 5 -7 7 -9 -10
leaf_value=0.088500196458622851 -0.046248940371617725 0.075087187427630681 -0.046832992714082311 -0.047583008845080571 -0.046176208833440452 -0.046451545278608605 -0.045817802838303272 -0.045661951997416128 -0.045918540833179283
leaf_weight=1.4802662134170534 0.85467387735843636 1.4801960587501524 0.68881529569625888 0.77880137413740158 0.73935998976230699 0.8751494139432906 0.49428085237741448 0.66880355030298233 0.50404854863882065
leaf_count=5 8 5 6 6 7 8 5 7 5
internal_value=-0.00208082 0.0817939 -0.0463904 -0.046885 -0.0461869 -0.0460513 -0.0459057 -0.0457857 -0.0458687
internal_weight=8.5644 2.96046 5.60393 1.63348 3.97046 3.28164 2.40649 1.66713 0.998329
internal_count=62 10 52 14 38 32 24 17 10
is_linear=0
shrinkage=0.05


Tree=65
num_leaves=12
num_cat=0
split_feature=2 9 7 0 6 4 6 8 10 3 2
split_gain=9.23303 2.0803 1.78175 0.336142 0.00935687 0.010896 0.00301716 0.000955499 0.000174333 8.88e-05 4.00461e-08
threshold=825.00000000000011 -0.24825246871434689 16.041666666666668 4.5639000000000012 1.0000000180025095e-35 200.00000000000003 0.6830127018922193 0.96863394805116498 4.5000000000000009 10.500000000000002 1855.0000000000002
decision_type=2 2 2 2 2 2 2 2 2 2 2
left_child=1 3 4 -1 5 -2 -5 8 10 -10 -6
right_child=2 -3 -4 6 7 -7 -8 -9 9 -11 -12
leaf_value=0.042962243358708942 -0.049122672427417254 -0.0059277939465251133 0.014029040556722345 0.072305378024108954 -0.048586057033507574 -0.056938837051758166 0.075526036887205744 -0.050861222349426007 -0.049704561934956454 -0.048984138996451723 -0.048569445043521751
leaf_weight=1.2553616464138029 0.76315733790397633 1.3968015313148496 1.2970914542675016 1.4514890611171722 0.72935326397418976 1.0724951922893522 1.4572880268096924 0.85913380980491627 0.80584518611431122 0.91162185370922089 0.7218501940369606
leaf_count=5 5 5 6 5 5 5 5 5 5 6 5
internal_value=-0.00146156 0.0468746 -0.0389998 0.0645864 -0.0507307 -0.0536893 0.0739189 -0.0493823 -0.0489813 -0.0493222 -0.0485778
internal_weight=12.7215 5.56094 7.16055 4.16414 5.86346 1.83565 2.90878 4.0278 3.16867 1.71747 1.4512
internal_count=62 20 42 15 36 10 10 26 21 11 10
is_linear=0
shrinkage=0.05


Tree=66
num_leaves=10
num_cat=0
split_feature=2 0 0 5 9 12 2 2 6
split_gain=3.17857 3.21452 3.84561 2.3721 1.89734 2.66163 0.00136145 4.00902e-05 9.27673e-06
threshold=1855.0000000000002 1.9456500000000003 5.8354500000000007 0.68301270189221941 -0.41859597363157713 56.000000000000007 1550.0000000000002 2950.0000000000005 0.25000000000000017
decision_type=2 2 2 2 2 2 2 2 2
left_child=1 -1 4 6 5 -3 -4 8 -2
right_child=7 2 3 -5 -6 -7 -8 -9 -10
leaf_value=-0.0511165228411826 -0.046040027606023833 -0.016539347826134719 -0.046060911386940684 0.05946579949324568 0.1134497905849504 0.081357197415601407 -0.048965366236986364 -0.046706567876033889 -0.046302510749604592
leaf_weight=1.2210777997970579 0.51488471031188987 1.152732118964195 0.93180238455534004 0.76083940267562855 1.3918029218912127 1.7458792328834531 0.71158716082572937 0.56443750858306874 0.97221523523330688
leaf_count=8 5 6 9 3 6 6 5 5 9
internal_value=0.00911522 0.0234897 0.0370976 -0.0135257 0.0654655 0.0424253 -0.0473185 -0.0463478 -0.0462116
internal_weight=9.96726 7.91572 6.69464 2.40423 4.29041 2.89861 1.64339 2.05154 1.4871
internal_count=62 43 35 17 18 12 14 19 14
is_linear=0
shrinkage=0.05


Tree=67
num_leaves=9
num_cat=0
split_feature=0 0 9 3 12 2 0 10
split_gain=4.20208 5.82214 0.00021158 0.000185011 9.65653e-05 5.26983e-05 3.79606e-05 3.36937e-06
threshold=10.361300000000002 10.654750000000002 -0.27768031003904575 5.5000000000000009 37.500000000000007 1550.0000000000002 4.5639000000000012 4.5000000000000009
decision_type=2 2 2 2 2 2 2 2
left_child=3 -2 -3 5 6 7 -5 -1
right_child=1 2 -4 4 -6 -7 -8 -9
leaf_value=-0.045335714597401704 0.077479462679121147 -0.045789925756618638 -0.046946487592387218 -0.045546671303785126 -0.046516787795558658 -0.045879073613829972 -0.04611468402630621 -0.045162516261203774
leaf_weight=0.6232116371393206 2.3685053586959843 0.77175929397344611 0.81095927953720048 0.55828385055065177 0.98356805741786946 0.48797012865543354 0.62169118225574493 0.51108413189649582
leaf_count=7 8 8 7 6 9 5 6 6
internal_value=-0.00820375 0.0278648 -0.0463825 -0.0458482 -0.0461509 -0.0454446 -0.0458459 -0.0452577
internal_weight=7.73703 3.95122 1.58272 3.78581 2.16354 1.62227 1.17998 1.1343
internal_count=62 23 15 39 21 18 12 13
is_linear=0
shrinkage=0.05


Tree=68
num_leaves=11
num_cat=0
split_feature=2 0 5 7 2 2 2 2 0 5
split_gain=4.43816 9.54491e-06 1.328e-05 1.09916e-05 5.32826e-06 5.82089e-06 2.07106e-06 5.40132e-07 3.14283e-07 1.50747e-07
threshold=2950.0000000000005 1.9456500000000003 -0.24999999999999994 7.0750000000000011 1550.0000000000002 1855.0000000000002 2590.0000000000005 1650.0000000000002 5.0021000000000013 0.68301270189221941
decision_type=2 2 2 2 2 2 2 2 2 2
left_child=1 7 3 -3 8 -6 -7 -1 -4 -10
right_child=-2 2 4 -5 5 6 -8 -9 9 -11
leaf_value=-0.042587091951801485 0.075250966820439621 -0.042875579701806131 -0.04285100451857457 -0.043381744589498214 -0.043250975687624441 -0.042796184132862528 -0.043040432443660286 -0.042728679143799339 -0.042745364568076656 -0.042804084152436014
leaf_weight=0.12556340172886882 1.3728336989879606 0.16413364559411991 0.16044411808252312 0.30950195342302322 0.16775759682059288 0.21560223959386349 0.14526648446917534 0.14530975371599197 0.26558061316609383 0.18574348464608192
leaf_count=5 5 5 5 7 4 7 4 5 9 6
internal_value=0.00686785 -0.0429377 -0.0429838 -0.0432063 -0.0428914 -0.0430076 -0.0428945 -0.042663 -0.0427909 -0.0427695
internal_weight=3.25774 1.8849 1.61403 0.473636 1.14039 0.528626 0.360869 0.270873 0.611768 0.451324
internal_count=62 57 47 12 35 15 11 10 20 15
is_linear=0
shrinkage=0.05


Tree=69
num_leaves=10
num_cat=0
split_feature=0 2 0 0 2 12 2 0 3
split_gain=7.0137 4.45463 0.000160417 0.000130469 0.000203402 5.38452e-05 3.60867e-05 1.39901e-05 6.09468e-06
threshold=10.654750000000002 1550.0000000000002 1.9456500000000003 4.5639000000000012 825.00000000000011 40.000000000000007 1650.0000000000002 5.8354500000000007 2.5000000000000004
decision_type=2 2 2 2 2 2 2 2 2
left_child=2 -2 6 4 -4 7 -1 -5 -7
right_child=1 -3 3 5 -6 8 -8 -9 -10
leaf_value=-0.044434719729409392 -0.048373971880832603 0.082890578704819931 -0.045399279621403249 -0.045790103390410279 -0.046606639111173541 -0.044927385724451457 -0.045122845513801128 -0.045434171859712477 -0.045186752906511293
leaf_weight=0.34695482626557339 0.85811609029769931 2.6188630610704422 0.72078958898782752 0.48811306059360526 0.67599571496248245 0.40380877256393422 0.42257676273584366 0.63552474975585938 0.51581770926713943
leaf_count=5 6 9 8 5 6 5 5 7 6
internal_value=-0.00205824 0.0504946 -0.0454652 -0.0456112 -0.0459836 -0.0453566 -0.0448126 -0.0455888 -0.0450729
internal_weight=7.68656 3.47698 4.20958 3.44005 1.39679 2.04326 0.769532 1.12364 0.919626
internal_count=62 15 47 37 14 23 10 12 11
is_linear=0
shrinkage=0.05


Tree=70
num_leaves=10
num_cat=0
split_feature=0 8 0 2 12 5 0 12 4
split_gain=11.5287 0.0385864 0.00022256 0.000275996 0.000145697 7.28857e-05 3.87044e-05 4.55123e-06 3.28459e-06
threshold=1.9456500000000003 0.36238283721496295 4.5639000000000012 825.00000000000011 11.500000000000002 0.25000000000000011 10.381750000000002 56.000000000000007 64.000000000000014
decision_type=2 2 2 2 2 2 2 2 2
left_child=1 -1 3 -2 -4 6 -6 8 -7
right_child=2 -3 4 -5 5 7 -8 -9 -10
leaf_value=0.082979610336442994 -0.045960850862512524 0.071525121017624538 -0.046565356035016742 -0.047292521965266593 -0.046313249041007837 -0.045714049637743399 -0.045750576548856337 -0.045461367949311889 -0.045536126294702862
leaf_weight=1.4841889142990115 0.81004382669925667 1.4569797217845915 0.65779393911361728 0.74872338026762009 0.64230323582887672 0.48349951952695824 0.58306029438972473 0.82372673600912083 0.55962094664573669
leaf_count=5 8 5 6 6 6 5 6 9 6
internal_value=-0.00210397 0.0773053 -0.0460984 -0.0466005 -0.0458896 -0.0457459 -0.0460455 -0.0455492 -0.0456186
internal_weight=8.24994 2.94117 5.30877 1.55877 3.75 3.09221 1.22536 1.86685 1.04312
internal_count=62 10 52 14 38 32 12 20 11
is_linear=0
shrinkage=0.05


Tree=71
num_leaves=12
num_cat=0
split_feature=2 9 7 0 12 6 4 8 10 4 12
split_gain=8.3478 1.82322 1.69554 0.318275 0.0120871 0.00811027 0.0093153 0.000895652 0.000153588 8.18585e-05 7.63269e-05
threshold=825.00000000000011 -0.24825246871434689 16.041666666666668 4.5639000000000012 37.500000000000007 1.0000000180025095e-35 200.00000000000003 0.96863394805116498 4.5000000000000009 309.00000000000006 25.000000000000004
decision_type=2 2 2 2 2 2 2 2 2 2 2
left_child=1 3 5 -1 -5 6 -2 8 10 -10 -7
right_child=2 -3 -4 4 -6 7 -8 -9 9 -11 -12
leaf_value=0.040325280590642096 -0.048591228664670826 -0.0049349678660697604 0.013463957894685342 0.073717741479604817 0.067207025045536509 -0.048396837044766466 -0.055992703490147969 -0.050295286713612344 -0.049134102838254035 -0.04842338682036855 -0.047648612130142473
leaf_weight=1.2561736702919004 0.72372534871101368 1.3908298462629316 1.2915786206722257 1.4561379551887514 1.3965417742729185 0.71141025424003645 1.0302934646606443 0.81909358501434315 0.76467351615428925 0.86169832944869995 0.65434283763170242
leaf_count=5 5 5 6 5 5 5 5 5 5 6 5
internal_value=-0.00134151 0.0445467 -0.0381473 0.061296 0.0705304 -0.0501252 -0.0529388 -0.0488303 -0.0484293 -0.0487575 -0.0480384
internal_weight=12.3565 5.49968 6.85682 4.10885 2.85268 5.56524 1.75402 3.81122 2.99212 1.62637 1.36575
internal_count=62 20 42 15 10 36 10 26 21 11 10
is_linear=0
shrinkage=0.05


Tree=72
num_leaves=10
num_cat=0
split_feature=2 0 0 5 9 12 2 2 6
split_gain=2.91141 2.87276 3.33959 2.16174 1.52906 2.3574 0.00125378 4.57131e-05 6.28075e-06
threshold=1855.0000000000002 1.9456500000000003 5.8354500000000007 0.68301270189221941 -0.41859597363157713 56.000000000000007 1550.0000000000002 2950.0000000000005 0.25000000000000017
decision_type=2 2 2 2 2 2 2 2 2
left_child=1 -1 4 6 5 -3 -4 8 -2
right_child=7 2 3 -5 -6 -7 -8 -9 -10
leaf_value=-0.050371554910276076 -0.045720895607618557 -0.015883319684803093 -0.045747970641556931 0.055574409385137892 0.10289528014625193 0.076776578435604967 -0.048608585737232562 -0.046409629794170133 -0.045943772367038144
leaf_weight=1.1510568782687185 0.48405401408672311 1.1386149823665617 0.87683975696563743 0.76657114923000325 1.4560448378324511 1.7283866703510282 0.68016024678945541 0.53619547188282002 0.91100572049617767
leaf_count=8 5 6 9 3 6 6 5 5 9
internal_value=0.0089434 0.0225555 0.035185 -0.013158 0.0611686 0.0399772 -0.0469976 -0.0460173 -0.0458664
internal_weight=9.72893 7.79767 6.64662 2.32357 4.32305 2.867 1.557 1.93126 1.39506
internal_count=62 43 35 17 18 12 14 19 14
is_linear=0
shrinkage=0.05


Tree=73
num_leaves=9
num_cat=0
split_feature=0 0 9 3 12 2 0 9
split_gain=3.8868 5.22808 0.000195752 0.000178419 8.57253e-05 4.8685e-05 3.11809e-05 5.23093e-06
threshold=10.361300000000002 10.654750000000002 -0.27768031003904575 5.5000000000000009 37.500000000000007 1550.0000000000002 4.5639000000000012 -0.69930991848440827
decision_type=2 2 2 2 2 2 2 2
left_child=3 -2 -3 5 6 7 -5 -1
right_child=1 2 -4 4 -6 -7 -8 -9
leaf_value=-0.04512680401377285 0.073643467625419512 -0.045488562163658181 -0.04663292812748801 -0.045316698622967208 -0.046243422768331127 -0.045605536235790188 -0.045844863757601537 -0.044899814663313373
leaf_weight=0.42017711699008931 2.3347667455673222 0.72466205805540107 0.77158364653587297 0.52992443740367912 0.93579966574907292 0.46003437787294377 0.59118364751338959 0.6410210803151134
leaf_count=5 8 8 7 6 9 5 6 8
internal_value=-0.00811423 0.0268846 -0.0460787 -0.0455865 -0.0458901 -0.0451759 -0.0455952 -0.0449897
internal_weight=7.40915 3.83101 1.49625 3.57814 2.05691 1.52123 1.12111 1.0612
internal_count=62 23 15 39 21 18 12 13
is_linear=0
shrinkage=0.05


Tree=74
num_leaves=10
num_cat=0
split_feature=2 12 0 0 2 8 7 0 12
split_gain=3.94251 9.17364e-06 4.16542e-06 5.05017e-06 4.84098e-06 2.85743e-06 5.66667e-07 4.96023e-07 7.01547e-08
threshold=2950.0000000000005 11.500000000000002 1.9456500000000003 5.0021000000000013 825.00000000000011 -0.7865660924854927 7.0750000000000011 10.654750000000002 56.000000000000007
decision_type=2 2 2 2 2 2 2 2 2
left_child=1 -1 -3 4 -4 -5 7 -7 -8
right_child=-2 2 3 5 -6 6 8 -9 -10
leaf_value=-0.043106757950001219 0.069457333394614226 -0.042601459033089484 -0.042812542819580357 -0.042961463037117675 -0.043167204983186117 -0.042845728873004772 -0.042709220933750486 -0.042717549921226179 -0.042664922841916357
leaf_weight=0.31997801363468203 1.3944498151540754 0.20380884408950795 0.18617933988571145 0.17095282487571217 0.19911548867821693 0.15874515473842643 0.25681265629827976 0.14388804137706757 0.13708694279193878
leaf_count=9 5 8 6 5 5 5 9 5 5
internal_value=0.00652894 -0.0428643 -0.0428111 -0.0428452 -0.0429958 -0.0427783 -0.0427333 -0.0427848 -0.0426938
internal_weight=3.17102 1.77657 1.45659 1.25278 0.385295 0.867486 0.696533 0.302633 0.3939
internal_count=62 57 48 40 11 29 24 10 14
is_linear=0
shrinkage=0.05


Tree=75
num_leaves=10
num_cat=0
split_feature=0 2 0 0 2 12 8 8 4
split_gain=6.38492 3.95449 0.000144954 0.000136739 0.000187685 5.15838e-05 2.90377e-05 1.61587e-05 6.74791e-06
threshold=10.654750000000002 1550.0000000000002 1.9456500000000003 4.5639000000000012 825.00000000000011 37.500000000000007 0.36238283721496295 0.71473537162315171 46.000000000000007
decision_type=2 2 2 2 2 2 2 2 2
left_child=2 -2 6 4 -4 7 -1 -5 -7
right_child=1 -3 3 5 -6 8 -8 -9 -10
leaf_value=-0.044234188781751393 -0.047938345220480898 0.078242739397141173 -0.04517881669742084 -0.045566235163793496 -0.046366081120106283 -0.044669571726625008 -0.044871742140615442 -0.045158977094599963 -0.044942772652868196
leaf_weight=0.32519702613353763 0.81633205711841617 2.594048023223877 0.68360631167888664 0.46351799368858315 0.64878178387880325 0.37620081752538681 0.3961656466126442 0.51325423270463943 0.56617012619972229
leaf_count=5 6 9 8 5 6 5 5 6 7
internal_value=-0.00214599 0.0480392 -0.0452255 -0.0453678 -0.0457569 -0.0450976 -0.0445843 -0.0453522 -0.0448337
internal_weight=7.38327 3.41038 3.97289 3.25153 1.33239 1.91914 0.721363 0.976772 0.942371
internal_count=62 15 47 37 14 23 10 11 12
is_linear=0
shrinkage=0.05


Tree=76
num_leaves=10
num_cat=0
split_feature=0 8 0 2 12 5 0 12 6
split_gain=10.4461 0.030112 0.000224286 0.000254634 0.00014013 7.31829e-05 3.33949e-05 4.45831e-06 1.91885e-06
threshold=1.9456500000000003 0.36238283721496295 4.5639000000000012 825.00000000000011 11.500000000000002 0.25000000000000011 10.381750000000002 56.000000000000007 0.25000000000000017
decision_type=2 2 2 2 2 2 2 2 2
left_child=1 -1 3 -2 -4 6 -6 8 -7
right_child=2 -3 4 -5 5 7 -8 -9 -10
leaf_value=0.078366976374159791 -0.045701122780274737 0.068177572328730576 -0.046281275903326147 -0.047010426068192557 -0.04601891395793406 -0.045257183456895153 -0.045481805332014444 -0.045161196122599494 -0.045397675284690575
leaf_weight=1.4776859879493716 0.76839344203472115 1.4236132800579069 0.62466102838516269 0.71864474564790726 0.60881549865007423 0.52564402669668175 0.55159913003444672 0.76848001033067703 0.45205596089363098
leaf_count=5 8 5 6 6 6 6 6 9 5
internal_value=-0.00215564 0.0733672 -0.0458188 -0.0463339 -0.0456019 -0.0454558 -0.0457636 -0.0452513 -0.0453221
internal_weight=7.91959 2.9013 5.01829 1.48704 3.53126 2.90659 1.16041 1.74618 0.9777
internal_count=62 10 52 14 38 32 12 20 11
is_linear=0
shrinkage=0.05


Tree=77
num_leaves=10
num_cat=0
split_feature=2 9 7 3 6 4 7 9 11
split_gain=7.52511 1.62326 1.61511 0.312694 0.00708464 0.00796818 0.00103671 0.000126127 0.000122598
threshold=825.00000000000011 -0.24825246871434689 16.041666666666668 4.5000000000000009 1.0000000180025095e-35 200.00000000000003 6.6500000000000012 -0.59116893267988335 3.5000000000000004
decision_type=2 2 2 2 2 2 2 2 2
left_child=1 3 4 -1 5 -2 -6 -8 -9
right_child=2 -3 -4 -5 6 -7 7 8 -10
leaf_value=0.042555063000264265 -0.048088392243436001 -0.0043897649667367531 0.013000735463850966 0.070610922333285947 -0.05011482238537901 -0.055104769972258751 -0.047447929630867726 -0.047576036345687238 -0.048419012805941762
leaf_weight=1.7624960392713545 0.68484261631965615 1.3836210966110227 1.283629462122917 2.275176078081131 0.64299342036247287 0.98900456726551056 1.0156699120998383 0.64927081763744365 1.2848371118307111
leaf_count=7 5 5 6 8 4 5 8 5 9
internal_value=-0.00122602 0.0423481 -0.03729 0.0583642 -0.0495474 -0.0522341 -0.0482956 -0.0478991 -0.048136
internal_weight=11.9715 5.42129 6.55025 4.03767 5.26662 1.67385 3.59277 2.94978 1.93411
internal_count=62 20 42 15 36 10 26 22 14
is_linear=0
shrinkage=0.05


Tree=78
num_leaves=10
num_cat=0
split_feature=2 2 0 4 10 4 7 2 6
split_gain=2.66968 2.13627 3.45062 0.911237 2.90535 0.272937 0.000334784 5.00342e-05 4.23187e-06
threshold=1855.0000000000002 300.00000000000006 1.9456500000000003 161.00000000000003 4.5000000000000009 46.000000000000007 9.1416666666666675 2950.0000000000005 0.25000000000000017
decision_type=2 2 2 2 2 2 2 2 2
left_child=1 6 -3 5 -5 -4 -1 8 -2
right_child=7 2 3 4 -6 -7 -8 -9 -10
leaf_value=-0.045530039413058963 -0.045421886710146686 -0.049685835984497065 0.051490776799407126 0.080617744776566677 -0.020384095113968069 0.083243853972719134 -0.047369959813871709 -0.046129526758151213 -0.045610828454534985
leaf_weight=0.55774638056755044 0.45432224869728066 1.0833002403378484 1.260891452431679 1.3690764755010605 1.483519084751606 1.4608116149902342 0.44408181309700012 0.50892081111669529 0.85235605388879776
leaf_count=6 5 8 5 6 9 5 4 5 9
internal_value=0.00880371 0.0217255 0.0319687 0.0478373 0.0280908 0.0685335 -0.0463456 -0.0457089 -0.0455451
internal_weight=9.47503 7.65943 6.6576 5.5743 2.8526 2.7217 1.00183 1.8156 1.30668
internal_count=62 43 33 25 15 10 10 19 14
is_linear=0
shrinkage=0.05


Tree=79
num_leaves=9
num_cat=0
split_feature=0 0 9 4 12 2 0 12
split_gain=3.59262 4.72015 0.000177194 0.000163996 9.49275e-05 3.81525e-05 3.00859e-05 3.80807e-06
threshold=10.361300000000002 10.654750000000002 -0.27768031003904575 161.00000000000003 37.500000000000007 1550.0000000000002 4.5639000000000012 56.000000000000007
decision_type=2 2 2 2 2 2 2 2
left_child=3 -2 -3 5 6 7 -5 -1
right_child=1 2 -4 4 -6 -7 -8 -9
leaf_value=-0.044873328106631458 0.070372495107214231 -0.045219274148391234 -0.046338941184121185 -0.045059585930510487 -0.046063595130113696 -0.045348966081652481 -0.04559335400045135 -0.044683216916445223
leaf_weight=0.62888559699058555 2.2877771258354191 0.68201797455549262 0.73325335979461626 0.49809388816356637 0.80157574266195286 0.43319900333881367 0.56171103566884995 0.45325256884098053
leaf_count=8 8 8 7 6 8 5 6 6
internal_value=-0.00803949 0.0259727 -0.0457994 -0.0453386 -0.045653 -0.0449524 -0.0453425 -0.0447937
internal_weight=7.07977 3.70305 1.41527 3.37672 1.86138 1.51534 1.0598 1.08214
internal_count=62 23 15 39 20 19 12 14
is_linear=0
shrinkage=0.05


Tree=80
num_leaves=10
num_cat=0
split_feature=2 12 0 0 2 8 9 0 12
split_gain=3.51795 8.15033e-06 3.69647e-06 4.85482e-06 4.8912e-06 2.46635e-06 5.20779e-07 3.3164e-07 6.53362e-08
threshold=2950.0000000000005 11.500000000000002 1.9456500000000003 5.0021000000000013 825.00000000000011 -0.7865660924854927 -0.27768031003904575 10.654750000000002 56.000000000000007
decision_type=2 2 2 2 2 2 2 2 2
left_child=1 -1 -3 4 -4 -5 8 -8 -7
right_child=-2 2 3 5 -6 6 7 -9 -10
leaf_value=-0.043029284778809879 0.064490984738886037 -0.042538495258363139 -0.042735632174058666 -0.042883287599143616 -0.043102304189710568 -0.042640861754027981 -0.04276714887311317 -0.042659163171945194 -0.042596666357330275
leaf_weight=0.30299171805381808 1.4064859002828596 0.19073089770972718 0.17390024848282315 0.16083341091871239 0.19066871702671051 0.24074094556272008 0.14866158552467867 0.13627930916845798 0.12813600897789001
leaf_count=9 5 8 6 5 5 9 5 5 5
internal_value=0.00620658 -0.0427946 -0.0427427 -0.0427757 -0.0429274 -0.0427079 -0.0426647 -0.0427155 -0.0426255
internal_weight=3.07943 1.67294 1.36995 1.17922 0.364569 0.814651 0.653818 0.284941 0.368877
internal_count=62 57 48 40 11 29 24 10 14
is_linear=0
shrinkage=0.05


Tree=81
num_leaves=10
num_cat=0
split_feature=0 2 0 0 2 12 8 8 4
split_gain=5.80966 3.54698 0.000129869 0.000133031 0.000177553 4.85995e-05 2.3961e-05 1.47708e-05 5.00523e-06
threshold=10.654750000000002 1550.0000000000002 1.9456500000000003 4.5639000000000012 825.00000000000011 37.500000000000007 0.36238283721496295 0.71473537162315171 46.000000000000007
decision_type=2 2 2 2 2 2 2 2 2
left_child=2 -2 6 4 -4 7 -1 -5 -7
right_child=1 -3 3 5 -6 8 -8 -9 -10
leaf_value=-0.044041784907034004 -0.047571288756292199 0.074284721192923453 -0.044947908844771123 -0.045324832368758172 -0.04613254341075524 -0.044449381978850393 -0.04464043993842829 -0.044924169275011569 -0.044692709836202944
leaf_weight=0.30393782630562816 0.77961511909961734 2.5519739389419556 0.64389953762292884 0.43869007378816582 0.62168958783149719 0.35210926085710526 0.37137468159198761 0.48362383246421814 0.52862664312124252
leaf_count=5 6 9 8 5 6 5 5 6 7
internal_value=-0.00225958 0.0457696 -0.0449987 -0.0451369 -0.0455298 -0.0448611 -0.044371 -0.0451147 -0.0445954
internal_weight=7.07554 3.33159 3.74395 3.06864 1.26559 1.80305 0.675313 0.922314 0.880736
internal_count=62 15 47 37 14 23 10 11 12
is_linear=0
shrinkage=0.05


Tree=82
num_leaves=10
num_cat=0
split_feature=0 8 0 2 12 3 0 12 10
split_gain=9.49473 0.0237497 0.000209631 0.000241656 0.000129962 6.91858e-05 2.91486e-05 4.56081e-06 2.14662e-06
threshold=1.9456500000000003 0.36238283721496295 4.5639000000000012 825.00000000000011 11.500000000000002 5.5000000000000009 10.381750000000002 56.000000000000007 4.5000000000000009
decision_type=2 2 2 2 2 2 2 2 2
left_child=1 -1 3 -2 -4 7 -7 8 -6
right_child=2 -3 4 -5 5 6 -8 -9 -10
leaf_value=0.074433037568441052 -0.045429117041664524 0.065293213017807661 -0.046011395348524158 -0.046737474560523927 -0.045144506502078373 -0.045746570135364872 -0.045230624232021947 -0.044894153443574947 -0.044991242196647248
leaf_weight=1.4620926380157473 0.72388987243175484 1.3831348121166227 0.59241386502981219 0.68869501352310181 0.42621229588985465 0.57661297917366006 0.52117360383272171 0.71806541085243225 0.49240187555551529
leaf_count=5 8 5 6 6 5 6 6 9 6
internal_value=-0.00221195 0.0699899 -0.0455567 -0.046067 -0.04534 -0.0451945 -0.0455016 -0.0449886 -0.0450624
internal_weight=7.58469 2.84523 4.73946 1.41258 3.32688 2.73447 1.09779 1.63668 0.918614
internal_count=62 10 52 14 38 32 12 20 11
is_linear=0
shrinkage=0.05


Tree=83
num_leaves=10
num_cat=0
split_feature=2 7 9 3 6 2 7 9 11
split_gain=6.78495 1.53931 1.44579 0.292851 0.00616155 0.00444075 0.000912204 0.000111611 0.000107825
threshold=825.00000000000011 16.041666666666668 -0.24825246871434689 4.5000000000000009 1.0000000180025095e-35 1855.0000000000002 6.6500000000000012 -0.59116893267988335 3.5000000000000004
decision_type=2 2 2 2 2 2 2 2 2
left_child=2 4 3 -1 5 -2 -6 -8 -9
right_child=1 -3 -4 -5 6 -7 7 8 -10
leaf_value=0.040289636894385833 -0.053937511310473751 0.012577622031777381 -0.0038371532238497389 0.067695624439475341 -0.049553483849746192 -0.048628747461797121 -0.046978143663290672 -0.04710386122405226 -0.047919186935917103
leaf_weight=1.7375843673944475 0.88430767506360985 1.274328365921974 1.3758105933666227 2.2203216552734375 0.60971410572528872 0.71035374701023102 0.95041777193546306 0.60924614965915691 1.2125854790210722
leaf_count=7 5 6 5 8 4 5 8 5 9
internal_value=-0.00110885 -0.0364551 0.0403159 0.055664 -0.0490106 -0.0515727 -0.0478025 -0.0474174 -0.0476465
internal_weight=11.5847 6.25095 5.33372 3.95791 4.97662 1.59466 3.38196 2.77225 1.82183
internal_count=62 42 20 15 36 10 26 22 14
is_linear=0
shrinkage=0.05


Tree=84
num_leaves=10
num_cat=0
split_feature=2 2 0 4 4 4 7 2 6
split_gain=2.44728 1.94951 3.05912 0.83564 0.669772 0.249443 0.000267253 5.29422e-05 2.84763e-06
threshold=1855.0000000000002 300.00000000000006 1.9456500000000003 161.00000000000003 200.00000000000003 46.000000000000007 9.1416666666666675 2950.0000000000005 0.25000000000000017
decision_type=2 2 2 2 2 2 2 2 2
left_child=1 6 -3 5 -5 -4 -1 8 -2
right_child=7 2 3 4 -6 -7 -8 -9 -10
leaf_value=-0.045318413873191112 -0.045142023106499236 -0.049058857882055912 0.048716912419994159 -0.0048615155253274641 0.045126907029363228 0.079270357079603893 -0.047008872403873588 -0.045864931637737361 -0.045302216126727114
leaf_weight=0.531183362007141 0.4257237985730169 1.0181612595915792 1.2358943670988085 1.0710498392581942 1.7898987308144567 1.4538621902465818 0.41762583702802658 0.48258459568023671 0.79635898768901825
leaf_count=6 5 8 5 6 9 5 4 5 9
internal_value=0.00866807 0.0209331 0.03061 0.0452236 0.0264128 0.0652316 -0.0460625 -0.0454215 -0.0452464
internal_weight=9.22234 7.51768 6.56887 5.55071 2.86095 2.68976 0.948809 1.70467 1.22208
internal_count=62 43 33 25 15 10 10 19 14
is_linear=0
shrinkage=0.05


Tree=85
num_leaves=9
num_cat=0
split_feature=0 0 7 4 12 2 0 14
split_gain=3.33931 4.27368 0.000155489 0.000151999 8.80934e-05 3.53013e-05 3.22883e-05 3.24252e-06
threshold=10.361300000000002 10.654750000000002 7.0750000000000011 161.00000000000003 37.500000000000007 1550.0000000000002 4.5639000000000012 1.0000000180025095e-35
decision_type=2 2 2 2 2 2 2 2
left_child=3 -2 -3 5 6 7 -5 -1
right_child=1 2 -4 4 -6 -7 -8 -9
leaf_value=-0.044673237270858368 0.067623660915063458 -0.046041034259603764 -0.044960212037903347 -0.044812595993078491 -0.045829290587848563 -0.045122852542810815 -0.045381477595274361 -0.044493191511559671
leaf_weight=0.44661121815443061 2.2314853966236119 0.69328562915325143 0.63989327847957611 0.46687365323305108 0.76380323618650425 0.40856537222862233 0.53553387522697449 0.56823371723294258
leaf_count=6 8 7 8 6 8 5 6 8
internal_value=-0.00794866 0.0253073 -0.0455223 -0.0451149 -0.0454248 -0.0447304 -0.0451165 -0.0445724
internal_weight=6.75429 3.56466 1.33318 3.18962 1.76621 1.42341 1.00241 1.01484
internal_count=62 23 15 39 20 19 12 14
is_linear=0
shrinkage=0.05


Tree=86
num_leaves=11
num_cat=0
split_feature=2 9 4 0 0 11 11 14 7 8
split_gain=3.15177 8.19429e-06 5.55606e-06 5.48177e-06 7.71865e-06 4.95208e-06 1.04419e-06 2.26704e-06 5.6467e-07 2.17225e-07
threshold=2950.0000000000005 1.0000000180025095e-35 161.00000000000003 4.3650000000000011 10.363450000000002 6.5000000000000009 6.5000000000000009 1.0000000180025095e-35 10.508333333333335 0.9195955058153672
decision_type=2 2 2 2 2 2 2 2 2 2
left_child=1 2 6 -4 5 -5 7 -1 9 -8
right_child=-2 -3 3 4 -6 -7 8 -9 -10 -11
leaf_value=-0.042570540403749996 0.060191546385695294 -0.043137752759458137 -0.042524411249819018 -0.042838698493986943 -0.042610806274219967 -0.043215166295474589 -0.042558645275051432 -0.042841732928277289 -0.042458773614934789 -0.042639477686732506
leaf_weight=0.19916953332722209 1.4100942015647886 0.11362981423735607 0.14038139209151268 0.18940948508679867 0.18149970099329948 0.16211692616343498 0.22050683572888374 0.12569761462509632 0.10859432443976402 0.13339524157345295
leaf_count=8 5 3 6 6 7 4 9 4 5 5
internal_value=0.00589833 -0.0427288 -0.0426969 -0.0428024 -0.0428756 -0.0430123 -0.0426068 -0.0426755 -0.0425585 -0.0425891
internal_weight=2.9845 1.5744 1.46077 0.673408 0.533026 0.351526 0.787364 0.324867 0.462496 0.353902
internal_count=62 57 54 23 17 10 31 12 19 14
is_linear=0
shrinkage=0.05


Tree=87
num_leaves=10
num_cat=0
split_feature=0 2 0 0 2 12 8 0 10
split_gain=5.32015 3.19285 0.000118484 0.00012321 0.000169314 4.65139e-05 1.9574e-05 1.40608e-05 2.36355e-06
threshold=10.654750000000002 1550.0000000000002 1.9456500000000003 4.5639000000000012 825.00000000000011 40.000000000000007 0.36238283721496295 9.1832000000000011 4.5000000000000009
decision_type=2 2 2 2 2 2 2 2 2
left_child=2 -2 6 4 -4 7 -1 -5 -7
right_child=1 -3 3 5 -6 8 -8 -9 -10
leaf_value=-0.043863716561264116 -0.047192782921148264 0.071050438414681505 -0.044726058855427228 -0.04504189441530082 -0.045913741034820002 -0.044276363499043236 -0.044423349329572412 -0.044647724209847042 -0.04445416706258188
leaf_weight=0.2838179171085361 0.74042043089866671 2.4936754405498505 0.60475539416074775 0.57391078770160653 0.59562103450298309 0.39933118224143982 0.34762024879455566 0.37347792834043503 0.35135933011770248
leaf_count=5 6 9 8 7 6 6 5 5 5
internal_value=-0.00234748 0.0439796 -0.0447924 -0.0449277 -0.0453154 -0.0446536 -0.0441718 -0.0448865 -0.0443596
internal_weight=6.76399 3.2341 3.52989 2.89846 1.20038 1.69808 0.631438 0.947389 0.750691
internal_count=62 15 47 37 14 23 10 12 11
is_linear=0
shrinkage=0.05


Tree=88
num_leaves=10
num_cat=0
split_feature=0 8 0 2 12 3 0 12 10
split_gain=8.65252 0.0187622 0.000194256 0.000231799 0.000104048 6.62379e-05 2.89097e-05 3.81983e-06 3.14969e-06
threshold=1.9456500000000003 0.36238283721496295 4.5639000000000012 825.00000000000011 11.500000000000002 5.5000000000000009 10.381750000000002 56.000000000000007 4.5000000000000009
decision_type=2 2 2 2 2 2 2 2 2
left_child=1 -1 3 -2 -4 7 -7 8 -6
right_child=2 -3 4 -5 5 6 -8 -9 -10
leaf_value=0.071027390994855541 -0.045167532468457408 0.062800585590006897 -0.045715112651587557 -0.046483003303450815 -0.044925073236095694 -0.04551990068962946 -0.044991706986225927 -0.044664155763217757 -0.044733569528817185
leaf_weight=1.4387198686599734 0.67994941025972344 1.3371781110763548 0.55791562050581012 0.6598716601729393 0.40305374562740348 0.54805339127778985 0.49128110706806183 0.6735403835773468 0.45948018133640289
leaf_count=5 8 5 6 6 5 6 6 9 6
internal_value=-0.00227906 0.0670645 -0.0453115 -0.0458154 -0.0450961 -0.044962 -0.0452702 -0.0447534 -0.0448231
internal_weight=7.24904 2.7759 4.47315 1.33982 3.13332 2.57541 1.03933 1.53607 0.862534
internal_count=62 10 52 14 38 32 12 20 11
is_linear=0
shrinkage=0.05


Tree=89
num_leaves=11
num_cat=0
split_feature=2 7 0 9 6 2 7 12 8 10
split_gain=6.11453 1.46773 1.37686 0.138869 0.00542719 0.00389774 0.000729992 8.81481e-05 6.72887e-05 5.81612e-05
threshold=825.00000000000011 16.041666666666668 4.4709500000000011 -0.49524719222984687 1.0000000180025095e-35 1855.0000000000002 6.6500000000000012 43.000000000000007 0.80625269229011354 4.5000000000000009
decision_type=2 2 2 2 2 2 2 2 2 2
left_child=2 4 -1 -4 5 -2 -6 9 -9 -8
right_child=1 -3 3 -5 6 -7 7 8 -10 -11
leaf_value=0.0033355727980886375 -0.053231449098227204 0.012050813723062107 0.066044471514608336 0.045676491163612873 -0.048948846549211292 -0.048127317431281479 -0.04694731539161745 -0.046251293764455192 -0.046993287383094107 -0.047603197611116102
leaf_weight=1.8186866790056226 0.84484643489122369 1.2713240087032316 1.9300993978977201 1.4774361699819567 0.57493322342634234 0.6711769625544548 0.70959370583295844 0.5318719297647474 0.71806252002716064 0.64545812457799911
leaf_count=7 5 6 7 6 4 5 6 5 6 5
internal_value=-0.00102351 -0.0356075 0.0384643 0.0572133 -0.0485099 -0.0509717 -0.0473363 -0.0469804 -0.0466776 -0.0472597
internal_weight=11.1935 5.96727 5.22622 3.40754 4.69594 1.51602 3.17992 2.60499 1.24993 1.35505
internal_count=62 42 20 13 36 10 26 22 11 11
is_linear=0
shrinkage=0.05


Tree=90
num_leaves=9
num_cat=0
split_feature=0 0 6 0 2 0 8 2
split_gain=3.3051 4.06395 0.91424 0.824165 1.38488 0.0152787 0.00435094 0.00023638
threshold=5.1314000000000011 1.9456500000000003 1.0000000180025095e-35 11.100500000000002 1550.0000000000002 9.1832000000000011 0.36238283721496295 1855.0000000000002
decision_type=2 2 2 2 2 2 2 2
left_child=1 6 -3 5 -5 -2 -1 -7
right_child=3 2 -4 4 -6 7 -8 -9
leaf_value=-0.051046633042577075 -0.054199931283255426 0.078172569110190798 0.030872972512611119 0.047381246202123049 -0.046126420226514225 -0.046327484837428906 -0.045020609851573058 -0.045007236837437695
leaf_weight=0.50181379169225671 0.86136782169342119 2.1507258117198944 1.9459512531757353 0.75268408656120278 0.8354952484369278 0.69769170135259606 0.74314563721418381 0.65951010584831238
leaf_count=3 6 9 9 4 9 7 9 8
internal_value=0.00629246 0.031663 0.0557049 -0.0293075 -0.00181043 -0.0489915 -0.0474496 -0.0456859
internal_weight=9.14839 5.34164 4.09668 3.80675 1.58818 2.21857 1.24496 1.3572
internal_count=64 30 18 34 13 21 12 15
is_linear=0
shrinkage=0.05


Tree=91
num_leaves=10
num_cat=0
split_feature=2 3 11 8 4 7 2 2 12
split_gain=3.19604 1.6023 0.337407 0.00023616 9.54447e-05 5.06089e-05 1.00819e-05 1.39818e-05 2.16519e-07
threshold=2590.0000000000005 10.500000000000002 1.5000000000000002 0.94478581029364217 161.00000000000003 8.4166666666666696 1250.0000000000002 115.00000000000001 56.000000000000007
decision_type=2 2 2 2 2 2 2 2 2
left_child=1 3 -2 4 5 -1 7 -7 -8
right_child=2 -3 -4 -5 -6 6 8 -9 -10
leaf_value=-0.044941096518079121 0.062209321280937424 0.035316515141842024 0.023640511695694619 -0.045705255699219877 -0.045216977810331134 -0.044277334282958276 -0.044229679916335453 -0.044703740259432245 -0.044286961900969909
leaf_weight=0.62527767941355827 1.0603462457656863 0.74870615825057019 1.2188827246427534 0.81920476257801045 0.77033404260873783 0.33289261907339074 0.32597732543945312 0.45501922070980072 0.33399319648742676
leaf_count=8 4 5 8 9 9 5 5 6 5
internal_value=-0.00649337 -0.0313331 0.0415835 -0.0449573 -0.0447418 -0.0445652 -0.0444028 -0.0445236 -0.0442587
internal_weight=6.69063 4.41141 2.27923 3.6627 2.84349 2.07316 1.44788 0.787912 0.659971
internal_count=64 52 12 47 38 29 21 11 10
is_linear=0
shrinkage=0.05


Tree=92
num_leaves=11
num_cat=0
split_feature=2 5 0 4 0 2 0 14 2 7
split_gain=3.37152 7.85555e-06 4.80544e-06 3.00123e-06 1.54582e-06 1.07813e-06 4.63102e-06 2.72046e-07 1.41578e-07 3.32825e-08
threshold=2950.0000000000005 -0.24999999999999994 4.4118000000000004 6.5000000000000009 1.9456500000000003 1550.0000000000002 10.363450000000002 1.0000000180025095e-35 300.00000000000006 7.0750000000000011
decision_type=2 2 2 2 2 2 2 2 2 2
left_child=1 2 -1 -3 -5 7 -7 8 -6 -8
right_child=-2 3 -4 4 5 6 9 -9 -10 -11
leaf_value=-0.042643529225821257 0.078987694260171243 -0.042832097911457943 -0.042978324131449683 -0.042428805589584256 -0.042534157521425406 -0.042861271643162557 -0.042540099298525022 -0.042492981405478379 -0.042609664065772358 -0.042504200887446469
leaf_weight=0.17959221638739142 0.88887196779251088 0.12011943757534016 0.26582400128245354 0.167108019813895 0.11933395452797413 0.16245417296886444 0.12057551927864552 0.18189240619540215 0.12940122559666634 0.13899713382124901
leaf_count=7 3 4 8 8 5 5 5 8 5 6
internal_value=0.00103985 -0.0426653 -0.0428433 -0.0425957 -0.0425679 -0.0425951 -0.0426519 -0.0425395 -0.0425734 -0.0425209
internal_weight=2.47417 1.5853 0.445416 1.13988 1.01976 0.852654 0.422027 0.430628 0.248735 0.259573
internal_count=64 61 15 46 42 34 16 18 10 11
is_linear=0
shrinkage=0.05


Tree=93
num_leaves=9
num_cat=0
split_feature=0 2 0 0 9 12 0 2
split_gain=5.32634 0.77129 0.000115288 9.72758e-05 7.42472e-05 2.38855e-05 1.83239e-05 1.46158e-05
threshold=10.654750000000002 2300.0000000000005 1.7249000000000001 4.5639000000000012 -0.59116893267988335 40.000000000000007 9.1832000000000011 1650.0000000000002
decision_type=2 2 2 2 2 2 2 2
left_child=2 -2 7 4 -4 6 -5 -1
right_child=1 -3 3 5 -6 -7 -8 -9
leaf_value=-0.043685976571197424 0.01314140160576634 0.062546442401643698 -0.044473671084753572 -0.044812758008882791 -0.045348866660928015 -0.044211317151562318 -0.044388672659079129 -0.044170213572667441
leaf_weight=0.26235684379935298 1.256603077054024 2.1273804903030396 0.35372303426265717 0.53895189613103844 0.76952039077878021 0.58325829356908787 0.48296713083982468 0.38377528637647629
leaf_count=5 8 8 5 7 9 9 7 6
internal_value=-0.000124908 0.0442005 -0.0445741 -0.0447164 -0.0450733 -0.0444666 -0.0446123 -0.0439736
internal_weight=6.75854 3.38398 3.37455 2.72842 1.12324 1.60518 1.02192 0.646132
internal_count=64 16 48 37 14 23 14 11
is_linear=0
shrinkage=0.05


Tree=94
num_leaves=10
num_cat=0
split_feature=0 2 0 2 12 5 3 12 12
split_gain=8.72507 0.0296081 0.000172618 0.000122936 0.000112014 2.11263e-05 9.13944e-06 2.29564e-06 2.64834e-06
threshold=1.9456500000000003 1650.0000000000002 4.5639000000000012 825.00000000000011 11.500000000000002 0.25000000000000011 10.500000000000002 40.000000000000007 25.000000000000004
decision_type=2 2 2 2 2 2 2 2 2
left_child=1 -1 3 -2 -4 6 -6 8 -7
right_child=2 -3 4 -5 5 7 -8 -9 -10
leaf_value=0.069809631875055789 -0.044966315057334567 0.060134814955199824 -0.045421225751151866 -0.046005678502980256 -0.045073565208818604 -0.044539617152149436 -0.044733813171964697 -0.044520388610312961 -0.044714954774652954
leaf_weight=1.4203200042247774 0.48203193023800828 1.7841785252094267 0.69955825805664096 0.69426752626895905 0.41037578135728869 0.36173730343580224 0.38237644731998444 0.64769709855318069 0.53220789879560471
leaf_count=5 6 7 8 7 5 5 5 9 7
internal_value=0.00225304 0.064423 -0.0450656 -0.0455798 -0.0448662 -0.0446999 -0.0449097 -0.0445921 -0.044644
internal_weight=7.41475 3.2045 4.21025 1.1763 3.03395 2.33439 0.792752 1.54164 0.893945
internal_count=64 12 52 13 39 31 10 21 12
is_linear=0
shrinkage=0.05


Tree=95
num_leaves=11
num_cat=0
split_feature=2 2 0 12 7 2 5 12 2 7
split_gain=6.40178 1.01236 1.58312 1.406 0.758613 0.00926618 0.00640338 0.00261138 0.000466751 8.27303e-05
threshold=300.00000000000006 1650.0000000000002 4.3650000000000011 56.000000000000007 7.4000000000000012 1000.0000000000001 -0.6830127018922193 40.000000000000007 2850.0000000000005 8.4166666666666696
decision_type=2 2 2 2 2 2 2 2 2 2
left_child=7 2 5 4 -4 -2 -3 -1 9 -8
right_child=1 6 3 -5 -6 -7 8 -9 -10 -11
leaf_value=0.063022380801138006 -0.055046530314217038 -0.052074528217254314 -0.0069406690813151361 -0.048274573293472116 0.050966303867368425 -0.047211990421052522 -0.046575953350868983 0.059954467243997805 -0.047843948526268075 -0.045896874059500013
leaf_weight=1.591080114245415 0.98618888854980447 0.7102567553520206 0.92927870899438936 0.80181303620338429 1.4451416134834287 0.61138498038053513 1.0161497145891192 1.229708284139633 0.64245952665805806 0.80286348611116398
leaf_count=6 5 5 5 6 5 5 9 5 5 8
internal_value=-0.00302382 -0.0259964 -0.0114488 0.0089718 0.0283032 -0.0520483 -0.0478922 0.0616849 -0.0466854 -0.0462762
internal_weight=10.7663 7.94554 4.77381 3.17623 2.37442 1.59757 3.17173 2.82079 2.46147 1.81901
internal_count=64 53 26 16 10 10 27 11 22 17
is_linear=0
shrinkage=0.05


Tree=96
num_leaves=10
num_cat=0
split_feature=0 0 6 0 2 9 0 2 2
split_gain=2.98076 3.58816 0.840658 0.793471 1.28328 0.593283 0.0133375 0.00263163 0.000180551
threshold=5.1314000000000011 1.9456500000000003 0.25000000000000017 11.100500000000002 1550.0000000000002 -0.59116893267988335 9.1832000000000011 1550.0000000000002 1855.0000000000002
decision_type=2 2 2 2 2 2 2 2 2
left_child=1 7 5 6 -5 -3 -2 -1 -8
right_child=3 2 -4 4 -6 -7 8 -9 -10
leaf_value=-0.049483670332592364 -0.05357789474949598 0.038515770283744317 0.018149034984766416 0.045576646825339871 -0.045891473694094222 0.085584089667308905 -0.045992224170589957 -0.044730369520920576 -0.044804526112306467
leaf_weight=0.55589854717254616 0.82059147953987199 1.0874191299080846 1.2419890910387037 0.74807238578796365 0.78675124794244766 1.7419649511575701 0.65582644939422585 0.61150580644607544 0.62485675513744354
leaf_count=4 6 5 6 4 9 7 7 8 8
internal_value=0.00614228 0.0302833 0.0524413 -0.0286393 -0.00130995 0.0674943 -0.0486014 -0.0469938 -0.0454127
internal_weight=8.87488 5.23878 4.07137 3.6361 1.53482 2.82938 2.10127 1.1674 1.28068
internal_count=64 30 18 34 13 12 21 12 15
is_linear=0
shrinkage=0.05


Tree=97
num_leaves=9
num_cat=0
split_feature=0 0 7 7 2 4 2 2
split_gain=2.97748 3.62166 0.000154354 0.000138139 4.89448e-05 4.55442e-05 8.70758e-06 1.41866e-05
threshold=10.361300000000002 10.654750000000002 7.0750000000000011 8.4166666666666696 1855.0000000000002 161.00000000000003 1250.0000000000002 115.00000000000001
decision_type=2 2 2 2 2 2 2 2
left_child=3 -2 -3 -1 5 6 7 -5
right_child=1 2 -4 4 -6 -7 -8 -9
leaf_value=-0.045287779780887015 0.060795216957895415 -0.045550286085450531 -0.044435379294588323 -0.044071468250008128 -0.044994642263409351 -0.044805847826441682 -0.044058041230824414 -0.044515382686307961
leaf_weight=0.75168358534574542 2.3215150535106663 0.62239341437816598 0.61938063055276871 0.30951086804270767 0.3999112881720065 0.45672420784831036 0.4912920854985714 0.43004695326089859
leaf_count=9 9 7 9 5 5 6 8 6
internal_value=-0.00650768 0.0239286 -0.0449942 -0.0447066 -0.0444973 -0.0443794 -0.0442212 -0.0443296
internal_weight=6.40246 3.56329 1.24177 2.83917 2.08749 1.68757 1.23085 0.739558
internal_count=64 25 16 39 30 25 19 11
is_linear=0
shrinkage=0.05


Tree=98
num_leaves=11
num_cat=0
split_feature=2 9 5 0 8 5 0 0 5 2
split_gain=3.09869 6.70448e-06 5.11029e-06 3.57602e-06 1.54183e-06 1.77799e-06 5.77776e-07 1.60104e-07 6.50506e-08 2.36259e-08
threshold=2950.0000000000005 -1.0000000180025095e-35 -0.24999999999999994 4.4709500000000011 -0.7865660924854927 0.93301270189221952 1.9456500000000003 5.8354500000000007 0.68301270189221941 2537.5000000000005
decision_type=2 2 2 2 2 2 2 2 2 2
left_child=1 2 3 -1 -4 6 -6 -8 -9 -10
right_child=-2 -3 4 -5 5 -7 7 8 9 -11
leaf_value=-0.042584200721335209 0.075636425057330162 -0.042995868858940779 -0.042661933139011544 -0.042891282732902034 -0.042375947044903564 -0.042659934197913266 -0.04253124474354919 -0.042448202750925063 -0.042503433429090839 -0.042471155402782797
leaf_weight=0.19409962184727203 0.88159000873565663 0.10299250856041919 0.15883670933544625 0.18532287701964378 0.15603658370673645 0.13326152414083481 0.13908401131629944 0.19495010189712048 0.11547580547630787 0.11136329360306263
leaf_count=8 3 3 6 6 8 5 6 9 5 5
internal_value=0.00132144 -0.0426066 -0.0425778 -0.0427342 -0.0425189 -0.0424922 -0.042461 -0.0424847 -0.0424694 -0.0424876
internal_weight=2.37301 1.49142 1.38843 0.379422 1.00901 0.850171 0.71691 0.560873 0.421789 0.226839
internal_count=64 61 58 14 44 38 33 25 19 10
is_linear=0
shrinkage=0.05


Tree=99
num_leaves=9
num_cat=0
split_feature=0 2 0 0 2 12 0 2
split_gain=4.87999 1.07719 0.000103251 9.40299e-05 7.47477e-05 2.04892e-05 1.53751e-05 1.37531e-05
threshold=10.654750000000002 1855.0000000000002 1.9456500000000003 4.5639000000000012 825.00000000000011 40.000000000000007 9.1832000000000011 1650.0000000000002
decision_type=2 2 2 2 2 2 2 2
left_child=2 -2 7 4 -4 6 -5 -1
right_child=1 -3 3 5 -6 -7 -8 -9
leaf_value=-0.043539542493655402 -0.0017678545301835352 0.060943589021108538 -0.044391658698636989 -0.04461659044461902 -0.045272258335864568 -0.044044503661864715 -0.04421653078525592 -0.044010316499730473
leaf_weight=0.24529772251844439 0.97095543891191516 2.3231133222579956 0.40655601769685779 0.50750544294714905 0.59170254692435265 0.54875389486551285 0.45591335371136665 0.42207704484462738
leaf_count=5 7 9 6 7 7 9 7 7
internal_value=-0.000185512 0.0424588 -0.04439 -0.044537 -0.0449136 -0.0442884 -0.0444273 -0.0438373
internal_weight=6.47187 3.29407 3.17781 2.51043 0.998259 1.51217 0.963419 0.667375
internal_count=64 16 48 36 13 23 14 12
is_linear=0
shrinkage=0.05


Tree=100
num_leaves=10
num_cat=0
split_feature=0 2 0 12 2 5 2 2 10
split_gain=7.95512 0.022301 0.000151153 0.000109854 0.000105133 1.90605e-05 8.31444e-06 2.51462e-06 2.08922e-06
threshold=1.9456500000000003 1650.0000000000002 4.5639000000000012 11.500000000000002 825.00000000000011 0.25000000000000011 2590.0000000000005 115.00000000000001 4.5000000000000009
decision_type=2 2 2 2 2 2 2 2 2
left_child=1 -1 4 -4 -2 6 -5 -7 -9
right_child=2 -3 3 5 -6 7 -8 8 -10
leaf_value=0.066823557604188052 -0.044763005764747732 0.058286087144654719 -0.045223723818166923 -0.044855453856941861 -0.045751110076309741 -0.044288064166812739 -0.044521406074583096 -0.044524908494426522 -0.044373300013525005
leaf_weight=1.384681820869446 0.45554570853710197 1.7089094519615171 0.66357174515724215 0.38690961897373233 0.65808098763227463 0.46755325049161889 0.35922038555145264 0.35940755158662796 0.61791279166936874
leaf_count=5 6 7 8 5 7 7 5 5 9
internal_value=0.00200372 0.0621074 -0.0448528 -0.0446601 -0.0453469 -0.0444894 -0.0446946 -0.0443834 -0.0444291
internal_weight=7.06179 3.09359 3.9682 2.85458 1.11363 2.191 0.74613 1.44487 0.97732
internal_count=64 12 52 39 13 31 10 21 14
is_linear=0
shrinkage=0.05


Tree=101
num_leaves=11
num_cat=0
split_feature=2 2 0 12 10 2 5 12 2 8
split_gain=5.80128 0.977564 1.47258 1.27851 0.574655 0.00727712 0.00571864 0.00215707 0.000339283 7.00265e-05
threshold=300.00000000000006 1650.0000000000002 4.3650000000000011 56.000000000000007 4.5000000000000009 1000.0000000000001 -0.6830127018922193 40.000000000000007 2850.0000000000005 0.85115577981609924
decision_type=2 2 2 2 2 2 2 2 2 2
left_child=7 2 5 4 -4 -2 -3 -1 9 -8
right_child=1 6 3 -5 -6 -7 8 -9 -10 -11
leaf_value=0.061146043757941172 -0.053940881341732451 -0.051534514797224346 0.0023072815866735786 -0.047748859232740089 0.051566923659599778 -0.046803390464431945 -0.045575996557011625 0.058303649567633779 -0.047316458784002716 -0.046220779509164769
leaf_weight=1.5412530303001406 0.94054624438285805 0.67278749495744739 1.1859395578503613 0.7569286748766898 1.1822985634207726 0.57570375502109528 0.75221905857324622 1.1773544698953626 0.60298287123441685 0.95658385008573532
leaf_count=6 5 5 5 6 5 5 8 5 5 9
internal_value=-0.00279681 -0.0251531 -0.0107979 0.00881915 0.0268992 -0.0512309 -0.0474775 0.0599151 -0.0462968 -0.0459369
internal_weight=10.3446 7.62599 4.64142 3.12517 2.36824 1.51625 2.98457 2.71861 2.31179 1.7088
internal_count=64 53 26 16 10 10 27 11 22 17
is_linear=0
shrinkage=0.05


Tree=102
num_leaves=10
num_cat=0
split_feature=0 0 0 4 6 9 0 8 13
split_gain=2.66758 3.16878 0.76875 1.07266 0.738011 0.524268 0.0118232 0.00267104 0.000141563
threshold=5.1314000000000011 1.9456500000000003 11.100500000000002 46.000000000000007 0.25000000000000017 -0.59116893267988335 9.1832000000000011 0.36238283721496295 1.0000000180025095e-35
decision_type=2 2 2 2 2 2 2 2 2
left_child=1 7 6 -4 5 -3 -2 -1 -8
right_child=2 4 3 -5 -6 -7 8 -9 -10
leaf_value=-0.049553632036504119 -0.053022431702982868 0.035953242941269198 -0.045910479634804491 0.039249484078095698 0.016914756302340597 0.080377069216444608 -0.045654502043716891 -0.044525632287484601 -0.044566261825782209
leaf_weight=0.446118004620075 0.78445003926754031 1.0730052739381788 0.69595163315534569 0.78895323723554611 1.2216394394636152 1.742951035499573 0.61247406154870965 0.64752135425806046 0.58359073102474213
leaf_count=3 6 5 8 5 6 7 7 9 8
internal_value=0.00603111 0.0289203 -0.0278609 -0.000663656 0.0493697 0.0634496 -0.0482522 -0.0465767 -0.0451235
internal_weight=8.59665 5.13124 3.46542 1.4849 4.0376 2.81596 1.98051 1.09364 1.19606
internal_count=64 30 34 13 18 12 21 12 15
is_linear=0
shrinkage=0.05


Tree=103
num_leaves=9
num_cat=0
split_feature=0 0 7 7 3 2 2 0
split_gain=2.75744 3.29104 0.000137495 0.000125305 3.90312e-05 4.45419e-05 1.49108e-05 1.15127e-06
threshold=10.361300000000002 10.654750000000002 7.0750000000000011 8.4166666666666696 2.5000000000000004 1550.0000000000002 675.00000000000011 5.0021000000000013
decision_type=2 2 2 2 2 2 2 2
left_child=3 -2 -3 -1 7 6 -6 -5
right_child=1 2 -4 4 5 -7 -8 -9
leaf_value=-0.04508481565751557 0.058958976732901451 -0.045308770495761153 -0.044221851601121902 -0.04390071204978048 -0.044002000298133594 -0.044856332315665805 -0.044417116964784786 -0.04403989014183321
leaf_weight=0.71136373654007945 2.229110643267632 0.58718423172831513 0.57675164565443993 0.2897931970655917 0.35731755942106225 0.46270681917667389 0.54821133986115456 0.30493498593568802
leaf_count=9 9 7 9 5 6 6 8 5
internal_value=-0.00654891 0.0233762 -0.0447702 -0.0445163 -0.0443102 -0.0444572 -0.0442533 -0.0439721
internal_weight=6.06737 3.39305 1.16394 2.67433 1.96296 1.36824 0.905529 0.594728
internal_count=64 25 16 39 30 20 14 10
is_linear=0
shrinkage=0.05


Tree=104
num_leaves=10
num_cat=0
split_feature=2 9 5 0 0 0 2 2 7
split_gain=2.83786 6.38008e-06 4.23205e-06 3.15662e-06 1.35671e-06 1.47077e-06 4.29139e-06 2.71042e-07 6.60075e-08
threshold=2950.0000000000005 -1.0000000180025095e-35 -0.24999999999999994 4.4709500000000011 1.9456500000000003 10.363450000000002 1550.0000000000002 115.00000000000001 7.4000000000000012
decision_type=2 2 2 2 2 2 2 2 2
left_child=1 2 3 -1 -4 6 7 -6 -7
right_child=-2 -3 4 -5 5 8 -8 -9 -10
leaf_value=-0.042523171542636462 0.072460659449148895 -0.042939529920029071 -0.042326345698693979 -0.042821024823730985 -0.042363708731401974 -0.042433158427032734 -0.042744052887874279 -0.042465798113212189 -0.042388449470034076
leaf_weight=0.18169528804719448 0.86914521455764759 0.09842127561569225 0.14558962546288967 0.17426928319036961 0.097090687602758408 0.16996850073337555 0.17637581191956997 0.19679802656173706 0.16052226349711418
leaf_count=8 3 3 8 6 5 8 6 9 8
internal_value=0.00148723 -0.0425514 -0.042522 -0.042669 -0.0424667 -0.0424923 -0.0425491 -0.0424321 -0.0424114
internal_weight=2.26988 1.40073 1.30231 0.355965 0.946345 0.800755 0.470265 0.293889 0.330491
internal_count=64 61 58 14 44 36 20 14 16
is_linear=0
shrinkage=0.05


Tree=105
num_leaves=10
num_cat=0
split_feature=0 2 0 0 2 12 2 2 0
split_gain=4.47711 0.963666 9.14867e-05 8.16587e-05 7.74853e-05 1.96137e-05 1.78743e-05 1.06734e-05 5.06617e-06
threshold=10.654750000000002 1855.0000000000002 1.9456500000000003 4.5639000000000012 1000.0000000000001 29.500000000000004 2590.0000000000005 1650.0000000000002 10.361300000000002
decision_type=2 2 2 2 2 2 2 2 2
left_child=2 -2 7 4 -4 6 -5 -1 -7
right_child=1 -3 3 5 -6 8 -8 -9 -10
leaf_value=-0.043405976623257736 -0.0010693395091304705 0.059009809972938657 -0.044381032984398938 -0.044561488444177316 -0.045326293540914511 -0.043820478686731251 -0.044038546177428785 -0.043835045857928426 -0.044078217566088568
leaf_weight=0.22942540422081981 0.95282737165689502 2.2285120189189911 0.60753132030367885 0.35199794918298699 0.33708944544196129 0.3913322426378727 0.30498240888118744 0.39359274879097939 0.37180716171860695
leaf_count=5 7 9 9 5 4 7 5 7 6
internal_value=-0.00026289 0.0410158 -0.0442161 -0.0443581 -0.0447184 -0.0441185 -0.0443187 -0.043677 -0.0439461
internal_weight=6.1691 3.18134 2.98776 2.36474 0.944621 1.42012 0.65698 0.623018 0.763139
internal_count=64 16 48 36 13 23 10 12 13
is_linear=0
shrinkage=0.05


Tree=106
num_leaves=10
num_cat=0
split_feature=0 2 0 4 12 5 2 2 2
split_gain=7.25419 0.01652 0.000131086 0.000110017 0.000109252 1.81698e-05 9.5998e-06 3.00239e-06 2.09323e-06
threshold=1.9456500000000003 1650.0000000000002 4.5639000000000012 200.00000000000003 11.500000000000002 0.25000000000000011 2590.0000000000005 115.00000000000001 2300.0000000000005
decision_type=2 2 2 2 2 2 2 2 2
left_child=1 -1 3 -2 -4 6 -6 -7 -9
right_child=2 -3 4 -5 5 7 -8 8 -10
leaf_value=0.064144939787364935 -0.044741517719853234 0.05665404776011132 -0.045043449367291766 -0.04580536084456583 -0.044674056191408802 -0.044074456159629613 -0.044303464717623919 -0.04431918583183566 -0.044166993112853499
leaf_weight=1.3412536978721621 0.67409980297088645 1.6310431063175199 0.62874813377857242 0.38002704083919525 0.36516847461462054 0.43366767093539216 0.335112065076828 0.40430689603090286 0.51207886636257172
leaf_count=5 9 7 8 4 5 7 5 6 8
internal_value=0.00175109 0.0600343 -0.0446527 -0.045125 -0.0444669 -0.04429 -0.0444967 -0.0441828 -0.0442341
internal_weight=6.70551 2.9723 3.73321 1.05413 2.67908 2.05033 0.700281 1.35005 0.916386
internal_count=64 12 52 13 39 31 10 21 14
is_linear=0
shrinkage=0.05


Tree=107
num_leaves=10
num_cat=0
split_feature=2 2 0 12 2 5 12 2 7
split_gain=5.25327 0.939434 1.36193 0.730519 0.00561727 0.0050187 0.00177825 0.000257243 5.61963e-05
threshold=300.00000000000006 1650.0000000000002 4.3650000000000011 32.500000000000007 1000.0000000000001 -0.6830127018922193 40.000000000000007 2850.0000000000005 8.4166666666666696
decision_type=2 2 2 2 2 2 2 2 2
left_child=6 2 4 -4 -2 -3 -1 8 -7
right_child=1 5 3 -5 -6 7 -8 -9 -10
leaf_value=0.05944518266814023 -0.052892437313965368 -0.050974552821202279 0.029744139305770679 -0.019324159265961469 -0.046442005871681187 -0.045861590927277138 0.056809811214151011 -0.046841297003156562 -0.045263931265217883
leaf_weight=1.4874890744686129 0.8928096070885656 0.63658874481916461 1.7509673014283182 1.3382635563611982 0.54265046864748001 0.89487417787313484 1.1236278265714643 0.56376619637012471 0.70174404978752136
leaf_count=6 5 5 7 9 5 9 5 5 8
internal_value=-0.0025782 -0.0242931 -0.0102116 0.00848761 -0.050454 -0.0470728 0.0583111 -0.0459231 -0.0455989
internal_weight=9.93278 7.32166 4.52469 3.08923 1.43546 2.79697 2.61112 2.16038 1.59662
internal_count=64 53 26 16 10 27 11 22 17
is_linear=0
shrinkage=0.05


Tree=108
num_leaves=10
num_cat=0
split_feature=0 0 0 4 6 9 0 8 13
split_gain=2.39707 2.80519 0.740387 0.994014 0.67798 0.468951 0.010629 0.00208807 0.000111828
threshold=5.1314000000000011 1.9456500000000003 11.100500000000002 46.000000000000007 0.25000000000000017 -0.59116893267988335 9.1832000000000011 0.36238283721496295 1.0000000180025095e-35
decision_type=2 2 2 2 2 2 2 2 2
left_child=1 7 6 -4 5 -3 -2 -1 -8
right_child=2 4 3 -5 -6 -7 8 -9 -10
leaf_value=-0.048899581399088274 -0.052559116400318351 0.033868480030951754 -0.045690651253510038 0.037772710865199663 0.015319433336310324 0.076139041130291338 -0.045346156860880706 -0.044307056477515705 -0.044344934496193422
leaf_weight=0.41942085325717904 0.74843588098883662 1.0556054413318636 0.6546003073453901 0.7839541956782341 1.2093949392437933 1.7338307499885561 0.5717952214181421 0.60383128002285957 0.54442721605300903
leaf_count=3 6 5 8 5 6 7 7 9 8
internal_value=0.00592438 0.0276833 -0.027157 -0.000206484 0.0465864 0.0601426 -0.047949 -0.0461895 -0.0448578
internal_weight=8.3253 5.02208 3.30321 1.43855 3.99883 2.78944 1.86466 1.02325 1.11622
internal_count=64 30 34 13 18 12 21 12 15
is_linear=0
shrinkage=0.05


Tree=109
num_leaves=8
num_cat=0
split_feature=0 0 7 7 4 2 2
split_gain=2.55056 2.9933 0.000120801 0.000118719 3.45012e-05 3.57769e-05 1.14089e-05
threshold=10.361300000000002 10.654750000000002 7.0750000000000011 8.4166666666666696 46.000000000000007 1550.0000000000002 675.00000000000011
decision_type=2 2 2 2 2 2 2
left_child=3 -2 -3 -1 -5 6 -6
right_child=1 2 -4 4 5 -7 -8
leaf_value=-0.044905973578727942 0.057293661521554476 -0.045076112817334549 -0.044023358533605401 -0.043773572668316316 -0.043882999026024203 -0.044635812629425571 -0.044239398609381704
leaf_weight=0.67522218450903926 2.1320746093988423 0.55351183563470818 0.5367242731153965 0.49419401958584774 0.39728113636374451 0.43392355367541313 0.5164584182202816
leaf_count=9 9 7 9 9 7 6 8
internal_value=-0.00662589 0.0228332 -0.0445578 -0.0443388 -0.0441309 -0.044262 -0.0440844
internal_weight=5.73939 3.22231 1.09024 2.51708 1.84186 1.34766 0.91374
internal_count=64 25 16 39 30 21 15
is_linear=0
shrinkage=0.05


Tree=110
num_leaves=11
num_cat=0
split_feature=2 9 5 0 5 8 0 0 5 2
split_gain=2.60677 5.68587e-06 3.63176e-06 2.83039e-06 1.24117e-06 1.59309e-06 4.48194e-07 3.05701e-07 6.31231e-08 2.41201e-08
threshold=2950.0000000000005 -1.0000000180025095e-35 -0.24999999999999994 4.4709500000000011 0.93301270189221952 -0.7865660924854927 1.9456500000000003 5.8354500000000007 0.68301270189221941 2537.5000000000005
decision_type=2 2 2 2 2 2 2 2 2 2
left_child=1 2 3 -1 5 -4 -7 -8 -9 -10
right_child=-2 -3 4 -5 -6 6 7 8 9 -11
leaf_value=-0.042468164563078982 0.069716490565836051 -0.042875430750344133 -0.042546668538809146 -0.042759120726410839 -0.042566900559318839 -0.042279705151401559 -0.042449742021879601 -0.042336729277418536 -0.042395496292428655 -0.042360546937407866
leaf_weight=0.17027515638619661 0.85344073176383961 0.093355419114232174 0.14004590548574924 0.16417817398905754 0.12038475647568703 0.1356979925185442 0.12536845542490482 0.16798838414251804 0.10103934444487095 0.096533522009849548
leaf_count=8 3 3 6 6 5 8 6 9 5 5
internal_value=0.00166855 -0.0424993 -0.0424706 -0.042611 -0.0424176 -0.0423942 -0.0423601 -0.0423824 -0.0423593 -0.0423784
internal_weight=2.16831 1.31487 1.22151 0.334453 0.887058 0.766674 0.626628 0.49093 0.365561 0.197573
internal_count=64 61 58 14 44 39 33 25 19 10
is_linear=0
shrinkage=0.05


Tree=111
num_leaves=10
num_cat=0
split_feature=2 3 12 4 9 7 10 5 4
split_gain=2.3585 1.29925 0.868552 0.43216 0.153013 0.000759473 6.61804e-05 2.90653e-05 1.26822e-05
threshold=1550.0000000000002 4.5000000000000009 32.500000000000007 329.50000000000006 -0.35824514579943006 8.1083333333333361 4.5000000000000009 -0.24999999999999994 99.500000000000014
decision_type=2 2 2 2 2 2 2 2 2
left_child=5 2 4 6 -2 -1 -3 -7 -9
right_child=1 3 -4 -5 -6 7 -8 8 -10
leaf_value=-0.045851390129449811 0.040353235407504386 -0.044785347609973082 -0.0093156619871563994 0.018950222884502353 0.068061877144922178 -0.044220792097344648 -0.043847419605595281 -0.043859605631057258 -0.043450649597668242
leaf_weight=0.81986057758331288 0.82860533520579394 0.35916110500693299 0.6472339704632758 0.42089096829295158 1.2496457248926167 0.38171716406941403 0.39482496306300163 0.45224391669034947 0.32639561221003532
leaf_count=9 5 5 8 4 5 6 7 8 7
internal_value=-0.000246477 0.0223157 0.0412626 -0.0216374 0.0570144 -0.0446865 -0.0442942 -0.0438634 -0.0436882
internal_weight=5.88058 3.90036 2.72549 1.17488 2.07825 1.98022 0.753986 1.16036 0.77864
internal_count=64 34 18 16 10 30 12 21 15
is_linear=0
shrinkage=0.05


Tree=112
num_leaves=10
num_cat=0
split_feature=0 2 0 12 4 9 2 0 7
split_gain=6.62632 0.0123077 0.000113463 0.000109493 9.42477e-05 1.86502e-05 4.72731e-06 3.04817e-06 3.06417e-06
threshold=1.9456500000000003 1650.0000000000002 4.5639000000000012 11.500000000000002 200.00000000000003 -0.24825246871434689 115.00000000000001 10.361300000000002 7.0750000000000011
decision_type=2 2 2 2 2 2 2 2 2
left_child=1 -1 4 -4 -2 6 -5 -8 -9
right_child=2 -3 3 5 -6 -7 7 8 -10
leaf_value=0.061812199014407404 -0.044551768761620848 0.055207389064352436 -0.044878781167338032 -0.043883088585259071 -0.04556368339023148 -0.044440425122487637 -0.044211823261347045 -0.044154543593387607 -0.043958535421194884
leaf_weight=1.2931058257818224 0.63659606501460109 1.5517456978559492 0.59644248336553607 0.40267673507332835 0.36035807430744171 0.3375262208282942 0.32505705207586266 0.31852709129452705 0.53309629857540131
leaf_count=5 9 7 8 7 4 5 5 5 9
internal_value=0.00149624 0.0582096 -0.0444662 -0.0442871 -0.0449175 -0.0441031 -0.044031 -0.0440816 -0.0440318
internal_weight=6.35513 2.84485 3.51028 2.51333 0.996954 1.91688 1.57936 1.17668 0.851623
internal_count=64 12 52 39 13 31 26 19 14
is_linear=0
shrinkage=0.05


Tree=113
num_leaves=10
num_cat=0
split_feature=2 2 9 0 12 5 12 2 8
split_gain=4.74612 0.901718 1.33955 1.8401 1.42364 0.00438363 0.00132286 0.000196321 4.45472e-05
threshold=300.00000000000006 1650.0000000000002 -0.16708397168011488 4.3650000000000011 32.500000000000007 -0.6830127018922193 40.000000000000007 2850.0000000000005 0.85115577981609924
decision_type=2 2 2 2 2 2 2 2 2
left_child=6 2 3 -2 -5 -3 -1 8 -7
right_child=1 5 -4 4 -6 7 -8 -9 -10
leaf_value=0.057806959775941136 -0.048209827405362109 -0.050440237005076362 -0.063035975047512779 0.065819054213213657 -0.011936761735486091 -0.044974179197421998 0.055481117606343278 -0.046406792199230724 -0.045525298546738972
leaf_weight=1.4271352887153628 1.1209474802017214 0.60165827721357379 0.92809155583381642 1.2625003233551981 1.1029600724577902 0.65358056873083137 1.0695085078477857 0.52636676281690586 0.83524466305971146
leaf_count=6 9 5 4 5 8 8 5 5 9
internal_value=-0.00241089 -0.0234389 -0.00965297 0.00455773 0.0295633 -0.046695 0.0568106 -0.0455768 -0.0452834
internal_weight=9.52799 7.03135 4.4145 3.48641 2.36546 2.61685 2.49664 2.01519 1.48883
internal_count=64 53 26 22 13 27 11 22 17
is_linear=0
shrinkage=0.05


Tree=114
num_leaves=12
num_cat=0
split_feature=2 9 2 12 11 5 12 5 2 2 0
split_gain=2.18847 1.16337 1.84655 1.08206 1.14738 0.931469 0.0203262 0.00906735 0.00140136 0.000446135 2.05994e-06
threshold=1350.0000000000002 -0.16708397168011488 825.00000000000011 37.500000000000007 3.5000000000000004 0.68301270189221941 8.5000000000000018 -0.24999999999999994 1650.0000000000002 2950.0000000000005 10.654750000000002
decision_type=2 2 2 2 2 2 2 2 2 2 2
left_child=1 2 5 6 -5 7 -2 -1 -8 10 -10
right_child=3 -3 -4 4 -6 -7 8 -9 9 -11 -12
leaf_value=-0.053109095921760829 -0.060712813299332626 0.07826381506504243 0.049932547569699844 -0.044454119149042251 0.050398928173851068 0.024060937510781425 -0.047723669921768581 -0.04412280493682541 -0.044097814257751111 -0.046364409050437698 -0.044249382149509173
leaf_weight=0.56248877942562081 0.25835472345352251 0.92095039039850224 1.9186901003122327 0.54962277412414529 0.7592121846973896 0.72560811042785633 0.58483813703060139 0.56035960465669676 0.43719545006751992 0.31434331089258194 0.46007464453577995
leaf_count=3 1 4 8 8 5 4 5 9 7 3 7
internal_value=0.00580816 0.0278883 0.0155731 -0.0249662 0.010567 -0.020092 -0.0475995 -0.0486245 -0.0457136 -0.0447434 -0.0441755
internal_weight=8.05174 4.6881 3.76715 3.36364 1.30883 1.84846 2.05481 1.12285 1.79645 1.21161 0.89727
internal_count=64 28 24 36 13 16 23 12 22 17 14
is_linear=0
shrinkage=0.05


Tree=115
num_leaves=9
num_cat=0
split_feature=0 0 8 7 0 2 9 3
split_gain=2.35827 2.7445 0.000112587 0.000102954 3.78982e-05 5.77932e-05 2.85218e-05 1.08222e-06
threshold=10.361300000000002 10.654750000000002 0.9195955058153672 7.0750000000000011 1.7249000000000001 675.00000000000011 -0.59116893267988335 3.5000000000000004
decision_type=2 2 2 2 2 2 2 2
left_child=2 -2 4 -3 7 -6 -7 -1
right_child=1 3 -4 -5 5 6 -8 -9
leaf_value=-0.043568626958163957 0.055888374235633434 -0.04486543010578431 -0.044956380179046233 -0.043863650888488037 -0.043683110893501485 -0.044118504079237848 -0.044654149842970586 -0.043714182005418011
leaf_weight=0.25049073621630702 2.0381407737731938 0.52217512950301148 0.37704371288418759 0.5040355809032917 0.46759624406695355 0.56110704690217961 0.44610441476106633 0.26051710546016693
leaf_count=5 9 7 5 9 9 9 6 5
internal_value=-0.00662994 0.022312 -0.0441643 -0.0443734 -0.0440139 -0.0441425 -0.0443557 -0.0436428
internal_weight=5.42721 3.06435 2.36286 1.02621 1.98582 1.47481 1.00721 0.511008
internal_count=64 25 39 16 34 24 15 10
is_linear=0
shrinkage=0.05


Tree=116
num_leaves=11
num_cat=0
split_feature=2 0 5 11 2 2 12 2 2 4
split_gain=2.40393 4.1134e-06 4.84789e-06 3.46508e-06 2.1027e-06 5.84951e-06 7.10752e-07 3.08326e-07 1.4345e-07 1.2882e-07
threshold=2950.0000000000005 1.9456500000000003 -0.24999999999999994 1.5000000000000002 1550.0000000000002 1855.0000000000002 29.500000000000004 115.00000000000001 1650.0000000000002 99.500000000000014
decision_type=2 2 2 2 2 2 2 2 2 2
left_child=1 8 3 -3 7 -6 -7 -4 -1 -9
right_child=-2 2 4 -5 5 6 -8 9 -10 -11
leaf_value=-0.042179584555567654 0.067397865259380227 -0.04247959084573967 -0.042270405149525264 -0.042829873018480694 -0.042791879468559058 -0.042306984377300516 -0.042472123441848669 -0.042399694326942711 -0.042269239019258324 -0.042327355095893138
leaf_weight=0.071736270561814641 0.83532866835594166 0.13343037851154804 0.11820227093994595 0.14993996731936932 0.12125503458082676 0.16077620908617973 0.1095553319901228 0.14210486970841885 0.11801922880113125 0.1085552154108882
leaf_count=5 3 6 7 5 4 9 5 7 7 6
internal_value=0.00190185 -0.0424495 -0.0424884 -0.0426649 -0.0424226 -0.0425033 -0.0423739 -0.042337 -0.0422353 -0.0423684
internal_weight=2.0689 1.23357 1.04382 0.28337 0.760449 0.391587 0.270332 0.368862 0.189755 0.25066
internal_count=64 61 49 11 38 18 14 20 12 13
is_linear=0
shrinkage=0.05


Tree=117
num_leaves=10
num_cat=0
split_feature=0 2 0 0 2 14 2 2 14
split_gain=3.85893 0.78892 7.11776e-05 6.65346e-05 9.51504e-05 1.77425e-05 1.38774e-05 8.61546e-06 6.35881e-06
threshold=10.654750000000002 1855.0000000000002 1.9456500000000003 5.8354500000000007 1550.0000000000002 1.0000000180025095e-35 115.00000000000001 1650.0000000000002 1.0000000180025095e-35
decision_type=2 2 2 2 2 2 2 2 2
left_child=2 -2 7 4 5 -4 -5 -1 -8
right_child=1 -3 3 6 -6 -7 8 -9 -10
leaf_value=-0.043162941384614489 0.0001308276112026048 0.056164305912141645 -0.044132776734522622 -0.043403355566157154 -0.044877439865522367 -0.043618648237715135 -0.043715962631260361 -0.043574182653047439 -0.04402562429856173
leaf_weight=0.19989560917019877 0.90489218384027514 2.0541491955518723 0.50457467138767265 0.23043766245245922 0.45417017117142677 0.25142376497387886 0.37461474910378456 0.35096458345651627 0.29739228636026382
leaf_count=5 7 9 8 5 6 5 7 7 5
internal_value=-0.000270548 0.0390289 -0.0439311 -0.0440631 -0.0443054 -0.0439618 -0.0437382 -0.043425 -0.043853
internal_weight=5.62251 2.95904 2.66347 2.11261 1.21017 0.755998 0.902445 0.55086 0.672007
internal_count=64 16 48 36 19 13 17 12 12
is_linear=0
shrinkage=0.05


Tree=118
num_leaves=11
num_cat=0
split_feature=0 2 0 4 8 0 2 7 7 13
split_gain=6.07062 0.00901821 0.000101448 7.94302e-05 7.57644e-05 3.51992e-05 4.81827e-05 1.85746e-06 1.68564e-06 6.3855e-07
threshold=1.9456500000000003 1650.0000000000002 4.5639000000000012 200.00000000000003 0.99342052987049467 9.1832000000000011 1550.0000000000002 7.6500000000000012 8.6083333333333361 1.0000000180025095e-35
decision_type=2 2 2 2 2 2 2 2 2 2
left_child=1 -1 3 -2 5 6 -4 9 -9 -7
right_child=2 -3 4 -5 -6 7 -8 8 -10 -11
leaf_value=0.059771091966539958 -0.044379273311384339 0.053989364340086859 -0.043938117403166728 -0.045334265755038121 -0.044870793077195097 -0.043963409475434159 -0.044774352048002536 -0.043728661952274595 -0.04388165375543969 -0.043862931306332918
leaf_weight=1.2413735389709475 0.60196692496538196 1.4767864793539045 0.40732558071613389 0.34111741930246353 0.28801164403557766 0.35516748577356316 0.29848340153694153 0.37723870202898979 0.34441522881388664 0.28500837832689285
leaf_count=5 9 7 7 4 4 6 4 7 6 5
internal_value=0.00130295 0.0566299 -0.0442865 -0.0447247 -0.044111 -0.0440052 -0.0442918 -0.0438567 -0.0438017 -0.0439187
internal_weight=6.01689 2.71816 3.29873 0.943084 2.35565 2.06764 0.705809 1.36183 0.721654 0.640176
internal_count=64 12 52 13 39 35 11 24 13 11
is_linear=0
shrinkage=0.05


Tree=119
num_leaves=10
num_cat=0
split_feature=2 2 9 0 12 2 5 2 8
split_gain=4.27368 0.865799 1.24209 1.69199 1.2501 0.0062149 0.00379319 0.000144474 3.70719e-05
threshold=300.00000000000006 1650.0000000000002 -0.16708397168011488 4.3650000000000011 32.500000000000007 115.00000000000001 -0.6830127018922193 2850.0000000000005 0.85115577981609924
decision_type=2 2 2 2 2 2 2 2 2
left_child=5 2 3 -2 -5 -1 -3 8 -8
right_child=1 6 -4 4 -6 -7 7 -9 -10
leaf_value=0.053237154995597197 -0.047729780794153361 -0.049928359450098901 -0.061410969612387595 0.062458804682960847 -0.010955166074619405 0.058437621736598666 -0.044713951619495124 -0.046004448647345715 -0.045234101249265607
leaf_weight=1.4003403484821322 1.0567265450954439 0.56800881028175387 0.89688599109649647 1.2548307999968531 1.0780351981520651 0.9741520732641219 0.60915268212556817 0.49041401594877232 0.78270222991704941
leaf_count=7 9 5 4 5 8 4 8 5 9
internal_value=-0.0023089 -0.0226391 -0.0090869 0.00475805 0.0285336 0.0553707 -0.0463472 -0.0452665 -0.0450065
internal_weight=9.11125 6.73676 4.28648 3.38959 2.33287 2.37449 2.45028 1.88227 1.39185
internal_count=64 53 26 22 13 11 27 22 17
is_linear=0
shrinkage=0.05


Tree=120
num_leaves=11
num_cat=0
split_feature=0 11 14 5 10 9 9 9 0 11
split_gain=1.80148 1.41134 1.80338 0.827484 0.739549 0.00714129 0.000805615 7.77869e-05 1.22875e-05 4.2357e-06
threshold=5.8354500000000007 1.5000000000000002 1.0000000180025095e-35 -0.6830127018922193 4.5000000000000009 -0.48574157668954127 -0.24825246871434689 -0.41859597363157713 11.100500000000002 1.5000000000000002
decision_type=2 2 2 2 2 2 2 2 2 2
left_child=1 4 3 -3 -1 -5 7 8 9 -2
right_child=6 2 -4 5 -6 -7 -8 -9 -10 -11
leaf_value=0.014734784660698034 -0.043737507344410738 0.012751356449165419 0.048601975801552837 -0.049465628701728694 0.08084759649608364 -0.055951812004758128 -0.046242261771890149 -0.04471228770334601 -0.044242129920500389 -0.043998731294174899
leaf_weight=0.92294677719473817 0.32141131535172474 0.676523927599192 0.91515781357884396 0.86712183058261894 0.78088033199310303 0.83109620586037636 0.78277593478560437 0.62597532570362102 0.32737645879387856 0.30004789680242538
leaf_count=7 6 4 5 6 3 5 9 9 5 5
internal_value=-0.00890816 0.00809871 -0.0110304 -0.034011 0.0450349 -0.0526399 -0.0449313 -0.0442796 -0.0439942 -0.0438636
internal_weight=7.35131 4.99373 3.2899 2.37474 1.70383 1.69822 2.35759 1.57481 0.948836 0.621459
internal_count=64 30 20 15 10 11 34 25 16 11
is_linear=0
shrinkage=0.05


Tree=121
num_leaves=10
num_cat=0
split_feature=0 0 3 8 3 7 9 5 0
split_gain=3.07243 2.80338 0.00630607 0.000268391 7.77245e-05 7.63096e-05 2.99718e-05 2.09196e-05 7.99792e-07
threshold=10.361300000000002 10.654750000000002 7.5000000000000009 0.9195955058153672 5.5000000000000009 7.0750000000000011 -0.59116893267988335 0.68301270189221941 1.7249000000000001
decision_type=2 2 2 2 2 2 2 2 2
left_child=3 2 -2 4 7 -3 -6 8 -1
right_child=1 5 -4 -5 6 -7 -8 -9 -10
leaf_value=-0.043503793549387521 0.058993025583273878 -0.044693353872959918 0.054116580382580215 -0.0453848277134467 -0.044026751121382879 -0.043784391410009976 -0.044602133285920886 -0.043921606391662281 -0.043378839341590647
leaf_weight=0.24134136363863967 1.3824114054441459 0.49815085902810086 1.2738899290561674 0.41432980448007573 0.47327585518360138 0.43040016293525696 0.43376020714640617 0.394255381077528 0.27282934263348579
leaf_count=5 6 7 6 5 8 8 6 7 6
internal_value=0.00184775 0.0305124 0.0566544 -0.0442366 -0.0439745 -0.044272 -0.0443019 -0.0436476 -0.0434375
internal_weight=5.81464 3.58485 2.6563 2.22979 1.81546 0.928551 0.907036 0.908426 0.514171
internal_count=64 27 12 37 32 15 14 18 11
is_linear=0
shrinkage=0.05


Tree=122
num_leaves=11
num_cat=0
split_feature=0 11 5 5 7 0 7 6 10 5
split_gain=0.830046 0.492683 0.20672 0.0137381 3.53578e-06 3.5137e-06 9.17205e-07 6.67962e-07 4.02485e-08 1.18881e-08
threshold=5.0021000000000013 3.5000000000000004 0.93301270189221952 0.93301270189221952 6.041666666666667 9.1832000000000011 9.7500000000000018 0.25000000000000017 4.5000000000000009 -0.24999999999999994
decision_type=2 2 2 2 2 2 2 2 2 2
left_child=1 7 -3 4 -2 -6 8 -1 -7 -10
right_child=3 2 -4 -5 5 6 -8 -9 9 -11
leaf_value=-0.042461872098815856 -0.0427374324804786 0.017511852290102384 0.071266821603406846 -0.055108481533277479 -0.042561810472470291 -0.042239874278288479 -0.042448430394748014 -0.042295843383196724 -0.042291111973917619 -0.042266746138080083
leaf_weight=0.15188086405396439 0.082108212634921185 0.46304485108703375 0.29139977693557739 0.31165718287229538 0.19481718819588423 0.11227751243859529 0.085540113970637321 0.1007745610550046 0.087211543694138416 0.11751307547092449
leaf_count=7 3 11 1 4 9 7 4 6 5 7
internal_value=-0.0139325 0.0180364 0.0382744 -0.0464166 -0.0424298 -0.0423875 -0.0423031 -0.0423956 -0.0422639 -0.0422771
internal_weight=1.99822 1.0071 0.754445 0.991125 0.679468 0.597359 0.402542 0.252655 0.317002 0.204725
internal_count=64 25 12 39 35 32 23 13 19 12
is_linear=0
shrinkage=0.05


Tree=123
num_leaves=10
num_cat=0
split_feature=0 2 3 8 4 12 12 8 14
split_gain=4.34466 0.380393 0.000904902 0.000121786 0.000188792 4.60811e-05 3.98846e-05 1.81963e-05 2.72418e-06
threshold=10.654750000000002 1855.0000000000002 2.5000000000000004 0.9195955058153672 271.00000000000006 40.000000000000007 25.000000000000004 0.80625269229011354 1.0000000180025095e-35
decision_type=2 2 2 2 2 2 2 2 2
left_child=3 -2 -3 5 -5 6 -1 8 -7
right_child=1 2 -4 4 -6 7 -8 -9 -10
leaf_value=-0.043637431362327145 0.012641968224372163 0.053885808607587453 0.055922980705796134 -0.045355749706368541 -0.043632932444999495 -0.043282701833774237 -0.044263423999921975 -0.043852152118997845 -0.043478016260787233
leaf_weight=0.4603696875274188 0.70238488912582431 1.0498312264680865 1.1338502317667005 0.33642022311687458 0.30155688524246216 0.38415841758251179 0.56887984648346901 0.27445069327950478 0.33352792263031006
leaf_count=9 5 5 5 4 6 9 9 5 7
internal_value=0.00216551 0.0446486 0.0549436 -0.0439391 -0.0445414 -0.043749 -0.0439834 -0.0435059 -0.0433735
internal_weight=5.54543 2.88607 2.18368 2.65936 0.637977 2.02139 1.02925 0.992137 0.717686
internal_count=64 15 10 49 10 39 18 21 16
is_linear=0
shrinkage=0.05


Tree=124
num_leaves=12
num_cat=0
split_feature=0 7 0 9 9 9 9 11 8 7 6
split_gain=5.0436 0.00326708 0.000253217 0.000303632 0.000106151 4.01864e-05 1.36631e-05 1.09993e-05 2.31314e-06 1.75194e-06 1.13688e-06
threshold=1.9456500000000003 9.7500000000000018 5.8354500000000007 -0.35824514579943006 -0.11318597237013776 -0.59116893267988335 -0.24825246871434689 6.5000000000000009 0.87550652062374057 8.6083333333333361 -0.68301270189221952
decision_type=2 2 2 2 2 2 2 2 2 2 2
left_child=1 -1 3 5 6 7 8 -2 9 -4 -11
right_child=2 -3 4 -5 -6 -7 -8 -9 -10 10 -12
leaf_value=0.052596557369611587 -0.044302780387368269 0.056532765602881056 -0.043506957879957377 -0.046158812870284491 -0.044774745169463545 -0.044706056729515539 -0.044023116861924727 -0.043878723346186588 -0.043737481878490816 -0.043576749563709799 -0.043724752597875539
leaf_weight=0.98763276636600528 0.32867877557873715 1.130674213171005 0.33758817240595795 0.30397256463766131 0.27659195289015759 0.50939330831170071 0.28984372317790974 0.28595985844731331 0.43242506310343742 0.25100813806056954 0.2685961686074736
leaf_count=5 5 5 7 3 4 7 5 5 8 5 5
internal_value=-0.00545574 0.0546976 -0.0442563 -0.0447568 -0.0438712 -0.0443777 -0.0437129 -0.0441055 -0.0436432 -0.0435956 -0.0436533
internal_weight=5.40236 2.11831 3.28406 1.428 1.85605 1.12403 1.57946 0.614639 1.28962 0.857192 0.519604
internal_count=64 10 54 20 34 17 30 10 25 17 10
is_linear=0
shrinkage=0.05


Tree=125
num_leaves=11
num_cat=0
split_feature=2 4 9 4 3 0 5 11 0 7
split_gain=4.61105 1.26621 1.18477 0.758254 0.38373 0.0757583 0.00422872 7.98962e-05 8.61368e-05 4.86854e-05
threshold=1650.0000000000002 295.00000000000006 -0.52414661475995694 161.00000000000003 6.5000000000000009 9.1832000000000011 -0.6830127018922193 3.5000000000000004 11.100500000000002 8.4166666666666696
decision_type=2 2 2 2 2 2 2 2 2 2
left_child=1 2 3 -1 5 -4 -2 9 -9 -8
right_child=6 -3 4 -5 -6 -7 7 8 -10 -11
leaf_value=-0.025874714952329316 -0.050368919655376279 -0.021310719606699315 0.056820782534342675 0.038168271320082381 0.083197097502856754 0.039403956177455943 -0.045097104641767125 -0.045824469688504371 -0.044875309362168679 -0.044436599427870489
leaf_weight=0.81556164473295201 0.44810511916875873 0.90023017674684513 1.2718623578548438 1.0666583180427549 1.1477329730987547 1.2263889014720915 0.50280153006315254 0.47987519949674595 0.47625183314085007 0.6267554871737957
leaf_count=7 4 6 6 5 4 6 6 5 6 9
internal_value=0.0111633 0.0336795 0.0426343 0.0104186 0.0592654 0.0482709 -0.0459621 -0.0450153 -0.0453517 -0.0447306
internal_weight=8.96222 6.42843 5.5282 1.88222 3.64598 2.49825 2.53379 2.08568 0.956127 1.12956
internal_count=64 34 28 12 16 12 30 26 11 15
is_linear=0
shrinkage=0.05


Tree=126
num_leaves=11
num_cat=0
split_feature=0 11 14 5 4 9 9 9 0 10
split_gain=1.68544 1.27964 1.6488 0.787613 0.751173 0.00557416 0.000682406 5.95182e-05 9.18267e-06 3.29179e-06
threshold=5.8354500000000007 1.5000000000000002 1.0000000180025095e-35 -0.6830127018922193 200.00000000000003 -0.48574157668954127 -0.24825246871434689 -0.41859597363157713 11.100500000000002 4.5000000000000009
decision_type=2 2 2 2 2 2 2 2 2 2
left_child=1 4 3 -3 -1 -5 7 8 9 -2
right_child=6 2 -4 5 -6 -7 -8 -9 -10 -11
leaf_value=0.011400524967508874 -0.043568541580334547 0.012547173864051001 0.047454233181170237 -0.048967603550108207 0.07837783227645656 -0.054831015846646174 -0.045947008628224616 -0.04447352988765433 -0.044045212187249522 -0.043808976942847799
leaf_weight=0.87794985994696595 0.24803608283400547 0.67171345651149783 0.88207750394940365 0.8284801319241526 0.80015555024147034 0.7936256155371666 0.73476415500044812 0.5823611691594125 0.30499925836920738 0.33411547541618347
leaf_count=7 5 4 5 6 3 5 9 9 5 6
internal_value=-0.00844561 0.00801936 -0.0106419 -0.0329825 0.0433367 -0.0518363 -0.0447029 -0.0440808 -0.043823 -0.0437065
internal_weight=7.05828 4.854 3.1759 2.29382 1.67811 1.62211 2.20428 1.46951 0.887151 0.582152
internal_count=64 30 20 15 10 11 34 25 16 11
is_linear=0
shrinkage=0.05


Tree=127
num_leaves=10
num_cat=0
split_feature=0 0 3 8 4 7 9 5 3
split_gain=2.83714 2.55199 0.00486981 0.000247202 8.04559e-05 6.61573e-05 1.82468e-05 1.48239e-05 9.62463e-07
threshold=10.361300000000002 10.654750000000002 7.5000000000000009 0.9195955058153672 161.00000000000003 7.0750000000000011 -0.59116893267988335 0.68301270189221941 4.5000000000000009
decision_type=2 2 2 2 2 2 2 2 2
left_child=3 2 -2 4 7 -3 -6 8 -1
right_child=1 5 -4 -5 6 -7 -8 -9 -10
leaf_value=-0.043270970739444123 0.057373046610692736 -0.04450066357569351 0.052978019443622008 -0.045214133799986685 -0.043946845753895659 -0.043625181284239443 -0.044421487284103084 -0.043743911697846638 -0.04340707845662492
leaf_weight=0.29970613494515441 1.3186110407114036 0.46727832406759251 1.2073777168989179 0.39505799859762181 0.40014509484171867 0.40093506127595901 0.40991826355457306 0.36586403101682663 0.22922498732805252
leaf_count=7 6 7 6 5 7 8 6 7 5
internal_value=0.00159312 0.0298545 0.0552723 -0.0440872 -0.043826 -0.0440964 -0.044187 -0.0434992 -0.04333
internal_weight=5.49412 3.3942 2.52599 2.09992 1.70486 0.868213 0.810063 0.894795 0.528931
internal_count=64 27 12 37 32 15 13 19 12
is_linear=0
shrinkage=0.05


Tree=128
num_leaves=11
num_cat=0
split_feature=2 5 2 0 12 8 3 7 0 12
split_gain=0.911594 4.67873e-06 3.767e-06 4.72488e-06 1.67588e-06 1.61331e-06 1.76224e-06 1.3269e-07 3.40018e-08 2.32238e-08
threshold=2950.0000000000005 -0.24999999999999994 1855.0000000000002 4.4709500000000011 11.500000000000002 0.71473537162315171 5.5000000000000009 7.0750000000000011 4.4709500000000011 29.500000000000004
decision_type=2 2 2 2 2 2 2 2 2 2
left_child=1 2 3 -1 -3 6 -6 -7 -9 -10
right_child=-2 4 -4 -5 5 7 -8 8 9 -11
leaf_value=-0.042412858860208201 0.027848337252309049 -0.042471865451708196 -0.042276750299273691 -0.042808422385838034 -0.042272961657378171 -0.042274285455940752 -0.04255537742329444 -0.042172405079696912 -0.042191457349455799 -0.042227742691411801
leaf_weight=0.13802198506891716 0.78018967807292949 0.16084465570747841 0.1009186040610075 0.16663041338324547 0.13077804259955883 0.084047168493270874 0.095626119524240494 0.07086400780826807 0.073655900545418262 0.10988391190767288
leaf_count=7 3 8 6 6 8 5 4 5 5 7
internal_value=-0.0137304 -0.0424055 -0.0425415 -0.0426292 -0.0423295 -0.0422889 -0.0423922 -0.0422198 -0.0422018 -0.0422132
internal_weight=1.91146 1.13127 0.405571 0.304652 0.7257 0.564855 0.226404 0.338451 0.254404 0.18354
internal_count=64 61 19 13 42 34 12 22 17 12
is_linear=0
shrinkage=0.05


Tree=129
num_leaves=11
num_cat=0
split_feature=0 5 8 4 4 5 5 8 0 9
split_gain=3.98974 0.219303 0.0001131 0.000177119 4.00727e-05 2.4515e-05 2.35686e-05 2.84918e-05 1.70619e-06 1.32819e-06
threshold=10.654750000000002 0.68301270189221941 0.9195955058153672 271.00000000000006 161.00000000000003 0.93301270189221952 -0.5 0.71473537162315171 4.4709500000000011 -0.49524719222984687
decision_type=2 2 2 2 2 2 2 2 2 2
left_child=2 -2 4 -4 5 8 -6 -8 -1 -10
right_child=1 -3 3 -5 6 -7 7 -9 9 -11
leaf_value=-0.043153588723712527 0.023547420113313351 0.053361686378849575 -0.045196820680441244 -0.043477881092174431 -0.043402102093131271 -0.043855443669348029 -0.044326367304585369 -0.043686880837998904 -0.043382085347039349 -0.043213897873205565
leaf_weight=0.27559045702219032 0.92789736390113864 1.8396095931529997 0.32249920815229405 0.27994437888264656 0.22472287714481354 0.2172832265496254 0.33192666620016098 0.36650213599205017 0.27291100844740879 0.20598346740007389
leaf_count=7 6 9 4 6 5 4 5 7 6 5
internal_value=0.00201837 0.0433655 -0.0438013 -0.0443981 -0.0436116 -0.0433875 -0.0438475 -0.0439908 -0.0432527 -0.0433097
internal_weight=5.26487 2.76751 2.49736 0.602444 1.89492 0.971768 0.923152 0.698429 0.754485 0.478894
internal_count=64 15 49 10 39 22 17 12 18 11
is_linear=0
shrinkage=0.05


Tree=130
num_leaves=11
num_cat=0
split_feature=0 7 0 8 9 4 9 3 8 6
split_gain=4.66991 0.00255732 0.000229483 0.000274783 9.72966e-05 2.63862e-05 1.13326e-05 1.59683e-06 9.31671e-07 9.39944e-07
threshold=1.9456500000000003 9.7500000000000018 5.8354500000000007 0.9195955058153672 -0.11318597237013776 161.00000000000003 -0.24825246871434689 3.5000000000000004 0.87550652062374057 -0.68301270189221952
decision_type=2 2 2 2 2 2 2 2 2 2
left_child=1 -1 3 5 6 -2 7 -4 9 -9
right_child=2 -3 4 -5 -6 -7 -8 8 -10 -11
leaf_value=0.051728897184589756 -0.043824316959225645 0.055293233321263513 -0.043410373111883803 -0.045743433328722022 -0.044611156601510021 -0.044356543152370316 -0.043855408325044108 -0.043432514094597634 -0.043604969851889219 -0.043565913033657443
leaf_weight=0.94001407921314273 0.38128674402833007 1.0830187946557996 0.36745568364858605 0.37340231984853745 0.26054783537983883 0.59828596562147141 0.27050663530826558 0.28034303337335564 0.3055899478495121 0.24963476136326812
leaf_count=5 7 5 8 4 4 9 5 6 6 5
internal_value=-0.00540763 0.053637 -0.0441013 -0.0445893 -0.0437205 -0.0441494 -0.043563 -0.0434972 -0.0435354 -0.0434953
internal_weight=5.11009 2.02303 3.08705 1.35298 1.73408 0.979573 1.47353 1.20302 0.835568 0.529978
internal_count=64 10 54 20 34 16 30 25 17 11
is_linear=0
shrinkage=0.05


Tree=131
num_leaves=11
num_cat=0
split_feature=2 2 11 4 3 2 5 11 0 7
split_gain=4.18583 1.19255 1.72792 0.69149 0.335235 0.0372928 0.00401005 7.04363e-05 7.57221e-05 3.78837e-05
threshold=1650.0000000000002 825.00000000000011 6.5000000000000009 161.00000000000003 4.5000000000000009 300.00000000000006 -0.6830127018922193 3.5000000000000004 11.100500000000002 8.4166666666666696
decision_type=2 2 2 2 2 2 2 2 2 2
left_child=1 4 -3 -4 -1 -6 -2 9 -9 -8
right_child=6 2 3 -5 5 -7 7 8 -10 -11
leaf_value=0.027194041359166955 -0.050115577067916854 -0.053558651376176707 7.0213553294724951e-05 0.061226789847847712 0.054435167691779134 0.066538033297849686 -0.044818331592688304 -0.045543006944967462 -0.044623102888183705 -0.044214156460377733
leaf_weight=1.0446371138095858 0.42625003308057818 0.8183213844895364 0.84345620870590221 1.0225806683301923 1.2071256488561632 1.3464135676622389 0.4677145332098005 0.45112537592649449 0.44375960528850555 0.58270466327667236
leaf_count=6 4 6 6 5 6 5 6 5 6 9
internal_value=0.0108747 0.0322395 0.00701857 0.0335838 0.0510552 0.0608167 -0.0457233 -0.0447609 -0.0450868 -0.0444832
internal_weight=8.65409 6.28253 2.68436 1.86604 3.59818 2.55354 2.37155 1.9453 0.894885 1.05042
internal_count=64 34 17 11 17 11 30 26 11 15
is_linear=0
shrinkage=0.05


Tree=132
num_leaves=11
num_cat=0
split_feature=0 11 14 5 4 9 9 9 0 10
split_gain=1.56887 1.14928 1.51501 0.747205 0.659632 0.00503612 0.000573269 5.19788e-05 7.57047e-06 2.19031e-06
threshold=5.8354500000000007 1.5000000000000002 1.0000000180025095e-35 -0.6830127018922193 200.00000000000003 -0.48574157668954127 -0.24825246871434689 -0.41859597363157713 11.100500000000002 4.5000000000000009
decision_type=2 2 2 2 2 2 2 2 2 2
left_child=1 4 3 -3 -1 -5 7 8 9 -2
right_child=6 2 -4 5 -6 -7 -8 -9 -10 -11
leaf_value=0.011330473903015574 -0.043433964131751726 0.012102751027334848 0.046429045175335783 -0.048378016118899997 0.074763854602236085 -0.05408920430740341 -0.045677429591978791 -0.044289118211070615 -0.043868760637206891 -0.043637204900281709
leaf_weight=0.86016893014311768 0.23176072537899028 0.66774278134107623 0.85057397559285153 0.7812725678086283 0.78280262649059296 0.7629302591085434 0.6895778365433215 0.54475200921297084 0.28452414646744728 0.30971680954098701
leaf_count=7 5 4 5 6 3 5 9 9 5 6
internal_value=-0.00811524 0.00781674 -0.0102823 -0.0320899 0.0415536 -0.0511997 -0.0445015 -0.04391 -0.0436599 -0.0435502
internal_weight=6.76582 4.70549 3.06252 2.21195 1.64297 1.5442 2.06033 1.37075 0.826002 0.541478
internal_count=64 30 20 15 10 11 34 25 16 11
is_linear=0
shrinkage=0.05


Tree=133
num_leaves=10
num_cat=0
split_feature=0 0 2 8 4 7 9 5 3
split_gain=2.63421 2.3416 0.00459906 0.000240077 6.3726e-05 5.92767e-05 1.60879e-05 1.48575e-05 6.92125e-07
threshold=10.361300000000002 10.654750000000002 2850.0000000000005 0.9195955058153672 161.00000000000003 7.0750000000000011 -0.59116893267988335 0.68301270189221941 4.5000000000000009
decision_type=2 2 2 2 2 2 2 2 2
left_child=3 2 -2 4 7 -3 -6 8 -1
right_child=1 5 -4 -5 6 -7 -8 -9 -10
leaf_value=-0.043153671793048985 0.052332943412835613 -0.044332985129446376 0.056749099661010882 -0.04508181447863166 -0.043780833629036613 -0.04347609811681994 -0.044241625599885592 -0.043632891391306924 -0.043273379775024365
leaf_weight=0.27924100682139374 1.3610081821680076 0.43978333473205555 1.0400818288326261 0.37931428477168072 0.37321764975786209 0.37300598248839378 0.38464120030403137 0.34642354771494865 0.21273862943053246
leaf_count=7 7 7 5 5 7 8 6 7 5
internal_value=0.00148508 0.0294148 0.0542459 -0.0439511 -0.0436824 -0.0439397 -0.0440147 -0.0433821 -0.0432054
internal_weight=5.18946 3.21388 2.40109 1.97558 1.59626 0.812789 0.757859 0.838403 0.49198
internal_count=64 27 12 37 32 15 13 19 12
is_linear=0
shrinkage=0.05


Tree=134
num_leaves=11
num_cat=0
split_feature=2 4 13 0 12 6 2 0 2 0
split_gain=0.839097 4.45374e-06 4.39675e-06 4.27986e-06 2.48355e-06 7.79386e-07 5.93054e-07 7.54577e-08 3.75105e-08 4.16739e-08
threshold=2950.0000000000005 196.00000000000003 1.0000000180025095e-35 4.4709500000000011 11.500000000000002 -0.9330127018922193 2590.0000000000005 5.0021000000000013 115.00000000000001 11.100500000000002
decision_type=2 2 2 2 2 2 2 2 2 2
left_child=1 4 3 -3 -1 -6 7 -7 -9 -10
right_child=-2 2 -4 -5 5 6 -8 8 9 -11
leaf_value=-0.042467725371370585 0.026310193245563402 -0.042364348962204063 -0.042207709461468623 -0.04273823680911646 -0.042347630620699045 -0.042123553825935842 -0.042325045967955888 -0.042152793039211468 -0.04221631760491714 -0.04216518401599309
leaf_weight=0.13852468132972695 0.76684793829917919 0.13091912865638733 0.10377397760748863 0.18427036050707102 0.10788924247026432 0.076800956390798203 0.07256818562746048 0.081967873498797417 0.092457435093820095 0.07002582773566246
leaf_count=7 3 7 7 7 6 6 4 6 6 5
internal_value=-0.0135238 -0.0423633 -0.04249 -0.0425829 -0.0422803 -0.0422286 -0.0421959 -0.0421668 -0.0421804 -0.0421943
internal_weight=1.82605 1.0592 0.418963 0.315189 0.640234 0.50171 0.39382 0.321252 0.244451 0.162483
internal_count=64 61 21 14 40 33 27 23 17 11
is_linear=0
shrinkage=0.05


Tree=135
num_leaves=11
num_cat=0
split_feature=0 2 4 8 4 12 12 7 0 2
split_gain=3.65414 0.340016 0.000602042 0.000112018 0.000171141 3.70943e-05 3.00072e-05 1.18389e-05 1.78231e-06 7.15031e-07
threshold=10.654750000000002 1855.0000000000002 80.000000000000014 0.9195955058153672 271.00000000000006 40.000000000000007 25.000000000000004 8.4166666666666696 1.7249000000000001 1250.0000000000002
decision_type=2 2 2 2 2 2 2 2 2 2
left_child=3 -2 -3 5 -5 6 -1 -7 -9 -10
right_child=1 2 -4 4 -6 7 -8 8 9 -11
leaf_value=-0.04338161355222981 0.011945879021775572 0.051712439957654788 0.05346587577243242 -0.045075800994812704 -0.043337841613232585 -0.043544790787279228 -0.04395959777661896 -0.042996560482758198 -0.043111758992931869 -0.043239518721784123
leaf_weight=0.40383748710155509 0.6957020461559299 0.93704701960086811 1.0250556319952009 0.31150709465146054 0.25977631658315659 0.23849115520715714 0.50584426894783974 0.1775100864470005 0.19390504062175751 0.25163977220654488
leaf_count=9 5 5 5 4 6 5 9 5 5 6
internal_value=0.0018519 0.0419795 0.0526285 -0.0436767 -0.0442855 -0.0434803 -0.043703 -0.0432452 -0.0431305 -0.0431839
internal_weight=5.00032 2.6578 1.9621 2.34251 0.571283 1.77123 0.909682 0.861546 0.623055 0.445545
internal_count=64 15 10 49 10 39 18 21 16 11
is_linear=0
shrinkage=0.05


Tree=136
num_leaves=11
num_cat=0
split_feature=0 7 0 8 8 4 0 3 0 11
split_gain=4.32868 0.00191317 0.000210756 0.000263528 9.02976e-05 1.96964e-05 9.23747e-06 1.12889e-06 4.01058e-07 1.31797e-07
threshold=1.9456500000000003 9.7500000000000018 5.8354500000000007 0.9195955058153672 0.99342052987049467 161.00000000000003 9.1832000000000011 6.5000000000000009 10.654750000000002 6.5000000000000009
decision_type=2 2 2 2 2 2 2 2 2 2
left_child=1 -1 3 5 6 -2 -4 8 -8 -10
right_child=2 -3 4 -5 -6 -7 7 -9 9 -11
leaf_value=0.050991002400348456 -0.043702460634603812 0.054147590272327878 -0.043697545052395821 -0.045586118036917256 -0.04446389157785189 -0.044176311778718856 -0.043273031443243959 -0.043426755372239112 -0.043378324845890735 -0.043324057064263427
leaf_weight=0.89634853601455677 0.36003033071756385 1.0334622263908384 0.25070676580071438 0.36023980379104614 0.24572767689824093 0.56105200573801994 0.25493355840444543 0.41938282176852226 0.22718097269535065 0.22044811397790909
leaf_count=5 7 5 5 4 4 9 6 9 5 5
internal_value=-0.00534361 0.0526814 -0.0439605 -0.0444395 -0.0435812 -0.0439911 -0.0434232 -0.0433618 -0.0433231 -0.0433516
internal_weight=4.82951 1.92981 2.8997 1.28132 1.61838 0.921082 1.37265 1.12195 0.702563 0.447629
internal_count=64 10 54 20 34 16 30 25 16 10
is_linear=0
shrinkage=0.05


Tree=137
num_leaves=11
num_cat=0
split_feature=2 2 11 4 3 0 5 11 0 9
split_gain=3.81903 1.09463 1.55099 0.610302 0.32268 0.0295292 0.00381274 6.49952e-05 6.73706e-05 2.96673e-05
threshold=1650.0000000000002 825.00000000000011 6.5000000000000009 161.00000000000003 4.5000000000000009 4.5639000000000012 -0.6830127018922193 3.5000000000000004 11.100500000000002 -0.48574157668954127
decision_type=2 2 2 2 2 2 2 2 2 2
left_child=1 4 -3 -4 -1 -6 -2 9 -9 -8
right_child=6 2 3 -5 5 -7 7 8 -10 -11
leaf_value=0.025794680612572108 -0.04989330806740596 -0.052766622670821585 -0.00015457054904196595 0.057528901774528109 0.065584890955795269 0.054514875060124084 -0.044007782587399714 -0.045297345813316382 -0.044401613679748222 -0.044562617095023231
leaf_weight=1.0176068320870402 0.4058935604989532 0.77352233231067669 0.8347613960504533 1.0174354761838911 1.0569625347852709 1.4007916450500486 0.54048149660229694 0.42526713758707047 0.41454965248703957 0.43470990657806363
leaf_count=6 4 6 6 5 4 7 9 5 6 6
internal_value=0.0106275 0.0310634 0.00669788 0.0315317 0.0494722 0.0592756 -0.0455125 -0.0445328 -0.0448552 -0.0442551
internal_weight=8.32198 6.10108 2.62572 1.8522 3.47536 2.45775 2.2209 1.81501 0.839817 0.975191
internal_count=64 34 17 11 17 11 30 26 11 15
is_linear=0
shrinkage=0.05


Tree=138
num_leaves=11
num_cat=0
split_feature=0 11 14 5 10 9 9 9 0 10
split_gain=1.45987 1.0344 1.39348 0.709613 0.598649 0.00454689 0.000491545 4.40584e-05 6.19608e-06 1.46293e-06
threshold=5.8354500000000007 1.5000000000000002 1.0000000180025095e-35 -0.6830127018922193 4.5000000000000009 -0.48574157668954127 -0.24825246871434689 -0.41859597363157713 11.100500000000002 4.5000000000000009
decision_type=2 2 2 2 2 2 2 2 2 2
left_child=1 4 3 -3 -1 -5 7 8 9 -2
right_child=6 2 -4 5 -6 -7 -8 -9 -10 -11
leaf_value=0.01088551276813033 -0.043308380068425106 0.011702034949529677 0.045466355535174696 -0.047841070307211249 0.072042954824369315 -0.053404065243876565 -0.045439665792570402 -0.044109747460877917 -0.043705176945940824 -0.043480551391252051
leaf_weight=0.84237296134233453 0.21636825054883924 0.66292022541165385 0.81967727467417706 0.73640672117471717 0.76219950616359711 0.73285764083266258 0.64750125259160984 0.50783728063106548 0.26521717384457588 0.28707972168922424
leaf_count=7 5 4 5 6 3 5 9 9 5 6
internal_value=-0.00779718 0.00762393 -0.00994044 -0.0312405 0.0399363 -0.0506158 -0.0443175 -0.0437484 -0.0435096 -0.0434066
internal_weight=6.48044 4.55643 2.95186 2.13218 1.60457 1.46926 1.924 1.2765 0.768665 0.503448
internal_count=64 30 20 15 10 11 34 25 16 11
is_linear=0
shrinkage=0.05


Tree=139
num_leaves=10
num_cat=0
split_feature=0 0 2 8 7 4 5 9 2
split_gain=2.44925 2.14903 0.00437838 0.000231457 5.22458e-05 5.0376e-05 1.47031e-05 1.3996e-05 6.20656e-07
threshold=10.361300000000002 10.654750000000002 2850.0000000000005 0.9195955058153672 7.0750000000000011 161.00000000000003 0.68301270189221941 -0.59116893267988335 1650.0000000000002
decision_type=2 2 2 2 2 2 2 2 2
left_child=3 2 -2 5 -3 6 8 -7 -1
right_child=1 4 -4 -5 -6 7 -8 -9 -10
leaf_value=-0.043137651147095599 0.051408860428941897 -0.044170316312466491 0.055830237386842667 -0.044955162889556206 -0.043337742982646657 -0.043628687532596071 -0.043528857563758031 -0.044073149335814597 -0.043018709904886362
leaf_weight=0.27481352537870385 1.2874524891376502 0.41263295337557782 0.99089300632476796 0.36405635252594937 0.34678931161761284 0.34811532497406006 0.32800758443772793 0.36059528216719627 0.18252721056342125
leaf_count=7 7 7 5 5 8 7 7 6 5
internal_value=0.00139337 0.0290519 0.0533318 -0.0438247 -0.0437901 -0.0435492 -0.0432734 -0.0438548 -0.0430902
internal_weight=4.89588 3.03777 2.27835 1.85812 0.759422 1.49406 0.785348 0.708711 0.457341
internal_count=64 27 12 37 15 32 19 13 12
is_linear=0
shrinkage=0.05


Tree=140
num_leaves=11
num_cat=0
split_feature=2 4 13 0 12 6 2 0 2 0
split_gain=0.772959 3.86915e-06 3.97387e-06 4.08021e-06 2.62206e-06 6.50918e-07 4.45837e-07 6.74743e-08 2.75463e-08 3.77199e-08
threshold=2950.0000000000005 196.00000000000003 1.0000000180025095e-35 4.4709500000000011 11.500000000000002 -0.9330127018922193 2590.0000000000005 5.0021000000000013 115.00000000000001 11.100500000000002
decision_type=2 2 2 2 2 2 2 2 2 2
left_child=1 4 3 -3 -1 -6 7 -7 -9 -10
right_child=-2 2 -4 -5 5 6 -8 8 9 -11
leaf_value=-0.042440613333282549 0.024884831998047242 -0.042314133411589329 -0.04216693133635227 -0.04269141307472854 -0.042301213019219047 -0.042088853551656036 -0.042273969776175965 -0.042120206087241978 -0.042178693897630182 -0.042128242254353854
leaf_weight=0.13237437512725592 0.75259479880332947 0.12140209507197142 0.096168515272438526 0.17491404246538877 0.10045655816793442 0.071108882315456867 0.067125565372407436 0.07653514202684164 0.086239173077046871 0.064949195832014084
leaf_count=7 3 7 7 7 6 6 4 6 6 5
internal_value=-0.013319 -0.0423242 -0.0424462 -0.0425368 -0.0422442 -0.0421885 -0.0421575 -0.0421314 -0.0421446 -0.042157
internal_weight=1.74387 0.991274 0.392485 0.296316 0.598789 0.466415 0.365958 0.298832 0.227724 0.151188
internal_count=64 61 21 14 40 33 27 23 17 11
is_linear=0
shrinkage=0.05


Tree=141
num_leaves=11
num_cat=0
split_feature=0 2 3 8 12 12 8 5 0 2
split_gain=3.35497 0.318987 0.000461151 0.000110018 3.45739e-05 2.59865e-05 8.90128e-06 4.80531e-06 1.47605e-06 4.62534e-07
threshold=10.654750000000002 1855.0000000000002 2.5000000000000004 0.9195955058153672 40.000000000000007 25.000000000000004 0.80625269229011354 -0.5 1.7249000000000001 1250.0000000000002
decision_type=2 2 2 2 2 2 2 2 2 2
left_child=3 -2 -3 4 5 -1 8 -5 -6 -10
right_child=1 2 -4 7 6 -7 -8 -9 9 -11
leaf_value=-0.043270379462489766 0.011790163297355379 0.050795379268061949 0.052375228084258534 -0.044019464279498301 -0.042892678861629827 -0.043825242999208008 -0.043392508780305164 -0.044318155138258541 -0.04300972591972254 -0.043116235994259733
leaf_weight=0.37849097698926948 0.68989341706037555 0.88247467577457406 0.96920581161975861 0.25086036324501038 0.16453593038022518 0.47689390182495117 0.2208032812923193 0.29068213701248158 0.18104079738259315 0.23326219990849495
leaf_count=9 5 5 5 5 5 9 5 5 5 6
internal_value=0.00169619 0.0408101 0.0516223 -0.0435612 -0.0433588 -0.0435797 -0.0431224 -0.0441798 -0.0430194 -0.0430697
internal_weight=4.73814 2.54157 1.85168 2.19657 1.65503 0.855385 0.799642 0.541543 0.578839 0.414303
internal_count=64 15 10 49 39 18 21 10 16 11
is_linear=0
shrinkage=0.05


Tree=142
num_leaves=11
num_cat=0
split_feature=11 8 5 10 4 4 12 7 2 12
split_gain=0.749377 1.03691 0.333134 0.389076 0.229024 0.000162551 8.30441e-05 1.8749e-05 6.44729e-06 1.566e-06
threshold=1.0000000180025095e-35 0.55438071450436055 -0.5 4.5000000000000009 317.50000000000006 209.00000000000003 12.500000000000002 8.1083333333333361 1250.0000000000002 50.000000000000007
decision_type=2 2 2 2 2 2 2 2 2 2
left_child=-1 2 -2 -4 5 6 -3 9 -9 -8
right_child=1 4 3 -5 -6 -7 7 8 -10 -11
leaf_value=0.040039776573183139 0.045585702054596194 -0.044292121741908524 0.022183906292222159 -0.043756406891303223 -0.0023627267501832271 -0.044845895825903481 -0.043158417690402656 -0.043834467064859051 -0.04347306828366751 -0.043336523325607952
leaf_weight=0.76043490320444096 0.60971088334918022 0.41964152827858947 0.62089527398347877 0.34969524666666985 0.40483152866363514 0.397652968764305 0.27794438228011131 0.27271157503128052 0.22541255690157413 0.22198813408613205
leaf_count=6 4 7 6 7 6 6 7 5 5 5
internal_value=-0.00526902 -0.0143348 0.0166212 -0.00157381 -0.036369 -0.0439525 -0.043702 -0.0434538 -0.0436709 -0.0432375
internal_weight=4.56092 3.80048 1.5803 0.970591 2.22018 1.81535 1.4177 0.998057 0.498124 0.499933
internal_count=64 58 17 13 41 35 29 22 10 12
is_linear=0
shrinkage=0.05


Tree=143
num_leaves=10
num_cat=0
split_feature=2 2 6 3 0 5 11 0 7
split_gain=3.48299 1.00661 1.94441 0.312457 0.0236583 0.00361524 5.87088e-05 6.14552e-05 2.34774e-05
threshold=1650.0000000000002 825.00000000000011 0.25000000000000017 4.5000000000000009 4.5639000000000012 -0.6830127018922193 3.5000000000000004 11.100500000000002 8.4166666666666696
decision_type=2 2 2 2 2 2 2 2 2
left_child=1 3 -3 -1 -5 -2 8 -8 -7
right_child=5 2 -4 4 -6 6 7 -9 -10
leaf_value=0.02442428491836951 -0.049681242712722389 0.039175954136531486 -0.051403745680815786 0.063592405358402757 0.053492010988617313 -0.04432963860436509 -0.045070333913690919 -0.044186097099137289 -0.043817300988643247
leaf_weight=0.99074272811412845 0.38639405369758639 1.635581895709038 0.928979992866516 1.0258447378873827 1.3332454115152357 0.40396973118185975 0.4007033072412014 0.38558516651391983 0.50080651417374611
leaf_count=6 4 9 8 4 7 6 5 6 9
internal_value=0.0103767 0.0299396 0.00636461 0.0479881 0.0578841 -0.0453177 -0.0443207 -0.0446367 -0.0440461
internal_weight=7.99185 5.91439 2.56456 3.34983 2.35909 2.07746 1.69106 0.786288 0.904776
internal_count=64 34 17 17 11 30 26 11 15
is_linear=0
shrinkage=0.05


Tree=144
num_leaves=13
num_cat=0
split_feature=0 11 14 5 4 9 7 7 0 5 6 12
split_gain=1.36646 0.951529 1.27954 0.673144 0.54822 0.00391226 0.000458076 0.000419058 1.14015e-05 3.64534e-06 1.20165e-06 4.08382e-07
threshold=5.8354500000000007 1.5000000000000002 1.0000000180025095e-35 -0.6830127018922193 200.00000000000003 -0.48574157668954127 6.041666666666667 16.041666666666668 11.102200000000002 -0.24999999999999994 0.25000000000000017 29.500000000000004
decision_type=2 2 2 2 2 2 2 2 2 2 2 2
left_child=1 4 3 -3 -1 -5 -2 8 9 -8 -11 -12
right_child=6 2 -4 5 -6 -7 7 -9 -10 10 11 -13
leaf_value=0.010227971733940164 -0.046063262953573741 0.011262570141411412 0.044482862859690039 -0.047378625058471326 0.069217370821605506 -0.052662764608436899 -0.043510792965705786 -0.045529105386754282 -0.043712275461706009 -0.043206877736442217 -0.043289104401818983 -0.043385042016330921
leaf_weight=0.81622880324721314 0.26842154562473286 0.65814129263162646 0.7876278944313525 0.69550459086895011 0.76115305721759796 0.70570125803351402 0.2419233918189998 0.29154025018215168 0.26555732265114784 0.28585381060838722 0.21625707671046257 0.2277391143143177
leaf_count=7 3 4 5 6 3 5 5 4 5 7 5 5
internal_value=-0.0073935 0.00754131 -0.00971836 -0.0304484 0.0386928 -0.0500399 -0.0441582 -0.0438237 -0.0434219 -0.0433426 -0.0432868 -0.0433383
internal_weight=6.22165 4.42436 2.84698 2.05935 1.57738 1.40121 1.79729 1.52887 1.23733 0.971773 0.72985 0.443996
internal_count=64 30 20 15 10 11 34 31 27 22 17 10
is_linear=0
shrinkage=0.05


Tree=145
num_leaves=10
num_cat=0
split_feature=0 0 13 8 9 4 9 5 2
split_gain=2.28082 1.97609 0.00822104 0.000219804 4.73539e-05 4.35488e-05 1.36672e-05 1.1927e-05 4.89503e-07
threshold=10.361300000000002 10.654750000000002 1.0000000180025095e-35 0.9195955058153672 -0.27768031003904575 161.00000000000003 -0.59116893267988335 0.68301270189221941 1650.0000000000002
decision_type=2 2 2 2 2 2 2 2 2
left_child=3 2 -2 5 -3 7 -7 8 -1
right_child=1 4 -4 -5 -6 6 -8 -9 -10
leaf_value=-0.043035569965453185 0.056458292077628092 -0.043210031342599112 0.050096706982197869 -0.044828820051613226 -0.044030236881821838 -0.043488399488288323 -0.043941164818460748 -0.043400735301497601 -0.042926330862236628
leaf_weight=0.25654560700058915 0.81719309091568049 0.32226675003767047 1.3415932059288025 0.35026727244257916 0.38765445724129632 0.3247779980301857 0.34238956123590469 0.30620577558875084 0.17084309458732605
leaf_count=7 4 8 8 5 7 7 6 7 5
internal_value=0.0012594 0.0287074 0.0525048 -0.0437085 -0.0436579 -0.0434284 -0.0437208 -0.0431626 -0.0429919
internal_weight=4.61974 2.86871 2.15879 1.75103 0.709921 1.40076 0.667168 0.733594 0.427389
internal_count=64 27 12 37 15 32 13 19 12
is_linear=0
shrinkage=0.05


Tree=146
num_leaves=11
num_cat=0
split_feature=2 8 10 3 4 3 2 9 11 0
split_gain=0.712992 3.86807e-06 6.51377e-06 2.37067e-06 7.55201e-07 5.37712e-07 3.86177e-07 1.76092e-07 1.80339e-07 1.59592e-08
threshold=2950.0000000000005 0.9195955058153672 4.5000000000000009 10.500000000000002 161.00000000000003 10.500000000000002 1855.0000000000002 -0.49524719222984687 6.5000000000000009 5.8354500000000007
decision_type=2 2 2 2 2 2 2 2 2 2
left_child=1 3 -3 4 7 -4 -6 8 -1 -9
right_child=-2 2 5 -5 6 -7 -8 9 -10 -11
leaf_value=-0.042211870995502415 0.023555299248157455 -0.042655103899473829 -0.042289625005255904 -0.042500745760030795 -0.042295504140419382 -0.042111362457977961 -0.042150831046809605 -0.042070112732491373 -0.04211089859236046 -0.042103727753410966
leaf_weight=0.090185527689754963 0.73762720823287964 0.15988308005034924 0.096851429902017117 0.063696237280964851 0.14798452891409397 0.075109056197106838 0.067014970816671848 0.068176212720572948 0.086763364262878895 0.073241123929619789
leaf_count=6 3 7 6 3 9 6 5 6 7 6
internal_value=-0.0131453 -0.0422885 -0.0424254 -0.0422124 -0.042178 -0.0422118 -0.0422504 -0.0421291 -0.0421624 -0.0420875
internal_weight=1.66653 0.928906 0.331844 0.597062 0.533366 0.17196 0.214999 0.318366 0.176949 0.141417
internal_count=64 61 19 42 39 12 14 25 13 12
is_linear=0
shrinkage=0.05


Tree=147
num_leaves=11
num_cat=0
split_feature=0 2 3 8 12 12 7 5 0 2
split_gain=3.07902 0.305544 0.000363922 0.000106267 2.94519e-05 2.43632e-05 8.04658e-06 3.70784e-06 1.08376e-06 3.28216e-07
threshold=10.654750000000002 1855.0000000000002 2.5000000000000004 0.9195955058153672 40.000000000000007 25.000000000000004 8.4166666666666696 -0.5 1.7249000000000001 1250.0000000000002
decision_type=2 2 2 2 2 2 2 2 2 2
left_child=3 -2 -3 4 5 -1 -6 -5 -8 -10
right_child=1 2 -4 7 6 -7 8 -9 9 -11
leaf_value=-0.043146523659589653 0.011298448858874939 0.049970642817818017 0.051416707334887152 -0.043933213894396445 -0.04328642097251495 -0.043702054052021634 -0.04280790888382352 -0.044202454398812305 -0.042912562201203257 -0.043005588289808404
leaf_weight=0.35163819231092952 0.68389194458723102 0.8294134736061094 0.91513450443744659 0.23865275457501411 0.20756668411195278 0.44983282685279846 0.15393159538507462 0.27547824755311001 0.16865146905183792 0.21658426523208618
leaf_count=9 5 5 5 5 5 9 5 5 5 6
internal_value=0.00147154 0.0396248 0.0507292 -0.0434546 -0.0432478 -0.0434583 -0.0430219 -0.0440775 -0.0429201 -0.0429649
internal_weight=4.49078 2.42844 1.74455 2.06234 1.54821 0.801471 0.746734 0.514131 0.539167 0.385236
internal_count=64 15 10 49 39 18 21 10 16 11
is_linear=0
shrinkage=0.05


Tree=148
num_leaves=12
num_cat=0
split_feature=0 3 0 8 8 9 7 2 3 4 3
split_gain=3.78315 0.00125898 0.00016371 0.000234755 7.88244e-05 1.62128e-05 1.49464e-05 5.14898e-06 1.0493e-06 6.99096e-07 2.80793e-07
threshold=1.9456500000000003 4.5000000000000009 5.8354500000000007 0.9195955058153672 0.99342052987049467 -0.59116893267988335 16.041666666666668 825.00000000000011 6.5000000000000009 36.000000000000007 3.5000000000000004
decision_type=2 2 2 2 2 2 2 2 2 2 2
left_child=1 -1 3 5 6 7 8 -2 9 -4 -11
right_child=2 -3 4 -5 -6 -7 -8 -9 -10 10 -12
leaf_value=0.0497747769215083 -0.043683225627895332 0.052452071329910512 -0.043178716172067727 -0.04529059743376173 -0.044243673192366488 -0.043982801171774895 -0.043622831720912872 -0.04335476280867398 -0.04320686607852095 -0.043018576811944813 -0.043099150848325329
leaf_weight=0.81763727962970711 0.25699688866734505 0.94847294688224792 0.20231542363762833 0.33410604670643806 0.22015769034624089 0.33812800049781822 0.18976970389485348 0.22270700335502625 0.37067722901701927 0.18061624281108379 0.26941497251391411
leaf_count=5 5 5 5 4 4 6 4 5 9 5 7
internal_value=-0.00519197 0.0512126 -0.0437301 -0.0441739 -0.0433733 -0.0437176 -0.0432153 -0.0435307 -0.0431397 -0.0431015 -0.0430668
internal_weight=4.351 1.76611 2.58489 1.15194 1.43295 0.817832 1.21279 0.479704 1.02302 0.652347 0.450031
internal_count=64 10 54 20 34 16 30 10 26 17 12
is_linear=0
shrinkage=0.05


Tree=149
num_leaves=11
num_cat=0
split_feature=2 2 11 4 3 0 5 11 0 9
split_gain=3.18655 0.951404 1.31223 0.515496 0.291709 0.0191267 0.0034047 5.40954e-05 5.83603e-05 1.79246e-05
threshold=1650.0000000000002 825.00000000000011 6.5000000000000009 161.00000000000003 4.5000000000000009 4.5639000000000012 -0.6830127018922193 3.5000000000000004 11.100500000000002 -0.48574157668954127
decision_type=2 2 2 2 2 2 2 2 2 2
left_child=1 4 -3 -4 -1 -6 -2 9 -9 -8
right_child=6 2 3 -5 5 -7 7 8 -10 -11
leaf_value=0.023827727180553811 -0.049470122868945442 -0.05135016048178237 -0.00088005596576859989 0.052906819377337148 0.061856163561226966 0.052594903583608334 -0.043650181260094234 -0.044876642094900776 -0.043986648358099678 -0.04411469536542581
leaf_weight=0.96476896107196841 0.36840274930000316 0.71720559149980556 0.81177929788827896 0.98717702180147171 0.99402426183223758 1.2694681882858274 0.46544627472758282 0.37911542505025864 0.35826356709003448 0.37500280886888471
leaf_count=6 4 6 6 5 4 7 9 5 6 6
internal_value=0.0101514 0.028885 0.00583641 0.0286355 0.0468495 0.056662 -0.0451422 -0.0441317 -0.0444442 -0.0438574
internal_weight=7.69065 5.74442 2.51616 1.79896 3.22826 2.26349 1.94623 1.57783 0.737379 0.840449
internal_count=64 34 17 11 17 11 30 26 11 15
is_linear=0
shrinkage=0.05


Tree=150
num_leaves=12
num_cat=0
split_feature=9 7 7 7 9 12 2 12 2 2 0
split_gain=1.79123 1.01201 1.07856 0.824509 1.41213 0.52701 0.00824979 0.00403115 0.00154368 0.000163401 6.44853e-07
threshold=-0.16708397168011488 9.7500000000000018 7.0750000000000011 7.4000000000000012 -0.52414661475995694 56.000000000000007 1550.0000000000002 20.500000000000004 1350.0000000000002 1650.0000000000002 10.363450000000002
decision_type=2 2 2 2 2 2 2 2 2 2 2
left_child=1 2 6 -4 5 -5 -1 -6 -3 -10 -9
right_child=-2 8 3 4 7 -7 -8 10 9 -11 -12
leaf_value=-0.053712730915768614 0.059430978791991412 -0.047974623727380844 0.068164049883182962 -0.0099771293055814711 -0.050158945648434067 0.049763613341491805 -0.043475418287828541 -0.043514587404877535 -0.045392892542987895 -0.043869805141566742 -0.043397320969037367
leaf_weight=0.41405814886093129 1.1580346897244451 0.66400780528783776 0.62051549553871188 0.54101398214697827 0.43007597327232394 1.1621773038059471 0.37504536285996437 0.2403879426419735 0.34470834583044052 0.36000175029039383 0.22883252426981926
leaf_count=2 8 7 3 6 4 7 8 5 4 7 5
internal_value=0.00302065 -0.0091197 0.0035454 0.0163729 0.00402427 0.0307871 -0.0488471 -0.0466623 -0.0462448 -0.0446148 -0.0434574
internal_weight=6.53886 5.38082 4.01211 3.223 2.60249 1.70319 0.789104 0.899296 1.36872 0.70471 0.46922
internal_count=66 58 40 30 27 13 10 14 18 11 10
is_linear=0
shrinkage=0.05


Tree=151
num_leaves=11
num_cat=0
split_feature=0 0 0 7 6 4 2 9 0 0
split_gain=1.99562 1.9015 0.00776645 0.000221909 4.18795e-05 1.61592e-05 1.24664e-05 5.37546e-06 4.84501e-06 4.6692e-07
threshold=10.361300000000002 10.654750000000002 10.381750000000002 7.6500000000000012 0.6830127018922193 161.00000000000003 2300.0000000000005 -0.49524719222984687 4.4118000000000004 5.8354500000000007
decision_type=2 2 2 2 2 2 2 2 2 2
left_child=3 2 -2 -1 6 7 -3 -5 -7 -9
right_child=1 4 -4 5 -6 8 -8 9 -10 -11
leaf_value=-0.044566121767064461 0.049446862871174044 -0.043536283382202605 0.055899206782913359 -0.043170009756553156 -0.04411257798383407 -0.043180901676005135 -0.043034696969634648 -0.042826495779862556 -0.043481990810152069 -0.042945715009379631
leaf_weight=0.38709137588739384 1.1110264211893084 0.24155973270535458 0.80375117063522328 0.34966716915369001 0.21650095283985138 0.19531183503568172 0.25427316129207611 0.15804560109972965 0.42294703423976898 0.17097335495054722
leaf_count=6 7 5 4 9 4 5 7 5 9 5
internal_value=-0.00102653 0.0262099 0.0521553 -0.0435155 -0.0435324 -0.043202 -0.0432791 -0.0430335 -0.0433869 -0.0428884
internal_weight=4.31115 2.62711 1.91478 1.68404 0.712334 1.29694 0.495833 0.678686 0.618259 0.329019
internal_count=66 27 11 39 16 33 12 19 14 10
is_linear=0
shrinkage=0.05


Tree=152
num_leaves=14
num_cat=0
split_feature=12 2 2 2 7 0 9 12 0 0 12 12 12
split_gain=1.08631 0.227034 0.494338 0.0131992 3.04558e-06 6.35553e-06 2.59514e-06 1.19942e-06 4.83785e-07 4.99542e-07 2.09783e-07 4.3622e-08 1.9681e-08
threshold=20.500000000000004 3350.0000000000005 2950.0000000000005 2950.0000000000005 7.4000000000000012 10.361300000000002 1.0000000180025095e-35 9.5000000000000018 1.9456500000000003 5.0021000000000013 29.500000000000004 43.000000000000007 78.500000000000014
decision_type=2 2 2 2 2 2 2 2 2 2 2 2 2
left_child=1 2 6 4 5 -2 7 -1 -6 -10 -11 -7 -12
right_child=3 -3 -4 -5 8 11 -8 -9 9 10 12 -13 -14
leaf_value=-0.042377343837708338 -0.042636490015627304 0.056369388883123775 0.058090714632597219 -0.056174216077564537 -0.042033117513107093 -0.042149355999704825 -0.042600655316569661 -0.042113226327038122 -0.04226459620959306 -0.042199241036002623 -0.042076028069648351 -0.042090515338172929 -0.042111767734743275
leaf_weight=0.087510102428495884 0.11396303866058588 0.46267327666282654 0.24335305392742157 0.22987410426139832 0.082541624084115028 0.066716433502733707 0.07464149221777916 0.084483395330607891 0.095698193646967411 0.071748617105185986 0.06909444835036993 0.059670457616448402 0.087050169706344604
leaf_count=5 5 2 1 1 8 5 3 7 6 5 6 5 7
internal_value=-0.00570768 0.0312504 0.00753174 -0.0458837 -0.0422247 -0.0423657 -0.0423545 -0.0422476 -0.0421412 -0.0421687 -0.0421285 -0.0421216 -0.042096
internal_weight=1.82902 0.952661 0.489988 0.876357 0.646483 0.24035 0.246635 0.171993 0.406133 0.323591 0.227893 0.126387 0.156145
internal_count=66 18 16 48 47 15 15 12 32 24 18 10 13
is_linear=0
shrinkage=0.05


Tree=153
num_leaves=12
num_cat=0
split_feature=0 2 11 7 4 0 0 4 11 8 2
split_gain=2.20245 1.95445 0.0280745 0.000122245 0.000124343 1.38551e-05 1.52928e-05 7.63659e-06 2.34797e-06 9.93674e-07 7.89388e-07
threshold=10.654750000000002 1550.0000000000002 6.5000000000000009 7.6500000000000012 271.00000000000006 1.9456500000000003 4.4709500000000011 161.00000000000003 6.5000000000000009 0.36238283721496295 115.00000000000001
decision_type=2 2 2 2 2 2 2 2 2 2 2
left_child=3 -2 -3 4 -1 9 -7 10 -9 -5 -8
right_child=1 2 -4 5 -6 6 7 8 -10 -11 -12
leaf_value=-0.044548353477951684 -0.046391110406776598 0.049734363564206449 0.062384362271206577 -0.042663983733296801 -0.042986614984267778 -0.043456911335506158 -0.042780025833305674 -0.043050093569718326 -0.04329378639522373 -0.042840826352712233 -0.042926013374941223
leaf_weight=0.32745327055454243 0.64202537387609515 0.97352492809295632 0.79822935163974762 0.1356591973453759 0.2086700052022934 0.27979016304016091 0.15150603465735912 0.18436002358794212 0.21309038624167442 0.19166083447635174 0.23814973048865795
leaf_count=5 6 6 4 5 6 6 5 5 5 6 7
internal_value=-0.00348772 0.0283499 0.0554336 -0.0432988 -0.0439405 -0.0430521 -0.0431394 -0.0430265 -0.0431807 -0.0427675 -0.0428693
internal_weight=4.34412 2.41378 1.77175 1.93034 0.536123 1.39422 1.0669 0.787106 0.39745 0.32732 0.389656
internal_count=66 16 10 50 11 39 28 22 10 11 12
is_linear=0
shrinkage=0.05


Tree=154
num_leaves=11
num_cat=0
split_feature=0 2 11 8 10 0 4 0 5 2
split_gain=3.96502 0.00162894 0.000117611 0.000151202 0.000157542 1.98908e-05 1.72002e-05 2.52135e-06 1.51764e-06 6.18122e-07
threshold=1.9456500000000003 1650.0000000000002 3.5000000000000004 0.9195955058153672 4.5000000000000009 4.4709500000000011 161.00000000000003 5.8354500000000007 -0.24999999999999994 2300.0000000000005
decision_type=2 2 2 2 2 2 2 2 2 2
left_child=1 -1 5 6 -5 -2 7 -4 -7 -10
right_child=2 -3 3 4 -6 8 -8 -9 9 -11
leaf_value=0.052162238284253683 -0.043580436263852503 0.049331133703339559 -0.043324795524783258 -0.045112741121201158 -0.043621391690821798 -0.043158222110647376 -0.043688900461200636 -0.043084973975984459 -0.043080435931323893 -0.04296344304035267
leaf_weight=0.94395482540130649 0.25086866691708576 1.1003287583589552 0.21316253393888474 0.38172892108559608 0.33031681925058365 0.27885914593935013 0.30812186375260353 0.225575041025877 0.18992026522755623 0.27839613147079945
leaf_count=5 5 7 5 5 7 7 6 6 5 8
internal_value=-0.00080796 0.0506384 -0.0436135 -0.0438996 -0.0444209 -0.0431952 -0.0434026 -0.0432015 -0.0430659 -0.0430109
internal_weight=4.50123 2.04428 2.45695 1.45891 0.712046 0.998044 0.746859 0.438738 0.747176 0.468316
internal_count=66 12 54 29 12 25 17 11 20 13
is_linear=0
shrinkage=0.05


Tree=155
num_leaves=13
num_cat=0
split_feature=2 9 2 6 2 9 8 5 0 5 9 0
split_gain=2.08962 1.62999 1.94604 0.717842 1.46355 0.558755 0.00371841 0.00253601 0.000180824 7.0237e-05 2.14802e-05 1.6995e-06
threshold=300.00000000000006 -0.16708397168011488 1650.0000000000002 0.25000000000000017 1000.0000000000001 -0.41859597363157713 0.85115577981609924 -0.6830127018922193 10.381750000000002 -0.24999999999999994 -0.27768031003904575 11.100500000000002
decision_type=2 2 2 2 2 2 2 2 2 2 2 2
left_child=6 2 3 5 -5 -2 -1 -4 -6 -9 11 -11
right_child=1 -3 7 4 8 -7 -8 9 -10 10 -12 -13
leaf_value=0.048791585438412916 0.018375533650701603 -0.067628918349421016 -0.048462802599456956 0.062082765944815738 -0.044590524601218595 0.072372343240034484 0.053496612414069639 -0.044542737622386877 -0.046061217866744379 -0.04345420962411356 -0.044086206655986428 -0.043625789622936444
leaf_weight=0.8590029329061506 1.1232313141226766 1.0794694200158126 0.42141375690698568 0.50251510739326455 0.51312438398599625 0.83544833958148901 0.82153791189193726 0.34472781047224921 0.35263638943433762 0.32917900756001395 0.245900649577381 0.25699262693524361
leaf_count=6 8 6 5 2 7 3 4 5 4 7 4 5
internal_value=0.00180883 -0.0119841 0.000211759 0.0219953 -0.00579256 0.0414071 0.0510917 -0.0451345 -0.0451896 -0.0439426 -0.043694 -0.0435294
internal_weight=7.68518 6.00464 4.92517 3.32696 1.36828 1.95868 1.68054 1.59821 0.865761 1.1768 0.832072 0.586172
internal_count=66 56 50 24 13 11 10 26 11 21 16 12
is_linear=0
shrinkage=0.05


Tree=156
num_leaves=12
num_cat=0
split_feature=2 9 2 0 0 2 0 0 4 2 0
split_gain=1.57395 1.41565 1.55423 0.790196 1.36109 0.00529145 0.00447267 0.000263176 0.000125558 4.19188e-05 2.15479e-06
threshold=1350.0000000000002 -0.16708397168011488 825.00000000000011 4.5639000000000012 1.9456500000000003 1855.0000000000002 4.4709500000000011 10.361300000000002 129.50000000000003 1650.0000000000002 11.100500000000002
decision_type=2 2 2 2 2 2 2 2 2 2 2
left_child=1 2 6 4 9 -5 -1 -7 -8 -2 -9
right_child=3 -3 -4 5 -6 7 8 10 -10 -11 -12
leaf_value=-0.051559581687836531 -0.044337220157547236 0.077113496615090871 0.034737974102564684 -0.049287276168999146 0.068588407315592986 -0.045090071186406629 -0.043688996870777465 -0.043092049890774038 -0.045233863117984649 -0.043477906732152335 -0.043269857674711629
leaf_weight=0.35093191266059953 0.24909648671746276 0.96047937870025624 1.6418994590640066 0.77337749302387215 0.50302974879741669 0.24533941596746445 0.32185696810483932 0.343135055154562 0.2224067896604538 0.32984977588057518 0.33845669403672218
leaf_count=2 4 5 9 7 2 3 7 9 3 7 8
internal_value=0.00308789 0.0254137 0.0058415 -0.0249776 0.00842587 -0.0462336 -0.0471582 -0.0436858 -0.0443203 -0.0438476 -0.0431803
internal_weight=6.27986 3.49757 2.5371 2.78228 1.08198 1.70031 0.895196 0.926931 0.544264 0.578946 0.681592
internal_count=66 26 21 40 13 27 12 20 10 11 17
is_linear=0
shrinkage=0.05


Tree=157
num_leaves=11
num_cat=0
split_feature=0 0 0 7 9 4 4 9 0 0
split_gain=1.84807 1.73657 0.00603463 0.000187138 3.52723e-05 1.3888e-05 1.3768e-05 4.75214e-06 4.6739e-06 3.71501e-07
threshold=10.361300000000002 10.654750000000002 10.381750000000002 7.6500000000000012 -0.11318597237013776 161.00000000000003 46.000000000000007 -0.49524719222984687 4.4118000000000004 5.8354500000000007
decision_type=2 2 2 2 2 2 2 2 2 2
left_child=3 2 -2 -1 6 7 -3 -5 -7 -9
right_child=1 4 -4 5 -6 8 -8 9 -10 -11
leaf_value=-0.044388805333167365 0.048795076361289595 -0.042875451753020904 0.054645548715504845 -0.043068539436553609 -0.043934279960743984 -0.043064280233157337 -0.043426410215262445 -0.042736598380320366 -0.04337049639020335 -0.0428470830167995
leaf_weight=0.36570933833718289 1.0452472865581515 0.22884870134294044 0.76215873658657063 0.32648771815001931 0.20839534699916817 0.18120156601071358 0.22474676556885242 0.14641081541776668 0.39902068674564362 0.15839876793324947
leaf_count=6 7 7 4 9 4 5 5 5 9 5
internal_value=-0.00111796 0.0258864 0.0512621 -0.0433975 -0.0433958 -0.0430983 -0.0431484 -0.042936 -0.0432749 -0.042794
internal_weight=4.04663 2.4694 1.80741 1.57723 0.661991 1.21152 0.453595 0.631297 0.580222 0.30481
internal_count=66 27 11 39 16 33 12 19 14 10
is_linear=0
shrinkage=0.05


Tree=158
num_leaves=12
num_cat=0
split_feature=12 12 6 5 7 0 9 0 0 12 12
split_gain=0.994996 0.201788 0.303775 0.00933844 2.82007e-06 5.3303e-06 6.57601e-07 4.03068e-07 4.77006e-07 1.63306e-07 1.63871e-08
threshold=20.500000000000004 15.500000000000002 -0.68301270189221952 0.93301270189221952 7.4000000000000012 10.381750000000002 -0.41859597363157713 1.9456500000000003 5.0021000000000013 29.500000000000004 78.500000000000014
decision_type=2 2 2 2 2 2 2 2 2 2 2
left_child=1 2 -1 4 5 -2 -4 -6 -9 -10 -11
right_child=3 -3 6 -5 7 -7 -8 8 9 10 -12
leaf_value=0.041798227499371003 -0.042582649965713204 0.053473061710247731 -0.042203990337776706 -0.05403233421864119 -0.042005695589447896 -0.04208016655890482 -0.042393991035913126 -0.042230448062482856 -0.042157974478151408 -0.042044309300561022 -0.042078221123861365
leaf_weight=0.25377771910279989 0.10767831560224295 0.46458010748028755 0.079586050473153591 0.2321030031889677 0.076472229324281216 0.10351347178220749 0.10645379777997732 0.09022760484367609 0.066396812908351421 0.063826681114733219 0.080621062777936459
leaf_count=3 5 3 6 2 8 9 6 6 5 6 7
internal_value=-0.00568139 0.0304934 0.00621987 -0.0455386 -0.04219 -0.0423364 -0.0423127 -0.0421082 -0.0421342 -0.0420931 -0.0420632
internal_weight=1.72524 0.904398 0.439818 0.820839 0.588736 0.211192 0.18604 0.377544 0.301072 0.210845 0.144448
internal_count=66 18 15 48 46 14 12 32 24 18 13
is_linear=0
shrinkage=0.05


Tree=159
num_leaves=12
num_cat=0
split_feature=0 2 11 7 4 0 0 4 11 8 2
split_gain=2.04382 1.78722 0.0239383 0.000102894 0.000104775 1.20652e-05 1.59424e-05 5.97643e-06 1.67164e-06 7.78034e-07 6.6497e-07
threshold=10.654750000000002 1550.0000000000002 6.5000000000000009 7.6500000000000012 271.00000000000006 1.9456500000000003 4.4709500000000011 161.00000000000003 6.5000000000000009 0.36238283721496295 115.00000000000001
decision_type=2 2 2 2 2 2 2 2 2 2 2
left_child=3 -2 -3 4 -1 9 -7 10 -9 -5 -8
right_child=1 2 -4 5 -6 6 7 8 -10 -11 -12
leaf_value=-0.044371734782866101 -0.046021732054706749 0.049042086945338931 0.061029439866184212 -0.042587630383510974 -0.042888646258251707 -0.043373015670294328 -0.042692154902362486 -0.042949446467528352 -0.043162756317852102 -0.042750174707896604 -0.042831358451895875
leaf_weight=0.3094409406185149 0.6002885997295383 0.91584035754203774 0.76381199061870575 0.12574069760739781 0.19358691200613976 0.2676246277987957 0.14011081680655479 0.17187958955764771 0.19724732264876366 0.17760696820914745 0.22128625400364399
leaf_count=5 6 6 4 5 6 6 5 5 5 6 7
internal_value=-0.00343756 0.0280285 0.0544933 -0.0431937 -0.043801 -0.0429589 -0.0430429 -0.0429219 -0.0430634 -0.0426828 -0.0427774
internal_weight=4.08447 2.27994 1.67965 1.80452 0.503028 1.3015 0.998149 0.730524 0.369127 0.303348 0.361397
internal_count=66 16 10 50 11 39 28 22 10 11 12
is_linear=0
shrinkage=0.05


Tree=160
num_leaves=9
num_cat=0
split_feature=0 2 2 2 0 14 5 3
split_gain=3.65071 0.00134215 9.85635e-05 0.000221355 2.17328e-05 6.22821e-06 4.8901e-06 2.08209e-07
threshold=1.9456500000000003 1650.0000000000002 1855.0000000000002 1350.0000000000002 4.4709500000000011 1.0000000180025095e-35 -0.24999999999999994 3.5000000000000004
decision_type=2 2 2 2 2 2 2 2
left_child=1 -1 3 4 -2 -6 -4 -8
right_child=2 -3 6 -5 5 -7 7 -9
leaf_value=0.051296500096148223 -0.043588839736692211 0.048648786604194118 -0.043157447104875596 -0.044504175919483677 -0.043242329026622506 -0.042938523411880813 -0.042854623439160598 -0.042924380233363306
leaf_weight=0.8936207890510558 0.35078228265047096 1.0306600481271742 0.27691300585865974 0.55970711261034001 0.37145233526825905 0.30906191468238831 0.22428196482360352 0.20451369881629944
leaf_count=5 7 7 7 9 9 9 7 6
internal_value=-0.000922447 0.0498784 -0.0434855 -0.0437036 -0.0432691 -0.0431044 -0.0429937 -0.0428879
internal_weight=4.22099 1.92428 2.29671 1.591 1.0313 0.680514 0.705709 0.428796
internal_count=66 12 54 34 25 18 20 13
is_linear=0
shrinkage=0.05


Tree=161
num_leaves=11
num_cat=0
split_feature=2 9 2 4 2 5 5 14 12 11
split_gain=1.9102 1.497 1.7825 0.650761 0.643063 0.328953 0.00211341 0.000823922 5.80706e-05 6.25315e-06
threshold=300.00000000000006 -0.16708397168011488 1650.0000000000002 161.00000000000003 1350.0000000000002 -0.5 -0.6830127018922193 1.0000000180025095e-35 20.500000000000004 1.5000000000000002
decision_type=2 2 2 2 2 2 2 2 2 2
left_child=7 2 3 4 -2 -5 -4 -1 -8 -10
right_child=1 -3 6 5 -6 -7 8 -9 9 -11
leaf_value=0.051372193269174041 -0.04552950203897798 -0.065968158025295001 -0.048023443278211175 0.013169317205400153 0.034454795970474544 0.052766868978843341 -0.04426599236389623 0.049082553262808692 -0.043348051898373555 -0.043643212508080301
leaf_weight=0.86670680344104745 0.59010404348373346 1.0394019782543189 0.39625698328018133 0.87904064729809794 0.43768127262592316 1.3003715276718137 0.37317867204546951 0.71873853355646133 0.35546412691473961 0.36236703395843506
leaf_count=5 7 6 5 8 3 6 6 5 8 7
internal_value=0.00175814 -0.0116734 0.000348003 0.0213289 -0.0114683 0.0367957 -0.044896 0.0503342 -0.0437601 -0.0434971
internal_weight=7.31931 5.73387 4.69446 3.2072 1.02779 2.17941 1.48727 1.58545 1.09101 0.717831
internal_count=66 56 50 24 10 14 26 10 21 15
is_linear=0
shrinkage=0.05


Tree=162
num_leaves=13
num_cat=0
split_feature=2 9 2 0 0 2 0 0 4 2 10 0
split_gain=1.41513 1.20171 1.42093 0.746682 1.23204 0.00445908 0.00378424 0.000210998 0.000107641 3.18333e-05 1.55969e-06 1.23606e-06
threshold=1350.0000000000002 -0.16708397168011488 825.00000000000011 4.5639000000000012 1.9456500000000003 1855.0000000000002 4.4709500000000011 10.361300000000002 129.50000000000003 1650.0000000000002 4.5000000000000009 11.100500000000002
decision_type=2 2 2 2 2 2 2 2 2 2 2 2
left_child=1 2 6 4 9 -5 -1 -7 -8 -2 -9 -12
right_child=3 -3 -4 5 -6 7 8 10 -10 -11 11 -13
leaf_value=-0.050985298114141209 -0.044112387431625592 0.071508643031549496 0.033466214386645828 -0.048839477114074784 0.066016618870733582 -0.044829632102929895 -0.043529999372848301 -0.042929780343802078 -0.045009165781951466 -0.043334039721723984 -0.043020962034910896 -0.043184932757157117
leaf_weight=0.33524122834205705 0.23036191612482093 0.96700648963451374 1.5873485282063482 0.73245980590581872 0.49009142816066742 0.22950056940317154 0.29827790521085262 0.17010028287768364 0.20929752662777901 0.30567324906587601 0.21919943392276764 0.24162505567073822
leaf_count=2 4 5 9 7 2 3 7 5 3 7 6 6
internal_value=0.00307387 0.0243659 0.00560696 -0.0245444 0.00871852 -0.0459722 -0.0468628 -0.0435314 -0.0441399 -0.0436685 -0.0430592 -0.0431069
internal_weight=6.01618 3.39717 2.43017 2.61901 1.02613 1.59289 0.842817 0.860425 0.507575 0.536035 0.630925 0.460824
internal_count=66 26 21 40 13 27 12 20 10 11 17 12
is_linear=0
shrinkage=0.05


Tree=163
num_leaves=11
num_cat=0
split_feature=0 0 0 7 8 3 7 9 9 0
split_gain=1.70996 1.59004 0.00480799 0.000163143 3.09476e-05 1.08332e-05 6.45024e-06 4.14487e-06 3.49957e-06 2.79673e-07
threshold=10.361300000000002 10.654750000000002 10.381750000000002 7.6500000000000012 0.99342052987049467 5.5000000000000009 7.4000000000000012 -0.49524719222984687 -0.59116893267988335 5.8354500000000007
decision_type=2 2 2 2 2 2 2 2 2 2
left_child=3 2 -2 -1 6 7 -3 -5 -7 -9
right_child=1 4 -4 5 -6 8 -8 9 -10 -11
leaf_value=-0.044236431710635377 0.048153702595712944 -0.043209279010354207 0.053524650710197547 -0.042978699284055101 -0.043797468914085924 -0.043025636578311745 -0.042814805599607486 -0.04265341049051919 -0.043272331070828979 -0.042753087228032893
leaf_weight=0.34734011627733741 0.97668278217315696 0.23606831952929486 0.72671625018119812 0.27220445871353161 0.19547896645963192 0.28671140968799591 0.1847144290804863 0.13555574975907769 0.28832952305674553 0.14634712040424347
leaf_count=6 7 6 4 8 4 8 6 5 7 5
internal_value=-0.00122694 0.0255459 0.0504451 -0.0432888 -0.0432776 -0.0429973 -0.0430361 -0.0428395 -0.0431493 -0.0427052
internal_weight=3.79615 2.31966 1.7034 1.47649 0.616262 1.12915 0.420783 0.554107 0.575041 0.281903
internal_count=66 27 11 39 16 33 12 18 15 10
is_linear=0
shrinkage=0.05


Tree=164
num_leaves=14
num_cat=0
split_feature=12 2 2 2 9 7 0 12 0 0 12 12 12
split_gain=0.906126 0.194876 0.420348 0.0078969 2.55392e-06 2.36461e-06 4.77728e-06 8.61589e-07 3.22573e-07 3.70241e-07 1.31868e-07 3.36952e-08 1.24743e-08
threshold=20.500000000000004 3350.0000000000005 2950.0000000000005 2950.0000000000005 1.0000000180025095e-35 7.4000000000000012 10.361300000000002 9.5000000000000018 1.9456500000000003 5.0021000000000013 29.500000000000004 43.000000000000007 78.500000000000014
decision_type=2 2 2 2 2 2 2 2 2 2 2 2 2
left_child=1 2 4 5 7 6 -2 -1 -7 -10 -11 -8 -12
right_child=3 -3 -4 -5 -6 8 11 -9 9 10 12 -13 -14
leaf_value=-0.042299755461766189 -0.042532943437134263 0.053838407470377186 0.055092208399194945 -0.053574863232849206 -0.042548078166394519 -0.041979842084800219 -0.042082241498100914 -0.042061750464484515 -0.042187387827249068 -0.04212224845839966 -0.042016715514618823 -0.042026335934988904 -0.042047445944189153
leaf_weight=0.077449548989534378 0.10198451858013868 0.41992104053497314 0.22116754949092865 0.20744064450263977 0.06986444815993309 0.070716732181608677 0.0574306296184659 0.074699683114886284 0.083700325340032578 0.06161918118596077 0.059189285151660442 0.050787052139639854 0.074700064957141876
leaf_count=5 5 2 1 1 3 8 5 7 6 5 6 5 7
internal_value=-0.00571784 0.0294308 0.00630423 -0.0452412 -0.0422978 -0.0421549 -0.0422874 -0.0421829 -0.0420752 -0.0420994 -0.0420617 -0.042056 -0.0420339
internal_weight=1.63067 0.863102 0.443181 0.767568 0.222014 0.560128 0.210202 0.152149 0.349926 0.279209 0.195509 0.108218 0.133889
internal_count=66 18 16 48 15 47 15 12 32 24 18 10 13
is_linear=0
shrinkage=0.05


Tree=165
num_leaves=12
num_cat=0
split_feature=0 2 11 7 4 0 0 4 11 2 8
split_gain=1.88404 1.63167 0.019026 9.03872e-05 8.872e-05 1.02178e-05 1.33739e-05 4.91362e-06 1.52701e-06 6.4361e-07 6.22101e-07
threshold=10.654750000000002 1550.0000000000002 6.5000000000000009 7.6500000000000012 271.00000000000006 1.9456500000000003 4.4709500000000011 161.00000000000003 6.5000000000000009 115.00000000000001 0.36238283721496295
decision_type=2 2 2 2 2 2 2 2 2 2 2
left_child=3 -2 -3 4 -1 10 -7 9 -9 -8 -5
right_child=1 2 -4 5 -6 6 7 8 -10 -11 -12
leaf_value=-0.044219332259015795 -0.045701693034633978 0.048401383990893949 0.059389288313336723 -0.042515101791281429 -0.042810297678168081 -0.043259724315836551 -0.042609265608644267 -0.04285210274347883 -0.043063231446606141 -0.042751459562586414 -0.042666226221264696
leaf_weight=0.29327359609305892 0.56195327639579806 0.85831683874130227 0.72821205854415894 0.11620817892253377 0.18045887537300587 0.251027911901474 0.12928682379424572 0.15948539413511753 0.1849682442843914 0.20698243193328381 0.16448568180203438
leaf_count=5 6 6 4 5 6 6 5 5 5 7 6
internal_value=-0.00353606 0.0275122 0.0534448 -0.0430969 -0.0436826 -0.0428681 -0.0429478 -0.0428327 -0.0429655 -0.0426968 -0.0426037
internal_weight=3.83466 2.14848 1.58653 1.68618 0.473732 1.21244 0.931751 0.680723 0.344454 0.336269 0.280694
internal_count=66 16 10 50 11 39 28 22 10 12 11
is_linear=0
shrinkage=0.05


Tree=166
num_leaves=9
num_cat=0
split_feature=0 2 2 2 0 14 5 3
split_gain=3.38182 0.00127176 8.61884e-05 0.000186089 1.94159e-05 5.28539e-06 4.04776e-06 1.7673e-07
threshold=1.9456500000000003 1650.0000000000002 1855.0000000000002 1350.0000000000002 4.4709500000000011 1.0000000180025095e-35 -0.24999999999999994 3.5000000000000004
decision_type=2 2 2 2 2 2 2 2
left_child=1 -1 3 4 -2 -6 -4 -8
right_child=2 -3 6 -5 5 -7 7 -9
leaf_value=0.050682609528320349 -0.043478080088164783 0.048033842351524393 -0.043046193270316717 -0.044336629063266714 -0.043137660768963089 -0.042847935915800384 -0.042759730936165759 -0.042826526356646542
leaf_weight=0.85510209202766441 0.33207986503839515 0.96408921480178833 0.25738030299544334 0.52621192671358585 0.34715349599719048 0.28801257163286209 0.20747076347470272 0.18945850431919098
leaf_count=5 7 7 7 9 9 9 7 6
internal_value=-0.000882682 0.0492789 -0.0433703 -0.0435799 -0.0431683 -0.0430063 -0.0428918 -0.0427916
internal_weight=3.96696 1.81919 2.14777 1.49346 0.967246 0.635166 0.65431 0.396929
internal_count=66 12 54 34 25 18 20 13
is_linear=0
shrinkage=0.05


Tree=167
num_leaves=14
num_cat=0
split_feature=2 0 0 2 12 8 8 8 2 0 7 7 0
split_gain=1.74648 0.92759 1.71861 0.722369 0.134724 0.00501002 0.00261289 0.00200148 0.000397383 6.88771e-05 9.03831e-06 6.29503e-06 1.03257e-06
threshold=300.00000000000006 10.361300000000002 5.1314000000000011 1250.0000000000002 40.000000000000007 0.99342052987049467 0.85115577981609924 0.85115577981609924 1855.0000000000002 1.6389149500000002 10.508333333333335 8.4166666666666696 11.100500000000002
decision_type=2 2 2 2 2 2 2 2 2 2 2 2 2
left_child=6 2 3 4 -2 8 -1 9 -3 -5 -11 12 -10
right_child=1 5 -4 7 -6 -7 -8 -9 11 10 -12 -13 -14
leaf_value=0.047599095316907425 0.01379453787906827 -0.045504469892818998 0.066804780324610499 -0.043189918014975348 -0.012671486426234538 -0.050877186029569678 0.051778034711218723 -0.048567102136149287 -0.043582837244510127 -0.04441659096146601 -0.044058918646691661 -0.043217505533265116 -0.043436882387716313
leaf_weight=0.75009238719940163 1.2188140675425536 0.31698105111718156 0.79710811376571644 0.2040777802467344 0.7941627874970435 0.3515537530183791 0.74611456692218781 0.32544238120317459 0.25132634118199348 0.34344620257616043 0.36363765597343445 0.28836962953209877 0.23400409147143364
leaf_count=6 6 4 3 5 5 2 4 3 5 5 6 7 5
internal_value=0.00179663 -0.0112566 0.00101424 -0.0151239 0.00335312 -0.0456865 0.049683 -0.0452013 -0.0440134 -0.0439991 -0.0442326 -0.0434025 -0.0435125
internal_weight=6.98513 5.48892 4.04669 3.24958 2.01298 1.44223 1.49621 1.2366 1.09068 0.911162 0.707084 0.7737 0.48533
internal_count=66 56 33 30 11 23 10 19 21 16 11 17 10
is_linear=0
shrinkage=0.05


Tree=168
num_leaves=13
num_cat=0
split_feature=2 9 2 0 0 2 0 0 4 2 10 0
split_gain=1.27746 1.08505 1.30668 0.69532 1.11374 0.00355312 0.00342847 0.00016657 9.88219e-05 2.48688e-05 1.1905e-06 9.03183e-07
threshold=1350.0000000000002 -0.16708397168011488 825.00000000000011 4.5639000000000012 1.9456500000000003 1855.0000000000002 4.4709500000000011 10.361300000000002 129.50000000000003 1650.0000000000002 4.5000000000000009 11.100500000000002
decision_type=2 2 2 2 2 2 2 2 2 2 2 2
left_child=1 2 6 4 9 -5 -1 -7 -8 -2 -9 -12
right_child=3 -3 -4 5 -6 7 8 10 -10 -11 11 -13
leaf_value=-0.050655602625603507 -0.043916003233561818 0.068088823126551803 0.032035794790785777 -0.048289168515907872 0.063694259137330858 -0.044579260140548305 -0.043385456094950411 -0.042830186142731881 -0.044846145009167761 -0.043201433448271459 -0.042914729188461447 -0.043060472368008598
leaf_weight=0.32571612298488695 0.21365140564739737 0.96445738151669491 1.5382463485002515 0.68794892355799653 0.47293980419635773 0.21368417143821716 0.27644306235015392 0.15753519907593727 0.19925037957727909 0.28309745527803898 0.20300096273422241 0.22315826639533043
leaf_count=2 4 5 9 7 2 3 7 5 3 7 6 6
internal_value=0.00316282 0.0234614 0.00506501 -0.0241563 0.00877665 -0.0456564 -0.0467034 -0.0433849 -0.0439973 -0.0435088 -0.0429476 -0.042991
internal_weight=5.75913 3.30411 2.33966 2.45502 0.969689 1.48533 0.80141 0.797379 0.475693 0.496749 0.583694 0.426159
internal_count=66 26 21 40 13 27 12 20 10 11 17 12
is_linear=0
shrinkage=0.05


Tree=169
num_leaves=11
num_cat=0
split_feature=0 0 0 7 8 4 4 0 9 0
split_gain=1.57741 1.45393 0.00370122 0.000136435 2.65124e-05 1.06024e-05 9.18432e-06 3.74194e-06 3.20499e-06 2.21697e-07
threshold=10.361300000000002 10.654750000000002 10.381750000000002 7.6500000000000012 0.99342052987049467 161.00000000000003 46.000000000000007 4.4118000000000004 -0.49524719222984687 5.8354500000000007
decision_type=2 2 2 2 2 2 2 2 2 2
left_child=3 2 -2 -1 6 8 -3 -7 -5 -10
right_child=1 4 -4 5 -6 7 -8 -9 9 -11
leaf_value=-0.044072308446340851 0.047588527172501366 -0.042690270656240856 0.052450920705633175 -0.042867343637599489 -0.043662242144616427 -0.042864625809508151 -0.043175501864330938 -0.043158489703687873 -0.042576504800153063 -0.042668757708050689
leaf_weight=0.32786958105862174 0.91284667700529121 0.19528343155980099 0.68508830666542053 0.28303388319909584 0.18285054340958595 0.15631013922393322 0.19479367882013321 0.35290565527975559 0.12544359266757932 0.13543386198580265
leaf_count=6 7 7 4 9 4 5 5 9 5 5
internal_value=-0.00140485 0.0251715 0.0496732 -0.0431816 -0.0431655 -0.0429043 -0.0429326 -0.0430683 -0.0427508 -0.0426244
internal_weight=3.55186 2.17086 1.59793 1.381 0.572928 1.05313 0.390077 0.509216 0.543911 0.260877
internal_count=66 27 11 39 16 33 12 14 19 10
is_linear=0
shrinkage=0.05


Tree=170
num_leaves=14
num_cat=0
split_feature=12 2 2 2 9 7 0 12 0 0 12 12 9
split_gain=0.830117 0.177668 0.38537 0.00613303 2.08052e-06 2.01805e-06 4.0623e-06 7.46319e-07 2.69079e-07 3.35391e-07 9.97289e-08 2.87254e-08 1.08733e-08
threshold=20.500000000000004 3350.0000000000005 2950.0000000000005 2950.0000000000005 1.0000000180025095e-35 7.4000000000000012 10.361300000000002 9.5000000000000018 1.9456500000000003 5.0021000000000013 29.500000000000004 43.000000000000007 -0.49524719222984687
decision_type=2 2 2 2 2 2 2 2 2 2 2 2 2
left_child=1 2 4 5 7 6 -2 -1 -7 -10 -11 -8 -12
right_child=3 -3 -4 -5 -6 8 11 -9 9 10 12 -13 -14
leaf_value=-0.042265101666573608 -0.042481470607259333 0.052705363061911939 0.053813285382038091 -0.052489003893153398 -0.042493693591569605 -0.04195597182296066 -0.042051680347889829 -0.042036030263964019 -0.042155501320922481 -0.042086734001558934 -0.042019986936119129 -0.041997997690489106 -0.041990188282596784
leaf_weight=0.072759795002639294 0.096280825324356556 0.39738129079341888 0.20972312986850739 0.19640585780143738 0.065496637485921383 0.065396358724683523 0.053233575075864792 0.069540310651063919 0.078859629109501839 0.056966114789247513 0.069323713891208172 0.046851028688251972 0.054822327569127083
leaf_count=5 5 2 1 1 3 8 5 7 6 5 7 5 6
internal_value=-0.00576483 0.0287746 0.00599803 -0.044958 -0.0422605 -0.042123 -0.0422496 -0.0421532 -0.0420466 -0.0420694 -0.042032 -0.0420266 -0.0420068
internal_weight=1.53304 0.814901 0.41752 0.718139 0.207797 0.521734 0.196365 0.1423 0.325368 0.259972 0.181112 0.100085 0.124146
internal_count=66 18 16 48 15 47 15 12 32 24 18 10 13
is_linear=0
shrinkage=0.05


Tree=171
num_leaves=12
num_cat=0
split_feature=0 2 11 7 4 0 0 4 11 2 8
split_gain=1.73804 1.49012 0.0152993 7.59334e-05 7.11595e-05 8.61025e-06 1.13717e-05 3.91961e-06 1.2242e-06 6.00537e-07 4.87168e-07
threshold=10.654750000000002 1550.0000000000002 6.5000000000000009 7.6500000000000012 271.00000000000006 1.9456500000000003 4.4709500000000011 161.00000000000003 6.5000000000000009 115.00000000000001 0.36238283721496295
decision_type=2 2 2 2 2 2 2 2 2 2 2
left_child=3 -2 -3 4 -1 10 -7 9 -9 -8 -5
right_child=1 2 -4 5 -6 6 7 8 -10 -11 -12
leaf_value=-0.044051209291464222 -0.045402549924535331 0.047813560715596955 0.057955017063477499 -0.042449506320336429 -0.042748160723618825 -0.043155302644141587 -0.042534668668735988 -0.04276630533902169 -0.04296208541220907 -0.042677231712664132 -0.042588520568894048
leaf_weight=0.27517545595765147 0.52495481073856387 0.80268868803977944 0.69291342049837112 0.10753889195620991 0.16919497214257717 0.23598561435937881 0.11946316063404083 0.14867046289145947 0.17248153872787952 0.19355134852230549 0.15224795788526535
leaf_count=5 6 6 4 5 6 6 5 5 5 7 6
internal_value=-0.00361474 0.0270732 0.0525121 -0.0430013 -0.0435551 -0.0427836 -0.042859 -0.0427487 -0.0428715 -0.0426228 -0.042531
internal_weight=3.59487 2.02056 1.4956 1.57431 0.44437 1.12994 0.870152 0.634167 0.321152 0.313015 0.259787
internal_count=66 16 10 50 11 39 28 22 10 12 11
is_linear=0
shrinkage=0.05


Tree=172
num_leaves=9
num_cat=0
split_feature=0 2 2 2 0 14 5 3
split_gain=3.12117 0.0011073 7.38032e-05 0.00015012 1.73009e-05 4.61384e-06 3.25119e-06 1.48953e-07
threshold=1.9456500000000003 1650.0000000000002 1855.0000000000002 1350.0000000000002 4.4709500000000011 1.0000000180025095e-35 -0.24999999999999994 3.5000000000000004
decision_type=2 2 2 2 2 2 2 2
left_child=1 -1 3 4 -2 -6 -4 -8
right_child=2 -3 6 -5 5 -7 7 -9
leaf_value=0.050028302371731864 -0.043375279819043336 0.047479610234357879 -0.042939849944778646 -0.044160026349487069 -0.0430433158828952 -0.042763205904926001 -0.042672332701377963 -0.042736084373459743
leaf_weight=0.80878093838691734 0.31484581902623199 0.9008052796125412 0.23859697580337524 0.49208720214664936 0.32536374032497406 0.26818337477743626 0.19180612824857224 0.17541817016899586
leaf_count=5 7 7 7 9 9 9 7 6
internal_value=-0.000956763 0.0486854 -0.0432572 -0.0434567 -0.0430757 -0.0429168 -0.0427962 -0.0427028
internal_weight=3.71589 1.70959 2.0063 1.40048 0.908393 0.593547 0.605821 0.367224
internal_count=66 12 54 34 25 18 20 13
is_linear=0
shrinkage=0.05


Tree=173
num_leaves=12
num_cat=0
split_feature=0 9 0 0 9 12 10 6 11 10 7
split_gain=1.11392 0.664737 1.01165 0.83472 0.563924 0.319277 0.114583 0.0111019 0.000167916 4.64104e-05 9.06937e-06
threshold=4.3650000000000011 -0.16708397168011488 10.361300000000002 11.133350000000002 -0.49524719222984687 40.000000000000007 4.5000000000000009 -0.68301270189221952 6.5000000000000009 4.5000000000000009 8.4166666666666696
decision_type=2 2 2 2 2 2 2 2 2 2 2
left_child=7 2 4 8 5 -2 -6 -1 10 -9 -4
right_child=1 -3 3 -5 6 -7 -8 9 -10 -11 -12
leaf_value=-0.055308469563476605 0.02691524687710577 -0.024362681741648441 -0.043504705645261259 0.049592470350403539 0.03868887076624325 -0.025039842853994149 0.062337442638170905 -0.0432603914578805 -0.044754182790932608 -0.044120823840352479 -0.043081000389399104
leaf_weight=0.30413487181067467 0.75318932905793123 1.1100553125143049 0.38164620846509911 0.32226398587226868 1.1604270860552799 0.48682662472128868 0.91696142405271519 0.24658669903874386 0.35120208561420441 0.43001852557063103 0.18876175954937935
leaf_count=2 6 7 8 2 7 6 4 6 6 7 5
internal_value=0.00182832 0.0103368 0.0187815 -0.0196735 0.0332003 0.00651783 0.0491274 -0.0473739 -0.0438941 -0.0438072 -0.0433645
internal_weight=6.65207 5.67133 4.56128 1.24387 3.3174 1.24002 2.07739 0.98074 0.92161 0.676605 0.570408
internal_count=66 51 44 21 23 12 11 15 19 13 13
is_linear=0
shrinkage=0.05


Tree=174
num_leaves=13
num_cat=0
split_feature=2 9 2 0 0 7 2 2 0 2 10 0
split_gain=1.14355 0.927261 1.19307 0.660518 1.02427 0.00295784 0.00289549 0.000391653 0.000129087 1.94048e-05 9.06857e-07 6.644e-07
threshold=1350.0000000000002 -0.16708397168011488 825.00000000000011 4.5639000000000012 1.9456500000000003 7.6500000000000012 1855.0000000000002 115.00000000000001 10.361300000000002 1650.0000000000002 4.5000000000000009 11.100500000000002
decision_type=2 2 2 2 2 2 2 2 2 2 2 2
left_child=1 2 5 4 9 -1 -5 -7 -8 -2 -10 -12
right_child=3 -3 -4 6 -6 7 8 -9 10 -11 11 -13
leaf_value=-0.051740199392013776 -0.043735166388657529 0.063433033738380315 0.030904063840659066 -0.047824951179587377 0.06231917032985327 -0.042821700750114884 -0.044337433283984727 -0.045531614349694924 -0.04273845065368978 -0.043079321202643947 -0.042816400726504805 -0.042946414001480471
leaf_weight=0.18814627826213914 0.19799913093447719 0.96873769164085377 1.4844531044363973 0.64870971813797929 0.45706632733345032 0.21471662819385529 0.19804699346423149 0.35176148265600204 0.14582393690943718 0.26205554604530334 0.18786306492984295 0.20603040233254433
leaf_count=1 4 5 9 7 2 7 3 4 5 7 6 6
internal_value=0.00326337 0.0225637 0.00488152 -0.0236128 0.00930662 -0.0463085 -0.0453882 -0.0445045 -0.0432456 -0.0433616 -0.042845 -0.0428844
internal_weight=5.51141 3.20782 2.23908 2.3036 0.917121 0.754624 1.38647 0.566478 0.737764 0.460055 0.539717 0.393893
internal_count=66 26 21 40 13 12 27 11 20 11 17 12
is_linear=0
shrinkage=0.05


Tree=175
num_leaves=11
num_cat=0
split_feature=0 0 0 7 8 4 4 0 9 0
split_gain=1.45188 1.33793 0.0028444 0.000112318 2.37601e-05 8.71449e-06 7.52803e-06 3.12701e-06 2.73456e-06 1.95317e-07
threshold=10.361300000000002 10.654750000000002 10.381750000000002 7.6500000000000012 0.99342052987049467 161.00000000000003 46.000000000000007 4.4118000000000004 -0.49524719222984687 5.8354500000000007
decision_type=2 2 2 2 2 2 2 2 2 2
left_child=3 2 -2 -1 6 8 -3 -7 -5 -10
right_child=1 4 -4 5 -6 7 -8 -9 9 -11
leaf_value=-0.04391267425876471 0.047085505936248946 -0.042608632815865272 0.051486070820372036 -0.042784685008271796 -0.043547821431265905 -0.042778470431454642 -0.043064931760279111 -0.043056735244342829 -0.042505439286778295 -0.042595392747219241
leaf_weight=0.30771634913980983 0.85317680984735511 0.18030565232038487 0.64468140155076981 0.26535732671618484 0.17448326200246811 0.14535567723214626 0.18125871568918228 0.33056199923157692 0.1160333529114721 0.12573761865496635
leaf_count=6 7 7 4 9 4 5 5 9 5 5
internal_value=-0.00160234 0.0247197 0.0489795 -0.043079 -0.0430686 -0.0428181 -0.0428374 -0.0429717 -0.0426739 -0.0425522
internal_weight=3.32467 2.03391 1.49786 1.29076 0.536048 0.983046 0.361564 0.475918 0.507128 0.241771
internal_count=66 27 11 39 16 33 12 14 19 10
is_linear=0
shrinkage=0.05


Tree=176
num_leaves=14
num_cat=0
split_feature=12 2 2 2 9 7 0 12 0 0 12 12 9
split_gain=0.770323 0.163741 0.358066 0.00476695 1.82313e-06 1.69287e-06 3.37238e-06 6.31741e-07 2.22624e-07 2.61847e-07 8.06964e-08 1.94571e-08 1.09849e-08
threshold=20.500000000000004 3350.0000000000005 2950.0000000000005 2950.0000000000005 1.0000000180025095e-35 7.4000000000000012 10.361300000000002 9.5000000000000018 1.9456500000000003 5.0021000000000013 29.500000000000004 43.000000000000007 -0.49524719222984687
decision_type=2 2 2 2 2 2 2 2 2 2 2 2 2
left_child=1 2 4 5 7 6 -2 -1 -7 -10 -11 -8 -12
right_child=3 -3 -4 -5 -6 8 11 -9 9 10 12 -13 -14
leaf_value=-0.04222988818088709 -0.042429975519164539 0.051897853091777503 0.052881912449245033 -0.051512942659416708 -0.042451099933789892 -0.041933883721265885 -0.042022544084271238 -0.042011704505452552 -0.042119836668341418 -0.042057905792686555 -0.041997034530861163 -0.041976732788062951 -0.041965999519487283
leaf_weight=0.068192809820175171 0.090258361771702766 0.37986259162425995 0.20052313804626465 0.18552796542644501 0.062568365596234798 0.060465999878942966 0.049252007156610489 0.064610975794494152 0.073583601042628288 0.053014536388218403 0.065012676641345024 0.043781048618257046 0.05078441184014082
leaf_count=5 5 2 1 1 3 8 5 7 6 5 7 5 6
internal_value=-0.00549423 0.0284468 0.00594541 -0.0446944 -0.0422286 -0.0420923 -0.0422122 -0.0421237 -0.0420197 -0.0420411 -0.0420068 -0.042001 -0.0419834
internal_weight=1.44744 0.775758 0.395895 0.671681 0.195372 0.486153 0.183291 0.132804 0.302861 0.242395 0.168812 0.0930331 0.115797
internal_count=66 18 16 48 15 47 15 12 32 24 18 10 13
is_linear=0
shrinkage=0.05


Tree=177
num_leaves=12
num_cat=0
split_feature=0 2 11 7 4 0 0 4 11 2 8
split_gain=1.59325 1.38264 0.0125929 6.2607e-05 5.872e-05 7.28747e-06 9.30998e-06 3.01101e-06 1.06074e-06 4.63506e-07 3.80336e-07
threshold=10.654750000000002 1550.0000000000002 6.5000000000000009 7.6500000000000012 271.00000000000006 1.9456500000000003 4.4709500000000011 161.00000000000003 6.5000000000000009 115.00000000000001 0.36238283721496295
decision_type=2 2 2 2 2 2 2 2 2 2 2
left_child=3 -2 -3 4 -1 10 -7 9 -9 -8 -5
right_child=1 2 -4 5 -6 6 7 8 -10 -11 -12
leaf_value=-0.04389383748159055 -0.045182053540684192 0.047280733065963018 0.056757633068656992 -0.042388996731561442 -0.042667106762484835 -0.043053971124246547 -0.042480017647022757 -0.042683785896535702 -0.042872661482423136 -0.042609395653638527 -0.042516692486501681
leaf_weight=0.25837823003530536 0.49852848052978505 0.74964594095945336 0.65841510146856308 0.09950423054397084 0.15671874955296516 0.22120074182748795 0.11205199174582958 0.138126065954566 0.16096058301627636 0.18113202787935734 0.14085592329502106
leaf_count=5 6 6 4 5 6 6 5 5 5 7 6
internal_value=-0.00377519 0.0263766 0.0517122 -0.0429106 -0.0434307 -0.0427057 -0.0427772 -0.0426738 -0.0427854 -0.0425599 -0.0424638
internal_weight=3.37552 1.90659 1.40806 1.46893 0.415097 1.05383 0.813471 0.592271 0.299087 0.293184 0.24036
internal_count=66 16 10 50 11 39 28 22 10 12 11
is_linear=0
shrinkage=0.05


Tree=178
num_leaves=9
num_cat=0
split_feature=0 2 2 2 0 14 5 3
split_gain=2.88202 0.00094545 6.3035e-05 0.000121369 1.3785e-05 4.13074e-06 2.53853e-06 1.2422e-07
threshold=1.9456500000000003 1650.0000000000002 1855.0000000000002 1350.0000000000002 4.4709500000000011 1.0000000180025095e-35 -0.24999999999999994 3.5000000000000004
decision_type=2 2 2 2 2 2 2 2
left_child=1 -1 3 4 -2 -6 -4 -8
right_child=2 -3 6 -5 5 -7 7 -9
leaf_value=0.049407929377468636 -0.043263517009887564 0.046977103560475013 -0.042838662791335518 -0.043994392798964679 -0.042964302503260159 -0.042691152244439895 -0.042591886338617234 -0.042652428352447563
leaf_weight=0.76317374408245109 0.29604295641183831 0.8406040146946907 0.22064908593893051 0.46048770472407341 0.308108851313591 0.25129762478172779 0.17723539657890786 0.16232441179454327
leaf_count=5 7 7 7 9 9 9 7 6
internal_value=-0.00108085 0.0481338 -0.0431508 -0.0433399 -0.0429876 -0.0428416 -0.0427066 -0.0426208
internal_weight=3.47992 1.60378 1.87615 1.31594 0.855449 0.559406 0.560209 0.33956
internal_count=66 12 54 34 25 18 20 13
is_linear=0
shrinkage=0.05


Tree=179
num_leaves=12
num_cat=0
split_feature=2 9 2 4 2 0 8 5 5 9 10
split_gain=1.51913 1.23386 1.4359 0.528617 0.519217 0.233886 0.00237563 0.00151714 4.05683e-05 8.36412e-06 4.91088e-07
threshold=300.00000000000006 -0.16708397168011488 1650.0000000000002 161.00000000000003 1350.0000000000002 4.4118000000000004 0.85115577981609924 -0.6830127018922193 -0.24999999999999994 -0.27768031003904575 4.5000000000000009
decision_type=2 2 2 2 2 2 2 2 2 2 2
left_child=6 2 3 4 -2 -5 -1 -4 -9 10 -10
right_child=1 -3 7 5 -6 -7 -8 8 9 -11 -12
leaf_value=0.046701499757415756 -0.044912003777144958 -0.062588374798181384 -0.047271684405585095 0.0066063908948217889 0.031512489342409349 0.045526769581117649 0.050891571587383846 -0.043856351699671448 -0.042948157471110388 -0.043399782347328386 -0.043055997219631631
leaf_weight=0.66039910912513711 0.50471848994493518 0.93666605278849591 0.34070143848657553 0.52897579595446576 0.39709002524614334 1.4281399361789224 0.69352775812149048 0.26487078145146314 0.24227412045001928 0.18178303539753105 0.18709735944867134
leaf_count=6 7 6 5 5 3 9 4 5 7 4 5
internal_value=0.00185329 -0.0108409 0.00105175 0.0204128 -0.0112603 0.0350072 0.0488478 -0.0444406 -0.0433395 -0.0431155 -0.0429951
internal_weight=6.36624 5.01232 4.07565 2.85892 0.901809 1.95712 1.35393 1.21673 0.876025 0.611155 0.429371
internal_count=66 56 50 24 10 14 10 26 21 16 12
is_linear=0
shrinkage=0.05


Tree=180
num_leaves=10
num_cat=0
split_feature=12 7 12 7 6 14 8 0 0
split_gain=0.815791 0.695793 0.69784 0.4687 0.46025 0.58239 0.00251025 0.00133894 0.000574642
threshold=11.500000000000002 9.7500000000000018 32.500000000000007 8.6083333333333361 1.0000000180025095e-35 1.0000000180025095e-35 0.96863394805116498 5.0021000000000013 10.363450000000002
decision_type=2 2 2 2 2 2 2 2 2
left_child=3 2 8 -1 -4 6 -6 -3 -2
right_child=1 7 4 -5 5 -7 -8 -9 -10
leaf_value=0.0035299798168159087 -0.046035555967094938 -0.047515646622359214 0.037580713195075902 0.064876046361645276 -0.042856617900673986 0.029821047132437647 -0.050035457006009178 -0.043287524336984712 -0.042784156407830592
leaf_weight=0.51878665573894955 0.30994326621294099 0.54409610107541073 1.305292805656791 0.77872533537447453 0.28535048663616158 0.5178177747875452 0.21242304146289825 0.2854901347309351 0.24199341237545013
leaf_count=5 4 6 8 5 9 5 2 8 8
internal_value=0.00623143 -0.00572473 0.00592309 0.0403479 0.0179405 -0.00730212 -0.0459202 -0.0460606 -0.04461
internal_weight=4.99992 3.70241 2.87282 1.29751 2.32088 1.01559 0.497774 0.829586 0.551937
internal_count=60 50 36 10 24 16 11 14 12
is_linear=0
shrinkage=0.05


Tree=181
num_leaves=9
num_cat=0
split_feature=2 4 14 11 8 2 0 0
split_gain=1.00612 0.326616 0.0794438 0.179855 9.13736e-05 6.51977e-06 1.04824e-05 6.56467e-06
threshold=2300.0000000000005 309.00000000000006 1.0000000180025095e-35 3.5000000000000004 0.94478581029364217 115.00000000000001 1.9456500000000003 4.4709500000000011
decision_type=2 2 2 2 2 2 2 2
left_child=1 4 3 -2 5 -1 -7 -8
right_child=2 -3 -4 -5 -6 6 7 -9
leaf_value=-0.042496690878728247 0.036190596492275275 0.034461095465736842 0.046757487257628093 -0.011346369580724092 -0.043708958871299802 -0.042547983599555472 -0.043100331908786704 -0.042754644021938119
leaf_weight=0.15995561517775081 0.53220586106181123 0.15152934938669194 0.34876289218664169 0.31778643652796745 0.37670269981026649 0.21310082077980042 0.33632341399788857 0.23212223127484322
leaf_count=7 6 2 3 8 8 9 9 8
internal_value=-0.00733207 -0.0350594 0.026663 0.018418 -0.0430508 -0.0427875 -0.0428471 -0.0429592
internal_weight=2.66849 1.46973 1.19876 0.849992 1.3182 0.941502 0.781546 0.568446
internal_count=60 43 17 14 41 33 26 17
is_linear=0
shrinkage=0.05


Tree=182
num_leaves=11
num_cat=0
split_feature=5 2 2 4 8 9 2 2 2 0
split_gain=0.63735 0.513862 0.00352421 1.98465e-06 8.38962e-07 2.16969e-07 5.17523e-08 1.61787e-07 3.29352e-08 1.87757e-09
threshold=-0.24999999999999994 2950.0000000000005 2950.0000000000005 271.00000000000006 0.99342052987049467 -0.69930991848440827 1650.0000000000002 1000.0000000000001 2590.0000000000005 9.1832000000000011
decision_type=2 2 2 2 2 2 2 2 2 2
left_child=1 3 4 -1 5 -2 7 9 -8 -7
right_child=2 -3 -4 -5 -6 6 8 -9 -10 -11
leaf_value=-0.042349756353627144 -0.042070044759099895 0.051269581666252832 -0.050633757698833326 -0.042024420793654614 -0.0422236453573425 -0.041966743718023489 -0.041932649898955038 -0.042077689067017955 -0.041991783387690412 -0.041951637267118827
leaf_weight=0.12637096410617232 0.092500334605574608 0.54731044173240662 0.1748804897069931 0.074520164635032415 0.050958656705915928 0.041837665252387524 0.067689418792724609 0.044459864497184753 0.036107482854276896 0.040461098775267601
leaf_count=8 9 3 1 8 4 5 9 4 4 5
internal_value=-0.0038545 0.0261653 -0.0447747 -0.0422291 -0.0420351 -0.0420054 -0.0419794 -0.0420008 -0.0419532 -0.0419593
internal_weight=1.2971 0.748202 0.548895 0.200891 0.374015 0.323056 0.230556 0.126759 0.103797 0.0822988
internal_count=60 19 41 16 40 36 27 14 13 10
is_linear=0
shrinkage=0.05


Tree=183
num_leaves=11
num_cat=0
split_feature=2 3 4 12 7 2 8 12 3 7
split_gain=1.28565 0.463197 0.207931 0.112512 0.000400861 4.59479e-05 1.55181e-05 8.82498e-06 3.05655e-06 8.56195e-07
threshold=1550.0000000000002 4.5000000000000009 329.50000000000006 32.500000000000007 8.1083333333333361 400.00000000000006 0.87550652062374057 40.000000000000007 5.5000000000000009 9.1416666666666675
decision_type=2 2 2 2 2 2 2 2 2 2
left_child=4 3 6 -2 5 -1 -3 8 -6 -9
right_child=1 2 -4 -5 7 -7 -8 9 -10 -11
leaf_value=-0.044189255786021418 0.05132546172212156 -0.042601577775361263 0.024448587207495057 0.020637362370835285 -0.042756665737982327 -0.045033539725786859 -0.043317940649212926 -0.042594995703578546 -0.043055387841325468 -0.042398387579783453
leaf_weight=0.35741704516112827 0.76388250663876511 0.17759013362228859 0.182035306468606 0.49042876251041889 0.16558912396430969 0.29346397519111633 0.1316338200122118 0.12490551546216011 0.17734226398169994 0.099474677816033363
leaf_count=6 6 7 3 9 6 4 4 5 5 5
internal_value=-0.00430286 0.0232076 -0.0179482 0.0393266 -0.0437231 -0.0445699 -0.0429065 -0.0427516 -0.0429111 -0.0425078
internal_weight=2.96376 1.74557 0.491259 1.25431 1.21819 0.650881 0.309224 0.567312 0.342931 0.22438
internal_count=60 29 14 15 31 10 11 21 11 10
is_linear=0
shrinkage=0.05


Tree=184
num_leaves=10
num_cat=0
split_feature=0 2 0 8 12 0 2 2 3
split_gain=2.35942 0.000954477 5.03992e-05 8.7351e-05 4.47286e-05 1.03903e-05 1.25828e-06 1.75657e-06 3.47584e-07
threshold=1.9456500000000003 1650.0000000000002 5.8354500000000007 0.94478581029364217 11.500000000000002 4.4709500000000011 1550.0000000000002 115.00000000000001 3.5000000000000004
decision_type=2 2 2 2 2 2 2 2 2
left_child=1 -1 3 5 -4 -2 7 -6 -8
right_child=2 -3 4 -5 6 -7 8 -9 -10
leaf_value=0.049278224845653751 -0.043212000249752365 0.046537600822880477 -0.04354232194936411 -0.044289824793055196 -0.042588743035656962 -0.042769059522173268 -0.042499106210339935 -0.042819617952425199 -0.04259952429391637
leaf_weight=0.60154257714748405 0.36111467517912366 0.67326084524393082 0.16433061473071575 0.18904971331357956 0.17673062160611153 0.20903651230037212 0.13747013732790947 0.15432852879166603 0.23094076849520206
leaf_count=4 9 6 4 3 7 7 6 5 9
internal_value=-0.00307597 0.0478308 -0.0430612 -0.0433584 -0.0428 -0.0430496 -0.0426256 -0.0426964 -0.0425621
internal_weight=2.8978 1.2748 1.623 0.759201 0.863801 0.570151 0.69947 0.331059 0.368411
internal_count=60 10 50 19 31 16 27 12 15
is_linear=0
shrinkage=0.05


Tree=185
num_leaves=12
num_cat=0
split_feature=2 5 12 6 9 0 3 6 2 2 10
split_gain=1.88786 0.804033 0.641836 1.0601 0.0771976 0.0108364 0.00209305 0.00160183 7.17891e-05 6.03502e-05 2.27096e-06
threshold=675.00000000000011 0.68301270189221941 20.500000000000004 -0.68301270189221952 1.0000000180025095e-35 5.8354500000000007 5.5000000000000009 1.0000000180025095e-35 2300.0000000000005 1650.0000000000002 4.5000000000000009
decision_type=2 2 2 2 2 2 2 2 2 2 2
left_child=1 5 4 -4 8 -1 -7 -5 -2 -9 -11
right_child=2 -3 3 7 -6 6 -8 9 -10 10 -12
leaf_value=0.056282293821745238 -0.044732782786720604 -0.01006239852960315 0.027960437355803461 -0.048033120383572409 -0.071666299884027534 0.046592110504284599 0.050742553367319511 -0.043842116825614036 -0.043653410394567618 -0.042831092314211068 -0.043067492341701631
leaf_weight=0.63318979740142856 0.32858721911907218 0.75530727207660664 1.0315551832318308 0.24135079979896534 0.43768477439880371 0.75288481265306451 0.50920581817626953 0.33836574107408524 0.29001044481992722 0.22145658917725086 0.18769347295165062
leaf_count=3 5 5 8 3 2 7 3 6 6 7 5
internal_value=0.00263209 0.0335601 -0.0240125 -0.00750016 -0.0555967 0.0509446 0.0482667 -0.0444916 -0.0442268 -0.0433481 -0.0429395
internal_weight=5.72729 2.65059 3.0767 2.02042 1.05628 1.89528 1.26209 0.988867 0.618598 0.747516 0.40915
internal_count=60 18 42 29 13 13 10 21 11 18 12
is_linear=0
shrinkage=0.05


Tree=186
num_leaves=12
num_cat=0
split_feature=7 5 0 8 2 2 4 7 2 8 0
split_gain=0.841317 0.926807 0.434198 0.681433 0.337875 0.437479 0.157341 0.000805903 7.19275e-05 7.24352e-06 1.0611e-06
threshold=16.750000000000004 0.68301270189221941 4.5639000000000012 0.80625269229011354 1250.0000000000002 1350.0000000000002 161.00000000000003 7.6500000000000012 2950.0000000000005 0.94478581029364217 10.363450000000002
decision_type=2 2 2 2 2 2 2 2 2 2 2
left_child=1 2 3 6 -3 -6 -1 -4 10 -7 -9
right_child=-2 4 7 -5 5 9 -8 8 -10 -11 -12
leaf_value=-0.0052936829823867449 0.082454572517906555 0.043839685889298902 -0.046017376000549975 0.031005055478079014 0.046979435366304174 -0.043168068422542637 -0.047082317931172006 -0.042563398041526715 -0.043942898029200539 -0.042681239747277555 -0.042753126923641277
leaf_weight=0.36061859503388427 0.33593650348484505 1.1936187259852884 0.50225491635501374 0.80337075516581535 0.24071618914604176 0.16956987045705318 0.60005852207541466 0.14773847162723541 0.17276125773787498 0.13907426409423351 0.14703804068267345
leaf_count=5 3 7 7 5 2 5 7 6 3 5 5
internal_value=0.00613972 0.000413117 -0.017752 -0.00297758 0.0289049 -0.0035444 -0.0313957 -0.0446267 -0.0431328 -0.0429487 -0.042658
internal_weight=4.81276 4.47682 2.73384 1.76405 1.74298 0.54936 0.960677 0.969793 0.467538 0.308644 0.294777
internal_count=60 57 38 17 19 12 12 21 14 10 11
is_linear=0
shrinkage=0.05


Tree=187
num_leaves=10
num_cat=0
split_feature=2 5 14 11 7 12 14 11 9
split_gain=0.934097 0.104199 0.0782883 0.161013 5.40044e-05 6.41421e-06 4.63253e-06 2.51787e-06 1.85869e-06
threshold=2300.0000000000005 -0.5 1.0000000180025095e-35 3.5000000000000004 7.0750000000000011 40.000000000000007 1.0000000180025095e-35 6.5000000000000009 -0.49524719222984687
decision_type=2 2 2 2 2 2 2 2 2
left_child=1 -1 3 -2 -3 6 7 -6 -7
right_child=2 4 -4 -5 5 8 -8 -9 -10
leaf_value=-0.011173452051549746 0.034916454151394168 -0.043599549132713716 0.046467215693758057 -0.010832325453618952 -0.043068261204219416 -0.042664193533799168 -0.042580778207679942 -0.042800052007137816 -0.042426411512787206
leaf_weight=0.34466565586626519 0.51140688918530919 0.22764175012707732 0.33279608190059662 0.30825404822826385 0.18069011904299259 0.18675108626484871 0.12214068509638309 0.16967084631323814 0.14677649363875389
leaf_count=8 6 5 3 8 5 7 5 6 7
internal_value=-0.00720494 -0.0349811 0.0260153 0.0177115 -0.0429195 -0.0427274 -0.0428459 -0.0429384 -0.0425596
internal_weight=2.53079 1.37834 1.15246 0.819661 1.03367 0.806029 0.472502 0.350361 0.333528
internal_count=60 43 17 14 35 30 16 11 14
is_linear=0
shrinkage=0.05


Tree=188
num_leaves=13
num_cat=0
split_feature=12 2 2 2 9 7 0 12 2 6 7 14
split_gain=0.6495 0.123911 0.292197 0.00286822 2.2001e-06 1.39382e-06 2.2739e-06 1.99383e-07 1.70506e-07 1.62362e-07 9.44676e-08 3.08252e-08
threshold=20.500000000000004 3350.0000000000005 2950.0000000000005 2950.0000000000005 1.0000000180025095e-35 7.4000000000000012 10.361300000000002 40.000000000000007 1350.0000000000002 0.25000000000000017 8.4166666666666696 1.0000000180025095e-35
decision_type=2 2 2 2 2 2 2 2 2 2 2 2
left_child=1 2 4 5 8 6 -2 9 -1 -7 -9 -12
right_child=3 -3 -4 -5 -6 7 -8 10 -10 -11 11 -13
leaf_value=-0.042046333616668652 -0.042390370713568937 0.050213397399225784 0.051033555652193231 -0.049937219626978342 -0.042381112246136436 -0.042099881209983175 -0.041961620723734785 -0.042013548663420788 -0.041914868035909922 -0.041970468895881817 -0.041904942893054881 -0.041958342411175374
leaf_weight=0.05965064512565732 0.067323653493076563 0.33895666897296906 0.17982649803161621 0.16582724452018738 0.056503497064113617 0.057016941718757153 0.05719784926623106 0.046965834684669971 0.042049682699143887 0.042156649753451347 0.060574187897145748 0.048795766197144985
leaf_count=6 4 2 1 1 3 5 7 5 6 5 9 6
internal_value=-0.0038693 0.0288515 0.00743101 -0.0444504 -0.042131 -0.0420563 -0.0421934 -0.0419894 -0.041992 -0.0420449 -0.0419542 -0.0419288
internal_weight=1.22285 0.676987 0.33803 0.545858 0.158204 0.380031 0.124522 0.255509 0.1017 0.0991736 0.156336 0.10937
internal_count=60 18 16 42 15 41 11 30 12 10 20 15
is_linear=0
shrinkage=0.05


Tree=189
num_leaves=10
num_cat=0
split_feature=2 0 0 9 5 12 9 12 2
split_gain=1.18956 1.21952 0.000360001 2.53357e-05 1.46417e-05 5.24234e-06 1.36054e-06 1.03263e-06 2.16743e-07
threshold=1550.0000000000002 10.654750000000002 10.654750000000002 -0.27768031003904575 -0.6830127018922193 40.000000000000007 -0.49524719222984687 27.500000000000004 1000.0000000000001
decision_type=2 2 2 2 2 2 2 2 2
left_child=2 4 3 5 -2 7 -6 -1 -7
right_child=1 -3 -4 -5 6 8 -8 -9 -10
leaf_value=-0.042685919664082236 -0.043122524088326238 0.050633488559462064 -0.044617086682215423 -0.0433827555741177 -0.042642452565823358 -0.04251024191311252 -0.042443929120869861 -0.042877881764533339 -0.042409246194583451
leaf_weight=0.12774676084518433 0.15087700635194767 1.1669219508767126 0.4913499653339386 0.15478933416306995 0.15654815733432759 0.11337689124047756 0.1923356093466283 0.15513451583683491 0.099957918748259544
leaf_count=5 5 9 7 4 6 5 9 5 5
internal_value=-0.00429378 0.0226438 -0.0435954 -0.0428243 -0.042711 -0.0426501 -0.042533 -0.0427912 -0.0424629
internal_weight=2.80904 1.66668 1.14236 0.651005 0.499761 0.496216 0.348884 0.282881 0.213335
internal_count=60 29 31 24 20 20 15 10 10
is_linear=0
shrinkage=0.05


Tree=190
num_leaves=10
num_cat=0
split_feature=0 2 2 2 0 5 5 3 3
split_gain=2.1943 0.000787436 4.22418e-05 0.000105712 1.63982e-05 4.97167e-06 1.64237e-06 2.03662e-07 1.1867e-07
threshold=1.9456500000000003 1650.0000000000002 1855.0000000000002 1350.0000000000002 4.4709500000000011 0.68301270189221941 -0.24999999999999994 3.5000000000000004 5.5000000000000009
decision_type=2 2 2 2 2 2 2 2 2
left_child=1 -1 3 4 -2 8 -4 -8 -6
right_child=2 -3 6 -5 5 -7 7 -9 -10
leaf_value=0.048733602005448469 -0.043127932977471008 0.046171743805860511 -0.042683701880118399 -0.044014808541961076 -0.042516136949741275 -0.042872720243099176 -0.042444873653803811 -0.042532323058643816 -0.042580784550669507
leaf_weight=0.57034979015588783 0.34267131052911259 0.63266833871603012 0.16535569541156292 0.26321855373680592 0.16334440000355244 0.19156897068023682 0.15039465948939312 0.11946596950292587 0.125546520575881
leaf_count=4 9 6 6 5 7 6 7 5 5
internal_value=-0.00307716 0.0473863 -0.0429758 -0.0431426 -0.0428637 -0.0426752 -0.0425596 -0.0424836 -0.0425442
internal_weight=2.72458 1.20302 1.52157 1.08635 0.823131 0.48046 0.435216 0.269861 0.288891
internal_count=60 10 50 32 27 18 18 12 12
is_linear=0
shrinkage=0.05


Tree=191
num_leaves=12
num_cat=0
split_feature=2 5 12 6 2 2 3 6 0 2 10
split_gain=1.71228 0.741838 0.595942 0.980523 0.094677 0.00811469 0.00175993 0.00135458 0.00038424 4.7966e-05 2.22415e-06
threshold=675.00000000000011 0.68301270189221941 20.500000000000004 -0.68301270189221952 825.00000000000011 300.00000000000006 5.5000000000000009 1.0000000180025095e-35 11.100500000000002 1650.0000000000002 4.5000000000000009
decision_type=2 2 2 2 2 2 2 2 2 2 2
left_child=1 5 4 -4 -2 6 -1 -5 -6 -9 -11
right_child=2 -3 3 7 8 -7 -8 9 -10 10 -12
leaf_value=0.046175080773330129 -0.078268428247867644 -0.009426799377034745 0.026854140519330844 -0.047660029445109643 -0.043653332327482072 0.054907861518041293 0.050096209876015631 -0.043684881257035374 -0.046011373146279143 -0.042740552129835158 -0.042982302043865772
leaf_weight=0.70101704448461555 0.29874372482299827 0.73767972737550724 1.0112142413854597 0.22902764007449139 0.39925022050738335 0.60123957693576802 0.48355654627084732 0.31617023795843124 0.30453209578990936 0.20527048595249653 0.17733671888709068
leaf_count=7 1 5 8 3 8 3 3 6 4 7 5
internal_value=0.00253652 0.0327533 -0.0233858 -0.00720351 -0.0546846 0.0501769 0.0477757 -0.0443229 -0.0446737 -0.0432292 -0.0428526
internal_weight=5.46504 2.52349 2.94155 1.93902 1.00253 1.78581 1.18457 0.927805 0.703782 0.698777 0.382607
internal_count=60 18 42 29 13 13 10 21 12 18 12
is_linear=0
shrinkage=0.05


Tree=192
num_leaves=12
num_cat=0
split_feature=7 5 0 7 2 2 6 7 2 8 0
split_gain=0.702215 0.835805 0.414875 0.615295 0.293515 0.401092 0.158215 0.000682152 5.56572e-05 5.71678e-06 9.32789e-07
threshold=16.750000000000004 0.68301270189221941 4.5639000000000012 8.4166666666666696 1250.0000000000002 1350.0000000000002 -0.9330127018922193 7.6500000000000012 2950.0000000000005 0.94478581029364217 10.363450000000002
decision_type=2 2 2 2 2 2 2 2 2 2 2
left_child=1 2 3 -1 -3 -6 -5 -4 10 -7 -9
right_child=-2 4 7 6 5 9 -8 8 -10 -11 -12
leaf_value=0.029939761137116189 0.074717832905249554 0.042038590930840419 -0.045762070101492677 -0.0030528746835794276 0.046522225097120638 -0.043047869982348864 -0.046192079846301783 -0.042493127871250126 -0.043758976911134249 -0.042597770881726817 -0.042677656125984731
leaf_weight=0.78359410911798499 0.34456847608089436 1.1599640920758245 0.4739206489175557 0.33515279367566109 0.22434597462415684 0.15698007121682167 0.58097587525844574 0.13659706525504589 0.16015856713056564 0.12812614068388939 0.13734647072851658
leaf_count=5 3 7 7 3 2 5 9 6 3 5 5
internal_value=0.00605166 0.000519904 -0.0171647 -0.00258809 0.0281444 -0.00349095 -0.0304102 -0.0444505 -0.0430185 -0.0428456 -0.0425856
internal_weight=4.62173 4.27716 2.60775 1.69972 1.66942 0.509452 0.916129 0.908023 0.434102 0.285106 0.273944
internal_count=60 57 38 17 19 12 12 21 14 10 11
is_linear=0
shrinkage=0.05


Tree=193
num_leaves=11
num_cat=0
split_feature=0 0 7 6 4 9 4 11 2 3
split_gain=0.867825 1.01744 6.75512e-05 1.03983e-05 6.12301e-06 3.19521e-06 3.11512e-06 2.26906e-06 1.19692e-06 2.33616e-07
threshold=10.361300000000002 10.654750000000002 7.4000000000000012 0.6830127018922193 161.00000000000003 -0.49524719222984687 200.00000000000003 6.5000000000000009 2300.0000000000005 3.5000000000000004
decision_type=2 2 2 2 2 2 2 2 2 2
left_child=2 -2 -1 8 5 7 -6 -4 -3 -7
right_child=1 3 4 -5 6 9 -8 -9 -10 -11
leaf_value=-0.043727239702776782 0.047880403125984974 -0.042775161478985656 -0.042817403666900948 -0.043208084815389548 -0.042950537040737771 -0.042344029043349184 -0.042653789219292804 -0.042520219940180813 -0.042581909482091798 -0.042454094608899304
leaf_weight=0.18308065086603198 0.94331762194633462 0.17656482756137848 0.11995818465948116 0.13637113198637962 0.19930247962474823 0.11306593939661969 0.15898624248802662 0.13825805485248566 0.14668838307261467 0.084047164767980576
leaf_count=4 8 6 4 4 6 6 6 6 6 4
internal_value=-0.00718556 0.0181584 -0.0428595 -0.0428419 -0.0426642 -0.0425426 -0.0428189 -0.0426583 -0.0426875 -0.042391
internal_weight=2.39964 1.40294 0.996699 0.459624 0.813618 0.455329 0.358289 0.258216 0.323253 0.197113
internal_count=60 24 36 16 32 20 12 10 12 10
is_linear=0
shrinkage=0.05


Tree=194
num_leaves=13
num_cat=0
split_feature=12 2 2 2 9 8 0 12 2 6 8 14
split_gain=0.601488 0.113095 0.270538 0.00231285 1.93975e-06 1.22992e-06 1.99893e-06 1.83249e-07 1.43517e-07 1.32343e-07 8.013e-08 2.69166e-08
threshold=20.500000000000004 3350.0000000000005 2950.0000000000005 2950.0000000000005 1.0000000180025095e-35 0.94478581029364217 10.361300000000002 40.000000000000007 1350.0000000000002 0.25000000000000017 0.80625269229011354 1.0000000180025095e-35
decision_type=2 2 2 2 2 2 2 2 2 2 2 2
left_child=1 2 4 5 8 7 -7 9 -1 -2 11 -9
right_child=3 -3 -4 -5 -6 6 -8 10 -10 -11 -12 -13
leaf_value=-0.042020948356880854 -0.042074791299143273 0.049488516412743259 0.050295806343559672 -0.049316329800529274 -0.042346137377768406 -0.042356301023473916 -0.041941137924008172 -0.041886247593073515 -0.041895641564992279 -0.041954586579293192 -0.041990467807125842 -0.041938082526589822
leaf_weight=0.055529451463371515 0.053800894413143396 0.31936267018318176 0.17055872082710266 0.15726456046104431 0.05355488695204258 0.06361400568857789 0.053274218458682299 0.05587793467566371 0.038828460965305567 0.039864658378064632 0.043731607962399721 0.045387312769889832
leaf_count=6 5 2 1 1 3 4 7 9 6 5 5 6
internal_value=-0.00395065 0.0284638 0.00738026 -0.0442674 -0.0421058 -0.0420342 -0.0421671 -0.0419691 -0.0419694 -0.0420236 -0.0419339 -0.0419095
internal_weight=1.15065 0.637834 0.318472 0.512815 0.147913 0.355551 0.116888 0.238662 0.0943579 0.0936656 0.144997 0.101265
internal_count=60 18 16 42 15 41 11 30 12 10 20 15
is_linear=0
shrinkage=0.05


Tree=195
num_leaves=10
num_cat=0
split_feature=2 0 0 9 5 12 7 9 6
split_gain=1.10131 1.12474 0.000282133 2.2602e-05 1.29365e-05 4.52792e-06 1.24825e-06 1.21121e-06 1.87302e-07
threshold=1550.0000000000002 10.654750000000002 10.654750000000002 -0.27768031003904575 -0.6830127018922193 40.000000000000007 10.508333333333335 -0.49524719222984687 0.25000000000000017
decision_type=2 2 2 2 2 2 2 2 2
left_child=2 4 3 5 -2 6 -1 -6 -7
right_child=1 -3 -4 -5 7 8 -8 -9 -10
leaf_value=-0.042818492458960779 -0.043046661379185384 0.049957154097331771 -0.044399808180932691 -0.043300118266944521 -0.042580355485788215 -0.042453495110513224 -0.04260034166143261 -0.042386581819130131 -0.042356249734902214
leaf_weight=0.14929131232202053 0.14146407693624485 1.0999743193387983 0.45813797041773796 0.14651601575315021 0.14695081487298001 0.10393613670021296 0.11693520098924637 0.17872487567365181 0.094569186680018902
leaf_count=5 5 9 7 4 6 5 5 9 5
internal_value=-0.00434215 0.0223527 -0.0434617 -0.0427586 -0.0426474 -0.0425879 -0.0427227 -0.042474 -0.0424072
internal_weight=2.6365 1.56711 1.06939 0.611248 0.46714 0.464732 0.266227 0.325676 0.198505
internal_count=60 29 31 24 20 20 10 15 10
is_linear=0
shrinkage=0.05


Tree=196
num_leaves=10
num_cat=0
split_feature=0 2 2 2 0 5 3 3 7
split_gain=2.0414 0.00066528 3.69126e-05 9.13056e-05 1.35802e-05 4.56354e-06 1.29129e-06 1.25093e-07 1.26544e-08
threshold=1.9456500000000003 1650.0000000000002 1855.0000000000002 1350.0000000000002 4.4709500000000011 0.68301270189221941 6.5000000000000009 5.5000000000000009 7.4000000000000012
decision_type=2 2 2 2 2 2 2 2 2
left_child=1 -1 3 4 -2 7 8 -6 -4
right_child=2 -3 6 -5 5 -7 -8 -9 -10
leaf_value=0.048263141039278624 -0.043035601237337934 0.045838634339074605 -0.042416267363870108 -0.043886558470989968 -0.042448980085658901 -0.042804068570622744 -0.042582913662212563 -0.042517849045973256 -0.042391359406638629
leaf_weight=0.54001834988594077 0.32193671725690343 0.59435217082500458 0.10394992306828488 0.25050571374595165 0.15087569691240788 0.18095412850379944 0.19962676428258419 0.1171215083450079 0.10009296983480453
leaf_count=4 9 6 5 5 7 6 8 5 5
internal_value=-0.00305696 0.0469928 -0.0428973 -0.0430573 -0.0427878 -0.0426101 -0.0424925 -0.0424791 -0.042404
internal_weight=2.55943 1.13437 1.42506 1.02139 0.770888 0.448951 0.40367 0.267997 0.204043
internal_count=60 10 50 32 27 18 18 12 10
is_linear=0
shrinkage=0.05


Tree=197
num_leaves=12
num_cat=0
split_feature=2 5 12 6 2 0 3 6 0 2 10
split_gain=1.56691 0.682926 0.541115 0.891967 0.0696867 0.00695625 0.00135456 0.00115418 0.000319047 3.9654e-05 1.85411e-06
threshold=675.00000000000011 0.68301270189221941 20.500000000000004 -0.68301270189221952 825.00000000000011 5.8354500000000007 5.5000000000000009 1.0000000180025095e-35 11.100500000000002 1650.0000000000002 4.5000000000000009
decision_type=2 2 2 2 2 2 2 2 2 2 2
left_child=1 5 4 -4 -2 -1 -7 -5 -6 -9 -11
right_child=2 -3 3 7 8 6 -8 9 -10 10 -12
leaf_value=0.054035682118230413 -0.073727910218302606 -0.0084541901503727267 0.025254348785808026 -0.047333309066693807 -0.043495546604222585 0.045802682784083143 0.049357372877069212 -0.043547376106029011 -0.045719503494097591 -0.042657481620777406 -0.042886426460394186
leaf_weight=0.57523252815008197 0.29490795731544528 0.72554759681224812 0.99070383235812198 0.21655832789838281 0.3701762929558754 0.65421529114246346 0.45396943390369415 0.29594226181507111 0.28575210459530354 0.19026438146829605 0.16523035243153572
leaf_count=3 1 5 8 3 8 7 3 6 4 7 5
internal_value=0.00250869 0.0320971 -0.0228611 -0.00716667 -0.0535407 0.0495745 0.0472589 -0.0441711 -0.0444644 -0.0431198 -0.0427639
internal_weight=5.2185 2.40896 2.80954 1.8587 0.950836 1.68342 1.10818 0.867995 0.655928 0.651437 0.355495
internal_count=60 18 42 29 13 13 10 21 12 18 12
is_linear=0
shrinkage=0.05


Tree=198
num_leaves=11
num_cat=0
split_feature=2 2 5 7 9 12 2 2 5 2
split_gain=0.617633 0.68296 0.581466 0.646646 0.909949 0.647914 6.2746e-05 3.60324e-05 7.0967e-07 5.31493e-08
threshold=1855.0000000000002 300.00000000000006 0.68301270189221941 7.0750000000000011 -0.35824514579943006 56.000000000000007 115.00000000000001 2950.0000000000005 -0.24999999999999994 2590.0000000000005
decision_type=2 2 2 2 2 2 2 2 2 2
left_child=1 6 3 -3 5 -5 -1 8 -2 -10
right_child=7 2 -4 4 -6 -7 -8 -9 9 -11
leaf_value=-0.043167797097863475 -0.042669947564273669 -0.047811675826796601 0.048258041636685241 -0.047013811243303366 0.06970838611332858 0.02897884855076413 -0.04432996591903008 -0.043450167295827159 -0.042507908807043769 -0.042553113426255243
leaf_weight=0.23500279150903258 0.13560018129646778 0.45354155078530389 1.2355293296277521 0.53299708664417311 0.5884789898991577 0.59205460548400879 0.22962569445371628 0.16830526478588581 0.13953752256929863 0.12176603451371193
leaf_count=8 5 5 8 5 3 7 4 4 6 5
internal_value=0.00598421 0.0131196 0.0208841 0.00527725 0.019329 -0.00702293 -0.0437422 -0.0428371 -0.0425771 -0.042529
internal_weight=4.43244 3.86723 3.4026 2.16707 1.71353 1.12505 0.464628 0.565209 0.396904 0.261304
internal_count=60 40 28 20 15 12 12 20 16 11
is_linear=0
shrinkage=0.05


Tree=199
num_leaves=9
num_cat=0
split_feature=0 0 7 12 12 11 3 9
split_gain=0.806576 0.934493 5.93954e-05 9.23365e-06 5.04953e-06 2.77555e-06 2.73158e-06 1.41361e-06
threshold=10.361300000000002 10.654750000000002 7.4000000000000012 12.500000000000002 40.000000000000007 6.5000000000000009 2.5000000000000004 -0.49524719222984687
decision_type=2 2 2 2 2 2 2 2
left_child=2 -2 -1 -3 5 -4 -5 -6
right_child=1 3 4 6 7 -7 -8 -9
leaf_value=-0.043625512417888944 0.047369596165114353 -0.043111644228863148 -0.042840564852294927 -0.042392146786083031 -0.042545457655699372 -0.042584376095509309 -0.04271256410002941 -0.042339124760490218
leaf_weight=0.17308654636144671 0.88377285003662087 0.12858186289668083 0.21446030214428902 0.10029604844748974 0.18902643769979477 0.2085149809718132 0.19748678803443909 0.1480083130300045
leaf_count=4 8 4 7 5 8 9 7 8
internal_value=-0.00726325 0.0180391 -0.0427896 -0.0427575 -0.0425992 -0.0427143 -0.0426046 -0.0424548
internal_weight=2.24323 1.31014 0.933097 0.426365 0.76001 0.422975 0.297783 0.337035
internal_count=60 24 36 16 32 16 12 16
is_linear=0
shrinkage=0.05


Tree=200
num_leaves=12
num_cat=0
split_feature=12 12 4 5 9 7 0 12 6 7 14
split_gain=0.552501 0.0983068 0.181478 0.00167182 1.36046e-06 1.21549e-06 1.63109e-06 1.61479e-07 1.11287e-07 6.80167e-08 2.32371e-08
threshold=20.500000000000004 15.500000000000002 200.00000000000003 0.93301270189221952 -0.11318597237013776 7.4000000000000012 10.381750000000002 40.000000000000007 0.25000000000000017 8.4166666666666696 1.0000000180025095e-35
decision_type=2 2 2 2 2 2 2 2 2 2 2
left_child=1 2 4 5 -1 6 -2 8 -7 -9 -11
right_child=3 -3 -4 -5 -6 7 -8 9 -10 10 -12
leaf_value=-0.041964328087960814 -0.042324597770411983 0.047127447519454913 0.039648703363281745 -0.048322450141568232 -0.042316557040613212 -0.042050488062374325 -0.041917132424200428 -0.041969084057165408 -0.041936630252596307 -0.041869192815384842 -0.041919221622919715
leaf_weight=0.06841882923617959 0.060164465568959713 0.31614235509186983 0.16744026588276029 0.15544981462880969 0.045742614194750786 0.050680133048444986 0.041502755135297775 0.040728327352553606 0.037225039675831795 0.051589873619377613 0.042192930821329355
leaf_count=9 4 3 3 2 3 5 6 5 5 9 6
internal_value=-0.00408172 0.0279902 0.00650553 -0.0440597 -0.0421055 -0.042015 -0.0421583 -0.0419496 -0.0420023 -0.0419151 -0.0418917
internal_weight=1.07728 0.597744 0.281602 0.479533 0.114161 0.324084 0.101667 0.222416 0.0879052 0.134511 0.0937828
internal_count=60 18 15 42 12 40 10 30 10 20 15
is_linear=0
shrinkage=0.05


Tree=201
num_leaves=10
num_cat=0
split_feature=2 0 0 9 5 12 9 12 6
split_gain=1.01739 1.03172 0.00022126 2.01437e-05 1.1718e-05 3.87443e-06 1.03425e-06 8.73341e-07 1.91177e-07
threshold=1550.0000000000002 10.654750000000002 10.654750000000002 -0.27768031003904575 -0.6830127018922193 40.000000000000007 -0.49524719222984687 27.500000000000004 0.25000000000000017
decision_type=2 2 2 2 2 2 2 2 2
left_child=2 4 3 5 -2 7 -6 -1 -7
right_child=1 -3 -4 -5 6 8 -8 -9 -10
leaf_value=-0.042553254388226658 -0.042977438501940357 0.049321912690618107 -0.04419988014483494 -0.043221598342238474 -0.042515097406943106 -0.042403956847830757 -0.042329057399369555 -0.042741192890014497 -0.042302081182509506
leaf_weight=0.1112862816080451 0.13253252021968354 1.0300106778740881 0.42701767012476921 0.1386169455945494 0.13657847233116616 0.097387747839093208 0.16490486823022377 0.13905264437198639 0.08735925704240799
leaf_count=5 5 9 7 4 6 5 9 5 5
internal_value=-0.00448325 0.0220756 -0.0433381 -0.0426967 -0.0425856 -0.0425295 -0.0424133 -0.0426576 -0.0423558
internal_weight=2.46475 1.46403 1.00072 0.573703 0.434016 0.435086 0.301483 0.250339 0.184747
internal_count=60 29 31 24 20 20 15 10 10
is_linear=0
shrinkage=0.05


Tree=202
num_leaves=10
num_cat=0
split_feature=0 2 2 2 0 5 3 3 7
split_gain=1.8887 0.000536341 3.24887e-05 7.91205e-05 1.11518e-05 4.17942e-06 1.03291e-06 1.27594e-07 8.91917e-09
threshold=1.9456500000000003 1650.0000000000002 1855.0000000000002 1350.0000000000002 4.4709500000000011 0.68301270189221941 6.5000000000000009 5.5000000000000009 7.4000000000000012
decision_type=2 2 2 2 2 2 2 2 2
left_child=1 -1 3 4 -2 7 8 -6 -4
right_child=2 -3 6 -5 5 -7 -8 -9 -10
leaf_value=0.047752540344401358 -0.042948106373440556 0.045502948588356955 -0.042355126996505822 -0.043768931324260962 -0.04238708480774369 -0.042740026725205167 -0.042510935220461551 -0.042459275017938121 -0.042333350381725622
leaf_weight=0.50759437680244468 0.30221062526106812 0.5542815700173378 0.095745747908949852 0.23734704218804836 0.13931680284440517 0.17090204171836376 0.18447650596499443 0.10917472280561924 0.092394452542066574
leaf_count=4 9 6 5 5 7 6 8 5 5
internal_value=-0.00315924 0.0465783 -0.0428231 -0.042977 -0.0427166 -0.0425497 -0.0424269 -0.0424188 -0.0423444
internal_weight=2.39344 1.06188 1.33157 0.958951 0.721604 0.419394 0.372617 0.248492 0.18814
internal_count=60 10 50 32 27 18 18 12 10
is_linear=0
shrinkage=0.05


Tree=203
num_leaves=10
num_cat=0
split_feature=2 12 2 3 7 2 5 2 11
split_gain=1.45696 0.872849 0.89153 0.44121 0.0412959 0.000843367 0.000836677 0.000558106 1.09807e-05
threshold=300.00000000000006 20.500000000000004 1550.0000000000002 6.5000000000000009 16.750000000000004 1855.0000000000002 -0.6830127018922193 115.00000000000001 1.5000000000000002
decision_type=2 2 2 2 2 2 2 2 2
left_child=7 4 3 -3 5 -2 -4 -1 -8
right_child=1 2 6 -5 -6 -7 8 -9 -10
leaf_value=0.046379202198120771 -0.046711549988135946 -0.007095082548984351 -0.046606061386669957 0.042287779913998187 -0.066798864573846928 -0.043170146074580452 -0.042660623491105006 0.048450141121211467 -0.043137232737751732
leaf_weight=0.77394465357065179 0.46789326518774055 0.80619342625141177 0.22574347630143177 1.0304061546921728 0.32788098976016045 0.2623930387198925 0.18860365264117696 0.56125166267156601 0.33640086092054844
leaf_count=8 5 8 4 6 2 7 7 4 9
internal_value=0.00256534 -0.0138006 0.0018456 0.0206107 -0.0520576 -0.0454391 -0.0440605 0.0472497 -0.042966
internal_weight=4.98071 3.64551 2.58735 1.8366 1.05817 0.730286 0.750748 1.3352 0.525005
internal_count=60 48 34 14 14 12 20 12 16
is_linear=0
shrinkage=0.05


Tree=204
num_leaves=10
num_cat=0
split_feature=4 2 12 7 2 2 2 2 12
split_gain=0.569254 0.481743 0.412836 0.634041 0.360102 0.0891059 0.00127771 2.07335e-05 8.10778e-08
threshold=271.00000000000006 1855.0000000000002 11.500000000000002 10.508333333333335 400.00000000000006 1350.0000000000002 1350.0000000000002 2950.0000000000005 50.000000000000007
decision_type=2 2 2 2 2 2 2 2 2
left_child=1 2 -1 4 -4 -6 -2 8 -3
right_child=6 7 3 -5 5 -7 -8 -9 -10
leaf_value=0.04498118787583083 -0.04796039499181505 -0.042442289946084594 -0.016367815973173914 -0.046100612726072104 0.043734581503653669 0.018230265397806526 -0.042798787640783327 -0.04329697217432632 -0.042500268771161392
leaf_weight=1.0188919547945268 0.22838936001062382 0.10749124363064755 0.51045863516628776 0.45541848801076401 0.79233713075518586 0.60317327827215195 0.25238922610878944 0.11165465787053108 0.13733977265655994
leaf_count=7 2 5 9 7 6 6 9 3 6
internal_value=0.00596088 0.0125499 0.0183799 0.00690203 0.0195667 0.032711 -0.0452508 -0.0427323 -0.0424748
internal_weight=4.21754 3.73677 3.38028 2.36139 1.90597 1.39551 0.480779 0.356486 0.244831
internal_count=60 49 35 28 21 12 11 14 11
is_linear=0
shrinkage=0.05


Tree=205
num_leaves=9
num_cat=0
split_feature=0 0 7 12 12 11 3 9
split_gain=0.745725 0.856877 4.77797e-05 7.94888e-06 4.54653e-06 2.64888e-06 2.14461e-06 1.21115e-06
threshold=10.361300000000002 10.654750000000002 7.4000000000000012 12.500000000000002 40.000000000000007 6.5000000000000009 2.5000000000000004 -0.49524719222984687
decision_type=2 2 2 2 2 2 2 2
left_child=2 -2 -1 -3 5 -4 -5 -6
right_child=1 3 4 6 7 -7 -8 -9
leaf_value=-0.043491044612139131 0.046890937911076028 -0.043017463139889099 -0.042777858026802271 -0.042333705606095014 -0.042483324871235462 -0.042519348674294438 -0.042629270861588825 -0.042284778319811075
leaf_weight=0.16200962290167842 0.82400565594434716 0.12008466571569443 0.20297856442630291 0.092480285093188286 0.17578850127756596 0.19361982680857182 0.18246380239725113 0.13641330786049366
leaf_count=4 8 4 7 5 8 9 7 8
internal_value=-0.00737782 0.017866 -0.0427164 -0.0426781 -0.0425393 -0.0426517 -0.0425299 -0.0423966
internal_weight=2.08984 1.21903 0.87081 0.395029 0.7088 0.396598 0.274944 0.312202
internal_count=60 24 36 16 32 16 12 16
is_linear=0
shrinkage=0.05


Tree=206
num_leaves=11
num_cat=0
split_feature=5 2 2 4 8 9 2 2 3 0
split_gain=0.456341 0.378624 0.00138905 1.21025e-06 4.12253e-07 1.10183e-07 3.22759e-08 8.87762e-08 1.61409e-08 3.59424e-09
threshold=-0.24999999999999994 2950.0000000000005 2950.0000000000005 271.00000000000006 0.99342052987049467 -0.69930991848440827 1650.0000000000002 1000.0000000000001 2.5000000000000004 9.1832000000000011
decision_type=2 2 2 2 2 2 2 2 2 2
left_child=1 3 4 -1 5 -2 7 9 -8 -7
right_child=2 -3 -4 -5 -6 6 8 -9 -10 -11
leaf_value=-0.042227522467257778 -0.041976719389038263 0.04842996017085445 -0.04806388439452141 -0.04193793761023798 -0.042099611083016762 -0.041897607690384094 -0.041855054632725812 -0.04198647062257066 -0.041900885459399809 -0.041873364805303903
leaf_weight=0.1015888312831521 0.070674287155270576 0.43187357485294342 0.13845977187156677 0.055951070971786976 0.038820853922516108 0.031795430462807417 0.037594540044665337 0.03424719488248229 0.039287101477384567 0.029450281523168087
leaf_count=8 9 3 1 8 4 5 7 4 6 5
internal_value=-0.00415905 0.0242263 -0.0439628 -0.0421247 -0.0419483 -0.0419241 -0.0419026 -0.041922 -0.0418785 -0.041886
internal_weight=1.00974 0.589413 0.420329 0.15754 0.28187 0.243049 0.172375 0.0954929 0.0768816 0.0612457
internal_count=60 19 41 16 40 36 27 14 13 10
is_linear=0
shrinkage=0.05


Tree=207
num_leaves=10
num_cat=0
split_feature=2 0 0 9 5 12 9 12 2
split_gain=0.94038 0.944755 0.000171484 1.7173e-05 9.19782e-06 3.46314e-06 8.95851e-07 8.94234e-07 9.19801e-08
threshold=1550.0000000000002 10.654750000000002 10.654750000000002 -0.27768031003904575 -0.6830127018922193 40.000000000000007 -0.49524719222984687 27.500000000000004 1000.0000000000001
decision_type=2 2 2 2 2 2 2 2 2
left_child=2 4 3 5 -2 7 -6 -1 -7
right_child=1 -3 -4 -5 6 8 -8 -9 -10
leaf_value=-0.042490224316089162 -0.042877290170055801 0.048730150139839092 -0.044006654089571454 -0.043134300996328111 -0.042455928110165367 -0.042339299154574107 -0.042276090601163815 -0.042686662766357519 -0.042265858360987944
leaf_weight=0.10335004329681408 0.12274031899869442 0.96396741271018982 0.39701968058943748 0.13092648517340444 0.12713254801928997 0.090452563017606735 0.15209650900214888 0.13183936476707458 0.080646614544093609
leaf_count=5 5 9 7 4 6 5 9 5 5
internal_value=-0.00456159 0.021878 -0.0432187 -0.0426363 -0.0425165 -0.0424758 -0.042358 -0.0426003 -0.0423047
internal_weight=2.30017 1.36594 0.934235 0.537215 0.401969 0.406289 0.279229 0.235189 0.171099
internal_count=60 29 31 24 20 20 15 10 10
is_linear=0
shrinkage=0.05


Tree=208
num_leaves=10
num_cat=0
split_feature=0 12 0 8 12 0 11 5 5
split_gain=1.75809 0.000175561 2.65273e-05 4.56111e-05 2.19628e-05 6.11901e-06 6.13375e-07 1.21518e-06 6.20521e-08
threshold=1.9456500000000003 50.000000000000007 5.8354500000000007 0.94478581029364217 11.500000000000002 4.4709500000000011 6.5000000000000009 0.68301270189221941 0.68301270189221941
decision_type=2 2 2 2 2 2 2 2 2
left_child=1 -1 3 5 -4 -2 8 -8 -6
right_child=2 -3 4 -5 6 -7 7 -9 -10
leaf_value=0.046852028374387039 -0.042870827956402013 0.045524200292989647 -0.043116308316915902 -0.043739247701255368 -0.042346516046342993 -0.042481610049185596 -0.042346902062108109 -0.042556770678583461 -0.042295023027100809
leaf_weight=0.54700180143117927 0.28337978012859799 0.45683574676513672 0.12697139568626881 0.150974091142416 0.13250185921788216 0.15688472054898739 0.16899071168154478 0.1165410690009594 0.10476433020085096
leaf_count=5 9 5 4 3 7 7 9 5 6
internal_value=-0.0029508 0.0462477 -0.042747 -0.0429893 -0.0425264 -0.0427321 -0.0423832 -0.0424326 -0.0423238
internal_weight=2.24485 1.00384 1.24101 0.591239 0.649769 0.440265 0.522798 0.285532 0.237266
internal_count=60 10 50 19 31 16 27 14 13
is_linear=0
shrinkage=0.05


Tree=209
num_leaves=10
num_cat=0
split_feature=2 4 12 3 2 2 2 2 9
split_gain=1.32982 0.858458 0.925561 0.396933 0.426684 0.00188977 0.000420848 0.000326454 1.18705e-06
threshold=300.00000000000006 161.00000000000003 20.500000000000004 7.5000000000000009 1550.0000000000002 825.00000000000011 115.00000000000001 1650.0000000000002 -0.27768031003904575
decision_type=2 2 2 2 2 2 2 2 2
left_child=6 5 -3 -4 -5 -2 -1 -7 -9
right_child=1 2 3 4 -6 7 -8 8 -10
leaf_value=0.045996784081948475 -0.047921580270400777 -0.058333364040104557 0.041167200845417168 0.039095023080383894 -0.044920551574023596 -0.04456990842165625 0.04785826542413571 -0.042590247078067481 -0.042771846008020531
leaf_weight=0.72060951218008973 0.39645054191350959 0.44180045276880298 1.0814244039356706 0.26359702646732319 0.35416900552809238 0.55567383021116257 0.52472850680351257 0.22690373659133911 0.14913113787770271
leaf_count=8 3 5 7 2 8 9 4 9 5
internal_value=0.0024593 -0.0134511 0.00613892 0.0229021 -0.00907161 -0.0450303 0.0467811 -0.0438 -0.0426623
internal_weight=4.71449 3.46915 2.14099 1.69919 0.617766 1.32816 1.24534 0.931709 0.376035
internal_count=60 48 22 17 10 26 12 23 14
is_linear=0
shrinkage=0.05


Tree=210
num_leaves=12
num_cat=0
split_feature=0 0 12 12 0 7 6 12 6 11 10
split_gain=0.971459 0.682252 0.441236 0.935653 0.000716357 0.000258359 0.000103261 1.96548e-06 7.89649e-07 1.79946e-07 1.32342e-07
threshold=5.1314000000000011 1.9456500000000003 15.500000000000002 43.000000000000007 9.1832000000000011 6.041666666666667 0.25000000000000017 111.00000000000001 0.6830127018922193 6.5000000000000009 4.5000000000000009
decision_type=2 2 2 2 2 2 2 2 2 2 2
left_child=1 6 -3 -4 -2 -6 -1 -8 10 -10 -7
right_child=4 2 3 -5 5 8 7 -9 9 -11 -12
leaf_value=-0.044263764014582131 -0.04594858587660175 0.058057751926087156 -0.021938649838515338 0.048049977863974622 -0.044533370709954362 -0.042330527736671862 -0.042566968948473859 -0.042822458481590241 -0.04245054929680072 -0.042539659333462605 -0.042399757799543275
leaf_weight=0.16192071884870562 0.29256816022098042 0.65622241422534022 1.0282352231442926 0.89160487055778492 0.20222174748778343 0.11094688810408115 0.14656545408070087 0.15476585552096367 0.10703710466623306 0.1203591451048851 0.18272191472351551
leaf_count=3 4 4 9 7 3 6 6 5 5 5 9
internal_value=-0.00153078 0.0126176 0.0226634 0.0105652 -0.0438609 -0.0430165 -0.0432454 -0.0426982 -0.0424278 -0.0424977 -0.0423736
internal_weight=4.05517 3.03931 2.57606 1.91984 1.01585 0.723287 0.463252 0.301331 0.521065 0.227396 0.293669
internal_count=66 34 20 16 32 28 14 11 25 10 15
is_linear=0
shrinkage=0.05


Tree=211
num_leaves=12
num_cat=0
split_feature=0 0 0 6 6 4 9 6 5 6 0
split_gain=0.937253 0.806983 0.000619453 3.4137e-05 3.52671e-05 8.35456e-06 1.05372e-05 7.65865e-06 1.70976e-06 1.27719e-06 1.73979e-07
threshold=10.361300000000002 10.654750000000002 10.381750000000002 0.25000000000000017 -0.24999999999999994 161.00000000000003 -0.48574157668954127 0.6830127018922193 -0.6830127018922193 0.25000000000000017 5.0021000000000013
decision_type=2 2 2 2 2 2 2 2 2 2 2
left_child=3 2 -2 4 5 -1 -7 9 -5 -3 -10
right_child=1 7 -4 8 -6 6 -8 -9 10 -11 -12
leaf_value=-0.042324209720148082 0.045131975536310855 -0.042520950079625371 0.04766205810385965 -0.042486300647438718 -0.043552176909047044 -0.042590236067936979 -0.043148588960866215 -0.042908269826262023 -0.042186280188083874 -0.042288655696722688 -0.042278063301495847
leaf_weight=0.10614169109612714 0.50660693645477273 0.11642799340188503 0.46304628998041153 0.08571172971278429 0.17284345068037532 0.19547608681023132 0.14883547648787487 0.10969978384673595 0.1311186570674181 0.12032596673816442 0.085167892277240753
leaf_count=6 6 5 4 4 4 8 4 4 9 7 5
internal_value=-0.004173 0.0229372 0.0463402 -0.0427336 -0.042945 -0.042712 -0.0428316 -0.0425629 -0.0422973 -0.0424029 -0.0422224
internal_weight=2.2414 1.31611 0.969653 0.925295 0.623297 0.450453 0.344312 0.346454 0.301998 0.236754 0.216287
internal_count=66 26 10 40 22 18 12 16 18 12 14
is_linear=0
shrinkage=0.05


Tree=212
num_leaves=12
num_cat=0
split_feature=2 9 10 12 2 0 11 0 0 11 12
split_gain=0.740227 1.3489e-06 1.60852e-06 3.07796e-07 1.83402e-07 1.5062e-07 1.56408e-08 1.54028e-08 1.38782e-08 5.62307e-09 3.94152e-10
threshold=2950.0000000000005 -0.35824514579943006 4.5000000000000009 37.500000000000007 1250.0000000000002 4.4709500000000011 3.5000000000000004 5.0021000000000013 10.363450000000002 1.5000000000000002 111.00000000000001
decision_type=2 2 2 2 2 2 2 2 2 2 2
left_child=1 4 3 -3 5 9 -4 10 -9 -1 -6
right_child=-2 2 6 -5 7 -7 -8 8 -10 -11 -12
leaf_value=-0.041971743024314077 0.039261506883118018 -0.042129268823245664 -0.041907415578183518 -0.042295922079593234 -0.041838164931925881 -0.041875982444119608 -0.041858315247694178 -0.041894369752533772 -0.04184741975059561 -0.041997902497906282 -0.041829060107231808
leaf_weight=0.042736065573990345 0.81431619822978973 0.072412332985550165 0.032302323263138533 0.04487651027739048 0.024479527492076159 0.052585392259061337 0.032575615216046572 0.032218862790614367 0.030773825012147427 0.039557082112878561 0.023106841836124659
leaf_count=5 5 7 5 3 5 9 6 5 6 5 5
internal_value=0.0112887 -0.0419794 -0.0420825 -0.042193 -0.0419029 -0.0419421 -0.0418828 -0.0418552 -0.0418714 -0.0419843 -0.0418337
internal_weight=1.24194 0.427624 0.182167 0.117289 0.245458 0.134879 0.0648779 0.110579 0.0629927 0.0822931 0.0475864
internal_count=66 61 21 10 40 19 11 21 11 10 10
is_linear=0
shrinkage=0.05


Tree=213
num_leaves=11
num_cat=0
split_feature=0 2 5 9 6 7 6 0 0 3
split_gain=1.25154 0.161097 3.18442e-05 2.05347e-05 2.80194e-05 9.6065e-06 2.83789e-06 2.52773e-06 3.88942e-07 7.88896e-08
threshold=10.654750000000002 1855.0000000000002 0.93301270189221952 -0.35824514579943006 0.25000000000000017 7.0750000000000011 -0.68301270189221952 4.4709500000000011 1.9456500000000003 3.5000000000000004
decision_type=2 2 2 2 2 2 2 2 2 2
left_child=2 -2 3 6 -5 -3 7 -1 9 -8
right_child=1 5 -4 4 -6 -7 8 -9 -10 -11
leaf_value=-0.042595728316170207 0.0081778937912443343 0.045176628863198794 -0.043336004131762973 -0.043284004324690373 -0.042316062459845066 0.044833462660041332 -0.042206022970276029 -0.042294539804136527 -0.042282462674063437 -0.042134265695330048
leaf_weight=0.1406319634988904 0.4661309979856012 0.42641529440879822 0.1321489904075861 0.16277711093425773 0.1382776191458106 0.390877865254879 0.075622158125042915 0.13803854584693909 0.15252797305583954 0.077614043839275837
leaf_count=6 6 5 4 4 8 5 5 8 9 6
internal_value=-0.00120084 0.0316344 -0.042612 -0.0425039 -0.0428394 0.0450125 -0.0423311 -0.0424465 -0.0422259 -0.0421697
internal_weight=2.30106 1.28342 1.01764 0.885489 0.301055 0.817293 0.584435 0.278671 0.305764 0.153236
internal_count=66 16 50 46 12 10 34 14 20 11
is_linear=0
shrinkage=0.05


Tree=214
num_leaves=12
num_cat=0
split_feature=0 2 0 9 9 4 0 0 5 6 8
split_gain=2.07046 0.00206504 3.51319e-05 4.63861e-05 1.63733e-05 8.76834e-06 3.99795e-06 2.57198e-06 1.49738e-07 3.10073e-08 2.26605e-08
threshold=1.9456500000000003 1550.0000000000002 5.8354500000000007 -0.49524719222984687 1.0000000180025095e-35 14.500000000000002 4.4118000000000004 10.361300000000002 0.68301270189221941 0.6830127018922193 0.94478581029364217
decision_type=2 2 2 2 2 2 2 2 2 2 2
left_child=1 -1 3 6 7 -3 -2 -4 9 -9 -10
right_child=2 5 4 -5 -6 -7 -8 8 10 -11 -12
leaf_value=0.048948054397923872 -0.042780261343864492 0.044844874650813396 -0.042550135422546535 -0.043444922786516849 -0.043069973358777824 0.045171529811058132 -0.04243328117257629 -0.04227836144518559 -0.042219744442030673 -0.042316357175977155 -0.042257438513510374
leaf_weight=0.56124188005924247 0.14772808365523815 0.39505927264690399 0.11007342208176851 0.29347785376012303 0.089811176061630249 0.42800728976726532 0.18951972760260105 0.085398076102137566 0.077133480459451675 0.14463809505105019 0.082535394467413425
leaf_count=4 5 5 5 7 3 5 9 5 5 8 5
internal_value=0.00475415 0.0466094 -0.0427259 -0.0429853 -0.0424484 0.0450147 -0.0425853 -0.0423367 -0.0422764 -0.0423023 -0.0422392
internal_weight=2.60462 1.38431 1.22032 0.630726 0.58959 0.823067 0.337248 0.499778 0.389705 0.230036 0.159669
internal_count=66 14 52 21 31 10 14 28 23 13 10
is_linear=0
shrinkage=0.05


Tree=215
num_leaves=13
num_cat=0
split_feature=2 12 4 2 8 8 2 5 3 2 0 11
split_gain=1.0233 0.843504 0.76153 0.543123 0.338519 0.0251248 0.0020336 0.000391901 0.000243532 0.000155771 8.20285e-06 6.40003e-06
threshold=300.00000000000006 20.500000000000004 161.00000000000003 1550.0000000000002 -1.0000000180025095e-35 -0.7865660924854927 825.00000000000011 -0.6830127018922193 2.5000000000000004 1650.0000000000002 10.363450000000002 6.5000000000000009
decision_type=2 2 2 2 2 2 2 2 2 2 2 2
left_child=-1 5 8 -4 -5 -2 -7 -6 11 -8 -11 -3
right_child=1 2 3 4 7 6 9 -9 -10 10 -12 -13
leaf_value=0.046402070071370483 -0.062462893871843728 -0.042502089304626491 0.035200480225611439 0.033976446245047663 -0.046000781295806856 -0.048812548178419235 -0.044685913162284596 -0.043030272860501234 -0.044620833646897146 -0.043100005358278008 -0.042570139529533063 -0.042967685064566864
leaf_weight=0.89332404732704151 0.3075881339609623 0.16076456196606193 1.3669271022081377 0.19893279299140032 0.19892956689000185 0.29840801656246208 0.18490727245807648 0.25129532627761242 0.38519984669983387 0.14415804855525494 0.14806216210126877 0.13645604811608791
leaf_count=9 2 7 9 2 4 2 3 7 7 4 6 4
internal_value=-0.00172803 -0.0130977 0.00186301 0.0173164 -0.020342 -0.0503709 -0.045575 -0.0443428 -0.0437911 -0.0435502 -0.0428315 -0.0427158
internal_weight=4.67495 3.78163 2.69851 2.01608 0.649158 1.08312 0.775535 0.450225 0.68242 0.477127 0.29222 0.297221
internal_count=66 57 40 22 13 17 15 11 18 13 10 11
is_linear=0
shrinkage=0.05


Tree=216
num_leaves=12
num_cat=0
split_feature=0 0 10 3 0 7 6 12 6 11 10
split_gain=0.897333 0.617739 0.427143 0.39831 0.000584312 0.000221656 8.03084e-05 1.48963e-06 6.09247e-07 1.42086e-07 1.05401e-07
threshold=5.1314000000000011 1.9456500000000003 4.5000000000000009 5.5000000000000009 9.1832000000000011 6.041666666666667 -1.0000000180025095e-35 111.00000000000001 0.6830127018922193 6.5000000000000009 4.5000000000000009
decision_type=2 2 2 2 2 2 2 2 2 2 2
left_child=1 6 -3 -4 -2 -6 -1 -8 10 -10 -7
right_child=4 2 3 -5 5 8 7 -9 9 -11 -12
leaf_value=-0.044050316982290283 -0.045674805138082808 0.043434649495389797 0.028624048490608324 -0.027248815299053916 -0.044381309817302143 -0.04227743844975413 -0.042496071660175237 -0.042727520948395797 -0.04238730967587568 -0.042469755936337721 -0.042341757857339381
leaf_weight=0.14992046169936657 0.27517393510788668 1.1940337382256985 0.66548629850149155 0.6126096174120903 0.19075691699981689 0.10232266411185265 0.1355137303471573 0.14275289513170719 0.098683090880513191 0.11108009144663811 0.16871956549584866
leaf_count=3 4 9 5 6 3 6 6 5 5 5 9
internal_value=-0.00146832 0.0123284 0.0219319 0.00184339 -0.0437343 -0.0429392 -0.0431174 -0.0426148 -0.042367 -0.042431 -0.0423175
internal_weight=3.84705 2.90032 2.47213 1.2781 0.946736 0.671562 0.428187 0.278267 0.480805 0.209763 0.271042
internal_count=66 34 20 11 32 28 14 11 25 10 15
is_linear=0
shrinkage=0.05


Tree=217
num_leaves=12
num_cat=0
split_feature=0 0 0 7 5 6 6 0 6 6 7
split_gain=0.873474 0.746016 0.000593508 3.0131e-05 3.36773e-05 7.25947e-06 6.44974e-06 1.14623e-06 9.9915e-07 7.6431e-07 2.16146e-07
threshold=10.361300000000002 10.654750000000002 10.381750000000002 7.4000000000000012 0.93301270189221952 0.6830127018922193 -0.68301270189221952 4.4709500000000011 0.25000000000000017 0.6830127018922193 10.508333333333335
decision_type=2 2 2 2 2 2 2 2 2 2 2
left_child=3 2 -2 -1 6 8 7 -5 -3 10 -8
right_child=1 5 -4 4 -6 -7 9 -9 -10 -11 -12
leaf_value=-0.043329844014666052 0.044841071895418139 -0.042453421095227095 0.047398381418743613 -0.042643104039252186 -0.043346583107402976 -0.042853499459696638 -0.042246096140297409 -0.042443631263877624 -0.042239612675357807 -0.042147480930577776 -0.042357995990501905
leaf_weight=0.14644370600581202 0.47006045281887032 0.10753699578344822 0.4385591596364975 0.17816957272589218 0.11031967587769032 0.10324644669890404 0.080504982732236274 0.12087911181151867 0.11108584050089121 0.13511472940444946 0.093015708029270172
leaf_count=4 6 5 4 7 3 4 5 6 7 10 5
internal_value=-0.00415685 0.0229039 0.0460754 -0.0426762 -0.0425429 -0.042508 -0.042397 -0.0425625 -0.0423448 -0.0422366 -0.0423061
internal_weight=2.09494 1.23049 0.90862 0.864447 0.718004 0.321869 0.607684 0.299049 0.218623 0.308635 0.173521
internal_count=66 26 10 40 36 16 33 13 12 20 10
is_linear=0
shrinkage=0.05


Tree=218
num_leaves=12
num_cat=0
split_feature=2 9 6 8 2 0 8 0 0 11 12
split_gain=0.677515 1.27456e-06 1.34598e-06 4.66694e-07 1.5108e-07 1.24194e-07 2.14795e-08 1.204e-08 1.07208e-08 6.50442e-09 3.1581e-10
threshold=2950.0000000000005 -0.35824514579943006 0.25000000000000017 0.99342052987049467 1250.0000000000002 4.4709500000000011 0.96863394805116498 5.0021000000000013 10.363450000000002 1.5000000000000002 111.00000000000001
decision_type=2 2 2 2 2 2 2 2 2 2 2
left_child=1 4 -3 6 5 9 -4 10 -9 -1 -6
right_child=-2 2 3 -5 7 -7 -8 8 -10 -11 -12
leaf_value=-0.041948051627759469 0.038038079069155156 -0.04222140404410113 -0.041840720337123438 -0.042102068023714523 -0.041824787690460441 -0.041859910371969421 -0.041900054497382648 -0.041876373619996049 -0.04183340658519033 -0.041977239155836898 -0.041816300928800197
leaf_weight=0.039462117943912745 0.78818034380674362 0.076984334271401167 0.039450952783226967 0.030149736441671848 0.022584490012377501 0.04855338716879487 0.024867506232112646 0.029694119468331337 0.028405147604644299 0.036969986744225025 0.021300344727933407
leaf_count=5 5 6 8 3 5 9 4 5 6 5 5
internal_value=0.0111762 -0.0419633 -0.0420662 -0.0419397 -0.0418856 -0.0419224 -0.0418637 -0.0418404 -0.0418554 -0.0419622 -0.0418207
internal_weight=1.1866 0.398422 0.171453 0.0944682 0.22697 0.124985 0.0643185 0.101984 0.0580993 0.0764321 0.0438848
internal_count=66 61 21 15 40 19 12 21 11 10 10
is_linear=0
shrinkage=0.05


Tree=219
num_leaves=11
num_cat=0
split_feature=2 3 8 7 4 7 10 6 4 2
split_gain=0.694963 0.386276 0.213858 0.195829 0.142581 4.80533e-05 9.4691e-06 3.12864e-06 2.02073e-06 1.21186e-07
threshold=1550.0000000000002 4.5000000000000009 0.85115577981609924 8.6083333333333361 329.50000000000006 8.1083333333333361 4.5000000000000009 0.25000000000000017 161.00000000000003 1855.0000000000002
decision_type=2 2 2 2 2 2 2 2 2 2
left_child=5 2 3 -2 6 -1 -3 8 -7 -8
right_child=1 4 -4 -5 -6 7 9 -9 -10 -11
leaf_value=-0.043245504858838581 -0.042957582288327585 -0.0427738734606962 0.048331140309296555 0.036803762982711291 0.021836656017552979 -0.042328088590607625 -0.042149385720759588 -0.042156241048211786 -0.042599045899172024 -0.042240728257802895
leaf_weight=0.30961494147777591 0.14658657647669293 0.14039483200758685 0.75367362797260284 0.16200068034231663 0.12316928245127201 0.1161806583404541 0.066604170948266983 0.094248318113386631 0.16875694878399372 0.079838471487164497
leaf_count=8 7 6 8 3 3 7 5 7 7 5
internal_value=-0.00132964 0.0180645 0.0339758 -0.00108485 -0.0231591 -0.0427833 -0.0424805 -0.042406 -0.0424886 -0.0421992
internal_weight=2.16107 1.47227 1.06226 0.308587 0.410007 0.688801 0.286837 0.379186 0.284938 0.146443
internal_count=66 37 18 10 19 29 16 21 14 10
is_linear=0
shrinkage=0.05


Tree=220
num_leaves=12
num_cat=0
split_feature=0 2 0 9 9 4 0 7 5 7 4
split_gain=1.91265 0.0015966 3.05121e-05 4.24765e-05 1.5389e-05 7.53959e-06 3.16079e-06 2.37545e-06 1.41474e-07 1.78041e-08 9.02036e-09
threshold=1.9456500000000003 1550.0000000000002 5.8354500000000007 -0.49524719222984687 1.0000000180025095e-35 14.500000000000002 4.4118000000000004 12.000000000000002 0.68301270189221941 7.4000000000000012 309.00000000000006
decision_type=2 2 2 2 2 2 2 2 2 2 2
left_child=1 -1 3 6 7 -3 -2 8 10 -10 -4
right_child=2 5 4 -5 -6 -7 -8 -9 9 -11 -12
leaf_value=0.048319040125962852 -0.04269729627824298 0.044579170363643741 -0.042247979127923108 -0.043365216963230105 -0.043017330242604727 0.044893390427025066 -0.042376856373399913 -0.04252651859837886 -0.042210747672394355 -0.042175966450379604 -0.042267921688474153
leaf_weight=0.52721141278743766 0.13681957870721817 0.36635942012071609 0.13009339943528175 0.27961324900388695 0.085099013522267342 0.3986261785030365 0.17588447406888008 0.083761212415993214 0.076178546994924545 0.071165732108056545 0.10051123611629009
leaf_count=4 5 5 8 7 3 5 9 4 5 5 6
internal_value=0.00456412 0.046202 -0.0426688 -0.0429174 -0.0423995 0.0447429 -0.0425171 -0.0422856 -0.0422322 -0.0421939 -0.0422567
internal_weight=2.43132 1.2922 1.13913 0.592317 0.546809 0.764986 0.312704 0.46171 0.377949 0.147344 0.230605
internal_count=66 14 52 21 31 10 14 28 24 10 14
is_linear=0
shrinkage=0.05


Tree=221
num_leaves=13
num_cat=0
split_feature=2 12 4 2 8 8 2 5 3 2 0 4
split_gain=0.94165 0.777226 0.696808 0.497658 0.312432 0.0195337 0.0015226 0.000392221 0.00019449 0.000139798 6.65919e-06 4.63576e-06
threshold=300.00000000000006 20.500000000000004 161.00000000000003 1550.0000000000002 -1.0000000180025095e-35 -0.7865660924854927 825.00000000000011 -0.6830127018922193 2.5000000000000004 1650.0000000000002 10.363450000000002 36.000000000000007
decision_type=2 2 2 2 2 2 2 2 2 2 2 2
left_child=-1 5 8 -4 -5 -2 -7 -6 11 -8 -11 -3
right_child=1 2 3 4 7 6 9 -9 -10 10 -12 -13
leaf_value=0.046065198151674251 -0.060518259092091513 -0.042401534806952725 0.034069381625938047 0.032839946748581851 -0.045975733396415204 -0.048167379199772223 -0.044558357263284776 -0.042919469974064477 -0.044398901047561209 -0.04299407143937406 -0.042498125601287955 -0.0428150364119608
leaf_weight=0.83940186351537693 0.29580061510205269 0.12247139774262938 1.3218751288950441 0.19015334174036991 0.1916676051914693 0.27868233621120475 0.17454387620091438 0.23209194093942609 0.35890030488371849 0.13405661098659039 0.13670984096825123 0.15178487077355385
leaf_count=9 2 6 9 2 4 2 3 7 7 4 6 5
internal_value=-0.00160973 -0.0127608 0.00189975 0.0167925 -0.0204079 -0.0496921 -0.0452689 -0.0443018 -0.0436329 -0.043455 -0.0427437 -0.0426304
internal_weight=4.42814 3.58874 2.56894 1.93579 0.613913 1.01979 0.723993 0.42376 0.633157 0.44531 0.270766 0.274256
internal_count=66 57 40 22 13 17 15 11 18 13 10 11
is_linear=0
shrinkage=0.05


Tree=222
num_leaves=12
num_cat=0
split_feature=0 0 10 3 0 7 6 12 6 11 10
split_gain=0.825885 0.556754 0.390562 0.35567 0.000484013 0.000177483 6.24655e-05 1.13342e-06 4.93837e-07 1.26108e-07 8.21817e-08
threshold=5.1314000000000011 1.9456500000000003 4.5000000000000009 5.5000000000000009 9.1832000000000011 6.041666666666667 -1.0000000180025095e-35 111.00000000000001 0.6830127018922193 6.5000000000000009 4.5000000000000009
decision_type=2 2 2 2 2 2 2 2 2 2 2
left_child=1 6 -3 -4 -2 -6 -1 -8 10 -10 -7
right_child=4 2 3 -5 5 8 7 -9 9 -11 -12
leaf_value=-0.04385482310451301 -0.045420194408210872 0.041829822850257672 0.027234468208552222 -0.026572230444265783 -0.044181439192057449 -0.042228801652147173 -0.042430489145178732 -0.042640612456170714 -0.042329023920846733 -0.042409817382913655 -0.042287938252601097
leaf_weight=0.13873769901692867 0.25874056853353966 1.1614000014960766 0.63976339995861053 0.59069284796714783 0.17783223837614059 0.094383927993476391 0.12522235698998052 0.1316488329321146 0.090940739959478378 0.10300228931009769 0.15560629032552242
leaf_count=3 4 9 5 6 3 6 6 5 5 5 9
internal_value=-0.00138907 0.0119455 0.0210333 0.00140402 -0.043603 -0.0428467 -0.0429999 -0.0425382 -0.0423121 -0.0423719 -0.0422656
internal_weight=3.66797 2.78747 2.39186 1.23046 0.880506 0.621765 0.395609 0.256871 0.443933 0.193943 0.24999
internal_count=66 34 20 11 32 28 14 11 25 10 15
is_linear=0
shrinkage=0.05


Tree=223
num_leaves=11
num_cat=0
split_feature=0 0 0 8 2 6 6 4 6 6
split_gain=0.816851 0.689075 0.000565232 2.5219e-05 2.099e-05 6.12276e-06 5.66834e-06 1.71844e-06 7.94603e-07 1.61526e-07
threshold=10.361300000000002 10.654750000000002 10.381750000000002 0.94478581029364217 2950.0000000000005 0.6830127018922193 0.25000000000000017 161.00000000000003 0.25000000000000017 0.6830127018922193
decision_type=2 2 2 2 2 2 2 2 2 2
left_child=3 2 -2 4 6 8 7 -1 -3 -8
right_child=1 5 -4 -5 -6 -7 9 -9 -10 -11
leaf_value=-0.042341989768130472 0.044588233651233211 -0.042392052920830037 0.047163319686436951 -0.043230092178874795 -0.043089448715669443 -0.042775602748649805 -0.042202578715109434 -0.04256781203463128 -0.042193594294307642 -0.042109564460205168
leaf_weight=0.1397540569305421 0.43749999254941918 0.099387101829051971 0.41546934098005295 0.13784803170710802 0.11909053660929203 0.096477779559791088 0.07459659781306982 0.21209709905087948 0.10240648593753576 0.12469847220927477
leaf_count=8 6 5 4 4 4 4 5 9 7 10
internal_value=-0.00408029 0.0229676 0.0458425 -0.0426142 -0.0424875 -0.042448 -0.0423574 -0.0424781 -0.0422913 -0.0421444
internal_weight=1.95933 1.15124 0.852969 0.808085 0.670237 0.298271 0.551146 0.351851 0.201794 0.199295
internal_count=66 26 10 40 36 16 32 17 12 15
is_linear=0
shrinkage=0.05


Tree=224
num_leaves=12
num_cat=0
split_feature=2 9 10 12 2 0 11 0 0 12 12
split_gain=0.625233 1.09045e-06 1.24571e-06 2.45029e-07 1.30882e-07 1.02162e-07 1.13391e-08 9.74091e-09 8.55476e-09 4.09194e-09 2.52251e-10
threshold=2950.0000000000005 -0.35824514579943006 4.5000000000000009 37.500000000000007 1250.0000000000002 4.4709500000000011 3.5000000000000004 5.0021000000000013 10.363450000000002 37.500000000000007 111.00000000000001
decision_type=2 2 2 2 2 2 2 2 2 2 2
left_child=1 4 3 -3 5 9 -4 10 -9 -1 -6
right_child=-2 2 6 -5 7 -7 -8 8 -10 -11 -12
leaf_value=-0.041955006064757681 0.037121979332656471 -0.042084675189361515 -0.041875263875098108 -0.042241688598720115 -0.041812429127257141 -0.041847565909180796 -0.041830088055911242 -0.04186056969998031 -0.041820659727634185 -0.041931058869997491 -0.041804530111508927
leaf_weight=0.037323487922549248 0.76609239727258682 0.064037899486720562 0.027758784592151642 0.04060159157961607 0.020831409841775894 0.045263955369591713 0.027801787480711937 0.027491737622767687 0.02624587039463222 0.034169873222708702 0.019632526440545917
leaf_count=5 5 7 5 3 5 9 6 5 6 5 5
internal_value=0.0113171 -0.0419457 -0.042044 -0.0421456 -0.041871 -0.0419063 -0.0418527 -0.0418271 -0.0418411 -0.0419436 -0.0418086
internal_weight=1.13725 0.371159 0.1602 0.104639 0.210959 0.116757 0.0555606 0.0942015 0.0537376 0.0714934 0.0404639
internal_count=66 61 21 10 40 19 11 21 11 10 10
is_linear=0
shrinkage=0.05


Tree=225
num_leaves=10
num_cat=0
split_feature=0 5 6 9 6 0 0 12 3
split_gain=1.06816 0.101705 2.32129e-05 2.54614e-05 1.09001e-05 7.21681e-07 4.29703e-07 4.1494e-07 9.28618e-08
threshold=10.654750000000002 0.68301270189221941 0.25000000000000017 -0.49524719222984687 -0.68301270189221952 4.4118000000000004 4.3650000000000011 56.000000000000007 7.5000000000000009
decision_type=2 2 2 2 2 2 2 2 2
left_child=2 -2 3 5 -5 -1 8 -8 -4
right_child=1 -3 6 4 -6 -7 7 -9 -10
leaf_value=-0.042406454732087567 0.014275607513131287 0.044394485524831974 -0.042135476435397584 -0.042739359705075294 -0.04333938128954936 -0.042237150561817927 -0.042288496065602282 -0.042141995865319637 -0.042050134016697605
leaf_weight=0.14569877460598957 0.51243311166763283 0.61869997158646584 0.078963122330605984 0.1685924818739295 0.1373546486720445 0.1108178086578846 0.10031703114509583 0.093273714184761047 0.053451254963874817
leaf_count=8 7 9 6 7 4 7 6 7 5
internal_value=-0.00147713 0.0307498 -0.0425061 -0.0427007 -0.0430087 -0.0423333 -0.0421704 -0.0422179 -0.042101
internal_weight=2.0196 1.13113 0.888469 0.562464 0.305947 0.256517 0.326005 0.193591 0.132414
internal_count=66 16 50 26 11 15 24 13 11
is_linear=0
shrinkage=0.05


Tree=226
num_leaves=11
num_cat=0
split_feature=0 2 0 2 8 4 12 7 5 3
split_gain=1.76783 0.00123329 2.59926e-05 2.92709e-05 9.88419e-06 6.97237e-06 3.71395e-06 1.9606e-06 1.05316e-07 8.72716e-09
threshold=1.9456500000000003 1550.0000000000002 5.8354500000000007 1350.0000000000002 0.99342052987049467 14.500000000000002 43.000000000000007 12.000000000000002 0.68301270189221941 10.500000000000002
decision_type=2 2 2 2 2 2 2 2 2 2
left_child=1 -1 3 6 7 -3 -2 8 9 -4
right_child=2 5 4 -5 -6 -7 -8 -9 -10 -11
leaf_value=0.047750466461917024 -0.042683911249346819 0.04433618880644636 -0.042201760305385576 -0.043300292389090118 -0.042812877851807464 0.044649547510328985 -0.042344757829271482 -0.042467963882971631 -0.042152464177839986 -0.042222164048725405
leaf_weight=0.49472939223051093 0.21266554109752156 0.33948579430580139 0.12001501396298409 0.21415485069155693 0.092823714017868042 0.37206908315420151 0.13010287657380104 0.077848264947533607 0.12234129197895527 0.093032382428646088
leaf_count=4 8 5 8 6 4 5 7 4 9 6
internal_value=0.00440595 0.0458331 -0.042606 -0.0428417 -0.0423466 0.0445 -0.0425552 -0.0422419 -0.0421894 -0.0422107
internal_weight=2.26927 1.20628 1.06298 0.556923 0.506061 0.711555 0.342768 0.413237 0.335389 0.213047
internal_count=66 14 52 21 31 10 15 27 23 14
is_linear=0
shrinkage=0.05


Tree=227
num_leaves=12
num_cat=0
split_feature=2 12 2 12 7 7 2 12 2 0 3
split_gain=0.858796 0.72048 0.60134 0.630621 0.474083 0.0187074 0.0012502 0.000400322 0.000117768 4.84727e-06 1.72394e-06
threshold=300.00000000000006 20.500000000000004 1650.0000000000002 43.000000000000007 7.4000000000000012 18.358333333333338 825.00000000000011 43.000000000000007 1650.0000000000002 10.363450000000002 4.5000000000000009
decision_type=2 2 2 2 2 2 2 2 2 2 2
left_child=-1 5 3 -3 -5 6 -2 -4 -8 -10 -9
right_child=1 2 7 4 -6 -7 8 10 9 -11 -12
leaf_value=0.045695485254555267 -0.047646976188803584 0.040920791502221582 -0.045158729158461267 0.034432322716141522 -0.044749826751684658 -0.060655107081146679 -0.044352459494375975 -0.042361638728788509 -0.042850529865096479 -0.04243068557542154 -0.042610866079965712
leaf_weight=0.78039016947150219 0.26232079416513476 1.0611611418426039 0.27518360503017891 0.28990529850125302 0.54328484833240509 0.25806230306625366 0.16322208568453789 0.15392569079995155 0.15119951963424683 0.12607046775519848 0.12633379176259041
leaf_count=9 2 9 6 3 9 1 3 8 5 6 5
internal_value=-0.00162148 -0.012448 0.00194428 0.0153582 -0.0171987 -0.0491418 -0.0449143 -0.0438041 -0.0432869 -0.0426596 -0.042474
internal_weight=4.19106 3.41067 2.44979 1.89435 0.83319 0.960875 0.702813 0.555443 0.440492 0.27727 0.280259
internal_count=66 57 40 21 12 17 16 19 14 11 13
is_linear=0
shrinkage=0.05


Tree=228
num_leaves=12
num_cat=0
split_feature=0 0 10 3 0 9 6 7 12 6 10
split_gain=0.756819 0.499969 0.351372 0.315416 0.000535026 0.00012589 4.81094e-05 7.07732e-06 8.76247e-07 3.88937e-07 3.4177e-08
threshold=5.1314000000000011 1.9456500000000003 4.5000000000000009 5.5000000000000009 5.8354500000000007 -0.24825246871434689 0.25000000000000017 9.7500000000000018 111.00000000000001 0.6830127018922193 4.5000000000000009
decision_type=2 2 2 2 2 2 2 2 2 2 2
left_child=1 6 -3 -4 -2 7 -1 9 -8 10 -6
right_child=4 2 3 -5 5 -7 8 -9 -10 -11 -12
leaf_value=-0.043670871560249125 -0.046655539726180945 0.040172942593523248 0.02587605810544942 -0.025811702449224344 -0.042185201458647549 -0.043739874838605218 -0.042370018573382358 -0.042743727766352942 -0.042562292499736851 -0.042324519845192185 -0.042232700924993385
leaf_weight=0.12815692089498121 0.11459505558013905 1.1179785244166851 0.61515559256076813 0.56738806515932083 0.072670900262892246 0.30378338322043419 0.11564849503338337 0.1049047838896513 0.12151724472641945 0.14474118873476982 0.079080378636717796
leaf_count=3 1 9 5 6 5 8 6 5 5 8 5
internal_value=-0.00147269 0.0114471 0.0200759 0.00107611 -0.0434869 -0.0429719 -0.0428903 -0.0423908 -0.0424685 -0.0422659 -0.04221
internal_weight=3.48562 2.66584 2.30052 1.18254 0.819776 0.705181 0.365323 0.401397 0.237166 0.296492 0.151751
internal_count=66 34 20 11 32 31 14 23 11 18 10
is_linear=0
shrinkage=0.05


Tree=229
num_leaves=11
num_cat=0
split_feature=0 0 0 6 9 6 5 2 6 0
split_gain=0.766673 0.64002 0.000558142 2.1149e-05 2.28009e-05 5.76703e-06 9.76901e-07 6.84117e-07 6.20664e-07 8.94026e-08
threshold=10.361300000000002 10.654750000000002 10.381750000000002 0.25000000000000017 -0.49524719222984687 0.6830127018922193 -0.6830127018922193 1000.0000000000001 0.25000000000000017 5.0021000000000013
decision_type=2 2 2 2 2 2 2 2 2 2
left_child=3 2 -2 4 7 8 -5 -1 -3 -8
right_child=1 5 -4 6 -6 -7 9 -9 -10 -11
leaf_value=-0.042455340278170058 0.044344936763292535 -0.042334561900869823 0.046977524084378615 -0.042325910251903451 -0.043052070345186474 -0.042727160253186861 -0.042073454229155344 -0.042285236411881644 -0.04215198500142911 -0.042147519590824689
leaf_weight=0.14541954360902298 0.40543919801712014 0.091737369075417519 0.39993882924318314 0.068780777975916862 0.27050556149333738 0.091226656921207905 0.10322882421314716 0.099584835581481457 0.09449726901948452 0.067310654558241367
leaf_count=7 6 5 4 4 9 4 9 6 7 5
internal_value=-0.00387418 0.0230898 0.0456522 -0.0425553 -0.0427356 -0.0424015 -0.0421668 -0.0423862 -0.0422419 -0.0421027
internal_weight=1.83767 1.08284 0.805378 0.75483 0.51551 0.277461 0.23932 0.245004 0.186235 0.170539
internal_count=66 26 10 40 22 16 18 13 12 14
is_linear=0
shrinkage=0.05


Tree=230
num_leaves=12
num_cat=0
split_feature=12 12 5 5 12 7 9 9 0 4 3
split_gain=0.516662 0.131666 0.233934 0.000897727 8.51845e-07 2.95275e-07 1.96009e-07 1.03168e-07 2.42227e-08 1.65106e-08 5.78148e-09
threshold=37.500000000000007 32.500000000000007 -0.24999999999999994 0.93301270189221952 40.000000000000007 7.4000000000000012 -0.24825246871434689 -0.69930991848440827 1.9456500000000003 99.500000000000014 3.5000000000000004
decision_type=2 2 2 2 2 2 2 2 2 2 2
left_child=1 2 -1 4 -2 -6 7 -4 -7 -10 -9
right_child=3 -3 6 -5 5 8 -8 10 9 -11 -12
leaf_value=0.036800627811186586 -0.042187301159426177 0.060820336009766253 -0.041931584627858794 -0.047450258821312402 -0.041986335834943787 -0.041794829960822136 -0.041999185785785043 -0.041805488241200228 -0.041821528695420537 -0.041870337823575132 -0.041838088183161037
leaf_weight=0.3926847658585757 0.026990197598934174 0.27261436358094215 0.032615041360259056 0.12843708693981171 0.045939602889120579 0.029210720211267471 0.036222805734723806 0.031588961370289326 0.03079640818759799 0.039611735846847296 0.023882518988102674
leaf_count=9 2 2 5 1 7 8 5 8 7 7 5
internal_value=0.0114558 0.0327033 0.017877 -0.0442852 -0.0419293 -0.0418815 -0.0419013 -0.041861 -0.0418331 -0.041849 -0.0418195
internal_weight=1.09059 0.789608 0.516994 0.300986 0.172549 0.145558 0.124309 0.0880865 0.0996189 0.0704081 0.0554715
internal_count=66 34 32 32 31 29 23 18 22 14 13
is_linear=0
shrinkage=0.05


Tree=231
num_leaves=11
num_cat=0
split_feature=0 2 6 6 7 4 3 0 12 3
split_gain=0.980884 0.136774 1.96109e-05 2.0556e-05 5.79765e-06 4.73892e-06 1.08564e-06 3.51037e-07 3.35597e-07 7.22769e-08
threshold=10.654750000000002 1855.0000000000002 0.25000000000000017 -0.24999999999999994 7.0750000000000011 196.00000000000003 5.5000000000000009 4.3650000000000011 56.000000000000007 7.5000000000000009
decision_type=2 2 2 2 2 2 2 2 2 2
left_child=2 -2 3 5 -3 6 -1 9 -9 -4
right_child=1 4 7 -5 -6 -7 -8 8 -10 -11
leaf_value=-0.042113790421135722 0.007587393436949562 0.044407107438833027 -0.042098459197050131 -0.043126453068921933 0.044109104087061972 -0.042625246764609534 -0.042358030682057728 -0.042242647811307883 -0.042105682929028138 -0.042020090697946155
leaf_weight=0.071638771332800277 0.41560172662138917 0.34307768568396568 0.072855180129408836 0.15282932296395324 0.31130931153893471 0.17780178692191839 0.12468771450221539 0.092915726825594902 0.086229338310658932 0.049349713139235973
leaf_count=6 6 5 6 5 5 8 7 6 7 5
internal_value=-0.001604 0.030019 -0.0424539 -0.0426378 0.0442653 -0.0424383 -0.0422689 -0.0421322 -0.0421767 -0.0420668
internal_weight=1.8983 1.06999 0.828308 0.526958 0.654387 0.374128 0.196326 0.30135 0.179145 0.122205
internal_count=66 16 50 26 10 21 13 24 13 11
is_linear=0
shrinkage=0.05


Tree=232
num_leaves=12
num_cat=0
split_feature=0 2 0 9 9 4 0 7 6 3 12
split_gain=1.63514 0.000966674 2.15262e-05 2.98521e-05 1.15693e-05 6.18693e-06 2.12103e-06 1.62644e-06 8.41901e-08 3.89397e-08 2.42044e-09
threshold=1.9456500000000003 1550.0000000000002 5.8354500000000007 -0.49524719222984687 -1.0000000180025095e-35 14.500000000000002 4.4118000000000004 12.000000000000002 0.6830127018922193 3.5000000000000004 43.000000000000007
decision_type=2 2 2 2 2 2 2 2 2 2 2
left_child=1 -1 3 6 7 -3 -2 8 9 -4 -10
right_child=2 5 4 -5 -6 -7 -8 -9 10 -11 -12
leaf_value=0.047252947383825301 -0.042567253592661281 0.044114557748243112 -0.042102869680296973 -0.043165828501938133 -0.0428726887763635 0.044420765367858168 -0.042286902912066 -0.04240955910708602 -0.042182004900461104 -0.042149649628646584 -0.042168973634605533
leaf_weight=0.46355623751878761 0.11999613046646118 0.31443629041314125 0.098017465323209874 0.2491246424615382 0.074942151084542163 0.34701509401202202 0.15411377977579832 0.072131786495447159 0.07217221986502409 0.081451402977108955 0.070384998805820942
leaf_count=4 5 5 8 7 3 5 9 4 5 6 5
internal_value=0.00423516 0.0455022 -0.0425492 -0.0427697 -0.0423032 0.0442752 -0.0424096 -0.042195 -0.0421469 -0.0421241 -0.0421756
internal_weight=2.11734 1.12501 0.992335 0.523235 0.4691 0.661451 0.27411 0.394158 0.322026 0.179469 0.142557
internal_count=66 14 52 21 31 10 14 28 24 14 10
is_linear=0
shrinkage=0.05


Tree=233
num_leaves=13
num_cat=0
split_feature=2 12 4 2 8 7 2 0 3 2 0 11
split_gain=0.794332 0.6686 0.607508 0.429407 0.267682 0.0148008 0.000973537 0.000240598 0.000148242 0.000104174 3.95033e-06 3.21546e-06
threshold=300.00000000000006 20.500000000000004 161.00000000000003 1550.0000000000002 -1.0000000180025095e-35 18.358333333333338 825.00000000000011 10.361300000000002 2.5000000000000004 1650.0000000000002 10.363450000000002 6.5000000000000009
decision_type=2 2 2 2 2 2 2 2 2 2 2 2
left_child=-1 5 8 -4 -5 6 -2 -6 11 -8 -11 -3
right_child=1 2 3 4 7 -7 9 -9 -10 10 -12 -13
leaf_value=0.045420766562407955 -0.047174990551350653 -0.042316028864217994 0.032856546540027898 0.031568174369878181 -0.045252371906391323 -0.059003864229514771 -0.044228118569456881 -0.042724985440538203 -0.044137753405613815 -0.042763763132256064 -0.042369809163272161 -0.042687486363052321
leaf_weight=0.73354572802782092 0.24675198644399676 0.12610187754035029 1.2204011678695676 0.1702963691204793 0.18550482951104563 0.24899348616600037 0.15458124689757824 0.19124162569642067 0.32459915429353714 0.14044331945478916 0.11634919047355652 0.10828877799212933
leaf_count=9 2 7 9 2 4 1 3 7 7 5 6 4
internal_value=-0.00155361 -0.0122099 0.00198716 0.0163563 -0.0204543 -0.0486204 -0.044692 -0.0439694 -0.0434458 -0.0432026 -0.0425853 -0.0424876
internal_weight=3.9671 3.23355 2.32643 1.76744 0.547043 0.907119 0.658126 0.376746 0.55899 0.411374 0.256793 0.234391
internal_count=66 57 40 22 13 17 16 11 18 14 11 11
is_linear=0
shrinkage=0.05


Tree=234
num_leaves=12
num_cat=0
split_feature=0 0 12 12 0 7 6 12 6 11 10
split_gain=0.699343 0.451946 0.332406 0.786047 0.000318617 0.000129788 3.74465e-05 6.6873e-07 3.07594e-07 9.14467e-08 5.02258e-08
threshold=5.1314000000000011 1.9456500000000003 43.000000000000007 15.500000000000002 9.1832000000000011 6.041666666666667 0.25000000000000017 111.00000000000001 0.6830127018922193 6.5000000000000009 4.5000000000000009
decision_type=2 2 2 2 2 2 2 2 2 2 2
left_child=1 6 3 -3 -2 -6 -1 -8 10 -10 -7
right_child=4 2 -4 -5 5 8 7 -9 9 -11 -12
leaf_value=-0.043507421025971077 -0.044948517114441811 0.051920557406133966 0.046809000135313007 -0.02288219678801896 -0.04392144812737464 -0.042142995796844523 -0.042314341346280614 -0.042489206757466064 -0.042225363917118966 -0.04229993124797457 -0.042193111558515184
leaf_weight=0.11849817819893438 0.22797979973256577 0.5686208773404362 0.73573575913906086 0.91848781332373619 0.1577344685792923 0.080309928394854069 0.10679704044014215 0.11202498339116573 0.077097994275391102 0.088098488748073578 0.13243958912789822
leaf_count=3 4 4 7 9 3 6 6 5 5 5 9
internal_value=-0.00138972 0.0111363 0.0193199 0.00571989 -0.043383 -0.0427167 -0.0427915 -0.0424039 -0.0422139 -0.0422651 -0.0421742
internal_weight=3.32382 2.56016 2.22284 1.48711 0.76366 0.53568 0.33732 0.218822 0.377946 0.165196 0.21275
internal_count=66 34 20 13 32 28 14 11 25 10 15
is_linear=0
shrinkage=0.05


Tree=235
num_leaves=10
num_cat=0
split_feature=2 4 11 7 7 11 9 6 11
split_gain=0.405703 0.322477 0.170605 0.161598 0.00204791 1.28395e-05 8.38273e-06 1.60106e-06 5.85141e-07
threshold=1550.0000000000002 80.000000000000014 3.5000000000000004 7.0750000000000011 8.4166666666666696 3.5000000000000004 -0.27768031003904575 0.25000000000000017 6.5000000000000009
decision_type=2 2 2 2 2 2 2 2 2
left_child=6 5 4 -4 -3 -2 7 8 -1
right_child=1 2 3 -5 -6 -7 -8 -9 -10
leaf_value=-0.042404481584542159 -0.042069069132423031 0.035807449170041361 0.027540816844529172 -0.042589345238504946 0.041407380543067501 -0.04286117030895828 -0.042737945911469045 -0.042105844004783288 -0.042252858822463282
leaf_weight=0.13607738725841045 0.078489406034350173 0.37554069794714451 0.17294932808727026 0.15644574817270041 0.28882488422095776 0.1469272468239069 0.1257794862613083 0.11055777966976166 0.11952080018818378
leaf_count=7 7 7 4 8 4 7 5 9 8
internal_value=-0.00405797 0.0114072 0.0236545 -0.00576741 0.038242 -0.0425854 -0.0423858 -0.0422648 -0.0423336
internal_weight=1.71111 1.21918 0.993761 0.329395 0.664366 0.225417 0.491935 0.366156 0.255598
internal_count=66 37 23 12 11 14 29 24 15
is_linear=0
shrinkage=0.05


Tree=236
num_leaves=11
num_cat=0
split_feature=2 9 6 4 0 4 5 4 4 7
split_gain=0.546189 9.30567e-07 5.16518e-07 9.95658e-07 6.47416e-08 3.46497e-08 2.1968e-08 3.67935e-09 1.22666e-09 3.83313e-10
threshold=2950.0000000000005 1.0000000180025095e-35 0.25000000000000017 209.00000000000003 10.361300000000002 161.00000000000003 -0.6830127018922193 41.000000000000007 317.50000000000006 8.4166666666666696
decision_type=2 2 2 2 2 2 2 2 2 2
left_child=1 2 3 4 5 -1 -4 9 -9 -8
right_child=-2 -3 6 -5 -6 -7 7 8 -10 -11
leaf_value=-0.041866438631350963 0.036163650756540572 -0.042134594572149797 -0.041860586943278127 -0.042182444516227206 -0.041814430923163372 -0.041928489911790372 -0.041799277038574278 -0.041820768657409101 -0.041805017660109418 -0.041791147618719895
leaf_weight=0.041362288640812039 0.71378244459629059 0.043637775350362062 0.019813819089904428 0.035027540987357497 0.029058964690193534 0.049328309949487448 0.026489876210689545 0.026197918690741062 0.023402957944199443 0.032036600634455681
leaf_count=8 5 4 4 3 7 7 7 6 6 9
internal_value=0.0116641 -0.0419197 -0.0418865 -0.041948 -0.0418794 -0.0419002 -0.0418122 -0.0418033 -0.0418133 -0.0417948
internal_weight=1.04014 0.326356 0.282718 0.154777 0.11975 0.0906906 0.127941 0.108127 0.0496009 0.0585265
internal_count=66 61 57 25 22 15 32 28 12 16
is_linear=0
shrinkage=0.05


Tree=237
num_leaves=11
num_cat=0
split_feature=0 2 5 9 10 7 0 0 0 3
split_gain=0.901769 0.130462 1.40194e-05 1.20497e-05 1.17795e-05 4.4967e-06 1.27642e-06 1.7094e-06 1.07162e-07 3.85659e-08
threshold=10.654750000000002 1855.0000000000002 0.93301270189221952 -0.35824514579943006 4.5000000000000009 7.0750000000000011 1.9456500000000003 4.4709500000000011 5.8354500000000007 3.5000000000000004
decision_type=2 2 2 2 2 2 2 2 2 2
left_child=2 -2 3 6 -5 -3 9 -8 -9 -1
right_child=1 5 -4 4 -6 -7 7 8 -10 -11
leaf_value=-0.042054480653851783 0.0073591835546685585 0.044179584680566764 -0.04294846864882864 -0.042888323277895352 -0.04216314020555606 0.04390684570378918 -0.04237284572096861 -0.042162714399324473 -0.042089869214498525 -0.041997428208917012
leaf_weight=0.054767400957643875 0.40367913618683793 0.31779876723885536 0.10195968952029943 0.14429438021034025 0.091511650010943413 0.28815589100122452 0.11167209129780531 0.11031141225248575 0.093094230629503727 0.064511277712881565
leaf_count=5 6 5 4 5 7 5 6 8 8 7
internal_value=-0.0017268 0.0293799 -0.0424022 -0.0423191 -0.0426069 0.0440499 -0.0421629 -0.0422157 -0.0421294 -0.0420236
internal_weight=1.78176 1.00963 0.772122 0.670162 0.235806 0.605955 0.434356 0.315078 0.203406 0.119279
internal_count=66 16 50 46 12 10 34 22 16 12
is_linear=0
shrinkage=0.05


Tree=238
num_leaves=12
num_cat=0
split_feature=0 2 0 9 9 4 0 7 5 3 7
split_gain=1.51288 0.000748324 1.74239e-05 2.43904e-05 1.07568e-05 5.61753e-06 1.72811e-06 1.37013e-06 7.05747e-08 7.06871e-09 6.99095e-09
threshold=1.9456500000000003 1550.0000000000002 5.8354500000000007 -0.49524719222984687 1.0000000180025095e-35 14.500000000000002 4.4118000000000004 12.000000000000002 0.68301270189221941 10.500000000000002 7.4000000000000012
decision_type=2 2 2 2 2 2 2 2 2 2 2
left_child=1 -1 3 6 7 -3 -2 8 9 -4 -10
right_child=2 5 4 -5 -6 -7 -8 -9 10 -11 -12
leaf_value=0.046782875290557233 -0.04250967153876372 0.043911938746131439 -0.042119449259010122 -0.043067979707528438 -0.042827674613920425 0.044214659336338447 -0.042248281722757609 -0.042359002354912634 -0.042090089049523022 -0.042139345749698361 -0.04206548766732239
leaf_weight=0.43414149433374383 0.1124116238206625 0.29107707738876343 0.10195016395300627 0.2343526203185321 0.07097192294895649 0.32365038990974426 0.14452927000820637 0.067008655518293381 0.059619291685521603 0.079411963932216167 0.056003193370997906
leaf_count=4 5 5 8 7 3 5 9 4 5 6 5
internal_value=0.00407104 0.0451937 -0.042495 -0.0426991 -0.0422646 0.0440713 -0.0423626 -0.0421548 -0.0421087 -0.0421282 -0.0420782
internal_weight=1.97513 1.04887 0.926259 0.491294 0.434965 0.614727 0.256941 0.363993 0.296985 0.181362 0.115622
internal_count=66 14 52 21 31 10 14 28 24 14 10
is_linear=0
shrinkage=0.05


Tree=239
num_leaves=14
num_cat=0
split_feature=2 12 4 2 8 7 2 5 2 2 2 4 2
split_gain=0.733918 0.622162 0.565107 0.387549 0.245562 0.0116937 0.000757084 0.000214405 0.000132822 9.37045e-05 3.61468e-05 2.82617e-06 2.74685e-06
threshold=300.00000000000006 20.500000000000004 161.00000000000003 1550.0000000000002 -1.0000000180025095e-35 18.358333333333338 825.00000000000011 -0.6830127018922193 1250.0000000000002 1650.0000000000002 2850.0000000000005 41.000000000000007 2590.0000000000005
decision_type=2 2 2 2 2 2 2 2 2 2 2 2 2
left_child=-1 5 8 -4 -5 6 -2 -6 -3 -8 11 -10 -11
right_child=1 2 3 4 7 -7 9 -9 10 12 -12 -13 -14
leaf_value=0.045167200003767068 -0.046746497765554597 -0.044414416428986053 0.031835895727986334 0.030555614129708121 -0.04518520093198157 -0.057508892258244508 -0.044123070829644541 -0.042697744987528992 -0.042265858454827922 -0.042331873899169037 -0.043552984390039927 -0.042616026417965081 -0.042672935728247471
leaf_weight=0.68905625864863429 0.23197899758815799 0.18883212655782733 1.1813585944473741 0.16253220662474699 0.15771632082760401 0.23950591683387756 0.1468020249158144 0.19219756685197209 0.13340049795806408 0.1090459143742919 0.099808863364160061 0.1014366652816534 0.12872190587222576
leaf_count=9 2 3 9 2 4 1 3 7 8 6 3 4 5
internal_value=-0.00147075 -0.0119272 0.00205119 0.0160839 -0.0202296 -0.0481328 -0.0444906 -0.0438189 -0.0433542 -0.0431298 -0.0427559 -0.0424171 -0.0425165
internal_weight=3.76239 3.07334 2.21728 1.6938 0.512446 0.856055 0.616549 0.349914 0.523478 0.38457 0.334646 0.234837 0.237768
internal_count=66 57 40 22 13 17 16 11 18 14 15 12 11
is_linear=0
shrinkage=0.05


Tree=240
num_leaves=13
num_cat=0
split_feature=8 4 7 2 3 12 2 12 12 4 3 11
split_gain=1.13885 0.406978 0.470829 0.500374 0.503879 0.166536 0.155497 0.00438805 0.000284481 5.07272e-05 2.29543e-05 2.32653e-08
threshold=-0.91959550581536686 271.00000000000006 9.7500000000000018 1350.0000000000002 7.5000000000000009 94.500000000000014 825.00000000000011 8.5000000000000018 72.000000000000014 295.00000000000006 6.5000000000000009 1.5000000000000002
decision_type=2 2 2 2 2 2 2 2 2 2 2 2
left_child=-1 2 3 6 5 7 -2 -5 10 -3 11 -9
right_child=1 9 -4 4 -6 -7 -8 8 -10 -11 -12 -13
leaf_value=0.074253586110804279 0.015322179795105792 -0.045610055942084088 -0.044708318764549511 -0.052857270728600914 0.053960319548204544 0.013500796342237834 0.048384778001822309 -0.042172378103835992 -0.045550609158562169 -0.044522555414401706 -0.043206023416809319 -0.04213267197069788
leaf_weight=0.62125970423221621 0.63358458783477656 0.20619719102978695 0.37482683639973391 0.2002691626548766 0.21110664308071136 0.1439257375895977 0.81059928238391876 0.069460323080420494 0.11727856565266848 0.2234185291454196 0.079142499715089798 0.078682005405426025
leaf_count=6 8 3 8 1 1 4 7 5 2 8 2 6
internal_value=0.0123861 0.000178414 0.00732419 0.0156445 -0.0136211 -0.034335 0.0338797 -0.0469715 -0.0435506 -0.0450445 -0.0425186 -0.0421513
internal_weight=3.76975 3.14849 2.71888 2.34405 0.899865 0.688758 1.44418 0.544833 0.344563 0.429616 0.227285 0.148142
internal_count=61 55 44 36 21 20 15 16 15 11 13 11
is_linear=0
shrinkage=0.05


Tree=241
num_leaves=9
num_cat=0
split_feature=0 0 0 0 3 4 7 3
split_gain=0.655932 0.524748 4.50215e-05 9.42166e-06 1.49975e-05 2.42866e-06 1.21132e-06 1.05459e-07
threshold=10.361300000000002 10.654750000000002 5.1314000000000011 1.9456500000000003 7.5000000000000009 46.000000000000007 8.6083333333333361 4.5000000000000009
decision_type=2 2 2 2 2 2 2 2
left_child=2 -2 3 7 6 -3 -5 -1
right_child=1 5 -4 4 -6 -7 -8 -9
leaf_value=-0.041998978320431472 0.045240719211082359 -0.042070547565153139 -0.043323546213130837 -0.042243281590558623 -0.043020118843305193 -0.042411221128272669 -0.042455104204071538 -0.042095505844475661
leaf_weight=0.047040159814059734 0.63837086781859398 0.078978748060762882 0.20622748136520386 0.12503550108522177 0.12460442259907722 0.15496266912668943 0.14665321912616491 0.071009790524840355
leaf_count=5 9 7 7 8 4 8 7 6
internal_value=-0.0073969 0.0217646 -0.0426994 -0.0424491 -0.0425659 -0.0422962 -0.0423576 -0.042057
internal_weight=1.59288 0.872312 0.720571 0.514343 0.396293 0.233941 0.271689 0.11805
internal_count=61 24 37 30 19 15 15 11
is_linear=0
shrinkage=0.05


Tree=242
num_leaves=11
num_cat=0
split_feature=12 2 2 5 4 2 5 12 9 11
split_gain=0.323907 0.277435 0.00077432 1.53776e-06 8.36378e-07 5.30314e-07 4.03585e-07 7.50806e-08 2.321e-08 1.89218e-08
threshold=20.500000000000004 2950.0000000000005 2950.0000000000005 -0.24999999999999994 209.00000000000003 1650.0000000000002 -0.5 40.000000000000007 -0.49524719222984687 6.5000000000000009
decision_type=2 2 2 2 2 2 2 2 2 2
left_child=1 3 4 -1 7 -5 -6 9 -9 -2
right_child=2 -3 -4 5 6 -7 -8 8 -10 -11
leaf_value=-0.042327620806282468 -0.041870987288276172 0.046196485124344232 -0.04694467760985474 -0.042065342348737586 -0.041961514981781245 -0.041792898330403373 -0.042184570032766655 -0.04184626306871736 -0.041789871215943492 -0.041927781345393489
leaf_weight=0.047032205853611231 0.030771442921832204 0.31734618544578552 0.1197478249669075 0.048199398908764124 0.046811466570943594 0.028377586044371128 0.035778990481048822 0.043415682390332222 0.031474772142246366 0.028019249439239502
leaf_count=3 6 3 1 6 9 8 3 9 9 4
internal_value=-0.00673695 0.0214444 -0.0437191 -0.0421026 -0.041933 -0.0419644 -0.0420581 -0.0418558 -0.0418226 -0.0418981
internal_weight=0.776975 0.440955 0.336019 0.123609 0.216272 0.076577 0.0825905 0.133681 0.0748905 0.0587907
internal_count=61 20 41 17 40 14 12 28 18 10
is_linear=0
shrinkage=0.05


Tree=243
num_leaves=10
num_cat=0
split_feature=2 0 0 0 0 3 7 7 12
split_gain=0.745958 0.371124 0.000249867 5.13317e-05 6.66244e-06 8.5324e-06 3.83814e-06 1.06452e-06 8.25891e-08
threshold=1855.0000000000002 10.654750000000002 11.100500000000002 5.1314000000000011 1.9456500000000003 7.5000000000000009 7.0750000000000011 8.6083333333333361 50.000000000000007
decision_type=2 2 2 2 2 2 2 2 2
left_child=2 8 3 4 -1 7 -3 -6 -2
right_child=1 6 -4 -5 5 -7 -8 -9 -10
leaf_value=-0.041995254537779789 -0.042139600535946814 0.043997200117408375 -0.04460817692343047 -0.043303187118048717 -0.042194694051262131 -0.042904062389301188 0.043736092379237368 -0.042419277282417768 -0.042064424383835806
leaf_weight=0.081977645866572857 0.10546042863279581 0.29658013582229614 0.25065638870000839 0.25701026245951653 0.085117983631789684 0.09281814843416214 0.26784792169928551 0.13881451170891523 0.055899635888636112
leaf_count=9 8 5 4 9 6 3 5 7 5
internal_value=-0.013018 0.0247564 -0.0432654 -0.0427522 -0.042397 -0.042501 0.0438733 -0.0423339 -0.0421136
internal_weight=1.63218 0.725788 0.906395 0.655739 0.398728 0.316751 0.564428 0.223932 0.16136
internal_count=61 23 38 34 25 16 10 13 13
is_linear=0
shrinkage=0.05


Tree=244
num_leaves=10
num_cat=0
split_feature=0 2 0 0 3 2 7 3 7
split_gain=1.23762 0.000108174 3.81532e-05 4.5969e-05 1.20712e-05 3.21795e-06 2.28764e-06 8.1602e-08 1.18105e-08
threshold=1.9456500000000003 1650.0000000000002 5.8354500000000007 5.1314000000000011 7.5000000000000009 1550.0000000000002 8.6083333333333361 6.5000000000000009 7.0750000000000011
decision_type=2 2 2 2 2 2 2 2 2
left_child=1 -1 3 4 6 -4 -2 8 -7
right_child=2 -3 5 -5 -6 7 -8 -9 -10
leaf_value=0.045026451496207633 -0.042236317641579701 0.043805015751197607 -0.04237298201029948 -0.043598527449596275 -0.042988886182457102 -0.04206445328296065 -0.042522624922906066 -0.042109946675245015 -0.042033899876415454
leaf_weight=0.39730966463685036 0.12470240518450737 0.33335738256573677 0.15195565298199654 0.15082089975476265 0.12352184765040874 0.056149113923311234 0.15838012471795082 0.086987413465976715 0.07242952287197113
leaf_count=5 8 6 9 3 4 5 7 7 7
internal_value=-0.00416969 0.0444692 -0.0425922 -0.042853 -0.0425765 -0.0421968 -0.0423965 -0.0420725 -0.0420472
internal_weight=1.65561 0.730667 0.924947 0.557425 0.406604 0.367522 0.283083 0.215566 0.128579
internal_count=61 11 50 22 19 28 15 19 12
is_linear=0
shrinkage=0.05


Tree=245
num_leaves=10
num_cat=0
split_feature=8 2 0 11 0 9 2 6 2
split_gain=1.08904 0.840447 0.321312 0.378801 0.273968 0.0840359 0.000346132 4.18119e-06 2.83977e-07
threshold=-0.91959550581536686 1650.0000000000002 4.4118000000000004 1.5000000000000002 10.381750000000002 -0.48574157668954127 1855.0000000000002 -0.68301270189221952 2590.0000000000005
decision_type=2 2 2 2 2 2 2 2 2
left_child=-1 2 3 -2 5 -4 -3 -8 -9
right_child=1 6 4 -5 -6 -7 7 8 -10
leaf_value=-0.059046749364962903 -0.045491565928487562 -0.045157378138082536 0.03243903486910716 0.025354174897866195 0.0031340702031853965 0.056743831959201407 -0.042629545882297795 -0.042236415513910733 -0.042333051891803287
leaf_weight=0.659915812313557 0.32475508190691549 0.15270352829247702 0.68057566694915361 0.4502952191978693 0.5334179438650607 0.74492327868938357 0.12681465223431587 0.14237531740218401 0.16312395967543125
leaf_count=6 4 4 8 6 6 4 5 9 9
internal_value=-0.000383158 0.011281 0.0229198 -0.00433101 0.0337017 0.04514 -0.043111 -0.0423882 -0.042288
internal_weight=3.9789 3.31898 2.73397 0.77505 1.95892 1.4255 0.585017 0.432314 0.305499
internal_count=61 55 28 10 18 12 27 23 18
is_linear=0
shrinkage=0.05


Tree=246
num_leaves=13
num_cat=0
split_feature=4 4 2 0 12 7 12 2 2 2 7 12
split_gain=1.15322 0.492835 0.427952 0.44831 0.357465 0.473123 0.00360451 0.000581401 0.000291037 1.55403e-05 5.59972e-06 2.70332e-08
threshold=352.00000000000006 271.00000000000006 1350.0000000000002 4.5639000000000012 12.500000000000002 8.6083333333333361 8.5000000000000018 1350.0000000000002 1855.0000000000002 2950.0000000000005 12.000000000000002 32.500000000000007
decision_type=2 2 2 2 2 2 2 2 2 2 2 2
left_child=1 2 4 -4 -1 -6 -5 -3 -8 11 -9 -10
right_child=-2 7 3 6 5 -7 8 10 9 -11 -12 -13
leaf_value=0.053992981609260506 0.10901183220727249 -0.046085993005583144 0.023274518715916667 -0.051898480100324801 0.035971886410186803 -0.026130358594132947 -0.045649150173383085 -0.042180494309251866 -0.042089500270955732 -0.042950694771090057 -0.042735077309830123 -0.042130599237126948
leaf_weight=0.68640464544296387 0.28335386514663685 0.26850957423448552 0.4085582923144101 0.18993861973285675 0.70819478947669245 0.54095619264990091 0.095556095242500305 0.099598817527294159 0.071548104286193848 0.083865883760154247 0.083825359120965004 0.090770893730223179
leaf_count=4 1 3 8 1 9 8 1 7 6 3 3 7
internal_value=0.0121801 0.00393496 0.0115629 -0.0161112 0.0250061 0.00907794 -0.0463763 -0.0446038 -0.0433071 -0.042398 -0.0424339 -0.0421125
internal_weight=3.61108 3.32773 2.87579 0.940238 1.93556 1.24915 0.53168 0.451934 0.341741 0.246185 0.183424 0.162319
internal_count=61 60 47 26 21 17 18 13 17 16 10 13
is_linear=0
shrinkage=0.05


Tree=247
num_leaves=10
num_cat=0
split_feature=0 0 0 0 3 2 7 3 3
split_gain=0.605834 0.485351 3.94606e-05 7.73582e-06 1.22779e-05 1.12977e-06 1.00136e-06 7.23799e-07 8.23394e-08
threshold=10.361300000000002 10.654750000000002 5.1314000000000011 1.9456500000000003 7.5000000000000009 1855.0000000000002 8.6083333333333361 3.5000000000000004 4.5000000000000009
decision_type=2 2 2 2 2 2 2 2 2
left_child=2 -2 3 8 6 -3 -5 -7 -1
right_child=1 5 -4 4 -6 7 -8 -9 -10
leaf_value=-0.041972459247537702 0.044950615307312626 -0.042390200781656673 -0.043240205311547354 -0.042201683381249785 -0.042929706219622499 -0.042060402523996919 -0.042401392986983547 -0.042301396927063854 -0.042061312698121078
leaf_weight=0.043340620584785938 0.59350501000881195 0.089270321652293205 0.19513090793043375 0.11599902901798487 0.11674610245972872 0.076298420317471027 0.13677773158997297 0.052659474313259125 0.065444564446806908
leaf_count=5 9 5 7 8 4 7 7 3 6
internal_value=-0.00758065 0.0215065 -0.042641 -0.0423965 -0.0425056 -0.0422535 -0.0423097 -0.0421588 -0.0420259
internal_weight=1.48517 0.811733 0.673439 0.478308 0.369523 0.218228 0.252777 0.128958 0.108785
internal_count=61 24 37 30 19 15 15 10 11
is_linear=0
shrinkage=0.05


Tree=248
num_leaves=11
num_cat=0
split_feature=12 12 6 5 5 4 7 5 12 9
split_gain=0.296906 0.0873593 0.117269 0.000562797 1.14398e-06 7.02068e-07 4.04571e-07 3.64486e-07 6.72532e-08 1.8024e-08
threshold=20.500000000000004 15.500000000000002 -0.68301270189221952 0.93301270189221952 -0.24999999999999994 209.00000000000003 7.6500000000000012 -0.5 40.000000000000007 -0.49524719222984687
decision_type=2 2 2 2 2 2 2 2 2 2
left_child=1 2 -1 5 -4 8 -6 -7 -2 -10
right_child=3 -3 4 -5 6 7 -8 -9 9 -11
leaf_value=0.033502886964973541 -0.041887692309815434 0.044202786088753457 -0.04232956734306597 -0.046303237883223096 -0.042066359705805315 -0.041940965353520959 -0.04182023869254127 -0.042159922817915696 -0.041833433219875968 -0.041781951024194533
leaf_weight=0.10955205839127302 0.049919647164642811 0.20470971334725618 0.029209749307483435 0.11657380685210228 0.036881435662508011 0.043421899201348424 0.030508985510095954 0.033802308142185211 0.040186373051255941 0.02946738968603313
leaf_count=2 9 3 2 2 5 9 8 3 9 9
internal_value=-0.00689296 0.0210661 -0.00190872 -0.0435501 -0.0420682 -0.0419193 -0.0419549 -0.0420368 -0.0418434 -0.0418117
internal_weight=0.724233 0.410862 0.206152 0.313371 0.0966002 0.196798 0.0673904 0.0772242 0.119573 0.0696538
internal_count=61 20 17 41 15 39 13 12 27 18
is_linear=0
shrinkage=0.05


Tree=249
num_leaves=10
num_cat=0
split_feature=2 0 0 0 0 3 7 7 12
split_gain=0.690846 0.34087 0.000200224 4.45229e-05 5.45096e-06 6.92575e-06 2.97736e-06 8.57372e-07 6.41607e-08
threshold=1855.0000000000002 10.654750000000002 11.100500000000002 5.1314000000000011 1.9456500000000003 7.5000000000000009 7.0750000000000011 8.6083333333333361 50.000000000000007
decision_type=2 2 2 2 2 2 2 2 2
left_child=2 8 3 4 -1 7 -3 -6 -2
right_child=1 6 -4 -5 5 -7 -8 -9 -10
leaf_value=-0.04196900678813531 -0.042102170297646915 0.043804652941229406 -0.044402480775113266 -0.043218307801637532 -0.042158891104991478 -0.04281940052737216 0.043565547566091926 -0.042367817627524583 -0.042033191191434303
leaf_weight=0.075523905921727419 0.097280037589371204 0.27445400133728981 0.23736440017819405 0.2433630246669054 0.07911344151943922 0.087108783423900604 0.24769533798098564 0.12945621740072966 0.051588536240160465
leaf_count=9 8 5 4 9 6 3 5 7 5
internal_value=-0.013282 0.0246628 -0.0431691 -0.0426927 -0.0423481 -0.042445 0.0436912 -0.0422886 -0.0420783
internal_weight=1.52295 0.671018 0.85193 0.614565 0.371202 0.295678 0.522149 0.20857 0.148869
internal_count=61 23 38 34 25 16 10 13 13
is_linear=0
shrinkage=0.05


Tree=250
num_leaves=10
num_cat=0
split_feature=0 2 0 0 3 2 7 4 3
split_gain=1.15529 9.2696e-05 3.18688e-05 3.94065e-05 9.83547e-06 2.74971e-06 1.8697e-06 6.68694e-08 1.35316e-08
threshold=1.9456500000000003 1650.0000000000002 5.8354500000000007 5.1314000000000011 7.5000000000000009 1550.0000000000002 8.6083333333333361 329.50000000000006 3.5000000000000004
decision_type=2 2 2 2 2 2 2 2 2
left_child=1 -1 3 4 6 -4 -2 8 -7
right_child=2 -3 5 -5 -6 7 -8 -9 -10
leaf_value=0.04481880150976731 -0.042195650052466477 0.043652980196277502 -0.042327387850562725 -0.043489741862826427 -0.042899211268134951 -0.042011203441086845 -0.042464052780821021 -0.042091843243473065 -0.042041522514178246
leaf_weight=0.3766399584710598 0.11570608615875244 0.3115384466946125 0.14365691691637039 0.14269544929265976 0.11569895967841148 0.087484181858599186 0.1477219071239233 0.047744374722242355 0.0635213702917099
leaf_count=5 8 6 9 3 4 9 7 4 6
internal_value=-0.00404555 0.044291 -0.0425356 -0.0427815 -0.0425149 -0.0421607 -0.0423462 -0.0420403 -0.042024
internal_weight=1.55241 0.688178 0.864229 0.521822 0.379127 0.342407 0.263428 0.19875 0.151006
internal_count=61 11 50 22 19 28 15 19 15
is_linear=0
shrinkage=0.05


Tree=251
num_leaves=11
num_cat=0
split_feature=4 2 0 12 2 0 3 3 9 4
split_gain=0.796759 0.5814 0.360391 0.45716 0.450449 0.28791 0.000248505 4.26191e-06 2.38779e-07 1.87222e-08
threshold=329.50000000000006 1650.0000000000002 4.5639000000000012 20.500000000000004 825.00000000000011 10.381750000000002 7.5000000000000009 6.5000000000000009 -0.27768031003904575 36.000000000000007
decision_type=2 2 2 2 2 2 2 2 2 2
left_child=1 2 3 -1 -5 -4 7 8 9 -3
right_child=-2 6 5 4 -6 -7 -8 -9 -10 -11
leaf_value=-0.050355020555496156 -0.070717532808560163 -0.042153950927274308 0.048684187043254133 0.048149581143184086 -0.016611673673052958 0.0026867710357948533 -0.044760812334006729 -0.042601728161854209 -0.042273466546969257 -0.042190386366854932
leaf_weight=0.36847178824246052 0.3635326400399207 0.068478868342936039 0.97906370647251584 0.51171768456697442 0.5649388637393713 0.52135225385427475 0.15140242874622345 0.10073983296751976 0.10078866314142931 0.072675208561122417
leaf_count=4 5 5 9 4 9 6 4 4 6 5
internal_value=-0.000321988 0.00711808 0.0155373 -0.00228353 0.0141683 0.0327014 -0.0430738 -0.0423285 -0.0422147 -0.0421727
internal_weight=3.80316 3.43963 2.94554 1.44513 1.07666 1.50042 0.494085 0.342683 0.241943 0.141154
internal_count=61 56 32 17 13 15 24 20 16 10
is_linear=0
shrinkage=0.05


Tree=252
num_leaves=13
num_cat=0
split_feature=4 4 2 0 12 7 12 2 2 2 7 12
split_gain=0.955495 0.453669 0.388028 0.41244 0.326774 0.432344 0.00286529 0.000452852 0.000228427 1.23396e-05 4.38322e-06 2.09626e-08
threshold=352.00000000000006 271.00000000000006 1350.0000000000002 4.5639000000000012 12.500000000000002 8.6083333333333361 8.5000000000000018 1350.0000000000002 1855.0000000000002 2950.0000000000005 12.000000000000002 32.500000000000007
decision_type=2 2 2 2 2 2 2 2 2 2 2 2
left_child=1 2 4 -4 -1 -6 -5 -3 -8 11 -9 -10
right_child=-2 7 3 6 5 -7 8 10 9 -11 -12 -13
leaf_value=0.052958175128208364 0.098337315064123562 -0.045718005172073285 0.022414823412204646 -0.051078285727314987 0.035040203237824856 -0.025350413104418192 -0.045328885166104747 -0.042139423321525954 -0.042055799611464932 -0.042852755064995862 -0.042650210299495013 -0.042093496866998814
leaf_weight=0.65016219019889954 0.29301610589027394 0.25168977305293072 0.39465240668505419 0.18036890029907227 0.68722920119762398 0.52108552679419518 0.089117743074893951 0.09180056769400835 0.065951449796557426 0.077943894080817699 0.077422630041837692 0.083655073307454586
leaf_count=4 1 3 8 1 9 8 1 7 6 3 3 7
internal_value=0.0119506 0.0039682 0.0113669 -0.0157471 0.024376 0.00899676 -0.0460481 -0.0443732 -0.043183 -0.0423426 -0.0423731 -0.0420769
internal_weight=3.4641 3.17108 2.75017 0.891689 1.85848 1.20831 0.497037 0.420913 0.316668 0.22755 0.169223 0.149607
internal_count=61 60 47 26 21 17 18 13 17 16 10 13
is_linear=0
shrinkage=0.05


Tree=253
num_leaves=10
num_cat=0
split_feature=2 11 3 3 13 7 6 12 9
split_gain=0.514557 0.0548716 0.149822 0.0367819 0.0115016 2.08776e-05 1.14226e-06 6.49166e-07 2.45581e-07
threshold=2300.0000000000005 3.5000000000000004 11.500000000000002 10.500000000000002 1.0000000180025095e-35 7.6500000000000012 0.25000000000000017 40.000000000000007 -0.52414661475995694
decision_type=2 2 2 2 2 2 2 2 2
left_child=3 4 -3 5 -2 -1 7 -7 -8
right_child=1 2 -4 -5 -6 6 8 -9 -10
leaf_value=-0.042794131665491217 0.027357246071303593 -0.042123744574762229 0.043731047963158277 -0.015718078926368499 0.043570089601032418 -0.042306396890951212 -0.042125833239325915 -0.042125027652020114 -0.041984277994763342
leaf_weight=0.22774699982255697 0.24275967385619879 0.096023740246891975 0.10792843997478485 0.16664273850619793 0.19911447167396545 0.14469429664313793 0.06039954349398613 0.074862422421574593 0.06218462809920311
leaf_count=9 6 8 2 5 4 9 5 6 7
internal_value=-0.00781575 0.0247615 0.00330933 -0.0363811 0.034663 -0.0424232 -0.0421763 -0.0422446 -0.042054
internal_weight=1.38236 0.645826 0.203952 0.736531 0.441874 0.569888 0.342141 0.219557 0.122584
internal_count=61 20 10 41 10 36 27 15 12
is_linear=0
shrinkage=0.05


Tree=254
num_leaves=12
num_cat=0
split_feature=12 2 2 5 3 0 5 2 10 0 5
split_gain=0.272318 0.239799 0.000470172 1.10775e-06 3.8996e-07 5.09194e-07 3.6625e-07 3.48537e-08 4.7798e-08 2.96728e-08 2.17828e-08
threshold=20.500000000000004 2950.0000000000005 2950.0000000000005 -0.24999999999999994 6.5000000000000009 4.4709500000000011 0.93301270189221952 1650.0000000000002 4.5000000000000009 11.100500000000002 -0.5
decision_type=2 2 2 2 2 2 2 2 2 2 2
left_child=1 3 4 -1 7 10 9 8 -2 -5 -6
right_child=2 -3 -4 6 5 -7 -8 -9 -10 -11 -12
leaf_value=-0.042255965127542768 -0.041794739812004142 0.045477445734056661 -0.046090777682279177 -0.041780124266608508 -0.041799718847259693 -0.042065543974675872 -0.042059018731121375 -0.041780757739252689 -0.04188621714797619 -0.041870255947138196 -0.041871718781048096
leaf_weight=0.042653759475797415 0.024463508976623416 0.2755187526345253 0.10412809252738953 0.0190183250233531 0.019829872297123075 0.058793831150978804 0.030032532289624214 0.028501044260337949 0.034303303807973862 0.017565505811944604 0.022338737268000841
leaf_count=3 7 3 1 6 6 8 4 9 6 4 4
internal_value=-0.00701848 0.0206199 -0.0433949 -0.042057 -0.0419035 -0.0419704 -0.0419296 -0.0418261 -0.0418481 -0.0418234 -0.0418379
internal_weight=0.677147 0.384789 0.292358 0.10927 0.18823 0.100962 0.0666164 0.0872679 0.0587668 0.0365838 0.0421686
internal_count=61 20 41 17 40 18 14 22 13 10 10
is_linear=0
shrinkage=0.05


Tree=255
num_leaves=10
num_cat=0
split_feature=2 0 0 0 0 3 7 7 12
split_gain=0.638904 0.313432 0.000155188 3.81229e-05 4.55361e-06 5.79105e-06 2.27154e-06 7.22425e-07 5.11799e-08
threshold=1855.0000000000002 10.654750000000002 11.100500000000002 5.1314000000000011 1.9456500000000003 7.5000000000000009 7.0750000000000011 8.6083333333333361 50.000000000000007
decision_type=2 2 2 2 2 2 2 2 2
left_child=2 8 3 4 -1 7 -3 -6 -2
right_child=1 6 -4 -5 5 -7 -8 -9 -10
leaf_value=-0.041944880083191444 -0.042068508614860257 0.04362697122173198 -0.044189846405231235 -0.043137675226601557 -0.042125823638819122 -0.042750464226983857 0.043409775660773815 -0.042324200399506851 -0.04200438716173973
leaf_weight=0.069584955926984549 0.089890459552407265 0.25380268320441246 0.22333900257945061 0.2290958845987916 0.073671199381351471 0.081809986382722855 0.22899555042386055 0.12171735614538193 0.047597384080290794
leaf_count=9 8 5 4 9 6 3 5 7 5
internal_value=-0.0135193 0.0245571 -0.0430711 -0.0426372 -0.0423065 -0.0423973 0.043524 -0.0422494 -0.0420463
internal_weight=1.4195 0.620286 0.799218 0.575879 0.346783 0.277199 0.482798 0.195389 0.137488
internal_count=61 23 38 34 25 16 10 13 13
is_linear=0
shrinkage=0.05


Tree=256
num_leaves=10
num_cat=0
split_feature=0 2 0 0 3 2 7 4 3
split_gain=1.07701 7.47145e-05 2.68991e-05 3.31035e-05 8.20311e-06 2.24617e-06 1.57658e-06 5.21951e-08 1.03233e-08
threshold=1.9456500000000003 1650.0000000000002 5.8354500000000007 5.1314000000000011 7.5000000000000009 1550.0000000000002 8.6083333333333361 329.50000000000006 3.5000000000000004
decision_type=2 2 2 2 2 2 2 2 2
left_child=1 -1 3 4 6 -4 -2 8 -7
right_child=2 -3 5 -5 -6 7 -8 -9 -10
leaf_value=0.044603143362889557 -0.042159126296295868 0.043523538795276227 -0.042279885217742535 -0.04338267180099506 -0.042824537660642037 -0.041983981004081877 -0.042414045440642034 -0.042058041145968977 -0.042011563924153526
leaf_weight=0.3539724126458168 0.10768273286521435 0.2928323782980442 0.1340915858745575 0.13471714407205582 0.10843404568731785 0.08068869449198246 0.13887536711990833 0.044017280451953411 0.058526082895696163
leaf_count=5 8 6 9 3 4 9 7 4 6
internal_value=-0.00395628 0.0441144 -0.042483 -0.0427153 -0.0424621 -0.0421244 -0.0423027 -0.0420106 -0.0419956
internal_weight=1.45384 0.646805 0.807033 0.489709 0.354992 0.317324 0.246558 0.183232 0.139215
internal_count=61 11 50 22 19 28 15 19 15
is_linear=0
shrinkage=0.05


Tree=257
num_leaves=10
num_cat=0
split_feature=8 2 0 11 0 12 2 6 2
split_gain=0.876362 0.69413 0.25897 0.321205 0.236099 0.0706965 0.000233373 2.68937e-06 1.48947e-07
threshold=-0.91959550581536686 1650.0000000000002 4.4118000000000004 1.5000000000000002 10.381750000000002 37.500000000000007 1855.0000000000002 -0.68301270189221952 2590.0000000000005
decision_type=2 2 2 2 2 2 2 2 2
left_child=-1 2 3 -2 5 -4 -3 -8 -9
right_child=1 6 4 -5 -6 -7 7 8 -10
leaf_value=-0.054673914935395154 -0.044984643409020621 -0.044716368578725664 0.053389614127679369 0.023945851838372372 0.0026012441179552727 0.030028935635083798 -0.042486033857602065 -0.042148782257870568 -0.042224885221506393
leaf_weight=0.61436683498322997 0.2863991744816311 0.13384489342570294 0.71223217993974663 0.41231130994856358 0.50822125561535347 0.59394771233201027 0.1083526685833931 0.1209609042853117 0.13724023196846247
leaf_count=6 4 4 5 6 6 7 5 9 9
internal_value=-0.000247713 0.0108482 0.0215561 -0.00430854 0.0315164 0.042767 -0.0429294 -0.042277 -0.0421892
internal_weight=3.62788 3.01351 2.51311 0.69871 1.8144 1.30618 0.500399 0.366554 0.258201
internal_count=61 55 28 10 18 12 27 23 18
is_linear=0
shrinkage=0.05


Tree=258
num_leaves=12
num_cat=0
split_feature=8 7 2 0 2 5 12 0 7 3 7
split_gain=0.738285 0.331812 0.25568 0.481874 0.395859 0.589146 0.00241616 0.00014236 7.99853e-05 9.68194e-08 7.14331e-09
threshold=-0.91959550581536686 9.7500000000000018 1350.0000000000002 4.5639000000000012 825.00000000000011 0.68301270189221941 8.5000000000000018 10.361300000000002 12.000000000000002 6.5000000000000009 7.0750000000000011
decision_type=2 2 2 2 2 2 2 2 2 2 2
left_child=-1 2 4 -4 5 -2 -5 -8 -3 10 -9
right_child=1 8 3 6 -6 -7 7 9 -10 -11 -12
leaf_value=0.061512464920792653 -0.04468875154212968 -0.043318136981045953 0.03242717776266698 -0.050286033212027216 0.047143259065239917 0.040379356030039747 -0.044140001266866929 -0.042043649355060636 -0.044806239205354315 -0.042102936932010851 -0.042017261404603587
leaf_weight=0.60822904575616155 0.42617479804903335 0.18322021048516024 0.32729039061814535 0.17043177783489227 0.7024468407034874 0.38958797603845596 0.1470570582896471 0.053113908506929874 0.17805119324475527 0.08548375591635704 0.049592830240726471
leaf_count=6 8 6 6 1 7 3 3 5 4 7 5
internal_value=0.0117255 0.000561431 0.00741646 -0.0148436 0.0196295 -0.00406234 -0.0454387 -0.0429744 -0.0440515 -0.0420636 -0.0420309
internal_weight=3.32068 2.71245 2.35118 0.83297 1.51821 0.815763 0.505679 0.335248 0.361271 0.18819 0.102707
internal_count=61 55 45 27 18 11 21 20 10 17 10
is_linear=0
shrinkage=0.05


Tree=259
num_leaves=9
num_cat=0
split_feature=0 0 0 0 3 4 7 3
split_gain=0.521136 0.419303 2.97824e-05 5.52381e-06 8.82427e-06 1.27962e-06 6.74284e-07 5.36369e-08
threshold=10.361300000000002 10.654750000000002 5.1314000000000011 1.9456500000000003 7.5000000000000009 46.000000000000007 8.6083333333333361 4.5000000000000009
decision_type=2 2 2 2 2 2 2 2
left_child=2 -2 3 7 6 -3 -5 -1
right_child=1 5 -4 4 -6 -7 -8 -9
leaf_value=-0.041925403801838748 0.044480038668173766 -0.041995130728436643 -0.043090731914120911 -0.042136794307272123 -0.042790755150740337 -0.042268923953441569 -0.042311753286286405 -0.042003129335331832
leaf_weight=0.036752535961568356 0.51581955701112747 0.064233956858515739 0.17420049477368593 0.1013970086351037 0.10356729757040739 0.12715048808604479 0.12053028494119644 0.056041218806058168
leaf_count=5 9 7 7 8 4 8 7 6
internal_value=-0.00795085 0.0210288 -0.0425414 -0.0423126 -0.0424097 -0.042177 -0.0422318 -0.0419723
internal_weight=1.29969 0.707204 0.592489 0.418288 0.325495 0.191384 0.221927 0.0927938
internal_count=61 24 37 30 19 15 15 11
is_linear=0
shrinkage=0.05


Tree=260
num_leaves=13
num_cat=0
split_feature=12 2 2 5 4 5 5 2 2 12 0 3
split_gain=0.252541 0.221579 0.00038339 8.73725e-07 5.26016e-07 3.05716e-07 2.47892e-07 4.68741e-08 3.52856e-08 3.14252e-08 1.19281e-08 2.10684e-09
threshold=20.500000000000004 2950.0000000000005 2950.0000000000005 -0.24999999999999994 209.00000000000003 0.93301270189221952 -0.5 1650.0000000000002 1650.0000000000002 40.000000000000007 5.0021000000000013 2.5000000000000004
decision_type=2 2 2 2 2 2 2 2 2 2 2 2
left_child=1 3 4 -1 7 8 -6 9 -5 -2 -11 -9
right_child=2 -3 -4 5 6 -7 -8 11 -10 10 -12 -13
leaf_value=-0.042212734180828021 -0.041875460867667968 0.045173356666746184 -0.045787622679064235 -0.041873368912928303 -0.041914682584633406 -0.042035031887403748 -0.042107044700742419 -0.041758248770833263 -0.04176939875721928 -0.041834715468481908 -0.041777931136398987 -0.041783854167771639
leaf_weight=0.039908719249069691 0.038065289845690131 0.25679296255111694 0.098281547427177429 0.013726692879572511 0.038024420849978924 0.027931764954701066 0.029931553173810244 0.015725241042673588 0.020124871749430895 0.022373364772647619 0.01576442108489573 0.016424159053713083
leaf_count=3 7 3 1 3 9 4 3 6 7 5 5 5
internal_value=-0.0072024 0.0204361 -0.0432853 -0.0420304 -0.0418904 -0.0419126 -0.0419994 -0.041822 -0.0418116 -0.0418433 -0.0418112 -0.0417713
internal_weight=0.633075 0.358485 0.27459 0.101692 0.176308 0.0617833 0.067956 0.108352 0.0338516 0.0762031 0.0381378 0.0321494
internal_count=61 20 41 17 40 14 12 28 10 17 10 11
is_linear=0
shrinkage=0.05


Tree=261
num_leaves=10
num_cat=0
split_feature=2 0 0 0 0 3 7 7 12
split_gain=0.593657 0.288937 0.000121227 3.17685e-05 3.79214e-06 4.83481e-06 1.6107e-06 5.98944e-07 3.68251e-08
threshold=1855.0000000000002 10.654750000000002 11.100500000000002 5.1314000000000011 1.9456500000000003 7.5000000000000009 7.0750000000000011 8.6083333333333361 50.000000000000007
decision_type=2 2 2 2 2 2 2 2 2
left_child=2 8 3 4 -1 7 -3 -6 -2
right_child=1 6 -4 -5 5 -7 -8 -9 -10
leaf_value=-0.041922643665826133 -0.042036783812932819 0.043470727121053841 -0.043995975798092724 -0.043049065034519218 -0.042095332456840079 -0.04268445561707454 0.04328096888990253 -0.042282265323183951 -0.041980282540047681
leaf_weight=0.064094788394868374 0.082913246937096119 0.23533285409212112 0.21013045310974121 0.21687085088342428 0.068632621318101883 0.07697935588657856 0.21308498084545135 0.11406821478158236 0.044217542745172977
leaf_count=9 8 5 4 9 6 3 5 7 5
internal_value=-0.0136882 0.0245174 -0.0429769 -0.0425808 -0.0422671 -0.0423521 0.0433806 -0.042212 -0.0420171
internal_weight=1.32632 0.575549 0.750776 0.540646 0.323775 0.25968 0.448418 0.182701 0.127131
internal_count=61 23 38 34 25 16 10 13 13
is_linear=0
shrinkage=0.05


Tree=262
num_leaves=10
num_cat=0
split_feature=0 2 0 0 4 2 7 4 7
split_gain=1.0071 6.30302e-05 2.24425e-05 2.74259e-05 6.83122e-06 1.85113e-06 1.31615e-06 4.26205e-08 5.08569e-09
threshold=1.9456500000000003 1650.0000000000002 5.8354500000000007 5.1314000000000011 209.00000000000003 1550.0000000000002 8.6083333333333361 182.00000000000003 7.0750000000000011
decision_type=2 2 2 2 2 2 2 2 2
left_child=1 -1 3 4 6 -4 -2 8 -7
right_child=2 -3 5 -5 -6 7 -8 -9 -10
leaf_value=0.044424040082394679 -0.042124822763329316 0.043402389646790017 -0.042237528260014812 -0.043275930922960497 -0.042753094783913273 -0.041976897496073841 -0.04236599092245321 -0.042015160854523927 -0.041954263905958647
leaf_weight=0.33451777324080467 0.10008135531097651 0.27513667196035385 0.12643331568688154 0.12698628753423691 0.10175860952585936 0.043972124345600605 0.13013149052858353 0.068767538294196129 0.056979572866111994
leaf_count=5 8 6 9 3 4 5 7 7 7
internal_value=-0.0038385 0.043963 -0.042432 -0.042651 -0.0424119 -0.0420927 -0.0422611 -0.0419848 -0.0419641
internal_weight=1.36476 0.609654 0.75511 0.458958 0.331971 0.296153 0.230213 0.169719 0.100952
internal_count=61 11 50 22 19 28 15 19 12
is_linear=0
shrinkage=0.05


Tree=263
num_leaves=10
num_cat=0
split_feature=8 2 4 6 2 8 2 6 2
split_gain=0.778726 0.63244 0.231161 0.178373 0.152963 0.0909088 0.000200046 2.13008e-06 1.18675e-07
threshold=-0.91959550581536686 1650.0000000000002 161.00000000000003 1.0000000180025095e-35 825.00000000000011 0.9195955058153672 1855.0000000000002 -0.68301270189221952 2590.0000000000005
decision_type=2 2 2 2 2 2 2 2 2
left_child=-1 2 3 -2 -4 -5 -3 -8 -9
right_child=1 6 4 5 -6 -7 7 8 -10
leaf_value=-0.052480571730669882 -0.027295576925501715 -0.044561667493552726 0.047727116486009268 0.00062781133757109156 0.013436121898892593 0.03636652489572037 -0.042422537220819401 -0.042110229752250448 -0.042180947665048041
leaf_weight=0.59067984670400653 0.32970209419727392 0.12619071453809727 0.83462006598710992 0.38486855663359165 0.53282923065125942 0.33094434440135956 0.10028749518096447 0.11148695554584265 0.12679884489625692
leaf_count=6 5 4 7 8 6 2 5 9 9
internal_value=-0.000187259 0.0105464 0.0208336 0.00313483 0.0343656 0.017151 -0.0428625 -0.0422292 -0.0421479
internal_weight=3.46841 2.87773 2.41296 1.04551 1.36745 0.715813 0.464764 0.338573 0.238286
internal_count=61 55 28 15 13 10 27 23 18
is_linear=0
shrinkage=0.05


Tree=264
num_leaves=13
num_cat=0
split_feature=4 4 2 0 9 8 11 2 2 2 7 3
split_gain=0.72168 0.388865 0.323328 0.351766 0.21762 0.353493 0.126921 0.00147777 0.000284425 7.46205e-06 3.1733e-06 8.52732e-09
threshold=352.00000000000006 271.00000000000006 1350.0000000000002 4.5639000000000012 -0.35824514579943006 0.55438071450436055 1.5000000000000002 1855.0000000000002 1350.0000000000002 2950.0000000000005 12.000000000000002 2.5000000000000004
decision_type=2 2 2 2 2 2 2 2 2 2 2 2
left_child=1 2 4 -4 5 -1 -7 -5 -3 11 -10 -9
right_child=-2 8 3 7 -6 6 -8 9 10 -11 -12 -13
leaf_value=-0.044559586234955144 0.085408079150815885 -0.045115488376781518 0.020979710285496667 -0.048093726116043324 0.046070992153643298 0.043901161746344501 0.0043305944297674153 -0.042000114275291447 -0.042072008093359682 -0.042667654118748434 -0.042534204289757009 -0.042026162136950172
leaf_weight=0.23649110645055749 0.29982295632362355 0.22062066942453373 0.36572032794356335 0.24275495111942291 0.64928963780403259 0.42212858609855175 0.38973249308764935 0.056649369187653065 0.079233347438275814 0.066656379960477352 0.069896386936306953 0.070550430566072464
leaf_count=4 1 3 8 2 5 5 7 6 7 3 3 7
internal_value=0.0115953 0.00388354 0.0109619 -0.015194 0.0233236 0.00923522 0.0249054 -0.0454943 -0.0439753 -0.0422391 -0.0422886 -0.0420146
internal_weight=3.16955 2.86972 2.49997 0.802331 1.69764 1.04835 0.811861 0.436611 0.36975 0.193856 0.14913 0.1272
internal_count=61 60 47 26 21 16 12 18 13 16 10 13
is_linear=0
shrinkage=0.05


Tree=265
num_leaves=10
num_cat=0
split_feature=0 0 0 0 3 2 7 3 3
split_gain=0.483387 0.38608 2.62048e-05 4.49986e-06 7.24281e-06 6.2681e-07 5.64046e-07 3.67119e-07 4.19356e-08
threshold=10.361300000000002 10.654750000000002 5.1314000000000011 1.9456500000000003 7.5000000000000009 1855.0000000000002 8.6083333333333361 3.5000000000000004 4.5000000000000009
decision_type=2 2 2 2 2 2 2 2 2
left_child=2 -2 3 8 6 -3 -5 -7 -1
right_child=1 5 -4 4 -6 7 -8 -9 -10
leaf_value=-0.041904706258549196 0.044253203734739455 -0.042249626181291473 -0.043017248657834836 -0.042100448599409902 -0.042715866330654342 -0.041980415502009379 -0.042266726223494921 -0.042172188448775232 -0.041976314886894454
leaf_weight=0.033847569953650236 0.47866705432534218 0.073986362665891647 0.16710242163389921 0.093576035462319851 0.096638299524784088 0.060950811486691236 0.11210034601390362 0.04225805401802063 0.051634423900395632
leaf_count=5 9 5 7 8 4 7 7 3 6
internal_value=-0.00814692 0.0209126 -0.0424938 -0.0422683 -0.0423588 -0.0421386 -0.0421911 -0.0420589 -0.041948
internal_weight=1.21076 0.655862 0.554899 0.387797 0.302315 0.177195 0.205676 0.103209 0.085482
internal_count=61 24 37 30 19 15 15 10 11
is_linear=0
shrinkage=0.05


Tree=266
num_leaves=13
num_cat=0
split_feature=12 2 2 5 4 5 5 2 10 2 3 3
split_gain=0.232346 0.204395 0.000298824 6.79409e-07 4.65176e-07 2.6477e-07 2.22616e-07 3.9824e-08 4.07209e-08 2.83765e-08 2.26607e-09 1.64022e-09
threshold=20.500000000000004 2950.0000000000005 2950.0000000000005 -0.24999999999999994 209.00000000000003 0.93301270189221952 -0.5 1650.0000000000002 4.5000000000000009 1650.0000000000002 5.5000000000000009 2.5000000000000004
decision_type=2 2 2 2 2 2 2 2 2 2 2 2
left_child=1 3 4 -1 7 9 -6 8 10 -5 -2 -9
right_child=2 -3 -4 5 6 -7 -8 11 -10 -11 -12 -13
leaf_value=-0.042173391258686077 -0.041781126264862481 0.044877577461654022 -0.045442638268763373 -0.041858022429099903 -0.041900333806707594 -0.042016224942397998 -0.042088167925134548 -0.041750993248774806 -0.041868520064087027 -0.041761246757730498 -0.041806821995817187 -0.041774534686089458
leaf_weight=0.037042053882032633 0.018619515933096409 0.23822953552007675 0.09142642468214035 0.012810328975319862 0.035329317324794829 0.026173155987635255 0.02849859744310379 0.014484099810943007 0.036881812149658799 0.018533626338467002 0.015912963775917888 0.015126121463254094
leaf_count=3 6 3 1 3 9 4 3 6 7 7 4 5
internal_value=-0.00736649 0.0201902 -0.04315 -0.0420064 -0.0418785 -0.0418988 -0.0419842 -0.0418118 -0.041832 -0.0418008 -0.041793 -0.041763
internal_weight=0.589068 0.332789 0.256279 0.0945592 0.164852 0.0575171 0.0638279 0.101025 0.0714143 0.031344 0.0345325 0.0296102
internal_count=61 20 41 17 40 14 12 28 17 10 10 11
is_linear=0
shrinkage=0.05


Tree=267
num_leaves=10
num_cat=0
split_feature=2 0 0 0 0 4 7 7 12
split_gain=0.548984 0.265495 9.39064e-05 2.70176e-05 3.09223e-06 3.99827e-06 1.2527e-06 4.94439e-07 2.85343e-08
threshold=1855.0000000000002 10.654750000000002 11.100500000000002 5.1314000000000011 1.9456500000000003 209.00000000000003 7.0750000000000011 8.6083333333333361 50.000000000000007
decision_type=2 2 2 2 2 2 2 2 2
left_child=2 8 3 4 -1 7 -3 -6 -2
right_child=1 6 -4 -5 5 -7 -8 -9 -10
leaf_value=-0.041902155888708117 -0.042007414059806326 0.043322976369458088 -0.043816914823731741 -0.042969755936281377 -0.042062710909894892 -0.042618139594899074 0.043148884846071142 -0.042239256849859526 -0.041955623072422704
leaf_weight=0.05902909254655242 0.076435793191194534 0.21751618012785912 0.19643247500061989 0.20622896170243621 0.063334912061691284 0.071952621452510357 0.19684205576777458 0.10608786623924971 0.040785875637084246
leaf_count=9 8 5 4 9 6 3 5 7 5
internal_value=-0.0138978 0.0244458 -0.0428889 -0.0425291 -0.0422265 -0.0423059 0.0432403 -0.0421733 -0.0419894
internal_weight=1.23465 0.53158 0.703066 0.506633 0.300404 0.241375 0.414358 0.169423 0.117222
internal_count=61 23 38 34 25 16 10 13 13
is_linear=0
shrinkage=0.05


Tree=268
num_leaves=10
num_cat=0
split_feature=0 2 0 0 3 2 7 3 7
split_gain=0.941212 5.02158e-05 1.90082e-05 2.41651e-05 5.64332e-06 1.59186e-06 1.0848e-06 3.28891e-08 3.89127e-09
threshold=1.9456500000000003 1650.0000000000002 5.8354500000000007 5.1314000000000011 7.5000000000000009 1550.0000000000002 8.6083333333333361 6.5000000000000009 7.0750000000000011
decision_type=2 2 2 2 2 2 2 2 2
left_child=1 -1 3 4 6 -4 -2 8 -7
right_child=2 -3 5 -5 -6 7 -8 -9 -10
leaf_value=0.044233816667062741 -0.042089376645358778 0.043294299928360688 -0.04220158535515476 -0.043194739341788774 -0.042681783235901133 -0.041952200005051059 -0.042316916602019389 -0.041987263923606848 -0.041931578984914272
leaf_weight=0.31544679030776024 0.09235202893614769 0.25899500399827957 0.1199609600007534 0.12107548117637634 0.094959001056849957 0.040518810041248798 0.12102605495601892 0.063343960791826248 0.052546190563589334
leaf_count=5 8 6 9 3 4 5 7 7 7
internal_value=-0.00371051 0.0438102 -0.042388 -0.0425962 -0.0423611 -0.0420646 -0.0422184 -0.0419595 -0.0419406
internal_weight=1.28022 0.574442 0.705782 0.429413 0.308337 0.27637 0.213378 0.156409 0.093065
internal_count=61 11 50 22 19 28 15 19 12
is_linear=0
shrinkage=0.05


Tree=269
num_leaves=10
num_cat=0
split_feature=8 2 0 11 0 12 2 6 2
split_gain=0.698105 0.5755 0.224035 0.273507 0.211125 0.0629934 0.000166185 1.66214e-06 9.29925e-08
threshold=-0.91959550581536686 1650.0000000000002 4.4118000000000004 1.5000000000000002 10.381750000000002 37.500000000000007 1855.0000000000002 -0.68301270189221952 2590.0000000000005
decision_type=2 2 2 2 2 2 2 2 2
left_child=-1 2 3 -2 5 -4 -3 -8 -9
right_child=1 6 4 -5 -6 -7 7 8 -10
leaf_value=-0.050615573604851138 -0.044629373095776866 -0.044385151982235437 0.051590999090282801 0.02219572645979985 0.0015122793066187441 0.02860487747866395 -0.04236216712122487 -0.042074808295062757 -0.042140004027776908
leaf_weight=0.56839392706751857 0.25907264463603574 0.11827494017779816 0.64365185797214486 0.37439804710447788 0.47346850857138623 0.55512536875903606 0.092504218220710754 0.10275327786803246 0.1169443279504776
leaf_count=6 4 4 5 6 6 7 5 9 9
internal_value=-0.000193529 0.0102807 0.0201888 -0.00513396 0.0297815 0.0409467 -0.042789 -0.0421844 -0.0421095
internal_weight=3.30459 2.73619 2.30572 0.633471 1.67225 1.19878 0.430477 0.312202 0.219698
internal_count=61 55 28 10 18 12 27 23 18
is_linear=0
shrinkage=0.05


Tree=270
num_leaves=12
num_cat=0
split_feature=0 7 12 11 6 0 7 2 2 3 0
split_gain=0.560774 0.533157 0.557351 0.186299 0.170609 0.109809 0.000109225 2.18799e-05 7.183e-06 1.01098e-07 5.48959e-09
threshold=5.8354500000000007 16.041666666666668 37.500000000000007 3.5000000000000004 -0.9330127018922193 4.4709500000000011 16.750000000000004 1550.0000000000002 115.00000000000001 10.500000000000002 11.100500000000002
decision_type=2 2 2 2 2 2 2 2 2 2 2
left_child=1 2 3 -1 -4 -6 7 8 -2 10 -9
right_child=6 -3 4 -5 5 -7 -8 9 -10 -11 -12
leaf_value=0.00013502361158129666 -0.042418585965979687 0.05806773495545197 0.055404697883549792 -0.047475610033186053 -0.011051928958390675 0.029623416740379771 -0.044501071880600908 -0.041965378542848333 -0.042987043980170989 -0.042051571865337783 -0.041986865106353584
leaf_weight=0.35579819604754526 0.10233662370592345 0.57017358578741539 0.35648692399263382 0.48629385605454445 0.28371879272162892 0.39966010302305222 0.07156343013048172 0.050487906206399202 0.12160598672926426 0.075448449701070786 0.072290219366550446
leaf_count=6 6 5 2 8 6 5 1 6 4 7 8
internal_value=0.0059217 0.0157106 0.00287767 -0.0273593 0.0273638 0.0127362 -0.0426948 -0.0423886 -0.0427273 -0.042006 -0.041978
internal_weight=2.94586 2.45213 1.88196 0.842092 1.03987 0.683379 0.493733 0.422169 0.223943 0.198227 0.122778
internal_count=64 32 27 14 13 11 32 31 10 21 14
is_linear=0
shrinkage=0.05


Tree=271
num_leaves=10
num_cat=0
split_feature=0 0 0 2 10 4 3 3 12
split_gain=0.572354 0.340194 0.000161664 2.13836e-05 1.06213e-05 4.70487e-06 8.40109e-07 2.83465e-07 1.48605e-07
threshold=10.361300000000002 10.654750000000002 10.381750000000002 1550.0000000000002 4.5000000000000009 209.00000000000003 5.5000000000000009 3.5000000000000004 40.000000000000007
decision_type=2 2 2 2 2 2 2 2 2
left_child=3 2 -2 5 -5 6 8 -3 -1
right_child=1 7 -4 4 -6 -7 -8 -9 -10
leaf_value=-0.042069429863935706 0.043115002418303038 -0.041953625271890387 0.044845218535575763 -0.042410945803415881 -0.043092702177025557 -0.042543254404434891 -0.042218622147328994 -0.042093973457042431 -0.041953081567475181
leaf_weight=0.062954967375844717 0.27035777643322945 0.064173974096775055 0.26966557651758194 0.086037849541753531 0.17002702690660954 0.090833380352705717 0.099317450076341629 0.08188136201351881 0.048654615413397551
leaf_count=6 7 8 4 7 7 5 7 7 6
internal_value=-0.00491381 0.0256686 0.043979 -0.0425276 -0.0428636 -0.0422424 -0.0421128 -0.0420323 -0.0420187
internal_weight=1.2439 0.686079 0.540023 0.557825 0.256065 0.30176 0.210927 0.146055 0.11161
internal_count=64 26 11 38 14 24 19 15 12
is_linear=0
shrinkage=0.05


Tree=272
num_leaves=10
num_cat=0
split_feature=2 0 0 12 0 9 0 12 8
split_gain=0.400116 8.2187e-07 9.87285e-07 3.37555e-07 7.90454e-08 2.45972e-08 2.50015e-09 1.79068e-09 1.52331e-10
threshold=2950.0000000000005 5.8354500000000007 4.4118000000000004 20.500000000000004 1.9456500000000003 -0.24825246871434689 11.100500000000002 40.000000000000007 0.36238283721496295
decision_type=2 2 2 2 2 2 2 2 2
left_child=1 2 4 -4 8 6 7 -3 -1
right_child=-2 5 3 -5 -6 -7 -8 -9 -10
leaf_value=-0.041736050719116728 0.037967335593422268 -0.041783128606643703 -0.042175108667839439 -0.041987693522860414 -0.04185957359122381 -0.041823034924151403 -0.041754422880528608 -0.041762033071397087 -0.041743986768202943
leaf_weight=0.0099164803978055716 0.42307521402835846 0.026421203045174479 0.042247806675732136 0.055702978512272239 0.031320974230766296 0.029558308888226748 0.022250245790928602 0.016244315542280674 0.015495021594688296
leaf_count=5 3 8 3 9 6 8 9 6 7
internal_value=0.00836465 -0.0419014 -0.0419724 -0.0420685 -0.0418064 -0.0417852 -0.041768 -0.0417751 -0.0417409
internal_weight=0.672233 0.249157 0.154683 0.0979508 0.0567325 0.0944741 0.0649158 0.0426655 0.0254115
internal_count=64 61 30 12 18 31 23 14 12
is_linear=0
shrinkage=0.05


Tree=273
num_leaves=13
num_cat=0
split_feature=2 0 4 0 0 0 0 3 7 2 2 2
split_gain=0.455914 0.290336 2.03303e-05 1.90387e-05 1.58868e-05 1.08175e-05 2.90574e-06 3.24121e-06 8.39768e-07 6.61873e-07 2.19414e-08 4.74548e-09
threshold=1855.0000000000002 10.654750000000002 80.000000000000014 5.1314000000000011 5.8354500000000007 10.654750000000002 1.9456500000000003 7.5000000000000009 7.0750000000000011 825.00000000000011 1650.0000000000002 2850.0000000000005
decision_type=2 2 2 2 2 2 2 2 2 2 2 2
left_child=3 2 -2 6 -5 -6 10 9 -3 -8 -1 -4
right_child=1 8 11 4 5 -7 7 -9 -10 -11 -12 -13
leaf_value=-0.041851728715133374 -0.043197805296402401 0.043187599797118642 -0.041958432272277905 -0.04321692281739542 -0.042052361271318672 -0.042763122188253129 -0.042227663740347067 -0.042560823005685977 0.043039581474307941 -0.042007338721527281 -0.04191256080845375 -0.041933724848735192
leaf_weight=0.031637093517929316 0.055679988116025925 0.20097504183650017 0.040504193864762783 0.11897371150553226 0.083829269278794527 0.14812245219945908 0.086390109732747078 0.067699418403208256 0.18314343318343163 0.056301785167306662 0.027891089674085379 0.037359433248639107
leaf_count=6 2 5 5 3 9 5 6 3 5 6 4 5
internal_value=-0.0136125 0.0210382 -0.0424683 -0.0425044 -0.0427472 -0.0425062 -0.0421886 -0.0422759 0.043117 -0.0421407 -0.0418802 -0.0419466
internal_weight=1.13851 0.517662 0.133544 0.620845 0.350925 0.231952 0.269919 0.210391 0.384118 0.142692 0.0595282 0.0778636
internal_count=64 22 12 42 17 14 25 15 10 12 10 10
is_linear=0
shrinkage=0.05


Tree=274
num_leaves=12
num_cat=0
split_feature=7 5 6 9 7 4 10 6 2 9 2
split_gain=0.180813 0.0863571 0.103946 0.131464 0.100392 0.0741818 0.0385327 1.17583e-05 9.74054e-06 9.73465e-07 2.2478e-07
threshold=8.4166666666666696 0.68301270189221941 -0.68301270189221952 -0.96481809864814716 10.508333333333335 317.50000000000006 4.5000000000000009 0.25000000000000017 2590.0000000000005 -0.41859597363157713 1550.0000000000002
decision_type=2 2 2 2 2 2 2 2 2 2 2
left_child=5 2 3 -2 8 7 -4 -1 -3 -5 -9
right_child=1 4 6 9 -6 -7 -8 10 -10 -11 -12
leaf_value=-0.042669065068166791 0.036815985881161924 -0.042061418263483648 0.040460734906509893 -0.042119133714603275 0.029979401494413412 0.014149398535867389 0.013895647572433618 -0.042086442688104575 -0.042913604322727443 -0.042395652181154431 -0.041939410064558154
leaf_weight=0.17358427448198199 0.087495592422783375 0.08206475805491209 0.34064466971904039 0.078197582624852657 0.07314080186188221 0.073089297395199537 0.22778211906552315 0.045080299489200115 0.056698639877140522 0.053675290197134018 0.061394466552883387
leaf_count=9 2 8 8 7 2 4 6 4 3 3 8
internal_value=4.66608e-05 0.010911 0.0185327 -0.0107033 -0.0174238 -0.0307084 0.0298155 -0.0424153 -0.0424096 -0.0422317 -0.0420017
internal_weight=1.35285 0.999699 0.787795 0.219368 0.211904 0.353148 0.568427 0.280059 0.138763 0.131873 0.106475
internal_count=64 39 26 12 13 25 14 21 11 10 12
is_linear=0
shrinkage=0.05


Tree=275
num_leaves=13
num_cat=0
split_feature=4 0 11 12 11 2 4 0 2 7 3 0
split_gain=0.614879 0.723938 0.314491 0.40035 0.15483 0.24362 0.121518 0.00762319 0.00677144 4.07484e-05 2.11874e-06 1.77784e-08
threshold=329.50000000000006 4.5639000000000012 3.5000000000000004 20.500000000000004 6.5000000000000009 1550.0000000000002 46.000000000000007 5.8354500000000007 1000.0000000000001 9.1416666666666675 7.5000000000000009 11.100500000000002
decision_type=2 2 2 2 2 2 2 2 2 2 2 2
left_child=1 2 3 -1 5 -3 -6 -8 -4 -10 11 -7
right_child=-2 4 8 -5 6 10 7 -9 9 -11 -12 -13
leaf_value=-0.047865780064342472 -0.057316814825146667 0.044217541076976313 -0.054998738598959485 0.02649625878577011 0.00519705466582233 -0.042092591683510747 0.048884029406794594 0.040383251020387964 -0.044294378219797308 -0.043198090054773264 -0.042449051738023248 -0.04205302499462682
leaf_weight=0.27710622083395786 0.41698705125600088 0.15685869008302655 0.22037492692470551 0.52187945134937763 0.23420487809926283 0.059305189177393913 0.57510208711028077 0.48710731044411659 0.16784818470478058 0.17123368568718433 0.056129682809114456 0.054463117383420467
leaf_count=4 6 3 1 8 8 5 4 7 3 7 3 5
internal_value=-0.00044736 0.00750599 -0.0194253 0.000705829 0.0300449 -0.000714275 0.0377977 0.0449857 -0.0481754 -0.0437408 -0.0421977 -0.0420737
internal_weight=3.3986 2.98161 1.35844 0.798986 1.62317 0.326757 1.29641 1.06221 0.559457 0.339082 0.169898 0.113768
internal_count=64 58 23 12 35 16 19 11 11 10 13 10
is_linear=0
shrinkage=0.05


Tree=276
num_leaves=14
num_cat=0
split_feature=4 0 9 12 12 0 0 4 7 2 2 3 0
split_gain=0.590861 0.646448 0.416403 0.247377 0.364728 0.261783 0.00120892 0.000753054 8.65984e-05 1.73627e-05 5.60762e-06 7.85078e-08 4.28608e-09
threshold=352.00000000000006 5.1314000000000011 -0.16708397168011488 37.500000000000007 8.5000000000000018 4.4709500000000011 5.8354500000000007 161.00000000000003 16.750000000000004 1550.0000000000002 115.00000000000001 10.500000000000002 11.100500000000002
decision_type=2 2 2 2 2 2 2 2 2 2 2 2 2
left_child=1 2 3 4 -1 -5 -3 -6 9 10 -8 12 -11
right_child=-2 6 -4 5 7 -7 8 -9 -10 11 -12 -13 -14
leaf_value=0.036810234459861556 0.070708113004265605 -0.047134769914227291 0.055434840962282253 -0.014061062780753723 -0.047940057091335427 0.046447717191098067 -0.042365061298451974 -0.043910876125854266 -0.044283730661195599 -0.0419415244581747 -0.042885611745015428 -0.042020696573964691 -0.041961305780537445
leaf_weight=0.18692130967974641 0.31127294618636359 0.21917977929115284 0.44105081260204393 0.31894612964242697 0.19909445755183697 0.40665379911661148 0.095609284937381744 0.27774424571543932 0.066726118326187134 0.046505526173859835 0.11274378467351198 0.06949468981474638 0.066598188132047653
leaf_count=3 2 2 2 8 3 5 6 7 1 6 4 7 8
internal_value=0.00573553 -0.0023307 0.013108 -0.000328609 -0.0223876 0.0198504 -0.0440813 -0.0455932 -0.0426189 -0.0423348 -0.0426467 -0.0419789 -0.0419532
internal_weight=2.81854 2.50727 1.83041 1.38936 0.66376 0.7256 0.676857 0.476839 0.457678 0.390951 0.208353 0.182598 0.113104
internal_count=64 62 28 26 13 13 34 10 32 31 10 21 14
is_linear=0
shrinkage=0.05


Tree=277
num_leaves=10
num_cat=0
split_feature=0 0 0 2 10 4 0 3 3
split_gain=0.538236 0.3154 0.000153054 1.85425e-05 8.97155e-06 3.58602e-06 6.91539e-07 2.13491e-07 3.23403e-09
threshold=10.361300000000002 10.654750000000002 10.381750000000002 1550.0000000000002 4.5000000000000009 209.00000000000003 4.4709500000000011 3.5000000000000004 3.5000000000000004
decision_type=2 2 2 2 2 2 2 2 2
left_child=3 2 -2 5 -5 6 -1 -3 -8
right_child=1 7 -4 4 -6 -7 8 -9 -10
leaf_value=-0.04216604201398369 0.043004254782500854 -0.041934236113218538 0.044739793340084495 -0.042366806949860149 -0.043014104920701277 -0.042474013914167483 -0.041967077958885442 -0.042060694120722338 -0.041986584574176908
leaf_weight=0.11242107814177871 0.25102648138999939 0.059747269842773676 0.25717997178435326 0.080251383595168591 0.16076669143512845 0.084418211597949266 0.041434184648096561 0.075614775530993938 0.04361408669501543
leaf_count=9 7 8 4 7 7 5 5 7 5
internal_value=-0.00479712 0.0258178 0.0438825 -0.0424766 -0.0427986 -0.0422013 -0.0420847 -0.0420049 -0.0419771
internal_weight=1.16647 0.643568 0.508206 0.522906 0.241018 0.281888 0.197469 0.135362 0.0850483
internal_count=64 26 11 38 14 24 19 15 10
is_linear=0
shrinkage=0.05


Tree=278
num_leaves=10
num_cat=0
split_feature=2 0 0 12 0 9 0 12 8
split_gain=0.364477 6.72164e-07 7.9645e-07 2.56373e-07 6.72139e-08 1.96421e-08 1.75176e-09 1.44856e-09 1.17231e-10
threshold=2950.0000000000005 5.8354500000000007 4.4118000000000004 20.500000000000004 1.9456500000000003 -0.24825246871434689 11.100500000000002 40.000000000000007 0.36238283721496295
decision_type=2 2 2 2 2 2 2 2 2
left_child=1 2 4 -4 8 6 7 -3 -1
right_child=-2 5 3 -5 -6 -7 -8 -9 -10
leaf_value=-0.041731493478674553 0.036443414528080843 -0.041774172584261859 -0.042138164015290636 -0.041969024925506686 -0.041848759103079738 -0.041811596577049415 -0.041748695986622987 -0.041754405712261876 -0.041738698134553359
leaf_weight=0.009274520562030375 0.41191070526838303 0.024392323801293969 0.039267088286578655 0.052169227739796042 0.029720683116465807 0.027331391349434853 0.020711291930638254 0.014948045602068305 0.014432452851906419
leaf_count=5 3 8 3 9 6 8 9 6 7
internal_value=0.00820224 -0.041886 -0.041952 -0.0420417 -0.0417987 -0.0417765 -0.0417605 -0.0417667 -0.0417359
internal_weight=0.644158 0.232247 0.144864 0.0914363 0.0534277 0.0873831 0.0600517 0.0393404 0.023707
internal_count=64 61 30 12 18 31 23 14 12
is_linear=0
shrinkage=0.05


Tree=279
num_leaves=13
num_cat=0
split_feature=2 0 4 0 0 0 0 3 7 2 2 2
split_gain=0.421968 0.269467 1.73173e-05 1.57191e-05 1.31821e-05 8.84309e-06 2.39347e-06 2.64091e-06 6.57217e-07 5.37572e-07 1.55004e-08 3.88949e-09
threshold=1855.0000000000002 10.654750000000002 80.000000000000014 5.1314000000000011 5.8354500000000007 10.654750000000002 1.9456500000000003 7.5000000000000009 7.0750000000000011 825.00000000000011 1650.0000000000002 2850.0000000000005
decision_type=2 2 2 2 2 2 2 2 2 2 2 2
left_child=3 2 -2 6 -5 -6 10 9 -3 -8 -1 -4
right_child=1 8 11 4 5 -7 7 -9 -10 -11 -12 -13
leaf_value=-0.04184044161219673 -0.043118484905794091 0.043068863078818381 -0.041936118314801152 -0.043120834035916378 -0.042024121331165835 -0.042690760567488689 -0.042191983875485409 -0.042502719909383431 0.042932887418175081 -0.04198725220996842 -0.041893443719261958 -0.041912849274125696
leaf_weight=0.029714527539908886 0.052612531930208206 0.18631628900766373 0.037512852810323238 0.11172334477305412 0.077492109499871731 0.13893928378820419 0.081167800351977348 0.063392822630703449 0.16989720426499844 0.05299910344183445 0.025746251922100782 0.034452321939170361
leaf_count=6 2 5 5 3 9 5 6 3 5 6 4 5
internal_value=-0.0137846 0.0208675 -0.042429 -0.0424514 -0.0426798 -0.0424521 -0.0421553 -0.0422368 0.043004 -0.0421111 -0.041865 -0.041925
internal_weight=1.06197 0.480791 0.124578 0.581175 0.328155 0.216431 0.253021 0.19756 0.356213 0.134167 0.0554608 0.0719652
internal_count=64 22 12 42 17 14 25 15 10 12 10 10
is_linear=0
shrinkage=0.05


Tree=280
num_leaves=10
num_cat=0
split_feature=0 2 0 2 2 7 2 3 7
split_gain=0.958753 0.000221132 2.37728e-05 2.1388e-05 1.52374e-06 1.36472e-06 1.01212e-07 4.02724e-08 1.15674e-09
threshold=1.9456500000000003 1550.0000000000002 5.8354500000000007 1350.0000000000002 825.00000000000011 16.041666666666668 1550.0000000000002 7.5000000000000009 7.0750000000000011
decision_type=2 2 2 2 2 2 2 2 2
left_child=1 -1 3 4 -2 6 -4 8 -8
right_child=2 -3 5 -5 -6 -7 7 -9 -10
leaf_value=0.045080410412768751 -0.04233518062748387 0.043205478132826908 -0.041995226414399484 -0.042985806953118821 -0.042033073874240733 -0.04225727518378547 -0.041908478263017468 -0.041953482335652145 -0.04189666889542823
leaf_weight=0.30482201650738716 0.13466450478881598 0.32485783845186234 0.073321583680808544 0.19101269077509642 0.060484131798148155 0.042078939266502857 0.034385421313345432 0.064755975734442472 0.052236651536077261
leaf_count=4 8 8 8 6 6 3 5 8 8
internal_value=9.30176e-05 0.0441131 -0.0423589 -0.0426097 -0.0422415 -0.0419959 -0.041947 -0.0419237 -0.0419014
internal_weight=1.28262 0.62968 0.65294 0.386161 0.195149 0.266779 0.2247 0.151378 0.0866221
internal_count=64 12 52 20 14 32 29 21 13
is_linear=0
shrinkage=0.05


Tree=281
num_leaves=13
num_cat=0
split_feature=4 0 11 12 11 2 4 5 2 7 3 0
split_gain=0.560052 0.6588 0.292647 0.36547 0.136399 0.22469 0.11456 0.0158895 0.00512681 3.63835e-05 1.64238e-06 1.38024e-08
threshold=329.50000000000006 4.5639000000000012 3.5000000000000004 20.500000000000004 6.5000000000000009 1550.0000000000002 46.000000000000007 -1.0000000180025095e-35 1000.0000000000001 9.1416666666666675 7.5000000000000009 11.100500000000002
decision_type=2 2 2 2 2 2 2 2 2 2 2 2
left_child=1 2 3 -1 5 -3 -6 -8 -4 -10 11 -7
right_child=-2 4 8 -5 6 10 7 -9 9 -11 -12 -13
leaf_value=-0.04730112895995317 -0.056056507888358302 0.044010970930629813 -0.05368630321020082 0.025402332430742171 0.0047835878341792619 -0.042058510639203725 0.035569902260454249 0.048758131012940881 -0.04413165000318995 -0.043061624486132037 -0.042385457117527357 -0.042022192419348167
leaf_weight=0.26146468240767784 0.396670727059245 0.14642476662993398 0.20851360261440277 0.51004979014396667 0.22619578894227754 0.054640946909785271 0.35048059187829506 0.6556301191449162 0.1588682197034359 0.15890433080494404 0.051713059656322002 0.050190044566988945
leaf_count=4 6 3 1 8 8 5 4 7 3 7 3 5
internal_value=-0.000413075 0.00737779 -0.0188467 0.000763278 0.0295459 -0.000510937 0.0369355 0.044164 -0.0475941 -0.0435966 -0.0421549 -0.0420411
internal_weight=3.22975 2.83308 1.2978 0.771514 1.53528 0.302969 1.23231 1.00611 0.526286 0.317773 0.156544 0.104831
internal_count=64 58 23 12 35 16 19 11 11 10 13 10
is_linear=0
shrinkage=0.05


Tree=282
num_leaves=12
num_cat=0
split_feature=0 7 12 11 6 0 7 2 2 3 0
split_gain=0.466202 0.414643 0.471938 0.158161 0.13817 0.086487 6.69809e-05 1.34985e-05 4.18937e-06 6.10649e-08 3.3397e-09
threshold=5.8354500000000007 16.041666666666668 37.500000000000007 3.5000000000000004 -0.9330127018922193 4.4709500000000011 16.750000000000004 1550.0000000000002 115.00000000000001 10.500000000000002 11.100500000000002
decision_type=2 2 2 2 2 2 2 2 2 2 2
left_child=1 2 3 -1 -4 -6 7 8 -2 10 -9
right_child=6 -3 4 -5 5 -7 -8 9 -10 -11 -12
leaf_value=-0.0004632363733122958 -0.042315603706691213 0.052896233700139753 0.052900575272379805 -0.046688628482768599 -0.008690066797058171 0.028596382026043955 -0.044063597565262125 -0.041919589665516059 -0.042782871169698672 -0.04199235210274227 -0.041937783254273407
leaf_weight=0.32367432210594482 0.089258677791803964 0.53949822671711434 0.31835179775953293 0.43205016199499369 0.2732566399499774 0.36095336824655533 0.061725620180368423 0.042836421169340611 0.10369611065834761 0.064014430623501539 0.06134789390489459
leaf_count=6 6 5 2 8 6 5 1 6 4 7 8
internal_value=0.00562186 0.0146829 0.00261465 -0.0268904 0.0260228 0.0125311 -0.0425415 -0.0422813 -0.0425667 -0.0419539 -0.0419303
internal_weight=2.67066 2.24778 1.70829 0.755724 0.952562 0.63421 0.422879 0.361154 0.192955 0.168199 0.104184
internal_count=64 32 27 14 13 11 32 31 10 21 14
is_linear=0
shrinkage=0.05


Tree=283
num_leaves=10
num_cat=0
split_feature=0 0 0 2 10 4 0 3 3
split_gain=0.503761 0.291986 0.000145924 1.5522e-05 7.68422e-06 2.95068e-06 5.9058e-07 1.57109e-07 2.84552e-09
threshold=10.361300000000002 10.654750000000002 10.381750000000002 1550.0000000000002 4.5000000000000009 209.00000000000003 4.4709500000000011 3.5000000000000004 3.5000000000000004
decision_type=2 2 2 2 2 2 2 2 2
left_child=3 2 -2 5 -5 6 -1 -3 -8
right_child=1 7 -4 4 -6 -7 8 -9 -10
leaf_value=-0.042133528903651851 0.042893012558968081 -0.041916427792990596 0.044643328917149804 -0.042315285779219516 -0.042936662772413522 -0.042421747849535327 -0.041942409453993301 -0.042029111106603206 -0.041961476285467515
leaf_weight=0.10524494620040059 0.23137302882969379 0.055643299128860235 0.24535056948661804 0.074209230486303568 0.15097973216325045 0.078919102903455496 0.038076792377978563 0.069655577652156353 0.040255510248243809
leaf_count=9 7 8 4 7 7 5 5 7 5
internal_value=-0.0046559 0.0259419 0.0437938 -0.0424273 -0.0427319 -0.0421661 -0.0420562 -0.0419791 -0.0419522
internal_weight=1.08971 0.602022 0.476724 0.487685 0.225189 0.262496 0.183577 0.125299 0.0783323
internal_count=64 26 11 38 14 24 19 15 10
is_linear=0
shrinkage=0.05


Tree=284
num_leaves=10
num_cat=0
split_feature=2 0 0 3 0 9 0 12 8
split_gain=0.33142 5.5426e-07 6.45955e-07 2.26706e-07 5.62334e-08 1.53279e-08 1.15609e-09 1.11197e-09 9.27985e-11
threshold=2950.0000000000005 5.8354500000000007 4.4118000000000004 7.5000000000000009 1.9456500000000003 -0.24825246871434689 11.100500000000002 40.000000000000007 0.36238283721496295
decision_type=2 2 2 2 2 2 2 2 2
left_child=1 2 4 -4 8 6 7 -3 -1
right_child=-2 5 3 -5 -6 -7 -8 -9 -10
leaf_value=-0.041726342433279329 0.035003452618577027 -0.041765451948978675 -0.041945869724263563 -0.042110350978935451 -0.041837496656467382 -0.041800344001027528 -0.041743429170515128 -0.04174739534449752 -0.041733021702542651
leaf_weight=0.0085393061162903905 0.40033221989870071 0.022424974711611867 0.048330689780414104 0.03697742335498333 0.0279484698548913 0.025198291754350066 0.01928527164272964 0.013756859349086881 0.013299024431034923
leaf_count=5 3 8 9 3 6 8 9 6 7
internal_value=0.00808118 -0.0418717 -0.0419336 -0.0420172 -0.0417905 -0.041768 -0.0417533 -0.0417586 -0.0417304
internal_weight=0.616093 0.21576 0.135095 0.0853081 0.0497868 0.0806654 0.0554671 0.0361818 0.0218383
internal_count=64 61 30 12 18 31 23 14 12
is_linear=0
shrinkage=0.05


Tree=285
num_leaves=13
num_cat=0
split_feature=2 0 4 0 0 0 0 3 9 2 2 2
split_gain=0.389613 0.249809 1.47268e-05 1.29093e-05 1.08364e-05 7.20954e-06 1.94154e-06 2.10525e-06 4.78747e-07 4.32836e-07 1.1989e-08 2.91181e-09
threshold=1855.0000000000002 10.654750000000002 80.000000000000014 5.1314000000000011 5.8354500000000007 10.654750000000002 1.9456500000000003 7.5000000000000009 -0.27768031003904575 825.00000000000011 1650.0000000000002 2850.0000000000005
decision_type=2 2 2 2 2 2 2 2 2 2 2 2
left_child=3 2 -2 6 -5 -6 10 9 -3 -8 -1 -4
right_child=1 8 11 4 5 -7 7 -9 -10 -11 -12 -13
leaf_value=-0.041826728862053797 -0.043042939183286159 0.042834961380792742 -0.041914713392429102 -0.043026413888356221 -0.041995645824901034 -0.042621301803898282 -0.042156386185381811 -0.042443245644369354 0.042955542897148126 -0.041966173297696967 -0.041875295506531053 -0.041893745819605907
leaf_weight=0.027387505862861872 0.049702197778970003 0.1576017290353775 0.034564973320811987 0.10489802621304989 0.071310046128928661 0.12995561026036739 0.075891468208283186 0.05920767318457365 0.17231880873441696 0.049359677359461784 0.023706047795712948 0.031783548649400473
leaf_count=6 2 5 5 3 9 5 6 3 5 6 4 5
internal_value=-0.0139069 0.0207037 -0.0423922 -0.0424003 -0.0426144 -0.0423996 -0.042122 -0.0421976 0.0428979 -0.0420814 -0.0418493 -0.0419047
internal_weight=0.987687 0.445971 0.116051 0.541716 0.306164 0.201266 0.235552 0.184459 0.329921 0.125251 0.0510936 0.0663485
internal_count=64 22 12 42 17 14 25 15 10 12 10 10
is_linear=0
shrinkage=0.05


Tree=286
num_leaves=10
num_cat=0
split_feature=0 2 0 2 2 7 2 3 7
split_gain=0.89063 0.000174809 1.97131e-05 1.76923e-05 1.23677e-06 1.05889e-06 8.61323e-08 3.13781e-08 9.08777e-10
threshold=1.9456500000000003 1550.0000000000002 5.8354500000000007 1350.0000000000002 825.00000000000011 16.041666666666668 1550.0000000000002 7.5000000000000009 7.0750000000000011
decision_type=2 2 2 2 2 2 2 2 2
left_child=1 -1 3 4 -2 6 -4 8 -8
right_child=2 -3 5 -5 -6 -7 7 -9 -10
leaf_value=0.044822191883227502 -0.042290682558738933 0.043099351375465778 -0.041971749273643083 -0.042903045268546089 -0.042008867393739241 -0.042210445106894243 -0.041889231683080605 -0.041930596205382087 -0.041878325483904986
leaf_weight=0.28575967252254486 0.12605091463774443 0.30373033694922924 0.068149532657116652 0.17933118995279074 0.056328702718019485 0.038736675400286913 0.031677337363362312 0.059648110531270504 0.048110076691955328
leaf_count=4 8 8 8 6 6 3 5 8 8
internal_value=0.000141776 0.0439345 -0.0423155 -0.0425504 -0.0422036 -0.0419705 -0.0419257 -0.0419032 -0.0418827
internal_weight=1.19752 0.58949 0.608033 0.361711 0.18238 0.246322 0.207585 0.139436 0.0797874
internal_count=64 12 52 20 14 32 29 21 13
is_linear=0
shrinkage=0.05


Tree=287
num_leaves=11
num_cat=0
split_feature=2 4 9 2 12 12 0 0 0 3
split_gain=0.514263 0.354822 0.413521 0.398748 0.265207 0.17378 0.110744 6.57989e-05 2.37112e-05 7.22551e-07
threshold=300.00000000000006 329.50000000000006 -0.16708397168011488 1650.0000000000002 56.000000000000007 78.500000000000014 4.4118000000000004 4.5639000000000012 10.654750000000002 4.5000000000000009
decision_type=2 2 2 2 2 2 2 2 2 2
left_child=8 2 3 4 6 -6 -2 -5 -1 -9
right_child=1 -3 -4 7 5 -7 -8 9 -10 -11
leaf_value=0.043567243598734165 0.012004089316677395 -0.054778114674303914 -0.050381857793495625 -0.043544492675820057 0.019699453055776087 -0.043640446456875467 0.045956880901069308 -0.041994200612236306 0.044243402441406253 -0.042232812448239399
leaf_weight=0.2188712935894731 0.38839497976005144 0.37531940359622229 0.36672776006162155 0.18180944025516499 0.2055633421987294 0.22884153015911579 0.62928794324398041 0.083019631914794445 0.31808897107839584 0.051350825000554323
leaf_count=5 7 6 4 8 4 6 6 9 5 4
internal_value=-0.000444139 -0.00994392 -0.00206234 0.00795883 0.0190382 -0.0136676 0.0329989 -0.0429244 0.0439678 -0.0420854
internal_weight=3.04728 2.51031 2.135 1.76827 1.45209 0.434405 1.01768 0.31618 0.53696 0.13437
internal_count=64 54 48 44 23 10 13 21 10 13
is_linear=0
shrinkage=0.05


Tree=288
num_leaves=14
num_cat=0
split_feature=4 0 9 12 12 0 0 4 7 2 2 3 0
split_gain=0.468709 0.546363 0.341212 0.208169 0.324393 0.2269 0.000789375 0.000511987 5.21661e-05 1.05462e-05 3.26461e-06 4.73123e-08 2.61034e-09
threshold=352.00000000000006 5.1314000000000011 -0.16708397168011488 37.500000000000007 8.5000000000000018 4.4709500000000011 5.8354500000000007 161.00000000000003 16.750000000000004 1550.0000000000002 115.00000000000001 10.500000000000002 11.100500000000002
decision_type=2 2 2 2 2 2 2 2 2 2 2 2 2
left_child=1 2 3 4 -1 -5 -3 -6 9 10 -8 12 -11
right_child=-2 6 -4 5 7 -7 8 -9 -10 11 -12 -13 -14
leaf_value=0.035792400977754539 0.064094244199405667 -0.046345283435188164 0.052885735689209706 -0.012919955776913941 -0.047185215123846137 0.045743837261653063 -0.042264160112837464 -0.043675159105584171 -0.04386737026499133 -0.041899406875590871 -0.042693565953204872 -0.041966188738038507 -0.041916166305347349
leaf_weight=0.17434998787939526 0.30053298082202662 0.19847969710826863 0.39452785253524858 0.30363040696829557 0.17846366204321384 0.36056634783744812 0.082308470737189054 0.24861708376556635 0.057180553674697876 0.039453807752579451 0.095756764523684978 0.058948012068867683 0.056513569317758083
leaf_count=3 2 2 2 8 3 5 6 7 1 6 4 7 8
internal_value=0.00544837 -0.00238916 0.0122861 -0.000369805 -0.0216797 0.0189263 -0.0437781 -0.0451419 -0.0424722 -0.0422326 -0.0424951 -0.0419309 -0.0419093
internal_weight=2.54933 2.2488 1.66016 1.26563 0.601431 0.664197 0.588641 0.427081 0.390161 0.332981 0.178065 0.154915 0.0959674
internal_count=64 62 28 26 13 13 34 10 32 31 10 21 14
is_linear=0
shrinkage=0.05


Tree=289
num_leaves=10
num_cat=0
split_feature=0 0 0 2 10 4 0 3 8
split_gain=0.474123 0.269583 0.000139076 1.32307e-05 6.51392e-06 2.39309e-06 5.22785e-07 1.22998e-07 2.57574e-08
threshold=10.361300000000002 10.654750000000002 10.381750000000002 1550.0000000000002 4.5000000000000009 209.00000000000003 4.4709500000000011 3.5000000000000004 0.71473537162315171
decision_type=2 2 2 2 2 2 2 2 2
left_child=3 2 -2 5 -5 6 -1 -3 -8
right_child=1 7 -4 4 -6 -7 8 -9 -10
leaf_value=-0.042106763283304705 0.042790830632763288 -0.041896576911771122 0.044554476700389332 -0.04227603463598039 -0.042868078525325488 -0.042372550708723929 -0.041957116200235442 -0.042000432187479508 -0.041897188655442404
leaf_weight=0.099193899892270565 0.21314567513763905 0.051265102345496416 0.23504976183176041 0.069033100269734859 0.14207930210977793 0.073888535145670176 0.039696105290204287 0.064224761910736561 0.032701151445508003
leaf_count=9 7 8 4 7 7 5 5 7 5
internal_value=-0.0045129 0.0261634 0.0437157 -0.0423842 -0.0426745 -0.0421346 -0.0420322 -0.0419543 -0.04193
internal_weight=1.02028 0.563685 0.448195 0.456592 0.211112 0.24548 0.171591 0.11549 0.0723973
internal_count=64 26 11 38 14 24 19 15 10
is_linear=0
shrinkage=0.05


Tree=290
num_leaves=12
num_cat=0
split_feature=0 2 2 0 0 0 0 2 0 3 7
split_gain=0.306124 0.259185 0.000199906 5.10519e-07 4.23023e-07 4.88104e-08 1.08857e-08 5.23762e-09 1.3985e-09 4.01288e-10 4.44662e-11
threshold=5.0021000000000013 2950.0000000000005 2950.0000000000005 5.8354500000000007 4.4118000000000004 1.9456500000000003 9.1832000000000011 1550.0000000000002 11.100500000000002 10.500000000000002 10.508333333333335
decision_type=2 2 2 2 2 2 2 2 2 2 2
left_child=1 4 3 -2 5 10 -5 -8 9 -9 -1
right_child=2 -3 -4 6 -6 -7 7 8 -10 -11 -12
leaf_value=-0.041727611298748732 -0.041985716635968583 0.055298894399403456 -0.045065429446464723 -0.041801813998145421 -0.042002926180226607 -0.041828566262146483 -0.041772613418686391 -0.041754946380166635 -0.041729840103413463 -0.04174240658406262 -0.041722905131348104
leaf_weight=0.010469196597114205 0.037836175179108977 0.30349003151059151 0.083676546812057495 0.012922858353704214 0.04191266349516809 0.02661476144567132 0.019649913650937378 0.012623525224626064 0.016240684781223536 0.012899113004095852 0.0096417005406692624
leaf_count=6 6 2 1 4 6 6 7 5 9 6 6
internal_value=0.0078337 0.0333305 -0.0432159 -0.0418362 -0.0418876 -0.0417841 -0.0417601 -0.0417513 -0.0417413 -0.0417486 -0.0417254
internal_weight=0.587977 0.392128 0.195849 0.112172 0.0886383 0.0467257 0.0743361 0.0614132 0.0417633 0.0255226 0.0201109
internal_count=64 26 38 37 24 18 31 27 20 11 12
is_linear=0
shrinkage=0.05


Tree=291
num_leaves=13
num_cat=0
split_feature=2 0 4 0 0 0 0 3 9 2 2 2
split_gain=0.358432 0.23139 1.24981e-05 1.03519e-05 9.36748e-06 5.60589e-06 1.61055e-06 1.71499e-06 3.61795e-07 3.5166e-07 9.30165e-09 2.1251e-09
threshold=1855.0000000000002 10.654750000000002 80.000000000000014 5.1314000000000011 5.8354500000000007 10.654750000000002 1.9456500000000003 7.5000000000000009 -0.27768031003904575 825.00000000000011 1650.0000000000002 2850.0000000000005
decision_type=2 2 2 2 2 2 2 2 2 2 2 2
left_child=3 2 -2 6 -5 -6 10 9 -3 -8 -1 -4
right_child=1 8 11 4 5 -7 7 -9 -10 -11 -12 -13
leaf_value=-0.041814014258049398 -0.042970671471627399 0.042740050749594721 -0.041894994090609206 -0.042943554236191339 -0.041970120201667731 -0.042544611588623028 -0.042126334147797435 -0.042393399506780581 0.042849190394395345 -0.041949567981182684 -0.041858592025912106 -0.041876341696695345
leaf_weight=0.025228182785212994 0.04693412221968174 0.1454357597976923 0.031844357494264841 0.098937837406992912 0.06574081489816308 0.11992851085960865 0.07115159323439002 0.055597778409719467 0.15889649651944637 0.046539740636944771 0.021826151292771101 0.029339692089706659
leaf_count=6 2 5 5 3 9 5 6 3 5 6 4 5
internal_value=-0.0141055 0.0204751 -0.0423569 -0.0423514 -0.0425506 -0.0423412 -0.0420941 -0.0421645 0.042797 -0.0420564 -0.0418347 -0.041886
internal_weight=0.917401 0.41245 0.108118 0.504951 0.284607 0.185669 0.220343 0.173289 0.304332 0.117691 0.0470543 0.061184
internal_count=64 22 12 42 17 14 25 15 10 12 10 10
is_linear=0
shrinkage=0.05


Tree=292
num_leaves=12
num_cat=0
split_feature=7 5 7 6 9 4 10 6 2 9 2
split_gain=0.146286 0.0724584 0.0798576 0.078374 0.10731 0.0605087 0.0310955 6.32431e-06 6.10194e-06 4.35133e-07 1.56704e-07
threshold=8.4166666666666696 0.68301270189221941 10.508333333333335 -0.68301270189221952 -0.96481809864814716 317.50000000000006 4.5000000000000009 0.25000000000000017 2590.0000000000005 -0.41859597363157713 1550.0000000000002
decision_type=2 2 2 2 2 2 2 2 2 2 2
left_child=5 3 8 4 -2 7 -5 -1 -3 -6 -9
right_child=1 2 -4 6 9 -7 -8 10 -10 -11 -12
leaf_value=-0.042483204249861274 0.036366762200940234 -0.041994101182840665 0.029114155257571279 0.039704140394518944 -0.042036181738469923 0.013968978413281938 0.013899325489198172 -0.042015413672323858 -0.042735543210337797 -0.042243093302625712 -0.041878874033405344
leaf_weight=0.14223078172653913 0.074131702072918415 0.066947575192898512 0.059521417133510113 0.28049434488639235 0.062971987295895815 0.060529898852109909 0.19997646985575557 0.037428918294608593 0.047393892891705036 0.042597435414791107 0.047914378345012665
leaf_count=9 2 8 2 8 7 4 6 4 3 3 8
internal_value=0.000254642 0.010865 -0.0178525 0.0184281 -0.00974184 -0.0304615 0.0289639 -0.042279 -0.0423014 -0.0421197 -0.0419388
internal_weight=1.12214 0.834035 0.173863 0.660172 0.179701 0.288104 0.480471 0.227574 0.114341 0.105569 0.0853433
internal_count=64 39 13 26 12 25 14 21 11 10 12
is_linear=0
shrinkage=0.05


Tree=293
num_leaves=11
num_cat=0
split_feature=2 4 9 2 4 12 10 0 0 3
split_gain=0.469225 0.325932 0.376146 0.366331 0.270595 0.203896 0.0100253 5.51135e-05 1.83189e-05 5.88031e-07
threshold=300.00000000000006 329.50000000000006 -0.16708397168011488 1650.0000000000002 80.000000000000014 32.500000000000007 4.5000000000000009 4.5639000000000012 10.654750000000002 4.5000000000000009
decision_type=2 2 2 2 2 2 2 2 2 2
left_child=8 2 3 4 -2 -6 -7 -5 -1 -9
right_child=1 -3 -4 7 5 6 -8 9 -10 -11
leaf_value=0.04341237806944484 -0.043308555047256073 -0.053775609516947279 -0.04959050487872782 -0.043439169157639838 0.043466377252019954 0.0098407531391769693 -0.004186076840469774 -0.041968014681178223 0.044030327217208204 -0.042191968741993491
leaf_weight=0.20231330767273936 0.1570350546389826 0.35578709421679366 0.3435129290446638 0.17053539073094715 0.7234639339148996 0.23556697182357311 0.27738146111369133 0.076473967637866735 0.29453007504343987 0.047525866888463497
leaf_count=5 5 6 4 8 8 3 7 9 5 4
internal_value=-0.000428783 -0.00962928 -0.00189769 0.00780803 0.018517 0.0263693 0.00225562 -0.0428559 0.0437787 -0.0420539
internal_weight=2.88413 2.38728 2.0315 1.68798 1.39345 1.23641 0.512948 0.294535 0.496843 0.124
internal_count=64 54 48 44 23 18 10 21 10 13
is_linear=0
shrinkage=0.05


Tree=294
num_leaves=13
num_cat=0
split_feature=4 0 9 12 12 0 0 7 2 2 3 0
split_gain=0.41619 0.502196 0.309244 0.190536 0.0923614 0.180093 0.000636319 4.0918e-05 8.23583e-06 2.54269e-06 3.65451e-08 1.99979e-09
threshold=352.00000000000006 5.1314000000000011 -0.16708397168011488 56.000000000000007 9.5000000000000018 4.4118000000000004 5.8354500000000007 16.750000000000004 1550.0000000000002 115.00000000000001 10.500000000000002 11.100500000000002
decision_type=2 2 2 2 2 2 2 2 2 2 2 2
left_child=1 2 3 4 -1 -6 -3 8 9 -8 11 -10
right_child=-2 6 -4 -5 5 -7 7 -9 10 -11 -12 -13
leaf_value=0.013459924908321395 0.061101410653225087 -0.04600036832108334 0.051817601875867626 0.029292111225722495 -0.045263200994212063 0.011357354618655315 -0.042216761840021384 -0.04369166236935737 -0.041880988261929514 -0.042611340638473293 -0.041942107358043434 -0.041896269704521226
leaf_weight=0.22588228620588757 0.29367759078741063 0.18765973299741734 0.37160839140415269 0.37248635105788708 0.37494463799521327 0.22454570233821869 0.075879189185798168 0.053039170801639557 0.036365122999995947 0.088388228788971901 0.054270237684249878 0.052055010572075844
leaf_count=4 2 2 2 9 9 4 6 1 6 4 7 8
internal_value=0.00532216 -0.00241528 0.0119698 -0.000392099 -0.0137884 -0.0240553 -0.0436398 -0.0424093 -0.0421877 -0.0424291 -0.0419098 -0.04189
internal_weight=2.4108 2.11712 1.56947 1.19786 0.825373 0.59949 0.547657 0.359997 0.306958 0.164267 0.14269 0.0884201
internal_count=64 62 28 26 17 13 34 32 31 10 21 14
is_linear=0
shrinkage=0.05


Tree=295
num_leaves=10
num_cat=0
split_feature=0 0 9 2 10 4 0 3 8
split_gain=0.441487 0.247936 0.000108805 1.06569e-05 5.35052e-06 2.05051e-06 4.3318e-07 9.61964e-08 2.03007e-08
threshold=10.361300000000002 10.654750000000002 -0.52414661475995694 1550.0000000000002 4.5000000000000009 209.00000000000003 4.4709500000000011 3.5000000000000004 0.71473537162315171
decision_type=2 2 2 2 2 2 2 2 2
left_child=3 2 -2 5 -5 6 -1 -3 -8
right_child=1 7 -4 4 -6 -7 8 -9 -10
leaf_value=-0.042076174453801775 0.044610185216052027 -0.041878295759194488 0.042938041575075268 -0.042230877532321742 -0.042787450451458237 -0.042331116798953294 -0.041934033149962205 -0.04197397440676591 -0.041878586131186703
leaf_weight=0.0925600859336555 0.15426825918257236 0.047226181253790855 0.26336782425642014 0.063927872106432915 0.13305370742455125 0.069854762405157089 0.036573260556906462 0.05920392693951726 0.030089305713772774
leaf_count=9 3 8 8 7 7 5 5 7 5
internal_value=-0.00453674 0.0261945 0.0435557 -0.0423372 -0.0426068 -0.0421053 -0.0420062 -0.0419315 -0.041909
internal_weight=0.950125 0.524066 0.417636 0.426059 0.196982 0.229077 0.159223 0.10643 0.0666626
internal_count=64 26 11 38 14 24 19 15 10
is_linear=0
shrinkage=0.05


Tree=296
num_leaves=11
num_cat=0
split_feature=0 2 2 0 0 0 9 2 0 11
split_gain=0.279721 0.236352 0.000155137 4.2976e-07 3.33565e-07 4.03684e-08 9.69179e-09 7.09038e-10 8.06391e-10 3.01057e-11
threshold=5.0021000000000013 2950.0000000000005 2950.0000000000005 5.8354500000000007 4.4118000000000004 1.9456500000000003 -0.24825246871434689 1550.0000000000002 11.100500000000002 6.5000000000000009
decision_type=2 2 2 2 2 2 2 2 2 2
left_child=1 4 3 -2 5 9 7 -5 -9 -1
right_child=2 -3 -4 6 -6 -7 -8 8 -10 -11
leaf_value=-0.041718944473318663 -0.041967186927720029 0.054082850473739501 -0.044779884433496286 -0.041747857140659858 -0.041978167594194725 -0.041818405494993285 -0.041780689214215745 -0.041742158076865141 -0.041725122698746876 -0.041723034168236729
leaf_weight=0.0074918970931321374 0.035504505271092057 0.28756918385624886 0.077627122402191162 0.018221864360384643 0.038810958852991462 0.025040854932740331 0.021451968932524323 0.017147126607596874 0.011677704751491547 0.011267937836237252
leaf_count=5 6 2 1 8 6 6 8 8 7 7
internal_value=0.0077333 0.0326691 -0.0430885 -0.041826 -0.0418714 -0.0417769 -0.0417528 -0.0417401 -0.0417353 -0.0417214
internal_weight=0.551811 0.370181 0.18163 0.104003 0.0826116 0.0438007 0.0684987 0.0470467 0.0288248 0.0187598
internal_count=64 26 38 37 24 18 31 23 15 12
is_linear=0
shrinkage=0.05


Tree=297
num_leaves=12
num_cat=0
split_feature=2 0 4 0 0 0 5 2 9 0 2
split_gain=0.330527 0.213555 1.00856e-05 8.38391e-06 7.9441e-06 4.35503e-06 1.1546e-06 4.86649e-07 2.96349e-07 2.56559e-08 1.91442e-09
threshold=1855.0000000000002 10.654750000000002 80.000000000000014 5.1314000000000011 5.8354500000000007 10.654750000000002 -0.5 1000.0000000000001 -0.27768031003904575 4.4709500000000011 2850.0000000000005
decision_type=2 2 2 2 2 2 2 2 2 2 2
left_child=3 2 -2 6 -5 -6 -1 -8 -3 -9 -4
right_child=1 8 10 4 5 -7 7 9 -10 -11 -12
leaf_value=-0.042239765511482785 -0.042880212589395957 0.042652904336417857 -0.041877569835829132 -0.042861107901512215 -0.041946843033450212 -0.042474110142817309 -0.042056785569040467 -0.041832429248796842 0.042755701064738652 -0.041901498788364161 -0.041859139085720538
leaf_weight=0.064096480375155807 0.043735442217439413 0.13417075388133526 0.029487574473023415 0.093208391219377518 0.060616931412369013 0.11064867489039898 0.087305191904306412 0.027938223676756024 0.14684426411986351 0.025916762184351683 0.026981035247445107
leaf_count=6 2 5 5 3 9 5 9 6 5 4 5
internal_value=-0.0142308 0.0203598 -0.0423102 -0.0423036 -0.0424897 -0.0422875 -0.0420638 -0.0419839 0.0427066 -0.0418657 -0.0418688
internal_weight=0.85095 0.381219 0.100204 0.469731 0.264474 0.171266 0.205257 0.14116 0.281015 0.053855 0.0564686
internal_count=64 22 12 42 17 14 25 19 10 10 10
is_linear=0
shrinkage=0.05


Tree=298
num_leaves=10
num_cat=0
split_feature=0 2 0 2 2 7 2 3 7
split_gain=0.784633 0.000110306 1.43864e-05 1.2832e-05 8.67565e-07 6.76792e-07 5.32657e-08 2.95172e-08 5.49643e-10
threshold=1.9456500000000003 1550.0000000000002 5.8354500000000007 1350.0000000000002 825.00000000000011 16.041666666666668 1550.0000000000002 7.5000000000000009 7.0750000000000011
decision_type=2 2 2 2 2 2 2 2 2
left_child=1 -1 3 4 -2 6 -4 8 -8
right_child=2 -3 5 -5 -6 -7 7 -9 -10
leaf_value=0.04439862047242514 -0.042220849117520477 0.042953880448678115 -0.041929463410103236 -0.042775288705928692 -0.041969261882345565 -0.042134697907230553 -0.041855179761254767 -0.041899560742834512 -0.04184597140676035
leaf_weight=0.25662105903029442 0.11133607150986791 0.27231555432081223 0.058986649848520756 0.16055694036185741 0.049501159694045782 0.033723085187375546 0.026874097529798746 0.052586056757718325 0.040820205584168434
leaf_count=4 8 8 8 6 6 3 5 8 8
internal_value=0.000483416 0.0436548 -0.0422479 -0.0424591 -0.0421434 -0.0419292 -0.0418905 -0.0418715 -0.0418496
internal_weight=1.06332 0.528937 0.534384 0.321394 0.160837 0.21299 0.179267 0.12028 0.0676943
internal_count=64 12 52 20 14 32 29 21 13
is_linear=0
shrinkage=0.05


Tree=299
num_leaves=11
num_cat=0
split_feature=2 4 9 2 4 12 2 0 0 3
split_gain=0.430905 0.294949 0.340375 0.332628 0.243749 0.190799 0.00855544 4.38034e-05 1.38207e-05 4.37112e-07
threshold=300.00000000000006 329.50000000000006 -0.16708397168011488 1650.0000000000002 80.000000000000014 32.500000000000007 1350.0000000000002 4.5639000000000012 10.654750000000002 4.5000000000000009
decision_type=2 2 2 2 2 2 2 2 2 2
left_child=8 2 3 4 -2 -6 -7 -5 -1 -9
right_child=1 -3 -4 7 5 6 -8 9 -10 -11
leaf_value=0.043278563768764038 -0.043190804299672481 -0.052689731726601463 -0.048871459168894058 -0.043305669158733483 0.042563836618048821 -0.0041437397001267695 0.0089569928722403186 -0.041944032463960203 0.043835344064628981 -0.042145460021540217
leaf_weight=0.18856022693216834 0.14561534859240088 0.33550738915801037 0.32106809224933375 0.1586318197660147 0.68253644555807091 0.26861866377294064 0.23247264325618744 0.070476050488650799 0.27256829664111137 0.043593790847808123
leaf_count=5 5 6 4 8 8 4 6 9 5 4
internal_value=-0.000438222 -0.0094312 -0.0018839 0.00753354 0.0178532 0.0253632 0.00193412 -0.0427683 0.0436077 -0.042021
internal_weight=2.71965 2.25852 1.92301 1.60194 1.32924 1.18363 0.501091 0.272702 0.461129 0.11407
internal_count=64 54 48 44 23 18 10 21 10 13
is_linear=0
shrinkage=0.05


Tree=300
num_leaves=14
num_cat=0
split_feature=2 4 10 12 12 8 0 9 5 9 12 2 6
split_gain=0.442433 0.362302 0.330999 0.197422 0.156388 0.153297 0.19651 0.0939595 0.000693216 8.52891e-05 4.36061e-05 3.59309e-06 4.81181e-08
threshold=1350.0000000000002 161.00000000000003 4.5000000000000009 37.500000000000007 50.000000000000007 0.87550652062374057 5.8354500000000007 -0.52414661475995694 0.93301270189221952 -0.24825246871434689 78.500000000000014 2950.0000000000005 0.6830127018922193
decision_type=2 2 2 2 2 2 2 2 2 2 2 2 2
left_child=1 5 -3 8 -5 6 -1 -6 9 11 -9 12 -2
right_child=3 2 -4 4 7 -7 -8 10 -10 -11 -12 -13 -14
leaf_value=0.034704590594008725 -0.041880226745865598 0.024624799911003449 -0.044875674369106361 0.047485677531740156 0.021846004938020771 0.051298415405608769 -0.042289310798869974 -0.043825943271230634 -0.046700535629783352 -0.043954926599984005 -0.04217871688854153 -0.042433058139292934 -0.041961681585253485
leaf_weight=0.28433116897940658 0.041974641848355643 0.34596335608512152 0.33935447037220001 0.1290309727191925 0.085675842594355345 0.67388967424631119 0.11696348479017615 0.077573351562023163 0.25090053817257285 0.12689092895016052 0.08334258059039712 0.061360438354313374 0.031917151995003223
leaf_count=6 7 6 5 1 4 4 9 3 4 3 7 3 4
internal_value=0.00410298 0.0186204 -0.00979032 -0.0246569 0.00288531 0.0367293 0.0122635 -0.0204522 -0.0448219 -0.0430238 -0.0429728 -0.0421503 -0.0419154
internal_weight=2.64917 1.7605 0.685318 0.888666 0.375623 1.07518 0.401295 0.246592 0.513044 0.262143 0.160916 0.135252 0.0738918
internal_count=66 30 11 36 15 19 15 14 21 17 10 14 11
is_linear=0
shrinkage=0.05


Tree=301
num_leaves=12
num_cat=0
split_feature=0 0 7 12 2 6 3 12 0 0 4
split_gain=0.3351 0.316949 4.89917e-05 9.1477e-06 3.87082e-06 5.6872e-06 1.06659e-06 3.16354e-07 1.78322e-07 1.19424e-07 5.97155e-09
threshold=10.361300000000002 10.654750000000002 8.4166666666666696 12.500000000000002 1350.0000000000002 0.25000000000000017 5.5000000000000009 32.500000000000007 4.4118000000000004 5.0021000000000013 46.000000000000007
decision_type=2 2 2 2 2 2 2 2 2 2 2
left_child=4 2 -2 -3 6 -6 9 -5 -8 -1 -11
right_child=1 3 -4 7 5 -7 8 -9 -10 10 -12
leaf_value=-0.041993112034258588 0.042945000692993118 -0.042763221898275257 0.044104467951584334 -0.041892624957602556 -0.04251540859936332 -0.041913801925673094 -0.042079912954899094 -0.042081442277490132 -0.042204845144742154 -0.041858738016538215 -0.041890841098260606
leaf_weight=0.03462365735322237 0.20122405700385571 0.062091120518743992 0.16648134216666222 0.051001658663153648 0.14626289391890168 0.053709173575043678 0.052847105544060469 0.039259820710867643 0.06215616874396801 0.027199366595596075 0.03098949883133173
leaf_count=4 6 3 4 8 8 9 5 4 5 5 5
internal_value=-0.00826335 0.0183445 0.04347 -0.0422961 -0.0421968 -0.0423538 -0.0420457 -0.0419748 -0.0421474 -0.0419196 -0.0418758
internal_weight=0.927846 0.520058 0.367705 0.152353 0.407788 0.199972 0.207816 0.0902615 0.115003 0.0928125 0.0581889
internal_count=66 25 10 15 41 17 24 12 10 14 10
is_linear=0
shrinkage=0.05


Tree=302
num_leaves=11
num_cat=0
split_feature=2 12 6 9 6 0 0 10 0 14
split_gain=0.323876 5.95915e-07 1.20264e-07 9.71002e-08 8.35355e-08 1.55325e-08 2.76575e-08 5.31651e-10 2.99336e-10 9.18277e-11
threshold=2950.0000000000005 11.500000000000002 0.6830127018922193 -0.35824514579943006 1.0000000180025095e-35 4.4709500000000011 1.9456500000000003 4.5000000000000009 10.363450000000002 1.0000000180025095e-35
decision_type=2 2 2 2 2 2 2 2 2 2
left_child=1 2 -1 5 -5 6 -3 9 -9 -7
right_child=-2 3 -4 4 -6 7 -8 8 -10 -11
leaf_value=-0.041918160614717259 0.035530682866175424 -0.041716333233619736 -0.042059156998899692 -0.041883159449103917 -0.041748676096250582 -0.041736704648222468 -0.041811492942419926 -0.041734817005615932 -0.041722333392827243 -0.041743378751483498
leaf_weight=0.033053107210434973 0.46352724358439445 0.011344207567162812 0.027881140471436083 0.038978188764303923 0.016407905728556216 0.0098315107170492411 0.023357132915407419 0.0097182964673265815 0.0094921954441815615 0.010832165717147291
leaf_count=6 5 8 4 8 8 5 6 5 6 5
internal_value=0.0129576 -0.0418537 -0.0419827 -0.0417932 -0.0418433 -0.0417559 -0.0417804 -0.0417346 -0.0417286 -0.0417402
internal_weight=0.654423 0.190896 0.0609342 0.129962 0.0553861 0.0745755 0.0347013 0.0398742 0.0192105 0.0206637
internal_count=66 61 10 51 16 35 14 21 11 10
is_linear=0
shrinkage=0.05


Tree=303
num_leaves=11
num_cat=0
split_feature=0 2 5 9 10 10 0 0 6 3
split_gain=0.385174 0.464465 1.12607e-05 1.50332e-06 1.28904e-06 3.49852e-07 3.71699e-07 4.35453e-08 1.48952e-08 8.38187e-09
threshold=10.654750000000002 1550.0000000000002 0.93301270189221952 -0.35824514579943006 4.5000000000000009 4.5000000000000009 5.0021000000000013 4.3650000000000011 0.25000000000000017 6.5000000000000009
decision_type=2 2 2 2 2 2 2 2 2 2
left_child=2 -2 3 5 -5 7 9 -1 -9 -7
right_child=1 -3 -4 4 -6 6 -8 8 -10 -11
leaf_value=-0.041814339059834692 -0.043379689939195366 0.048975065125507755 -0.042634058454303736 -0.042293857337667509 -0.041962488758884975 -0.042036965305521701 -0.041854090122886538 -0.041919415259447361 -0.041871659054447063 -0.042068349224231832
leaf_weight=0.024967923993244767 0.2006535679101944 0.42339560389518738 0.098338813055306673 0.074802807532250881 0.048297731671482325 0.038049925584346056 0.031604398507624865 0.028128355275839567 0.038919711951166391 0.048256560228765011
leaf_count=6 6 9 6 5 7 4 6 4 7 6
internal_value=-0.00583331 0.0192798 -0.0421639 -0.0420251 -0.0421638 -0.0419438 -0.0420008 -0.0418707 -0.0418917 -0.0420545
internal_weight=1.05542 0.624049 0.431366 0.333027 0.123101 0.209927 0.117911 0.092016 0.0670481 0.0863065
internal_count=66 15 51 45 12 33 16 17 11 10
is_linear=0
shrinkage=0.05


Tree=304
num_leaves=11
num_cat=0
split_feature=0 2 7 0 9 9 0 2 2 4
split_gain=0.714534 9.91838e-05 1.14924e-05 4.94362e-06 5.0457e-06 1.13801e-06 9.15378e-07 6.59132e-07 5.06254e-08 7.42682e-09
threshold=1.9456500000000003 1550.0000000000002 6.041666666666667 5.8354500000000007 -0.49524719222984687 -0.35824514579943006 11.100500000000002 825.00000000000011 2300.0000000000005 113.00000000000001
decision_type=2 2 2 2 2 2 2 2 2 2
left_child=1 -1 -2 4 7 8 -7 -4 -5 -10
right_child=2 -3 3 5 -6 6 -8 -9 9 -11
leaf_value=0.044403160356189401 -0.042991997925099307 0.042859295638481246 -0.042197354883644352 -0.041916540904879437 -0.042482856035837104 -0.041976797566534579 -0.042272889821017096 -0.041976883117208416 -0.041828279173689809 -0.041866664971846795
leaf_weight=0.19714701920747757 0.047344891354441643 0.22025596536695957 0.062658879905939102 0.062339074909687042 0.17654070071876049 0.055952728260308504 0.048928740434348583 0.073862630408257246 0.022981602698564529 0.027896878775209188
leaf_count=3 2 7 5 9 9 8 4 9 5 5
internal_value=-0.006271 0.0435885 -0.0422456 -0.042179 -0.0423063 -0.0419963 -0.0421149 -0.0420781 -0.0418863 -0.0418493
internal_weight=0.995909 0.417403 0.578506 0.531161 0.313062 0.218099 0.104881 0.136522 0.113218 0.0508785
internal_count=66 10 56 54 23 31 12 14 19 10
is_linear=0
shrinkage=0.05


Tree=305
num_leaves=11
num_cat=0
split_feature=9 2 0 0 12 5 2 0 0 7
split_gain=0.469385 0.372277 0.359499 0.153392 0.131443 0.0661288 0.00155979 4.58382e-05 1.04093e-06 2.70899e-08
threshold=-0.16708397168011488 1650.0000000000002 4.3650000000000011 10.381750000000002 56.000000000000007 0.25000000000000011 1000.0000000000001 4.5639000000000012 10.361300000000002 8.4166666666666696
decision_type=2 2 2 2 2 2 2 2 2 2
left_child=1 2 5 4 6 -1 -4 -3 -9 -10
right_child=-2 7 3 -5 -6 -7 -8 8 9 -11
leaf_value=-0.0038462966689690598 -0.038601279941674366 -0.043300713290192944 0.045075054435931849 -0.0036311565314427786 0.0106578457402557 -0.043691111037128444 0.049203369543619903 -0.042226944465236407 -0.041964710053037202 -0.041912172184615994
leaf_weight=0.22168296761810857 0.61110889632254828 0.14008867880329479 0.49568746238946892 0.28205886296927918 0.3414420410990715 0.19637944176793098 0.42495819181203842 0.046009762212634087 0.049600641708821058 0.048554150853306055
leaf_count=5 7 7 8 7 8 5 3 3 6 7
internal_value=0.00025189 0.0108212 0.0185682 0.029704 0.037154 -0.0225629 0.0469806 -0.0426566 -0.0420307 -0.0419387
internal_weight=2.85757 2.24646 1.96221 1.54415 1.26209 0.418062 0.920646 0.284253 0.144165 0.0981548
internal_count=66 59 36 26 19 10 11 23 16 13
is_linear=0
shrinkage=0.05


Tree=306
num_leaves=14
num_cat=0
split_feature=2 4 10 12 12 8 0 9 5 9 12 2 2
split_gain=0.407691 0.331327 0.304229 0.181114 0.14391 0.140498 0.181757 0.086848 0.000554521 6.73584e-05 3.81208e-05 2.88328e-06 3.23023e-08
threshold=1350.0000000000002 161.00000000000003 4.5000000000000009 37.500000000000007 50.000000000000007 0.87550652062374057 5.8354500000000007 -0.52414661475995694 0.93301270189221952 -0.24825246871434689 78.500000000000014 2950.0000000000005 2300.0000000000005
decision_type=2 2 2 2 2 2 2 2 2 2 2 2 2
left_child=1 5 -3 8 -5 6 -1 -6 9 11 -9 12 -2
right_child=3 2 -4 4 7 -7 -8 10 -10 -11 -12 -13 -14
leaf_value=0.034122242368640927 -0.041928338939049306 0.0235919628128218 -0.04462029657270996 0.046983418630125819 0.021132146076272926 0.050510022875184905 -0.042241499085228069 -0.043729770076747908 -0.046329715527022718 -0.043781789692775776 -0.042137429882542231 -0.04237737011481299 -0.041859300939400192
leaf_weight=0.26994099467992805 0.035219314508140198 0.33746819104999293 0.31701821461319923 0.12042792141437531 0.0816615279763937 0.63705450296401978 0.10954223293811083 0.073641026858240366 0.23551147291436791 0.11784647591412045 0.076769324950873852 0.05704771913588047 0.032650964334607124
leaf_count=6 5 6 5 1 4 4 9 3 4 3 7 3 6
internal_value=0.00406685 0.0182987 -0.00944849 -0.024559 0.00263442 0.0361633 0.012079 -0.0203794 -0.0446012 -0.0429243 -0.042917 -0.0421154 -0.0418951
internal_weight=2.5018 1.67102 0.654486 0.830776 0.3525 1.01654 0.379483 0.232072 0.478276 0.242764 0.15041 0.124918 0.0678703
internal_count=66 30 11 36 15 19 15 14 21 17 10 14 11
is_linear=0
shrinkage=0.05


Tree=307
num_leaves=13
num_cat=0
split_feature=0 0 2 12 5 7 12 6 12 0 0 2
split_gain=0.314551 0.296042 5.04313e-05 7.33347e-06 6.04175e-06 2.08757e-06 6.91177e-07 2.7717e-07 2.64011e-07 1.45052e-07 2.82145e-07 2.06338e-08
threshold=10.361300000000002 10.654750000000002 2850.0000000000005 12.500000000000002 0.93301270189221952 7.4000000000000012 11.500000000000002 -0.9330127018922193 32.500000000000007 1.9456500000000003 5.0021000000000013 115.00000000000001
decision_type=2 2 2 2 2 2 2 2 2 2 2 2
left_child=4 2 -2 -3 5 -1 -7 -8 -5 -9 -11 -12
right_child=1 3 -4 8 -6 6 7 9 -10 10 11 -13
leaf_value=-0.04229616576227635 0.04286190730570949 -0.042686524339206944 0.044072952341887871 -0.041877548640534119 -0.042558689032820667 -0.042170218144141888 -0.04208328097670825 -0.041833500818828556 -0.042055689553460202 -0.042026784411555183 -0.041837196987846714 -0.041896196945700848
leaf_weight=0.072526985313743353 0.18857311084866524 0.057699014432728291 0.1579850260168314 0.047614826820790768 0.076786264777183533 0.04270216915756464 0.031277332454919815 0.036848350428044796 0.036930104251950979 0.057530364952981472 0.02425293019041419 0.038096279837191105
leaf_count=5 6 3 4 8 4 4 3 8 4 6 5 6
internal_value=-0.00804219 0.0184848 0.043414 -0.0422519 -0.0421625 -0.0420622 -0.0419886 -0.0419474 -0.0419554 -0.0419203 -0.0419469 -0.0418732
internal_weight=0.868823 0.488802 0.346558 0.142244 0.380021 0.303234 0.230707 0.188005 0.0845449 0.156728 0.11988 0.0623492
internal_count=66 25 10 15 41 37 32 28 12 25 17 11
is_linear=0
shrinkage=0.05


Tree=308
num_leaves=12
num_cat=0
split_feature=0 5 0 9 12 0 9 0 0 11 11
split_gain=0.278913 0.057725 0.109667 8.66145e-05 3.6085e-07 9.45044e-08 4.02096e-08 2.69286e-08 2.57459e-08 3.19465e-10 2.40652e-11
threshold=5.1314000000000011 0.93301270189221952 4.5639000000000012 -0.52414661475995694 11.500000000000002 4.4118000000000004 -0.27768031003904575 1.9456500000000003 10.361300000000002 6.5000000000000009 6.5000000000000009
decision_type=2 2 2 2 2 2 2 2 2 2 2
left_child=1 2 5 -2 -5 7 9 10 -8 -6 -1
right_child=3 -3 -4 4 6 -7 8 -9 -10 -11 -12
leaf_value=-0.041710948909814818 -0.044143636521686368 0.051318744192497184 0.035883140124681877 -0.041997623475552567 -0.041720444678672072 -0.041895696836062535 -0.041867306239844165 -0.041802827759538586 -0.041777014621893017 -0.041732677347792402 -0.041715210903788283
leaf_weight=0.0063479897798970342 0.081985622993670404 0.21870184550061822 0.17443630064371973 0.029262881027534604 0.0091586469206959009 0.025415437296032906 0.013695549452677369 0.022696331143379211 0.018640748807229102 0.012791841407306492 0.0069255355047062039
leaf_count=5 7 3 7 4 6 5 3 6 8 7 5
internal_value=0.0125784 0.0328159 0.0156562 -0.0429891 -0.0418561 -0.0418219 -0.0417798 -0.0417697 -0.0418153 -0.0417276 -0.0417132
internal_weight=0.620059 0.454523 0.235822 0.165535 0.0835497 0.0613853 0.0542868 0.0359699 0.0323363 0.0219505 0.0132735
internal_count=66 31 28 35 28 21 24 16 11 13 10
is_linear=0
shrinkage=0.05


Tree=309
num_leaves=11
num_cat=0
split_feature=0 2 5 9 10 10 0 0 4 9
split_gain=0.353495 0.431526 9.21422e-06 1.23532e-06 1.07004e-06 2.90031e-07 3.09219e-07 3.58391e-08 1.14834e-08 7.27463e-09
threshold=10.654750000000002 1550.0000000000002 0.93301270189221952 -0.35824514579943006 4.5000000000000009 4.5000000000000009 5.0021000000000013 4.3650000000000011 91.500000000000014 -0.59116893267988335
decision_type=2 2 2 2 2 2 2 2 2 2
left_child=2 -2 3 5 -5 7 9 -1 -9 -7
right_child=1 -3 -4 4 -6 6 -8 8 -10 -11
leaf_value=-0.041802566971165363 -0.043241800385909697 0.04844831916149981 -0.042571915294226929 -0.04225355903880304 -0.041940370011656299 -0.042043772416098593 -0.041839217722404932 -0.041849649662613259 -0.041893348677849725 -0.042013678639435718
leaf_weight=0.022989304736256599 0.18974841386079788 0.39639395661652088 0.091852713376283646 0.070158291142433882 0.044616006081923842 0.041987957432866096 0.029110241681337357 0.02531023696064949 0.037026673555374146 0.038490290986374021
leaf_count=6 6 9 6 5 7 5 6 5 6 5
internal_value=-0.00599204 0.018766 -0.0421321 -0.0420017 -0.0421318 -0.041925 -0.0419789 -0.0418559 -0.0418756 -0.0420294
internal_weight=0.987684 0.586142 0.401542 0.309689 0.114774 0.194915 0.109588 0.0853262 0.0623369 0.0804782
internal_count=66 15 51 45 12 33 16 17 11 10
is_linear=0
shrinkage=0.05


Tree=310
num_leaves=11
num_cat=0
split_feature=0 9 7 0 9 9 0 7 0 5
split_gain=0.667847 4.23687e-05 9.11652e-06 4.11298e-06 4.12926e-06 8.85798e-07 7.30782e-07 5.27622e-07 3.35799e-08 1.75811e-08
threshold=1.9456500000000003 -0.49524719222984687 6.041666666666667 5.8354500000000007 -0.49524719222984687 -0.35824514579943006 11.100500000000002 8.6083333333333361 10.361300000000002 0.68301270189221941
decision_type=2 2 2 2 2 2 2 2 2 2
left_child=1 -1 -2 4 7 8 -7 -4 -5 -10
right_child=2 -3 3 5 -6 6 -8 -9 9 -11
leaf_value=0.044026730542899413 -0.042891194274352597 0.042987860263531574 -0.041936871780473728 -0.041907286670648615 -0.042429995761430257 -0.041952266020935436 -0.042227479448008975 -0.04214169614896212 -0.041869986827581758 -0.041816851192232274
leaf_weight=0.18996601738035679 0.044628948904573917 0.20304454304277897 0.05635747779160738 0.040015980135649443 0.16504255216568708 0.051682962570339441 0.045229345560073853 0.071116140577942133 0.039628033526241779 0.025639408733695745
leaf_count=4 2 6 8 6 9 8 4 6 7 6
internal_value=-0.00608334 0.04349 -0.0422068 -0.042145 -0.0422649 -0.0419716 -0.0420807 -0.0420511 -0.0418712 -0.0418491
internal_weight=0.932351 0.393011 0.539341 0.494712 0.292516 0.202196 0.0969123 0.127474 0.105283 0.0652674
internal_count=66 10 56 54 23 31 12 14 19 13
is_linear=0
shrinkage=0.05


Tree=311
num_leaves=11
num_cat=0
split_feature=9 2 0 0 12 5 2 0 0 7
split_gain=0.422695 0.339709 0.324 0.140304 0.127882 0.062523 0.00119539 3.66004e-05 8.48298e-07 2.06873e-08
threshold=-0.16708397168011488 1650.0000000000002 4.3650000000000011 10.381750000000002 56.000000000000007 0.25000000000000011 1000.0000000000001 4.5639000000000012 10.361300000000002 8.4166666666666696
decision_type=2 2 2 2 2 2 2 2 2 2
left_child=1 2 5 4 6 -1 -4 -3 -9 -10
right_child=-2 7 3 -5 -6 -7 -8 8 9 -11
leaf_value=-0.0036524660777584313 -0.037533487459361588 -0.043182423929726661 0.044805541173902702 -0.0034284956752541843 0.0099324147338788644 -0.043526387389688531 0.048544616599507769 -0.042186424122780064 -0.041939697273288813 -0.041891757013228635
leaf_weight=0.21332171652466136 0.58172029070556153 0.1303814174607395 0.46208567358553387 0.27195711527019728 0.33029169589281082 0.18234671652317047 0.39775798469781876 0.042766683734953403 0.045461482834070921 0.044559879694133997
leaf_count=5 7 7 8 7 8 5 3 3 6 7
internal_value=0.000223289 0.0105791 0.0181106 0.028973 0.036377 -0.0220287 0.0465352 -0.0425874 -0.0420031 -0.041916
internal_weight=2.70265 2.12093 1.85776 1.46209 1.19014 0.395668 0.859844 0.263169 0.132788 0.0900214
internal_count=66 59 36 26 19 10 11 23 16 13
is_linear=0
shrinkage=0.05


Tree=312
num_leaves=14
num_cat=0
split_feature=2 4 10 12 12 8 0 9 5 9 12 2 6
split_gain=0.374887 0.303556 0.279718 0.16573 0.13254 0.128873 0.168535 0.0803053 0.000431732 5.31382e-05 3.33206e-05 2.30931e-06 3.03012e-08
threshold=1350.0000000000002 161.00000000000003 4.5000000000000009 37.500000000000007 50.000000000000007 0.87550652062374057 5.8354500000000007 -0.52414661475995694 0.93301270189221952 -0.24825246871434689 78.500000000000014 2950.0000000000005 0.6830127018922193
decision_type=2 2 2 2 2 2 2 2 2 2 2 2 2
left_child=1 5 -3 8 -5 6 -1 -6 9 11 -9 12 -2
right_child=3 2 -4 4 7 -7 -8 10 -10 -11 -12 -13 -14
leaf_value=0.033583927003630672 -0.041845963684226051 0.022582749552397238 -0.044387486447119456 0.046527457157306995 0.020423577762424497 0.049797662648237678 -0.042197912076959762 -0.043638806477112144 -0.045948864970156128 -0.043621085232424632 -0.042099676331033037 -0.042325417942499409 -0.041916294346291877
leaf_weight=0.25725419446826003 0.035275922622531763 0.32944245543330908 0.29601689241826534 0.11226861923933029 0.077870625071227551 0.60154081135988235 0.10263825161382556 0.069942646194249392 0.2196020376868546 0.10937117971479871 0.070718964096158743 0.053004168905317783 0.027064742520451546
leaf_count=6 7 6 5 1 4 4 9 3 4 3 7 3 4
internal_value=0.00407839 0.018 -0.00911287 -0.0244232 0.00237155 0.0356383 0.0119716 -0.0203131 -0.0443722 -0.0428315 -0.042865 -0.0420828 -0.0418765
internal_weight=2.36201 1.58689 0.625459 0.775119 0.330801 0.961433 0.359892 0.218532 0.444318 0.224716 0.140662 0.115345 0.0623407
internal_count=66 30 11 36 15 19 15 14 21 17 10 14 11
is_linear=0
shrinkage=0.05


Tree=313
num_leaves=13
num_cat=0
split_feature=0 0 8 12 5 7 12 6 12 0 0 2
split_gain=0.291073 0.275009 3.90214e-05 5.85373e-06 4.78688e-06 1.72539e-06 5.45791e-07 2.42778e-07 2.21196e-07 1.18776e-07 2.27262e-07 1.51031e-08
threshold=10.361300000000002 10.654750000000002 0.87550652062374057 12.500000000000002 0.93301270189221952 7.4000000000000012 11.500000000000002 -0.9330127018922193 32.500000000000007 1.9456500000000003 5.0021000000000013 115.00000000000001
decision_type=2 2 2 2 2 2 2 2 2 2 2 2
left_child=4 2 -2 -3 5 -1 -7 -8 -5 -9 -11 -12
right_child=1 3 -4 8 -6 6 7 9 -10 10 11 -13
leaf_value=-0.042256024273350297 0.043882920955588954 -0.042614346992195323 0.042778504462486419 -0.041863887956186972 -0.042494134100745304 -0.04213378414072845 -0.042059626602137565 -0.041820111937574879 -0.042032232850244114 -0.0420013161776552 -0.041826672355998573 -0.041878923263270751
leaf_weight=0.067733985371887684 0.14718882739543915 0.053578331368044019 0.175154073163867 0.044485548045486212 0.07145653897896409 0.039755059638991952 0.029380801599472761 0.033916051499545574 0.034759169677272439 0.053482966497540474 0.022752686869353056 0.035265570506453514
leaf_count=5 4 3 6 8 4 4 3 8 4 6 5 6
internal_value=-0.00810641 0.0183348 0.0432828 -0.0422107 -0.0421286 -0.042036 -0.0419666 -0.0419285 -0.0419377 -0.041902 -0.041927 -0.0418584
internal_weight=0.80891 0.455166 0.322343 0.132823 0.353744 0.282287 0.214553 0.174798 0.0792447 0.145417 0.111501 0.0580183
internal_count=66 25 10 15 41 37 32 28 12 25 17 11
is_linear=0
shrinkage=0.05


Tree=314
num_leaves=11
num_cat=0
split_feature=2 12 6 9 6 0 0 10 0 14
split_gain=0.274841 4.17886e-07 9.31205e-08 6.32059e-08 5.5635e-08 1.07175e-08 1.91835e-08 5.40418e-10 2.39509e-10 1.1513e-10
threshold=2950.0000000000005 11.500000000000002 0.6830127018922193 -0.35824514579943006 1.0000000180025095e-35 4.4709500000000011 1.9456500000000003 4.5000000000000009 10.363450000000002 1.0000000180025095e-35
decision_type=2 2 2 2 2 2 2 2 2 2
left_child=1 2 -1 5 -5 6 -3 9 -9 -7
right_child=-2 3 -4 4 -6 7 -8 8 -10 -11
leaf_value=-0.041885913968097072 0.034103694372365816 -0.041708728128114436 -0.042017584252925635 -0.041855112947854711 -0.041736492033020295 -0.041727932893115251 -0.041794342437654924 -0.041725567796514075 -0.041713463809365373 -0.04173583535870351
leaf_weight=0.029276035027578473 0.41520437598228455 0.0096115416381508112 0.024805322522297502 0.034153914777562022 0.013910772977396846 0.0086624104296788573 0.02049435256049037 0.0083799965213984251 0.0079779216321185231 0.0098495979327708483
leaf_count=6 5 8 4 8 8 5 6 5 6 5
internal_value=0.0123109 -0.041832 -0.0419463 -0.0417773 -0.0418208 -0.0417452 -0.041767 -0.0417263 -0.0417197 -0.0417321
internal_weight=0.582326 0.167122 0.0540814 0.113041 0.0480647 0.0649758 0.0301059 0.0348699 0.0163579 0.018512
internal_count=66 61 10 51 16 35 14 21 11 10
is_linear=0
shrinkage=0.05


Tree=315
num_leaves=11
num_cat=0
split_feature=0 2 5 9 10 10 0 0 3 9
split_gain=0.324188 0.401215 7.3056e-06 1.01723e-06 8.913e-07 2.40645e-07 2.57294e-07 2.95922e-08 9.48156e-09 7.46091e-09
threshold=10.654750000000002 1550.0000000000002 0.93301270189221952 -0.35824514579943006 4.5000000000000009 4.5000000000000009 5.0021000000000013 4.3650000000000011 6.5000000000000009 -0.59116893267988335
decision_type=2 2 2 2 2 2 2 2 2 2
left_child=2 -2 3 5 -5 7 9 -1 -9 -7
right_child=1 -3 -4 4 -6 6 -8 8 -10 -11
leaf_value=-0.041791683286662232 -0.043116460592018672 0.047957825990503744 -0.04250657689037033 -0.042216320587553015 -0.041919779494814603 -0.042021062040591535 -0.041825600977620801 -0.041840609178967585 -0.041881051501668071 -0.041989493779230967
leaf_weight=0.021160110598430037 0.17944062128663063 0.3708479106426239 0.085382158402353525 0.065821358468383551 0.041200066218152642 0.039308860432356596 0.026820638449862599 0.02907811151817441 0.02889305236749351 0.035728935385122895
leaf_count=6 6 9 6 5 7 5 6 6 5 5
internal_value=-0.00614041 0.0182599 -0.0421004 -0.04198 -0.0421022 -0.0419077 -0.0419585 -0.0418423 -0.0418608 -0.042006
internal_weight=0.923682 0.550289 0.373393 0.288011 0.107021 0.18099 0.101858 0.0791313 0.0579712 0.0750378
internal_count=66 15 51 45 12 33 16 17 11 10
is_linear=0
shrinkage=0.05


Tree=316
num_leaves=11
num_cat=0
split_feature=0 2 7 0 9 9 0 2 2 4
split_gain=0.62431 7.76281e-05 7.22891e-06 3.37e-06 3.31579e-06 6.86898e-07 5.81892e-07 4.39954e-07 4.15887e-08 4.69688e-09
threshold=1.9456500000000003 1550.0000000000002 6.041666666666667 5.8354500000000007 -0.49524719222984687 -0.35824514579943006 11.100500000000002 825.00000000000011 2300.0000000000005 113.00000000000001
decision_type=2 2 2 2 2 2 2 2 2 2
left_child=1 -1 -2 4 7 8 -7 -4 -5 -10
right_child=2 -3 3 5 -6 6 -8 -9 9 -11
leaf_value=0.044145683535190355 -0.042797022636098275 0.042696957664861472 -0.04213011715189785 -0.041886171506313012 -0.042377494974352913 -0.04192976243077922 -0.042185256939555806 -0.041937255268842399 -0.041802220654110392 -0.041835483302065879
leaf_weight=0.17945434525609016 0.042043027002364397 0.19075879082083702 0.054806670174002647 0.055100711528211832 0.15390464384108782 0.047741699498146772 0.041794595308601856 0.064218517858535051 0.019305180525407195 0.023570998106151819
leaf_count=3 2 7 5 9 9 8 4 9 5 5
internal_value=-0.00586982 0.0433992 -0.0421694 -0.0421121 -0.0422242 -0.0419489 -0.042049 -0.0420261 -0.0418574 -0.0418205
internal_weight=0.872699 0.370213 0.502486 0.460443 0.27293 0.187513 0.0895363 0.119025 0.0979769 0.0428762
internal_count=66 10 56 54 23 31 12 14 19 10
is_linear=0
shrinkage=0.05


Tree=317
num_leaves=12
num_cat=0
split_feature=9 0 0 3 0 10 6 6 0 10 12
split_gain=0.380627 0.280585 0.190809 0.144997 0.110805 0.224567 0.0893196 0.0407617 0.00149003 9.36401e-05 3.56627e-05
threshold=-0.16708397168011488 4.3650000000000011 10.361300000000002 1.5000000000000002 5.1314000000000011 4.5000000000000009 1.0000000180025095e-35 1.0000000180025095e-35 5.8354500000000007 4.5000000000000009 11.500000000000002
decision_type=2 2 2 2 2 2 2 2 2 2 2
left_child=1 6 4 -4 5 -3 -1 -5 -6 -9 -8
right_child=-2 2 3 7 8 -7 10 9 -10 -11 -12
leaf_value=0.002786996344376545 -0.036469648614449131 -0.021886588084696224 0.043298844164028349 0.0012357805613317356 0.048558352235532003 0.038495264229014441 -0.043666136749076316 -0.04445153947409157 0.043398073868144517 -0.042199053017608873 -0.042507468316318305
leaf_weight=0.17679513106122691 0.5538833183236419 0.2473842669278381 0.087059110403060802 0.06998183811083436 0.28141392767429352 0.40784245543181896 0.12757998611778021 0.10617259051650763 0.27816594578325748 0.081602388527244329 0.13851075107231736
leaf_count=4 7 7 2 6 2 6 3 5 8 7 9
internal_value=0.000214976 0.0103618 0.0203353 -0.0124908 0.0296528 0.0156978 -0.0247602 -0.0313342 0.0459932 -0.0434727 -0.043063
internal_weight=2.55639 2.00251 1.55962 0.344816 1.21481 0.655227 0.442886 0.257757 0.55958 0.187775 0.266091
internal_count=66 59 43 20 23 13 16 18 10 12 12
is_linear=0
shrinkage=0.05


Tree=318
num_leaves=14
num_cat=0
split_feature=2 4 10 12 12 8 0 9 5 9 12 2 2
split_gain=0.340638 0.285149 0.252888 0.15447 0.12164 0.116802 0.153934 0.0738472 0.000345295 4.19942e-05 2.58593e-05 1.85724e-06 2.0211e-08
threshold=1350.0000000000002 161.00000000000003 4.5000000000000009 37.500000000000007 50.000000000000007 0.87550652062374057 5.8354500000000007 -0.52414661475995694 0.93301270189221952 -0.24825246871434689 78.500000000000014 2950.0000000000005 2300.0000000000005
decision_type=2 2 2 2 2 2 2 2 2 2 2 2 2
left_child=1 5 -3 8 -5 6 -1 -6 9 11 -9 12 -2
right_child=3 2 -4 4 7 -7 -8 10 -10 -11 -12 -13 -14
leaf_value=0.03299456339548943 -0.041887957691074007 0.020908911612708823 -0.04419107115155093 0.046154723458791042 0.019749228837904458 0.049111202958256321 -0.042155410751977193 -0.043476741436256294 -0.045634798366234831 -0.043473817395613963 -0.042064943653384368 -0.042278083773938296 -0.041828504576724712
leaf_weight=0.24392250925302528 0.029814438428729884 0.32264747563749552 0.2774671595543623 0.1053406298160553 0.074280309490859509 0.5675470158457756 0.094558420591056347 0.064598957076668739 0.20574860833585262 0.10159832425415494 0.06514294445514679 0.04929663147777319 0.027461465913802385
leaf_count=6 5 6 5 1 4 4 9 3 4 3 7 3 6
internal_value=0.00399736 0.0175412 -0.00919052 -0.0242059 0.00252183 0.0352471 0.0120006 -0.0200067 -0.0441822 -0.0427465 -0.0427679 -0.0420531 -0.0418595
internal_weight=2.22942 1.50614 0.600115 0.723282 0.309363 0.906028 0.338481 0.204022 0.413919 0.208171 0.129742 0.106573 0.0572759
internal_count=66 30 11 36 15 19 15 14 21 17 10 14 11
is_linear=0
shrinkage=0.05


Tree=319
num_leaves=13
num_cat=0
split_feature=0 0 9 12 5 7 12 6 12 0 0 2
split_gain=0.272628 0.256001 4.07287e-05 4.66017e-06 3.95195e-06 1.31724e-06 4.38979e-07 2.10015e-07 1.9153e-07 9.92877e-08 1.90983e-07 1.2442e-08
threshold=10.361300000000002 10.654750000000002 -0.48574157668954127 12.500000000000002 0.93301270189221952 7.4000000000000012 11.500000000000002 -0.9330127018922193 32.500000000000007 1.9456500000000003 5.0021000000000013 115.00000000000001
decision_type=2 2 2 2 2 2 2 2 2 2 2 2
left_child=4 2 -2 -3 5 -1 -7 -8 -5 -9 -11 -12
right_child=1 3 -4 8 -6 6 7 9 -10 10 11 -13
leaf_value=-0.042209900507960738 0.043852465898391202 -0.042546784029194998 0.042689707689323272 -0.041848779278347875 -0.042440578165804807 -0.042102249125059533 -0.042037337483711759 -0.041807825372968427 -0.042010915665579754 -0.041979601063939477 -0.041813797474249931 -0.041863171180916876
leaf_weight=0.062635284848511219 0.14076263085007668 0.049763686954975128 0.16196920908987522 0.041063486598432064 0.066806324291974306 0.03712296299636364 0.027613991405814886 0.031221889657899737 0.032734483014792204 0.050200402736663818 0.02093418943695724 0.03267630934715271
leaf_count=5 4 3 6 8 4 4 3 8 4 6 5 6
internal_value=-0.00791872 0.0184761 0.0432304 -0.0421729 -0.0420972 -0.0420098 -0.0419471 -0.0419117 -0.0419207 -0.041886 -0.0419095 -0.0418439
internal_weight=0.755505 0.426293 0.302732 0.123562 0.329211 0.262405 0.19977 0.162647 0.073798 0.135033 0.103811 0.0536105
internal_count=66 25 10 15 41 37 32 28 12 25 17 11
is_linear=0
shrinkage=0.05


Tree=320
num_leaves=11
num_cat=0
split_feature=2 12 6 7 6 2 2 12 2 9
split_gain=0.250813 3.38232e-07 7.41076e-08 4.85574e-08 5.16584e-08 8.75807e-09 7.7834e-09 7.52475e-09 2.24198e-10 1.08947e-10
threshold=2950.0000000000005 11.500000000000002 0.6830127018922193 7.4000000000000012 1.0000000180025095e-35 1650.0000000000002 300.00000000000006 40.000000000000007 2590.0000000000005 -0.49524719222984687
decision_type=2 2 2 2 2 2 2 2 2 2
left_child=1 2 -1 4 -3 6 9 -8 -7 -5
right_child=-2 3 -4 5 -6 8 7 -9 -10 -11
leaf_value=-0.041871374931701955 0.033123813652008109 -0.041853665958545651 -0.041993122911515551 -0.041729708219600981 -0.041731303276811821 -0.041707154922819033 -0.041792516666632161 -0.041744556577066771 -0.041719308661572162 -0.04172160094683066
leaf_weight=0.027293158345855772 0.39721110463142395 0.02632367389742285 0.023059281404130161 0.0088612455874681473 0.012829230632632971 0.010428614914417267 0.015940419631078839 0.016795807867310941 0.0059647875605151049 0.0077839395962655536
leaf_count=6 5 6 4 5 8 9 5 9 4 5
internal_value=0.0120603 -0.0418206 -0.0419271 -0.0417695 -0.0418136 -0.0417432 -0.0417538 -0.0417679 -0.0417116 -0.0417259
internal_weight=0.552491 0.15528 0.0503524 0.104928 0.0391529 0.0657748 0.0493814 0.0327362 0.0163934 0.0166452
internal_count=66 61 10 51 14 37 24 14 13 10
is_linear=0
shrinkage=0.05


Tree=321
num_leaves=13
num_cat=0
split_feature=0 7 7 13 5 5 0 9 10 4 3 6
split_gain=0.300333 0.117129 0.0427768 0.0213997 0.0273675 5.05511e-06 1.73031e-06 6.75374e-07 2.74875e-07 1.09186e-07 9.43999e-08 2.60674e-08
threshold=11.100500000000002 6.041666666666667 7.4000000000000012 1.0000000180025095e-35 0.68301270189221941 0.93301270189221952 10.654750000000002 -0.35824514579943006 4.5000000000000009 209.00000000000003 5.5000000000000009 0.6830127018922193
decision_type=2 2 2 2 2 2 2 2 2 2 2 2
left_child=3 -2 -3 5 -5 6 7 8 11 -9 -10 -1
right_child=1 2 -4 4 -6 -7 -8 9 10 -11 -12 -13
leaf_value=-0.04185641068862813 0.051788062833939476 -0.019630865134027203 0.020286159581585816 -0.04180342050023543 0.027918864881630291 -0.042489692376610058 -0.042347416305736872 -0.042012709513074814 -0.041902419965955687 -0.042123446875723752 -0.04201775660227787 -0.041789159564125142
leaf_weight=0.046746984357014298 0.18869099020957947 0.13386864587664604 0.13460097834467888 0.029873221181333065 0.026612881105393171 0.075074362568557262 0.036440577358007431 0.035966366529464722 0.028412405634298921 0.058409861987456679 0.04723466862924397 0.020829635206609964
leaf_count=9 1 4 7 8 2 5 2 4 5 7 6 6
internal_value=-0.00618729 0.0215997 0.00038209 -0.0375065 -0.00895444 -0.0421262 -0.0420266 -0.0419774 -0.041909 -0.0420812 -0.0419744 -0.0418357
internal_weight=0.862762 0.457161 0.26847 0.405601 0.0564861 0.349115 0.27404 0.2376 0.143224 0.0943762 0.0756471 0.0675766
internal_count=66 12 11 54 10 44 39 37 26 11 11 15
is_linear=0
shrinkage=0.05


Tree=322
num_leaves=12
num_cat=0
split_feature=0 2 7 0 2 2 2 7 3 3 2
split_gain=0.58044 6.48997e-05 5.7146e-06 2.74718e-06 2.53821e-06 5.13513e-07 6.66674e-07 3.27887e-07 9.11148e-09 1.25223e-09 1.26813e-10
threshold=1.9456500000000003 1550.0000000000002 6.041666666666667 5.8354500000000007 1350.0000000000002 1855.0000000000002 400.00000000000006 8.6083333333333361 6.5000000000000009 3.5000000000000004 2590.0000000000005
decision_type=2 2 2 2 2 2 2 2 2 2 2
left_child=1 -1 -2 4 7 6 9 -4 10 -5 -7
right_child=2 -3 3 5 -6 8 -8 -9 -10 -11 -12
leaf_value=0.043986896470234932 -0.042709268231421842 0.04261726686766415 -0.041945629220684337 -0.041874956971213212 -0.042353808864505717 -0.041792396089244906 -0.042110290543155147 -0.042103374068336183 -0.041836843613055848 -0.041860028304358914 -0.041798022693390849
leaf_weight=0.16939875856041908 0.039586561731994152 0.17672470770776272 0.056491364259272814 0.029557826928794384 0.11938265478238463 0.021508384263142943 0.057114369701594114 0.07902477728202939 0.019245357252657413 0.026768273208290339 0.018738535698503256
leaf_count=3 2 7 8 5 8 6 6 7 4 5 5
internal_value=-0.00579146 0.0432876 -0.0421345 -0.0420813 -0.0421857 -0.0419275 -0.0419899 -0.0420376 -0.0418085 -0.0418679 -0.041795
internal_weight=0.813542 0.346123 0.467418 0.427832 0.254899 0.172933 0.11344 0.135516 0.0594923 0.0563261 0.0402469
internal_count=66 10 56 54 23 31 16 15 15 10 11
is_linear=0
shrinkage=0.05


Tree=323
num_leaves=10
num_cat=0
split_feature=9 2 12 4 6 9 11 9 3
split_gain=0.342325 0.289296 0.167854 0.153634 0.0596538 0.00359034 1.61984e-05 2.08504e-05 5.48336e-08
threshold=-0.16708397168011488 1650.0000000000002 78.500000000000014 80.000000000000014 -0.68301270189221952 -0.52414661475995694 3.5000000000000004 -0.49524719222984687 4.5000000000000009
decision_type=2 2 2 2 2 2 2 2 2
left_child=1 2 3 -1 5 -5 8 -8 -3
right_child=-2 6 -4 4 -6 -7 7 -9 -10
leaf_value=-0.0081767349895342564 -0.035406103734730826 -0.041862921476539805 -0.025325219834742976 0.037478595642743973 0.019690801799184025 0.045455215443482536 -0.042024651827222648 -0.043240251271878749 -0.041948730125448641
leaf_weight=0.30460239946842227 0.52760462556034315 0.04998507210984815 0.20132801961153735 0.22295087389647938 0.54078496713191271 0.38412319868803024 0.056956486776471138 0.092669813428074121 0.029667864553630352
leaf_count=8 7 9 8 5 9 6 7 3 4
internal_value=0.000189711 0.0101631 0.0174602 0.0233907 0.0317676 0.0425258 -0.0424709 -0.0427775 -0.0418949
internal_weight=2.41067 1.88307 1.65379 1.45246 1.14786 0.607074 0.229279 0.149626 0.0796529
internal_count=66 59 36 28 20 11 23 10 13
is_linear=0
shrinkage=0.05


Tree=324
num_leaves=14
num_cat=0
split_feature=2 4 10 12 12 8 0 3 5 9 10 2 6
split_gain=0.3148 0.264284 0.231439 0.143644 0.110901 0.110152 0.144972 0.0687119 0.000287582 3.29543e-05 2.53334e-05 1.49653e-06 1.67975e-08
threshold=1350.0000000000002 161.00000000000003 4.5000000000000009 37.500000000000007 50.000000000000007 0.87550652062374057 5.8354500000000007 1.5000000000000002 0.93301270189221952 -0.24825246871434689 4.5000000000000009 2950.0000000000005 0.6830127018922193
decision_type=2 2 2 2 2 2 2 2 2 2 2 2 2
left_child=1 5 -3 8 -5 6 -1 -6 9 11 -9 12 -2
right_child=3 2 -4 4 7 -7 -8 10 -10 -11 -12 -13 -14
leaf_value=0.03249647689249003 -0.041821278334138255 0.019817281345100492 -0.044005046011989409 0.045773316858174838 0.019384393942170432 0.048547843109735506 -0.042136671630281231 -0.043443277131452233 -0.045382503429146764 -0.043331143530054517 -0.041987969046680403 -0.042234797454036625 -0.041877902654987038
leaf_weight=0.23258694820106052 0.030521051026880852 0.3134947782382369 0.25973465479910374 0.098001517355442047 0.070941906422376633 0.53882580250501633 0.090339730028063059 0.055713625159114599 0.19467854127287865 0.09405927127227165 0.064549861242994666 0.045898565091192722 0.022942219395190477
leaf_count=6 7 6 5 1 3 4 9 2 4 3 9 3 4
internal_value=0.00394707 0.0172082 -0.0091011 -0.0241487 0.00252525 0.0347089 0.0116176 -0.0196414 -0.0440258 -0.0426604 -0.0426622 -0.0420254 -0.0418456
internal_weight=2.11229 1.43498 0.573229 0.677307 0.289207 0.861752 0.322927 0.191205 0.3881 0.193421 0.120263 0.0993618 0.0534633
internal_count=66 30 11 36 15 19 15 14 21 17 11 14 11
is_linear=0
shrinkage=0.05


Tree=325
num_leaves=13
num_cat=0
split_feature=0 0 2 12 5 7 12 12 3 4 11 7
split_gain=0.256145 0.240818 4.11602e-05 3.64617e-06 3.38161e-06 1.01424e-06 3.85226e-07 1.60344e-07 1.43766e-07 1.32218e-07 3.48311e-08 1.63356e-08
threshold=10.361300000000002 10.654750000000002 2850.0000000000005 12.500000000000002 0.93301270189221952 7.4000000000000012 11.500000000000002 32.500000000000007 5.5000000000000009 200.00000000000003 3.5000000000000004 9.1416666666666675
decision_type=2 2 2 2 2 2 2 2 2 2 2 2
left_child=4 2 -2 -3 5 -1 -7 -5 10 -10 -8 -12
right_child=1 3 -4 7 -6 6 8 -9 9 -11 11 -13
leaf_value=-0.042168371665039769 0.042626010734812869 -0.042479269343106002 0.043827534672386141 -0.041839567800252962 -0.042396937328836093 -0.042078790579156235 -0.041789020715930991 -0.041991715441546319 -0.041991410678391169 -0.041857727003878992 -0.041891072992310839 -0.041834678737247222
leaf_weight=0.058101201429963112 0.15203890949487686 0.046122676460072398 0.13418515957891941 0.039087989134714007 0.06293065520003438 0.034940196666866541 0.020710474113002419 0.031089789001271129 0.049366814084351063 0.029577437788248062 0.028562001883983612 0.023330240976065397
leaf_count=5 6 3 4 8 4 4 6 4 6 6 5 5
internal_value=-0.00771181 0.0185371 0.0431893 -0.0421339 -0.0420701 -0.041986 -0.0419291 -0.041907 -0.0418946 -0.0419413 -0.0418438 -0.0418657
internal_weight=0.710044 0.402525 0.286224 0.1163 0.307519 0.244588 0.186487 0.0701778 0.151547 0.0789443 0.0726027 0.0518922
internal_count=66 25 10 15 41 37 32 12 28 12 16 10
is_linear=0
shrinkage=0.05


Tree=326
num_leaves=11
num_cat=0
split_feature=2 12 6 7 6 2 2 12 2 9
split_gain=0.229297 2.82725e-07 5.89768e-08 3.79444e-08 4.04191e-08 7.18339e-09 5.93739e-09 5.75491e-09 1.70536e-10 1.12875e-10
threshold=2950.0000000000005 11.500000000000002 0.6830127018922193 7.4000000000000012 1.0000000180025095e-35 1650.0000000000002 300.00000000000006 40.000000000000007 2590.0000000000005 -0.49524719222984687
decision_type=2 2 2 2 2 2 2 2 2 2
left_child=1 2 -1 4 -3 6 9 -8 -7 -5
right_child=-2 3 -4 5 -6 8 7 -9 -10 -11
leaf_value=-0.04185979420089958 0.032124152819067747 -0.041839226937408873 -0.041972038115010095 -0.041726920506485465 -0.041727289574782042 -0.041704182927605346 -0.041783149783081799 -0.041739618189896924 -0.041715204236278149 -0.041718449325884033
leaf_weight=0.025625556940212846 0.3784506544470787 0.024505715118721128 0.021540153888054192 0.0084316353313624859 0.012020156718790531 0.0096683039446361363 0.014758447068743408 0.015635804506018758 0.0055102173937484631 0.0073691445868462315
leaf_count=6 5 6 4 5 8 9 5 9 4 5
internal_value=0.011637 -0.0418105 -0.0419111 -0.041762 -0.0418024 -0.041738 -0.0417478 -0.0417608 -0.0417082 -0.041723
internal_weight=0.523516 0.145065 0.0471657 0.0978994 0.0365259 0.0613736 0.046195 0.0303943 0.0151785 0.0158008
internal_count=66 61 10 51 14 37 24 14 13 10
is_linear=0
shrinkage=0.05


Tree=327
num_leaves=13
num_cat=0
split_feature=2 0 0 5 7 3 0 6 9 9 0 5
split_gain=0.280768 0.3461 3.5752e-05 5.65076e-06 1.78983e-06 6.46532e-07 4.55111e-07 2.99615e-07 5.80454e-08 4.03447e-08 3.45884e-08 3.83837e-09
threshold=1550.0000000000002 10.654750000000002 11.100500000000002 0.93301270189221952 6.041666666666667 5.5000000000000009 4.5639000000000012 0.25000000000000017 -0.49524719222984687 -0.48574157668954127 5.0021000000000013 0.68301270189221941
decision_type=2 2 2 2 2 2 2 2 2 2 2 2
left_child=2 3 4 7 -1 10 9 -2 -9 -7 -6 -12
right_child=1 -3 -4 -5 5 6 -8 8 -10 -11 11 -13
leaf_value=-0.042449165448725221 -0.042006012729646117 0.046979896258352305 -0.043095846918714646 -0.04251874223484288 -0.041889909786807136 -0.041916668934261617 -0.042170462776992129 -0.041887863885473803 -0.041785993390743278 -0.041993831416950518 -0.041795451546714435 -0.041826287189057718
leaf_weight=0.021712822839617729 0.045435498701408505 0.3292488120496273 0.12764107994735241 0.061171720968559384 0.022243998944759369 0.028860873775556684 0.041845369152724743 0.026132243918254972 0.030078133335337043 0.041012593079358339 0.018366070464253426 0.022401719819754362
leaf_count=1 7 9 4 4 4 5 3 5 9 5 5 5
internal_value=-0.00630822 0.0174917 -0.0424443 -0.042139 -0.042021 -0.0419678 -0.0420401 -0.0419105 -0.0418334 -0.041962 -0.0418398 -0.0418124
internal_weight=0.816151 0.492066 0.324085 0.162818 0.196443 0.174731 0.111719 0.101646 0.0562104 0.0698735 0.0630118 0.0407678
internal_count=66 34 32 25 28 27 13 21 14 10 14 10
is_linear=0
shrinkage=0.05


Tree=328
num_leaves=12
num_cat=0
split_feature=0 2 7 0 2 2 2 7 3 3 7
split_gain=0.546229 6.10431e-05 4.41508e-06 2.29581e-06 2.08694e-06 4.09852e-07 5.01465e-07 2.73441e-07 6.13193e-09 2.81643e-09 1.89244e-10
threshold=1.9456500000000003 1550.0000000000002 6.041666666666667 5.8354500000000007 1350.0000000000002 1855.0000000000002 400.00000000000006 8.6083333333333361 6.5000000000000009 3.5000000000000004 7.6500000000000012
decision_type=2 2 2 2 2 2 2 2 2 2 2
left_child=1 -1 -2 4 7 6 9 -4 10 -5 -7
right_child=2 -3 3 5 -6 8 -8 -9 -10 -11 -12
leaf_value=0.04391623130681882 -0.042623940290292643 0.042552666232620523 -0.041926702496823433 -0.041869277931523424 -0.042310319139347727 -0.0417912367338025 -0.042075855038419638 -0.042075829392904274 -0.041823125735747903 -0.041846284105454032 -0.041784156124022531
leaf_weight=0.16361185908317566 0.037153636571019888 0.16470221802592278 0.052630367688834667 0.028781522996723652 0.11174487136304379 0.017800155095756054 0.052720455452799797 0.073902002070099115 0.01770675228908658 0.024785738438367844 0.020084468880668283
leaf_count=3 2 7 8 5 8 5 6 7 4 5 6
internal_value=-0.0055094 0.0432322 -0.0421026 -0.0420541 -0.0421529 -0.0419088 -0.0419664 -0.0420138 -0.0417988 -0.0418586 -0.0417875
internal_weight=0.765624 0.328314 0.43731 0.400156 0.238277 0.161879 0.106288 0.126532 0.0555914 0.0535673 0.0378846
internal_count=66 10 56 54 23 31 16 15 15 10 11
is_linear=0
shrinkage=0.05


Tree=329
num_leaves=11
num_cat=0
split_feature=2 9 4 0 12 2 5 2 0 4
split_gain=0.307856 0.33562 0.30138 0.187187 0.154881 0.0780349 0.205018 7.64513e-05 2.37854e-05 3.60874e-06
threshold=300.00000000000006 -0.16708397168011488 80.000000000000014 1.9456500000000003 43.000000000000007 1550.0000000000002 1.0000000180025095e-35 1250.0000000000002 10.654750000000002 41.000000000000007
decision_type=2 2 2 2 2 2 2 2 2 2
left_child=8 2 7 -4 5 -5 -7 -2 -1 -9
right_child=1 -3 3 4 -6 6 -8 9 -10 -11
leaf_value=0.042688722065328678 -0.044015345359427312 -0.04624117387110438 -0.042848019548076384 0.045254980450458823 -0.011046258010600423 -0.042654932754346522 0.040384277795192582 -0.042051728558715466 0.043509224898303389 -0.042564233917194105
leaf_weight=0.17494134604930911 0.13628004118800174 0.43641337938606706 0.12823443999513973 0.47101923078298547 0.2802784526720643 0.10918209049850702 0.23285915981978178 0.056404819712042809 0.17839814350008965 0.087835123762488365
leaf_count=7 3 6 7 6 9 7 5 8 4 4
internal_value=0.000180114 -0.00764361 0.0035704 0.0143029 0.021006 0.032055 0.0138775 -0.0431662 0.043103 -0.0423638
internal_weight=2.29185 1.93851 1.50209 1.22157 1.09334 0.81306 0.342041 0.28052 0.353339 0.14424
internal_count=66 55 49 34 27 18 12 15 11 12
is_linear=0
shrinkage=0.05


Tree=330
num_leaves=9
num_cat=0
split_feature=9 4 0 4 6 8 0 5
split_gain=0.21255 0.210233 0.170004 0.136705 0.0813377 0.165427 0.0273437 8.00846e-06
threshold=-0.59116893267988335 80.000000000000014 1.9456500000000003 352.00000000000006 1.0000000180025095e-35 0.94478581029364217 4.4709500000000011 -0.24999999999999994
decision_type=2 2 2 2 2 2 2 2
left_child=1 -1 -2 4 6 -6 -4 -3
right_child=2 7 3 -5 5 -7 -8 -9
leaf_value=0.031601200544546994 -0.04204147559183749 -0.042977482158872669 0.04652301112318652 0.069780102023592624 0.034676776744227519 -0.043007831835680244 0.027867219742024149 -0.042333923683636893
leaf_weight=0.18604109156876814 0.067721903324127086 0.10684062330983579 0.51767772436141946 0.28868266940116871 0.2119828830473125 0.10126621229574084 0.31649432750418782 0.088286552811041474
leaf_count=6 7 5 5 1 7 10 9 7
internal_value=0.0269213 -0.00642796 0.0353742 0.0390248 0.031287 0.00956313 0.0394448 -0.0426863
internal_weight=1.88499 0.381168 1.50383 1.4361 1.14742 0.313249 0.834172 0.195127
internal_count=57 18 39 32 31 17 14 12
is_linear=0
shrinkage=0.05


Tree=331
num_leaves=11
num_cat=0
split_feature=0 0 3 3 2 9 7 5 3 0
split_gain=0.227524 0.170843 1.06958e-05 5.3344e-07 3.21059e-07 1.90921e-07 7.34159e-08 3.21098e-08 2.44758e-08 6.17464e-09
threshold=10.361300000000002 10.654750000000002 11.500000000000002 7.5000000000000009 1855.0000000000002 -0.24825246871434689 8.4166666666666696 0.68301270189221941 3.5000000000000004 4.4118000000000004
decision_type=2 2 2 2 2 2 2 2 2 2
left_child=2 -2 3 5 -3 6 -1 9 -6 -8
right_child=1 4 -4 -5 8 -7 7 -9 -10 -11
leaf_value=-0.041922646135630404 0.043206927388734245 -0.042032130622955154 -0.042862293792335131 -0.042071671817078909 -0.0417952551885944 -0.042000782206380601 -0.041771564252659397 -0.041862873209801948 -0.041872415400185728 -0.041812509929282614
leaf_weight=0.028429082594811916 0.25153854489326477 0.03444067295640707 0.037909957580268383 0.054910248378291726 0.025165728759020567 0.028401415795087814 0.0148046740796417 0.035125045571476221 0.017372328322380781 0.024353132350370288
leaf_count=4 9 4 2 7 7 3 5 7 3 6
internal_value=-0.00323202 0.0232602 -0.0420968 -0.0419408 -0.0419186 -0.041886 -0.0418543 -0.0418282 -0.0418268 -0.041797
internal_weight=0.552451 0.328517 0.223934 0.186024 0.0769787 0.131113 0.102712 0.0742829 0.0425381 0.0391578
internal_count=57 23 34 32 14 25 22 18 10 11
is_linear=0
shrinkage=0.05


Tree=332
num_leaves=10
num_cat=0
split_feature=6 4 5 4 9 7 7 7 0
split_gain=0.0438581 0.0336029 6.94646e-05 1.69988e-07 3.61001e-08 2.4834e-08 2.17371e-08 2.92493e-09 4.68412e-10
threshold=-0.68301270189221952 200.00000000000003 0.93301270189221952 317.50000000000006 -0.16708397168011488 7.4000000000000012 7.0750000000000011 8.4166666666666696 5.0021000000000013
decision_type=2 2 2 2 2 2 2 2 2
left_child=1 4 3 5 -1 6 -2 -7 -9
right_child=2 -3 -4 -5 -6 7 -8 8 -10
leaf_value=-0.041729032112683161 -0.041750057105605226 0.033367625545152754 -0.043976965535160291 -0.041917027844565906 -0.041855353355828101 -0.041746492890063075 -0.041841059901810827 -0.041699397222464185 -0.041715946445909313
leaf_weight=0.013308371941093355 0.015329739893786609 0.041632059961557388 0.070666904503013939 0.023220655915793031 0.0098358863033354282 0.007857372984290123 0.011472997546661645 0.0065663161221891633 0.012257208698429167
leaf_count=9 9 3 4 7 2 4 3 7 9
internal_value=-0.0277738 0.00651678 -0.042846 -0.0418041 -0.0417827 -0.041755 -0.041789 -0.0417209 -0.0417102
internal_weight=0.212148 0.0647763 0.147371 0.0767043 0.0231443 0.0534836 0.0268027 0.0266809 0.0188235
internal_count=57 14 43 39 11 32 12 20 16
is_linear=0
shrinkage=0.05


Tree=333
num_leaves=11
num_cat=0
split_feature=2 7 0 0 3 3 11 10 2 0
split_gain=0.27341 0.0105416 0.0208863 3.11217e-05 6.76546e-06 3.25135e-07 3.20508e-07 5.96887e-08 4.1647e-08 5.55744e-09
threshold=1855.0000000000002 7.6500000000000012 11.102200000000002 11.100500000000002 11.500000000000002 5.5000000000000009 6.5000000000000009 4.5000000000000009 825.00000000000011 5.0021000000000013
decision_type=2 2 2 2 2 2 2 2 2 2
left_child=3 -2 -3 4 5 7 8 9 -7 -1
right_child=1 2 -4 -5 -6 6 -8 -9 -10 -11
leaf_value=-0.041769731203866123 0.039786143223280029 -0.0096597009081827116 0.042367634856163447 -0.043103574041781396 -0.042704534593272614 -0.041927457529103429 -0.042053217351532585 -0.041884792472384934 -0.041836228768465981 -0.041810360219034691
leaf_weight=0.014530114596709609 0.13225883524864912 0.038319305283948779 0.038845287635922432 0.10152793116867542 0.032710083993151784 0.025697201956063509 0.061839405214414001 0.03678883146494627 0.024377846159040928 0.020004511810839176
leaf_count=5 8 8 2 3 2 4 7 7 6 5
internal_value=-0.0131286 0.0312176 0.0165313 -0.0423816 -0.0420421 -0.0419239 -0.0419771 -0.0418405 -0.041883 -0.0417933
internal_weight=0.526899 0.209423 0.0771646 0.317476 0.215948 0.183238 0.111914 0.0713235 0.050075 0.0345346
internal_count=57 18 10 39 36 34 17 17 10 10
is_linear=0
shrinkage=0.05


Tree=334
num_leaves=11
num_cat=0
split_feature=0 2 3 2 9 7 3 0 3 7
split_gain=0.466692 4.07538e-05 7.10134e-06 7.39963e-07 4.65828e-07 3.03268e-07 2.26998e-07 5.55657e-08 5.19722e-09 2.72601e-10
threshold=1.9456500000000003 1550.0000000000002 11.500000000000002 1855.0000000000002 -0.35824514579943006 7.0750000000000011 6.5000000000000009 5.0021000000000013 6.5000000000000009 7.4000000000000012
decision_type=2 2 2 2 2 2 2 2 2 2
left_child=1 -1 3 4 6 -6 7 -2 9 -5
right_child=2 -3 -4 8 5 -7 -8 -9 -10 -11
leaf_value=0.043608419389288416 -0.041927703240502281 0.042522854432949897 -0.042703088756569953 -0.041782049931927467 -0.041976831827399641 -0.042156541520420442 -0.042032307459420826 -0.041842921273128879 -0.04180932879843198 -0.041773179332786077
leaf_weight=0.18535265326499939 0.034269414842128754 0.16203703358769417 0.035790149122476578 0.016493452712893486 0.042078237747773528 0.053102433681488037 0.035447004716843367 0.0443194261752069 0.020117356674745679 0.018237670650705695
leaf_count=4 5 7 2 5 6 4 4 9 5 6
internal_value=0.00365651 0.0431021 -0.0420422 -0.0419526 -0.0419954 -0.0420771 -0.0419273 -0.0418799 -0.0417891 -0.0417774
internal_weight=0.647245 0.34739 0.299855 0.264065 0.209217 0.0951807 0.114036 0.0785888 0.0548485 0.0347311
internal_count=57 11 46 44 28 10 18 14 16 11
is_linear=0
shrinkage=0.05


Tree=335
num_leaves=11
num_cat=0
split_feature=4 12 14 4 9 4 12 6 0 11
split_gain=0.198152 0.181694 0.216421 0.208585 0.0816493 0.0588866 0.0435076 0.000457839 9.38075e-05 8.91889e-07
threshold=329.50000000000006 43.000000000000007 1.0000000180025095e-35 271.00000000000006 -0.35824514579943006 14.500000000000002 27.500000000000004 -0.9330127018922193 5.0021000000000013 6.5000000000000009
decision_type=2 2 2 2 2 2 2 2 2 2
left_child=1 2 3 4 6 -3 -1 -7 -9 -10
right_child=-2 5 -4 -5 -6 7 -8 8 9 -11
leaf_value=-0.022629988111905849 -0.057294900436449206 0.0059059196391217511 0.043553746956508231 0.029428012385203508 -0.04491732061396455 -0.046956798175700788 0.024967188207359325 -0.043918968730690122 -0.041935965289290195 -0.042231363619062025
leaf_weight=0.12929950142279256 0.31780228437855851 0.067136498168110847 0.21284382976591587 0.20469765132293105 0.33773453626781691 0.11996083706617355 0.076367968693375587 0.22425466449931264 0.047430530656129122 0.055397018790245056
leaf_count=8 4 5 5 5 9 1 3 6 7 4
internal_value=-0.0214833 -0.013768 -0.000931888 -0.0135886 -0.0297928 -0.0377573 -0.00495631 -0.0443146 -0.0433456 -0.0420951
internal_weight=1.79293 1.47512 0.960943 0.7481 0.543402 0.51418 0.205667 0.447043 0.327082 0.102828
internal_count=57 53 30 25 20 23 11 18 17 11
is_linear=0
shrinkage=0.05


Tree=336
num_leaves=12
num_cat=0
split_feature=9 4 4 6 11 2 9 0 8 5 9
split_gain=0.190384 0.193034 0.143431 0.144044 0.133662 0.0478497 0.0735762 0.0279449 3.82312e-05 6.42617e-06 1.59674e-10
threshold=-0.59116893267988335 80.000000000000014 352.00000000000006 1.0000000180025095e-35 3.5000000000000004 1550.0000000000002 -0.52414661475995694 4.4709500000000011 0.96863394805116498 -0.24999999999999994 -0.41859597363157713
decision_type=2 2 2 2 2 2 2 2 2 2 2
left_child=1 -1 3 7 8 -6 -7 -2 10 -3 -5
right_child=2 9 -4 4 5 6 -8 -9 -10 -11 -12
leaf_value=0.030890803032788884 0.04610711301475004 -0.042881280948654212 0.066507355532102019 -0.041935709848699529 0.041343285870340613 0.043384269509170216 -0.041916398481913142 0.026733655172295253 -0.043733431626603904 -0.042282532159810815 -0.041940680451510344
leaf_weight=0.17640064842998993 0.48163813352584817 0.099275506334379315 0.28079819679260243 0.037018601782619953 0.13661898486316204 0.045627627521753089 0.056686603929847701 0.30338105303235352 0.054029881954193115 0.081685682525858283 0.028669732389971614
leaf_count=6 5 5 1 5 2 1 10 9 1 7 5
internal_value=0.0263015 -0.00632911 0.0344876 0.026626 0.000373508 0.0219798 -0.00387607 0.03862 -0.0427482 -0.042611 -0.0419379
internal_weight=1.78183 0.357362 1.42447 1.14367 0.358651 0.238933 0.102314 0.785019 0.119718 0.180961 0.0656883
internal_count=57 18 39 38 24 13 11 14 11 12 10
is_linear=0
shrinkage=0.05


Tree=337
num_leaves=11
num_cat=0
split_feature=0 0 3 3 2 9 7 5 3 0
split_gain=0.211387 0.158936 8.81604e-06 4.50699e-07 2.70193e-07 1.48956e-07 5.67129e-08 2.58372e-08 1.90242e-08 5.32664e-09
threshold=10.361300000000002 10.654750000000002 11.500000000000002 7.5000000000000009 1855.0000000000002 -0.24825246871434689 8.4166666666666696 0.68301270189221941 3.5000000000000004 4.4118000000000004
decision_type=2 2 2 2 2 2 2 2 2 2
left_child=2 -2 3 5 -3 6 -1 9 -6 -8
right_child=1 4 -4 -5 8 -7 7 -9 -10 -11
leaf_value=-0.041903212993844863 0.043086384950296319 -0.042009261220910407 -0.04278665725785908 -0.042046546320125631 -0.04178560212535045 -0.041975173212269394 -0.041763207229312857 -0.041849185738983601 -0.041856347981077319 -0.041802725277327889
leaf_weight=0.026266158558428288 0.23497920855879784 0.032453218009322882 0.035556751536205411 0.051217997446656227 0.023344672285020351 0.026257053948938847 0.013630184344947338 0.032655167626217008 0.016026267316192389 0.022775730350986123
leaf_count=4 9 4 2 7 7 3 5 7 3 6
internal_value=-0.00320442 0.0231901 -0.0420697 -0.0419221 -0.0419024 -0.0418697 -0.0418407 -0.0418169 -0.0418144 -0.0417879
internal_weight=0.515162 0.306803 0.208359 0.172802 0.0718242 0.121584 0.0953272 0.0690611 0.0393709 0.0364059
internal_count=57 23 34 32 14 25 22 18 10 11
is_linear=0
shrinkage=0.05


Tree=338
num_leaves=11
num_cat=0
split_feature=2 2 4 9 6 11 2 0 12 3
split_gain=0.0837516 7.28598e-05 1.4668e-07 3.99357e-08 2.3348e-08 3.47058e-09 3.00387e-09 2.64037e-09 1.58848e-10 8.00697e-11
threshold=3350.0000000000005 2950.0000000000005 317.50000000000006 -0.35824514579943006 0.25000000000000017 6.5000000000000009 1650.0000000000002 4.4118000000000004 40.000000000000007 4.5000000000000009
decision_type=2 2 2 2 2 2 2 2 2 2
left_child=1 2 3 6 -5 -6 7 -1 -9 -8
right_child=-2 -3 -4 4 5 -7 9 8 -10 -11
leaf_value=-0.04174457706074973 0.042946943857159553 -0.04397944917959086 -0.041901921010718449 -0.041824646288107559 -0.041721332284540676 -0.041769648589735725 -0.041697396697443781 -0.041719998865454369 -0.041709558464324448 -0.041705690664396604
leaf_weight=0.016823281184770167 0.034706417471170425 0.059786800295114517 0.02168666262878105 0.023066219524480402 0.0078026293194852769 0.007097451773006469 0.0061676918412558734 0.0090707291383296251 0.0060887492727488288 0.0055091864778660238
leaf_count=9 1 1 7 6 6 4 7 6 5 5
internal_value=-0.0275822 -0.0425903 -0.0417863 -0.0417556 -0.0417931 -0.0417443 -0.041723 -0.0417309 -0.0417158 -0.0417013
internal_weight=0.197806 0.163099 0.103313 0.0816259 0.0379663 0.0149001 0.0436596 0.0319828 0.0151595 0.0116769
internal_count=57 56 55 48 16 10 32 20 11 12
is_linear=0
shrinkage=0.05


Tree=339
num_leaves=11
num_cat=0
split_feature=2 7 0 0 3 3 11 10 2 0
split_gain=0.253332 0.00981147 0.0191564 2.5386e-05 5.55697e-06 2.78457e-07 2.82709e-07 4.77455e-08 3.39999e-08 4.79997e-09
threshold=1855.0000000000002 7.6500000000000012 11.102200000000002 11.100500000000002 11.500000000000002 5.5000000000000009 6.5000000000000009 4.5000000000000009 825.00000000000011 5.0021000000000013
decision_type=2 2 2 2 2 2 2 2 2 2
left_child=3 -2 -3 4 5 7 8 9 -7 -1
right_child=1 2 -4 -5 -6 6 -8 -9 -10 -11
leaf_value=-0.041761515427262703 0.039546415589630075 -0.0088256221032419722 0.042316822683785116 -0.04301082833082908 -0.042639196361277359 -0.041908562743833686 -0.042032560429301431 -0.041869324620220763 -0.041822871734373462 -0.041800722004064539
leaf_weight=0.013377095106989145 0.12285034591332078 0.037082605995237827 0.036169355735182762 0.095088071189820766 0.030680663418024778 0.02388805104419589 0.058180707506835461 0.034131098538637161 0.022458832710981369 0.018746824469417334
leaf_count=5 8 8 2 3 2 4 7 7 6 5
internal_value=-0.013181 0.0309103 0.0164268 -0.0423375 -0.0420196 -0.0419083 -0.0419592 -0.0418281 -0.041867 -0.0417844
internal_weight=0.492654 0.196102 0.073252 0.296551 0.201463 0.170783 0.104528 0.066255 0.0463469 0.0321239
internal_count=57 18 10 39 36 34 17 17 10 10
is_linear=0
shrinkage=0.05


Tree=340
num_leaves=11
num_cat=0
split_feature=0 2 4 2 9 7 3 0 4 8
split_gain=0.432812 3.12173e-05 7.07871e-06 6.28284e-07 3.82823e-07 2.41826e-07 1.84502e-07 4.33821e-08 6.09746e-09 2.79131e-10
threshold=1.9456500000000003 1550.0000000000002 352.00000000000006 1855.0000000000002 -0.35824514579943006 7.0750000000000011 6.5000000000000009 5.0021000000000013 200.00000000000003 0.87550652062374057
decision_type=2 2 2 2 2 2 2 2 2 2
left_child=1 -1 3 4 6 -6 7 -2 9 -5
right_child=2 -3 -4 8 5 -7 -8 -9 -10 -11
leaf_value=0.043448905379048448 -0.041909171314711953 0.04246351114367828 -0.042748978798509557 -0.04176512426117987 -0.04195732200212389 -0.042123573207681855 -0.042007755242228634 -0.041831628233028627 -0.041807413511218687 -0.041773961323103848
leaf_weight=0.17186622507870197 0.031866663368418813 0.15098056942224503 0.029612220823764801 0.014053104910999537 0.039212745614349842 0.049465518444776535 0.032906183507293463 0.041561284335330129 0.016050896607339382 0.024539286270737648
leaf_count=4 5 7 1 5 6 4 4 9 4 8
internal_value=0.00356123 0.0429881 -0.0420181 -0.0419314 -0.0419733 -0.0420501 -0.0419094 -0.0418653 -0.0417815 -0.0417707
internal_weight=0.602115 0.322847 0.279268 0.249656 0.195012 0.0886783 0.106334 0.0734279 0.0546433 0.0385924
internal_count=57 11 46 45 28 10 18 14 17 13
is_linear=0
shrinkage=0.05


Tree=341
num_leaves=13
num_cat=0
split_feature=2 5 2 14 9 6 3 2 2 2 3 2
split_gain=0.331958 0.159532 0.223704 0.153048 0.0237579 0.0204839 0.0122469 0.00026545 2.57486e-05 6.69337e-05 4.6648e-06 1.58674e-09
threshold=300.00000000000006 -0.5 1350.0000000000002 1.0000000180025095e-35 -0.59116893267988335 -1.0000000180025095e-35 11.500000000000002 825.00000000000011 1000.0000000000001 1650.0000000000002 10.500000000000002 2537.5000000000005
decision_type=2 2 2 2 2 2 2 2 2 2 2 2
left_child=-1 2 -2 4 5 -3 7 -6 -9 -10 -4 -11
right_child=1 3 10 -5 6 -7 -8 8 9 11 -12 -13
leaf_value=0.042720979430109787 0.044847530429558198 -0.0091138995169697257 -0.042745301321865145 -0.00022200331263451728 -0.045902789150455328 -0.043084465652086019 -0.058250940692606216 -0.044177220417273538 -0.044226279490898253 -0.041846241560210169 -0.042160078452127769 -0.041828825016991068
leaf_weight=0.18251018319278967 0.15797088295221318 0.075261301826685667 0.062796853017061949 0.23227352323010564 0.2980840802192688 0.10813501663506009 0.25075156474485993 0.12818621844053268 0.065430916845798492 0.030131840612739325 0.074386497028172016 0.023105115629732609
leaf_count=7 2 5 4 9 3 5 2 2 1 6 6 5
internal_value=-0.020964 -0.0286792 0.00428316 -0.0367107 -0.0453671 -0.0291438 -0.0491064 -0.0448985 -0.0436859 -0.0431552 -0.042428 -0.0418387
internal_weight=1.68902 1.50651 0.295154 1.21136 0.979086 0.183396 0.79569 0.544938 0.246854 0.118668 0.137183 0.053237
internal_count=57 50 12 38 29 10 19 17 14 12 10 11
is_linear=0
shrinkage=0.05


Tree=342
num_leaves=11
num_cat=0
split_feature=9 4 4 6 11 2 0 8 2 9
split_gain=0.173347 0.178181 0.121842 0.127896 0.122894 0.0424446 0.0289821 2.9631e-05 5.47586e-06 1.24599e-10
threshold=-0.59116893267988335 80.000000000000014 352.00000000000006 1.0000000180025095e-35 3.5000000000000004 1550.0000000000002 4.4709500000000011 0.96863394805116498 1000.0000000000001 -0.41859597363157713
decision_type=2 2 2 2 2 2 2 2 2 2
left_child=1 -1 3 6 7 -6 -2 9 -3 -5
right_child=2 8 -4 4 5 -7 -8 -9 -10 -11
leaf_value=0.030171561622276574 0.045731087162053527 -0.042774645307544219 0.063672352293095813 -0.041914115571259396 0.040532494716977202 -0.0035239837618316998 0.025483972158916176 -0.043561737645315325 -0.042187347999235562 -0.041918690836341685
leaf_weight=0.16763969464227568 0.44917206466197945 0.10570434108376503 0.27139577269554127 0.034080820623785257 0.12860455829650164 0.0950926817022264 0.29140882310457528 0.049932681024074554 0.063551819650456309 0.026413758518174291
leaf_count=6 5 5 1 5 2 11 9 1 7 5
internal_value=0.02571 -0.00636576 0.0337378 0.0261784 0.000498935 0.0218043 0.0377641 -0.0426602 -0.0425541 -0.0419161
internal_weight=1.683 0.336896 1.3461 1.07471 0.334125 0.223697 0.740581 0.110427 0.169256 0.0604946
internal_count=57 18 39 38 24 13 14 11 12 10
is_linear=0
shrinkage=0.05


Tree=343
num_leaves=10
num_cat=0
split_feature=0 0 3 3 2 3 10 3 3
split_gain=0.196398 0.147245 7.24336e-06 3.63359e-07 2.2318e-07 6.43943e-08 4.04609e-08 1.27413e-08 5.62965e-09
threshold=10.361300000000002 10.654750000000002 11.500000000000002 7.5000000000000009 1855.0000000000002 5.5000000000000009 4.5000000000000009 2.5000000000000004 1.5000000000000002
decision_type=2 2 2 2 2 2 2 2 2
left_child=2 -2 3 5 -3 6 8 -6 -1
right_child=1 4 -4 -5 7 -7 -8 -9 -10
leaf_value=-0.041761115777146238 0.042972371870268894 -0.041986780021482373 -0.042714681101996416 -0.042020498649345012 -0.041773107724608613 -0.041899187411283678 -0.041861251962837763 -0.041832238217213123 -0.041803622403389251
leaf_weight=0.015866220463067293 0.21901959273964167 0.030237106140702963 0.033310841303318739 0.047493152553215623 0.017998296301811934 0.048512253444641829 0.03329585213214159 0.018448401475325227 0.015301903011277318
leaf_count=6 9 4 2 7 6 8 7 4 4
internal_value=-0.003188 0.0231662 -0.0420437 -0.0419045 -0.0418864 -0.0418557 -0.0418229 -0.041803 -0.041782
internal_weight=0.479484 0.285703 0.19378 0.160469 0.0666838 0.112976 0.064464 0.0364467 0.0311681
internal_count=57 23 34 32 14 25 17 10 10
is_linear=0
shrinkage=0.05


Tree=344
num_leaves=11
num_cat=0
split_feature=2 2 4 9 6 11 2 11 3 3
split_gain=0.0780286 5.67313e-05 1.18203e-07 3.28093e-08 1.91373e-08 2.83327e-09 2.41106e-09 1.16946e-09 5.04824e-10 5.84534e-11
threshold=3350.0000000000005 2950.0000000000005 317.50000000000006 -0.35824514579943006 0.25000000000000017 6.5000000000000009 1650.0000000000002 6.5000000000000009 4.5000000000000009 4.5000000000000009
decision_type=2 2 2 2 2 2 2 2 2 2
left_child=1 2 3 6 -5 -6 7 8 -1 -8
right_child=-2 -3 -4 4 5 -7 9 -9 -10 -11
leaf_value=-0.041742174541187393 0.042861340233232369 -0.04378856593741335 -0.041885917767170516 -0.041814185823630674 -0.041717069603615681 -0.041762477937348642 -0.04169517441620349 -0.041713751322732973 -0.041725498758883879 -0.041702549046232704
leaf_weight=0.0094117496628314257 0.032515235245227814 0.055331628769636154 0.020136692095547915 0.021593408426269889 0.0071945115341804922 0.0065743884188123047 0.0057211594539694488 0.011484275513794273 0.0087650713976472616 0.0050665938179008663
leaf_count=5 1 1 7 6 6 4 7 9 6 5
internal_value=-0.0274098 -0.0425135 -0.0417782 -0.0417496 -0.0417848 -0.0417388 -0.0417189 -0.0417262 -0.0417341 -0.0416986
internal_weight=0.183795 0.151279 0.0959479 0.0758112 0.0353623 0.0137689 0.0404488 0.0296611 0.0181768 0.0107878
internal_count=57 56 55 48 16 10 32 20 11 12
is_linear=0
shrinkage=0.05


Tree=345
num_leaves=11
num_cat=0
split_feature=2 7 0 0 3 3 11 10 2 0
split_gain=0.234043 0.00915738 0.017542 2.05177e-05 4.57561e-06 2.26198e-07 2.31918e-07 3.8322e-08 2.74229e-08 3.77929e-09
threshold=1855.0000000000002 7.6500000000000012 11.102200000000002 11.100500000000002 11.500000000000002 5.5000000000000009 6.5000000000000009 4.5000000000000009 825.00000000000011 5.0021000000000013
decision_type=2 2 2 2 2 2 2 2 2 2
left_child=3 -2 -3 4 5 7 8 9 -7 -1
right_child=1 2 -4 -5 -6 6 -8 -9 -10 -11
leaf_value=-0.041753960542614592 0.039295734958526035 -0.0080857198262210619 0.042267220575790812 -0.042919280873747495 -0.042576966461255722 -0.041890433325369188 -0.042007488235414114 -0.041854290953535447 -0.041810580849035141 -0.041790203082481742
leaf_weight=0.012316684937104583 0.11403803015127778 0.035794285591691732 0.033471463248133659 0.088823406025767326 0.028743624687194824 0.022379662841558456 0.05421736347489059 0.031606008764356375 0.020693136844784021 0.017291327472776175
leaf_count=5 8 8 2 3 2 4 7 7 6 5
internal_value=-0.0132124 0.030586 0.0162465 -0.0422934 -0.0419966 -0.0418913 -0.0419387 -0.041816 -0.0418521 -0.0417751
internal_weight=0.459375 0.183304 0.0692657 0.276071 0.187248 0.158504 0.0972902 0.061214 0.0430728 0.029608
internal_count=57 18 10 39 36 34 17 17 10 10
is_linear=0
shrinkage=0.05


Tree=346
num_leaves=11
num_cat=0
split_feature=0 2 4 2 9 7 3 0 4 8
split_gain=0.400425 2.46031e-05 5.80915e-06 5.10747e-07 3.26479e-07 1.98192e-07 1.44514e-07 3.54205e-08 4.65429e-09 1.76348e-10
threshold=1.9456500000000003 1550.0000000000002 352.00000000000006 1855.0000000000002 -0.35824514579943006 7.0750000000000011 6.5000000000000009 5.0021000000000013 200.00000000000003 0.87550652062374057
decision_type=2 2 2 2 2 2 2 2 2 2
left_child=1 -1 3 4 6 -6 7 -2 9 -5
right_child=2 -3 -4 8 5 -7 -8 -9 -10 -11
leaf_value=0.043308852021546211 -0.041891406790549396 0.042399410839966241 -0.042678490631478071 -0.041758260113954525 -0.041938371363034584 -0.042094188203341952 -0.041981291846438493 -0.041818659411856723 -0.041796244567989319 -0.041765554161214483
leaf_weight=0.1595894992351532 0.029688299400731921 0.13926145527511835 0.027775192633271217 0.013074655551463366 0.036438729846850038 0.046387512236833572 0.030564334243535995 0.038342488696798682 0.0147832992952317 0.02262765122577548
leaf_count=4 5 7 1 5 6 4 4 9 4 8
internal_value=0.00342119 0.0428851 -0.0419952 -0.0419133 -0.0419525 -0.0420256 -0.041891 -0.0418504 -0.0417727 -0.0417629
internal_weight=0.558533 0.298851 0.259682 0.231907 0.181421 0.0828262 0.0985951 0.0680308 0.0504856 0.0357023
internal_count=57 11 46 45 28 10 18 14 17 13
is_linear=0
shrinkage=0.05


Tree=347
num_leaves=13
num_cat=0
split_feature=2 5 2 14 9 6 4 2 5 2 3 2
split_gain=0.307193 0.141602 0.205811 0.145915 0.0218862 0.0196931 0.00946017 0.000218132 2.15393e-05 5.5217e-05 3.93841e-06 1.51495e-09
threshold=300.00000000000006 -0.5 1350.0000000000002 1.0000000180025095e-35 -0.59116893267988335 -1.0000000180025095e-35 352.00000000000006 825.00000000000011 -0.24999999999999994 1650.0000000000002 10.500000000000002 2537.5000000000005
decision_type=2 2 2 2 2 2 2 2 2 2 2 2
left_child=-1 2 -2 4 5 -3 7 -6 -9 -10 -4 -11
right_child=1 3 10 -5 6 -7 -8 8 9 11 -12 -13
leaf_value=0.042664069528657984 0.044580765028067161 -0.0087459622783755894 -0.042678649194843224 0.00016690965801816003 -0.045566423577655182 -0.042975118014834529 -0.056757270866649549 -0.043964273447387764 -0.044029049688979104 -0.04183198415827534 -0.042120251481868209 -0.041815084962793216
leaf_weight=0.17177643440663826 0.14645434170961369 0.072132740635424852 0.058562778169289231 0.22553915856406093 0.27850575000047684 0.10065931989811339 0.23422519862651825 0.11844855174422242 0.060931526124477609 0.027755684917792678 0.068527322728186846 0.025396655080839992
leaf_count=7 2 5 4 9 3 5 1 2 1 6 6 6
internal_value=-0.0204825 -0.0281367 0.0041795 -0.0358666 -0.044719 -0.028686 -0.0484363 -0.0446225 -0.043492 -0.0430017 -0.0423776 -0.0418239
internal_weight=1.58892 1.41714 0.273544 1.14359 0.918055 0.172792 0.745263 0.511038 0.232532 0.114084 0.12709 0.0531523
internal_count=57 50 12 38 29 10 19 18 15 13 10 12
is_linear=0
shrinkage=0.05


Tree=348
num_leaves=10
num_cat=0
split_feature=0 4 9 9 7 4 0 0 9
split_gain=0.199826 0.125489 0.0983128 0.160749 0.125978 0.131252 0.00703147 4.15023e-06 9.18486e-07
threshold=1.9456500000000003 352.00000000000006 -0.16708397168011488 -0.27768031003904575 8.4166666666666696 80.000000000000014 4.4709500000000011 4.4709500000000011 -0.77545916233764212
decision_type=2 2 2 2 2 2 2 2 2
left_child=8 2 3 4 6 -6 -2 -7 -1
right_child=1 -3 -4 -5 5 7 -8 -9 -10
leaf_value=-0.042279255034004239 0.044140779038269774 0.061239775170234705 0.04512630031550121 -0.042841920687501214 0.02505085044009854 -0.043004404871159037 0.03185954249834598 -0.042368332535255654 -0.041972884454395773
leaf_weight=0.039649874437600374 0.24340061470866181 0.26095318794250477 0.35770547017455101 0.10886351182125509 0.16994910221546888 0.036167241632938385 0.22362535540014505 0.088144713314250112 0.06387128308415424
leaf_count=3 4 1 5 9 8 1 9 9 8
internal_value=0.0250811 0.0297518 0.0230597 0.0139884 0.0221151 -0.00350888 0.0382602 -0.0425534 -0.0420902
internal_weight=1.59233 1.48881 1.22786 0.870151 0.761287 0.294261 0.467026 0.124312 0.103521
internal_count=57 46 45 40 31 18 13 10 11
is_linear=0
shrinkage=0.05


Tree=349
num_leaves=11
num_cat=0
split_feature=0 0 3 3 2 9 7 0 9 3
split_gain=0.182945 0.136525 5.90694e-06 2.90005e-07 1.84521e-07 1.03266e-07 3.61661e-08 1.77669e-08 1.43036e-08 9.78115e-09
threshold=10.361300000000002 10.654750000000002 11.500000000000002 7.5000000000000009 1855.0000000000002 -0.24825246871434689 8.4166666666666696 1.9456500000000003 -0.69930991848440827 2.5000000000000004
decision_type=2 2 2 2 2 2 2 2 2 2
left_child=2 -2 3 5 -3 6 -1 -8 -9 -6
right_child=1 4 -4 -5 9 -7 7 8 -10 -11
leaf_value=-0.041871338362523783 0.042868210739789532 -0.041965912464078818 -0.04264562000793732 -0.041996477102555878 -0.041765444827639421 -0.041937225983640726 -0.041746836544876549 -0.041840187420563807 -0.041784458432500199 -0.041819285772120497
leaf_weight=0.022604835219681263 0.20451964903622866 0.028178369393572211 0.031155786709859967 0.044047050643712282 0.016732686432078481 0.023048751521855593 0.013590738642960787 0.022678346838802099 0.023388349683955312 0.017011112533509731
leaf_count=4 9 4 2 7 6 3 6 5 7 4
internal_value=-0.00315571 0.0231744 -0.0420194 -0.0418887 -0.0418715 -0.0418437 -0.0418175 -0.0417971 -0.0418119 -0.0417926
internal_weight=0.446956 0.266442 0.180514 0.149358 0.0619222 0.105311 0.0822623 0.0596574 0.0460667 0.0337438
internal_count=57 23 34 32 14 25 22 18 12 10
is_linear=0
shrinkage=0.05


Tree=350
num_leaves=13
num_cat=0
split_feature=2 2 3 9 3 11 2 0 9 6 12 3
split_gain=0.0727522 4.41976e-05 6.81362e-08 3.17365e-08 1.29946e-08 1.09583e-08 2.01817e-09 1.72446e-09 9.55142e-10 6.42906e-10 6.83441e-11 4.22636e-11
threshold=3350.0000000000005 2950.0000000000005 10.500000000000002 -0.35824514579943006 6.5000000000000009 3.5000000000000004 1650.0000000000002 4.4709500000000011 -0.16708397168011488 1.0000000180025095e-35 40.000000000000007 4.5000000000000009
decision_type=2 2 2 2 2 2 2 2 2 2 2 2
left_child=1 2 3 6 8 -4 7 9 -5 -1 -9 -8
right_child=-2 -3 5 4 -6 -7 11 10 -10 -11 -12 -13
leaf_value=-0.041723670070836071 0.04278230447931234 -0.043613889709910744 -0.041887806559589888 -0.041747756415904148 -0.041824142370532134 -0.041816082066644382 -0.041693136312054124 -0.041711191009511317 -0.041771326658265995 -0.041743719046488409 -0.041703465911487762 -0.041699661730374836
leaf_weight=0.0085647287778556347 0.030476462095975876 0.051184143871068954 0.0096472760778851807 0.010698684665840119 0.012207259656861424 0.011887007625773549 0.0053078276687301695 0.0063526052981615067 0.0071844421327114097 0.0075000514625571659 0.0052121706539765 0.004659749916754663
leaf_count=6 1 1 3 7 3 7 7 5 3 4 5 5
internal_value=-0.027243 -0.0424427 -0.0417707 -0.0417461 -0.0417844 -0.0418482 -0.0417155 -0.0417224 -0.0417572 -0.041733 -0.0417077 -0.0416962
internal_weight=0.170882 0.140406 0.0892218 0.0676875 0.0300904 0.0215343 0.0375971 0.0276296 0.0178831 0.0160648 0.0115648 0.00996758
internal_count=57 56 55 45 13 10 32 20 10 10 10 12
is_linear=0
shrinkage=0.05


Tree=351
num_leaves=11
num_cat=0
split_feature=2 7 0 0 3 3 11 10 2 0
split_gain=0.217262 0.00854985 0.0160948 1.66171e-05 3.73674e-06 1.77956e-07 1.9078e-07 3.41844e-08 2.21698e-08 2.97992e-09
threshold=1855.0000000000002 7.6500000000000012 11.102200000000002 11.100500000000002 11.500000000000002 5.5000000000000009 6.5000000000000009 4.5000000000000009 825.00000000000011 5.0021000000000013
decision_type=2 2 2 2 2 2 2 2 2 2
left_child=3 -2 -3 4 5 7 8 9 -7 -1
right_child=1 2 -4 -5 -6 6 -8 -9 -10 -11
leaf_value=-0.041746999865170803 0.039058176870838818 -0.0073519810651295359 0.042223405645240956 -0.042834691004895953 -0.042517230195159822 -0.041873745173841792 -0.041984391499119214 -0.041844176809981225 -0.041799241656847612 -0.041780527056780759
leaf_weight=0.011338847223669291 0.10651427879929543 0.034578544786199927 0.031093323603272438 0.082986647263169289 0.026884540449827909 0.020967286312952638 0.050533338682726026 0.029601391172036529 0.019063363433815539 0.015950493980199099
leaf_count=5 8 8 2 3 2 4 7 7 6 5
internal_value=-0.0131631 0.0303096 0.0161202 -0.0422523 -0.0419751 -0.0418763 -0.0419198 -0.041807 -0.0418383 -0.0417666
internal_weight=0.429512 0.172186 0.0656719 0.257326 0.174339 0.147455 0.090564 0.0568907 0.0400306 0.0272893
internal_count=57 18 10 39 36 34 17 17 10 10
is_linear=0
shrinkage=0.05


Tree=352
num_leaves=11
num_cat=0
split_feature=0 2 4 2 9 7 3 0 3 7
split_gain=0.371304 1.92218e-05 4.73206e-06 4.18548e-07 2.74261e-07 1.62881e-07 1.09824e-07 3.25194e-08 2.69843e-09 7.58069e-11
threshold=1.9456500000000003 1550.0000000000002 352.00000000000006 1855.0000000000002 -0.35824514579943006 7.0750000000000011 6.5000000000000009 5.0021000000000013 6.5000000000000009 7.4000000000000012
decision_type=2 2 2 2 2 2 2 2 2 2
left_child=1 -1 3 4 6 -6 7 -2 9 -5
right_child=2 -3 -4 8 5 -7 -8 -9 -10 -11
leaf_value=0.043180285716339889 -0.041878854821433914 0.042345933051908285 -0.042611049081041755 -0.04175729402901518 -0.041920773770146011 -0.04206700529648099 -0.04195693674004515 -0.04180673478326518 -0.041778976470891002 -0.041752043437719322
leaf_weight=0.14816967397928238 0.028003032319247723 0.12924059852957726 0.026006003841757774 0.012970137875527143 0.033862404292449355 0.043511982075870037 0.028388200793415308 0.035376551793888211 0.019051247043535113 0.014626733493059874
leaf_count=4 5 7 1 5 6 4 4 9 6 6
internal_value=0.00331601 0.0427916 -0.0419739 -0.0418971 -0.0419337 -0.042003 -0.0418752 -0.0418386 -0.0417645 -0.0417545
internal_weight=0.519207 0.27741 0.241796 0.21579 0.169142 0.0773744 0.0917678 0.0633796 0.0466481 0.0275969
internal_count=57 11 46 45 28 10 18 14 17 11
is_linear=0
shrinkage=0.05


Tree=353
num_leaves=9
num_cat=0
split_feature=14 12 5 5 9 0 8 0
split_gain=0.147415 0.205562 0.131025 0.0599464 0.101741 0.105692 0.0156608 0.00635674
threshold=1.0000000180025095e-35 43.000000000000007 -0.5 1.0000000180025095e-35 -0.35824514579943006 4.4709500000000011 0.94478581029364217 9.1832000000000011
decision_type=2 2 2 2 2 2 2 2
left_child=2 -2 6 -4 5 -5 -1 -7
right_child=1 -3 3 4 -6 7 -8 -9
leaf_value=0.019705379318998927 0.04335992130040478 -0.042656246224713042 -0.049301388915668043 -0.042487315072508698 -0.044797154566798641 0.042630884332554332 -0.0058102330320639701 0.020263940150685975
leaf_weight=0.098129275487735756 0.18731348309665929 0.11039343476295471 0.46160252345725883 0.084018845111131557 0.26614469173364352 0.05297757126390934 0.15532742720097303 0.079337424365803599
leaf_count=5 5 7 7 7 9 2 7 8
internal_value=-0.0200232 0.0114641 -0.0278509 -0.0364203 -0.0240966 0.00137026 0.00406849 0.0292194
internal_weight=1.49524 0.297707 1.19754 0.944081 0.482479 0.216334 0.253457 0.132315
internal_count=57 12 45 33 26 17 12 10
is_linear=0
shrinkage=0.05


Tree=354
num_leaves=11
num_cat=0
split_feature=9 4 4 6 11 5 0 8 5 9
split_gain=0.142001 0.150857 0.0920477 0.108106 0.104987 0.0283996 0.0279601 2.06182e-05 3.79298e-06 2.85227e-12
threshold=-0.59116893267988335 80.000000000000014 352.00000000000006 1.0000000180025095e-35 3.5000000000000004 0.68301270189221941 4.4709500000000011 0.96863394805116498 -0.24999999999999994 -0.41859597363157713
decision_type=2 2 2 2 2 2 2 2 2 2
left_child=1 -1 3 6 7 -6 -2 9 -3 -5
right_child=2 8 -4 4 5 -7 -8 -9 -10 -11
leaf_value=0.028735918242231463 0.04507067474333739 -0.042670311836365937 0.059219191013767325 -0.041880354921525455 -0.0017623386126345382 0.036516578725095165 0.023964514617709799 -0.04334272448982307 -0.042158856697221386 -0.041879610041048412
leaf_weight=0.15110137034207594 0.38787647336721398 0.081322477897629142 0.25025609135627747 0.029771073255687952 0.082127106143161654 0.11817881185561419 0.26351844635792077 0.044609386473894119 0.06540359603241086 0.022613411769270897
leaf_count=6 5 5 1 5 8 5 9 1 7 5
internal_value=0.0245694 -0.00633038 0.0322451 0.0251296 0.00014596 0.0208219 0.0365323 -0.0425528 -0.0424423 -0.04188
internal_weight=1.49678 0.297827 1.19895 0.948695 0.2973 0.200306 0.651395 0.0969939 0.146726 0.0523845
internal_count=57 18 39 38 24 13 14 11 12 10
is_linear=0
shrinkage=0.05


Tree=355
num_leaves=11
num_cat=0
split_feature=0 0 3 3 2 9 7 5 3 0
split_gain=0.170837 0.126747 4.76885e-06 2.48284e-07 1.50686e-07 8.07218e-08 2.7347e-08 1.34843e-08 7.49166e-09 3.43152e-09
threshold=10.361300000000002 10.654750000000002 11.500000000000002 7.5000000000000009 1855.0000000000002 -0.24825246871434689 8.4166666666666696 0.68301270189221941 2.5000000000000004 4.4118000000000004
decision_type=2 2 2 2 2 2 2 2 2 2
left_child=2 -2 3 5 -3 6 -1 9 -6 -8
right_child=1 4 -4 -5 8 -7 7 -9 -10 -11
leaf_value=-0.041855188918767092 0.04277837469793825 -0.04194548442715354 -0.042578327802869638 -0.04197670614836891 -0.04175840286513649 -0.041916472239762075 -0.041741965533655112 -0.041814020915354112 -0.04180736914018842 -0.041777601120434771
leaf_weight=0.020843272563070059 0.19177097640931606 0.026253086514770985 0.029061262961477041 0.041299315635114908 0.01555925514549017 0.021303730551153421 0.010639226995408535 0.026203482761047781 0.015686502680182457 0.018506473628804088
leaf_count=4 9 4 2 7 6 3 5 7 4 6
internal_value=-0.00300241 0.0232556 -0.0419959 -0.041874 -0.0418572 -0.0418304 -0.0418064 -0.041788 -0.041783 -0.0417646
internal_weight=0.417127 0.24927 0.167857 0.138796 0.0574988 0.0974962 0.0761925 0.0553492 0.0312458 0.0291457
internal_count=57 23 34 32 14 25 22 18 10 11
is_linear=0
shrinkage=0.05


Tree=356
num_leaves=11
num_cat=0
split_feature=2 2 4 9 6 11 2 11 3 3
split_gain=0.0670143 3.44021e-05 7.89879e-08 2.15359e-08 1.21699e-08 1.82108e-09 1.61924e-09 8.41139e-10 4.01902e-10 3.0307e-11
threshold=3350.0000000000005 2950.0000000000005 317.50000000000006 -0.35824514579943006 0.25000000000000017 6.5000000000000009 1650.0000000000002 6.5000000000000009 4.5000000000000009 4.5000000000000009
decision_type=2 2 2 2 2 2 2 2 2 2
left_child=1 2 3 6 -5 -6 7 8 -1 -8
right_child=-2 -3 -4 4 5 -7 9 -9 -10 -11
leaf_value=-0.041733149987125157 0.042693006499965706 -0.043453650560993734 -0.04185850387037033 -0.041794493906625887 -0.041711108992829121 -0.041750305177737944 -0.04169125920808487 -0.041706886220040748 -0.04171718702695007 -0.04169700926307654
leaf_weight=0.0082491609500721097 0.028154453262686729 0.047319274395704269 0.017458383284974843 0.018739191466011107 0.0062132618040777743 0.0056653611827641726 0.0049246544949710369 0.0098198900232091546 0.0075536728836596003 0.0042860371759161353
leaf_count=5 1 1 7 6 6 4 7 9 6 5
internal_value=-0.0272556 -0.0423779 -0.041764 -0.0417388 -0.0417694 -0.0417298 -0.0417119 -0.0417184 -0.0417255 -0.0416939
internal_weight=0.158383 0.130229 0.0829096 0.0654512 0.0306178 0.0118786 0.0348334 0.0256227 0.0158028 0.00921069
internal_count=57 56 55 48 16 10 32 20 11 12
is_linear=0
shrinkage=0.05


Tree=357
num_leaves=11
num_cat=0
split_feature=2 3 0 0 3 3 11 10 2 0
split_gain=0.202683 0.00827695 0.0227788 1.33388e-05 3.01862e-06 1.47375e-07 1.56095e-07 2.74885e-08 1.90675e-08 2.02564e-09
threshold=1855.0000000000002 2.5000000000000004 11.102200000000002 11.100500000000002 11.500000000000002 5.5000000000000009 6.5000000000000009 4.5000000000000009 825.00000000000011 5.8354500000000007
decision_type=2 2 2 2 2 2 2 2 2 2
left_child=3 -2 -3 4 5 7 8 9 -7 -1
right_child=1 2 -4 -5 -6 6 -8 -9 -10 -11
leaf_value=-0.04174569578063269 0.042119039453781121 -0.0094081021801852311 0.0422545682295246 -0.042752953709052958 -0.042458990048708824 -0.041860649195386811 -0.041963774585133368 -0.04183142261161002 -0.041788935628047169 -0.041774035973316803
leaf_weight=0.013247896917164326 0.076196884736418724 0.038098735036328435 0.04849387239664793 0.077239124104380608 0.025077021331526339 0.019618258578702807 0.047143490868620574 0.027489146683365107 0.017570433439686894 0.012031359598040581
leaf_count=6 6 9 3 3 2 4 7 7 6 4
internal_value=-0.0129444 0.0301002 0.0195242 -0.0422122 -0.0419546 -0.0418624 -0.0419034 -0.0417968 -0.0418268 -0.0417592
internal_weight=0.402206 0.162789 0.0865926 0.239417 0.162178 0.137101 0.0843322 0.0527684 0.0371887 0.0252793
internal_count=57 18 12 39 36 34 17 17 10 10
is_linear=0
shrinkage=0.05


Tree=358
num_leaves=11
num_cat=0
split_feature=0 2 4 2 9 7 3 0 3 3
split_gain=0.344115 1.46697e-05 3.82022e-06 3.40361e-07 2.19664e-07 1.29906e-07 9.33158e-08 2.60705e-08 2.0081e-09 6.41554e-11
threshold=1.9456500000000003 1550.0000000000002 352.00000000000006 1855.0000000000002 -0.35824514579943006 7.0750000000000011 6.5000000000000009 5.0021000000000013 6.5000000000000009 2.5000000000000004
decision_type=2 2 2 2 2 2 2 2 2 2
left_child=1 -1 3 4 6 -6 7 -2 9 -5
right_child=2 -3 -4 8 5 -7 -8 -9 -10 -11
leaf_value=0.043055639585677513 -0.041863706163875809 0.042299355835374836 -0.042545589324969511 -0.041750296137561455 -0.041903891307133401 -0.042039186344411443 -0.041939336472681117 -0.041796716531622799 -0.041770050072455954 -0.041745248610837622
leaf_weight=0.13727773539721966 0.026000039651989937 0.12031708937138319 0.024277869611978531 0.014356658095493913 0.031592672457918525 0.040469015948474407 0.026450395118445158 0.032903303857892752 0.017540302826091647 0.011211425764486194
leaf_count=4 5 7 1 6 6 4 4 9 6 5
internal_value=0.00325202 0.0427024 -0.0419532 -0.0418815 -0.0419156 -0.0419799 -0.0418613 -0.0418263 -0.041757 -0.0417481
internal_weight=0.482397 0.257595 0.224802 0.200524 0.157415 0.0720617 0.0853537 0.0589033 0.0431084 0.0255681
internal_count=57 11 46 45 28 10 18 14 17 11
is_linear=0
shrinkage=0.05


Tree=359
num_leaves=13
num_cat=0
split_feature=2 5 2 14 9 6 4 2 2 2 3 2
split_gain=0.266675 0.117251 0.181374 0.125983 0.0177387 0.017393 0.0053958 0.000133933 1.16455e-05 3.51969e-05 3.04457e-06 1.05439e-09
threshold=300.00000000000006 -0.5 1350.0000000000002 1.0000000180025095e-35 -0.59116893267988335 -1.0000000180025095e-35 352.00000000000006 825.00000000000011 1000.0000000000001 1650.0000000000002 10.500000000000002 2537.5000000000005
decision_type=2 2 2 2 2 2 2 2 2 2 2 2
left_child=-1 2 -2 4 5 -3 7 -6 -9 -10 -4 -11
right_child=1 3 10 -5 6 -7 -8 8 9 11 -12 -13
leaf_value=0.042562386889003039 0.044206178532009366 -0.0084756220320776378 -0.042583743869639819 0.00031979699636204106 -0.04495802312719873 -0.04277678208355349 -0.053896652074356823 -0.043585268197736206 -0.043695534243560541 -0.041809189902883598 -0.042064824657126833 -0.041793968650675549
leaf_weight=0.1534299459308387 0.12988386303186406 0.063881934154778719 0.053087639389559627 0.20350455772131681 0.24132946878671646 0.087684384081512468 0.21050983667373657 0.10063112154603004 0.053131159394979477 0.0238181222230196 0.060454892460256815 0.021782189607620239
leaf_count=7 2 5 4 9 3 5 1 2 1 6 6 6
internal_value=-0.0196476 -0.0272854 0.00385322 -0.0348181 -0.0437257 -0.0283196 -0.0473114 -0.0441658 -0.0432067 -0.0428209 -0.0423074 -0.0418019
internal_weight=1.40313 1.2497 0.243426 1.00627 0.802768 0.151566 0.651202 0.440692 0.199363 0.0987315 0.113543 0.0456003
internal_count=57 50 12 38 29 10 19 18 15 13 10 12
is_linear=0
shrinkage=0.05


Tree=360
num_leaves=14
num_cat=0
split_feature=4 2 4 10 5 12 7 10 5 2 2 2 3
split_gain=0.270198 0.301423 0.291851 0.136358 0.131531 0.0581261 0.0321465 0.0441219 0.000421575 5.76024e-05 2.63831e-06 4.98319e-08 8.27467e-09
threshold=352.00000000000006 1350.0000000000002 161.00000000000003 4.5000000000000009 -0.6830127018922193 94.500000000000014 7.6500000000000012 4.5000000000000009 0.93301270189221952 1650.0000000000002 2950.0000000000005 2537.5000000000005 10.500000000000002
decision_type=2 2 2 2 2 2 2 2 2 2 2 2 2
left_child=1 2 6 -4 -3 8 -1 -8 9 -6 11 -11 -13
right_child=-2 4 3 -5 5 -7 7 -9 -10 10 -12 12 -14
leaf_value=0.045876939918449412 0.053916143440217758 0.029277282129488904 0.010242181699618158 -0.04418479030297346 -0.043587381568197768 0.0044690006760524969 -0.0039310825203833213 0.039420628355579274 -0.046024322638208923 -0.041887387609529599 -0.04239833976388388 -0.04177198304404478 -0.041820082930414032
leaf_weight=0.37033774703741051 0.24728550575673591 0.083066051360219495 0.23845632281154394 0.2224127110093832 0.17196182487532508 0.069646767340600491 0.095933990087360144 0.1511910108383745 0.21898214798420668 0.022265179082751274 0.031013904139399529 0.020960747729986906 0.015592864714562893
leaf_count=4 2 4 6 5 7 6 7 5 5 4 2 7 4
internal_value=0.00506083 -0.00199669 0.0140847 -0.016024 -0.0293705 -0.0382212 0.0365575 0.0225915 -0.0444055 -0.0430513 -0.0420252 -0.0418284 -0.0417925
internal_weight=1.95911 1.71182 1.07833 0.460869 0.633489 0.550423 0.617463 0.247125 0.480777 0.261795 0.0898327 0.0588188 0.0365536
internal_count=68 66 27 11 39 35 16 12 29 24 17 15 11
is_linear=0
shrinkage=0.05


Tree=361
num_leaves=12
num_cat=0
split_feature=0 0 0 2 6 10 7 3 2 11 10
split_gain=0.182408 0.169886 2.00077e-05 2.76157e-06 2.73822e-06 1.47077e-06 7.7305e-07 1.59113e-07 1.21203e-07 3.43253e-08 5.93522e-09
threshold=10.361300000000002 10.654750000000002 10.381750000000002 1350.0000000000002 0.6830127018922193 4.5000000000000009 7.6500000000000012 5.5000000000000009 1855.0000000000002 6.5000000000000009 4.5000000000000009
decision_type=2 2 2 2 2 2 2 2 2 2 2
left_child=3 2 -2 7 8 6 -5 10 -3 -9 -1
right_child=1 4 -4 5 -6 -7 -8 9 -10 -11 -12
leaf_value=-0.041765724205007883 0.042142129690534602 -0.041922420572041388 0.043153753150754329 -0.042195549172906445 -0.042443323829715211 -0.042346637256034339 -0.041822223015464871 -0.041882793516699504 -0.041761513619756808 -0.041954438972600983 -0.041807424501744954
leaf_weight=0.016890003811568022 0.10555955301970243 0.032114563276991248 0.091021623462438583 0.028906689025461674 0.03416171227581799 0.085843022563494742 0.026651341351680458 0.032674697926267982 0.018413297832012177 0.034232405479997396 0.017245463328436017
leaf_count=6 8 5 3 2 3 9 9 6 7 5 5
internal_value=-0.0102908 0.0171052 0.0426105 -0.0420743 -0.0420976 -0.0422169 -0.0420165 -0.0418746 -0.0418638 -0.0419195 -0.0417868
internal_weight=0.523714 0.281271 0.196581 0.242444 0.0846896 0.141401 0.055558 0.101043 0.0505279 0.0669071 0.0341355
internal_count=68 26 11 42 15 20 11 22 12 11 11
is_linear=0
shrinkage=0.05


Tree=362
num_leaves=13
num_cat=0
split_feature=2 4 0 0 0 12 0 2 0 6 0 12
split_gain=0.202092 9.70314e-08 5.40034e-08 8.78393e-08 2.52086e-08 1.23103e-08 6.1687e-09 6.15904e-09 6.87463e-09 1.23054e-09 4.7194e-11 2.82955e-12
threshold=2950.0000000000005 6.5000000000000009 5.8354500000000007 5.1314000000000011 4.4118000000000004 29.500000000000004 1.9456500000000003 1855.0000000000002 11.100500000000002 -0.9330127018922193 11.100500000000002 40.000000000000007
decision_type=2 2 2 2 2 2 2 2 2 2 2 2
left_child=1 -1 3 4 6 -6 11 8 9 -4 -9 -3
right_child=-2 2 7 -5 5 -7 -8 10 -10 -11 -12 -13
leaf_value=-0.041921778604305446 0.036764301932039424 -0.041689439358916391 -0.041731726928769926 -0.041890825419270528 -0.041834578724284636 -0.041765007327232928 -0.041744373780501241 -0.041696994422783448 -0.041771970837348446 -0.04169858883751397 -0.04169068194544609 -0.041687571141840268
leaf_weight=0.012613104190677404 0.31261053495109081 0.0039173273835331202 0.0050450313137844205 0.019137086812406778 0.011656573042273521 0.013989089988172054 0.01258963136933744 0.0077536306343972683 0.0089314542710781097 0.0062994597828947008 0.0047901694779284298 0.004199521557893604
leaf_count=3 4 6 3 3 3 7 6 9 3 7 7 7
internal_value=0.0161908 -0.0417912 -0.0417745 -0.0418007 -0.0417635 -0.0417966 -0.0417225 -0.0417221 -0.0417392 -0.0417133 -0.0416946 -0.0416885
internal_weight=0.423533 0.110922 0.098309 0.0654892 0.0463521 0.0256457 0.0207065 0.0328197 0.0202759 0.0113445 0.0125438 0.00811685
internal_count=68 64 61 32 29 10 19 29 13 10 16 13
is_linear=0
shrinkage=0.05


Tree=363
num_leaves=13
num_cat=0
split_feature=4 13 0 7 2 3 0 0 4 5 5 7
split_gain=0.306493 0.0697152 0.0445094 0.039004 0.0532345 8.16869e-06 2.66974e-06 1.31504e-06 1.01589e-06 4.73036e-07 3.69517e-08 4.81562e-08
threshold=41.000000000000007 1.0000000180025095e-35 10.654750000000002 6.6500000000000012 2537.5000000000005 4.5000000000000009 11.100500000000002 5.1314000000000011 64.000000000000014 1.0000000180025095e-35 -0.6830127018922193 8.6083333333333361
decision_type=2 2 2 2 2 2 2 2 2 2 2 2
left_child=3 5 -3 -1 -5 6 8 10 -2 -9 -7 -12
right_child=1 2 -4 4 -6 7 -8 9 -10 -11 11 -13
leaf_value=0.049961308165696501 -0.042534470105485916 -0.041770212692065226 0.042214761745676177 -0.04188026383041249 0.042077072108963776 -0.041957912029924577 -0.042794046901275827 -0.042250701609206728 -0.042167400401419544 -0.042026078010683206 -0.041819933592974042 -0.041909026678888982
leaf_weight=0.18453345727175474 0.037441646680235863 0.024202537024393678 0.045309125445783138 0.031894297571852803 0.046272982843220234 0.018620152724906802 0.061264583840966225 0.06024712510406971 0.037957736640237272 0.038362453226000071 0.023149823537096381 0.043984860763885081
leaf_count=2 4 9 3 9 4 3 2 6 6 6 6 8
internal_value=-0.00433648 -0.0324258 0.0129729 0.0374221 0.00782028 -0.0422559 -0.0425489 -0.0420388 -0.0423497 -0.0421633 -0.0418956 -0.0418783
internal_weight=0.653241 0.39054 0.0695117 0.262701 0.0781673 0.321028 0.136664 0.184364 0.0753994 0.0986096 0.0857548 0.0671347
internal_count=68 53 12 15 13 41 12 29 10 12 17 14
is_linear=0
shrinkage=0.05


Tree=364
num_leaves=13
num_cat=0
split_feature=0 2 2 7 0 14 2 2 0 3 3 7
split_gain=0.418683 1.37998e-05 3.29169e-06 3.06225e-06 3.8945e-06 1.77673e-07 9.76023e-08 6.38409e-08 1.31301e-08 4.32694e-09 1.87988e-09 1.10066e-10
threshold=1.9456500000000003 1550.0000000000002 1350.0000000000002 6.041666666666667 5.8354500000000007 1.0000000180025095e-35 675.00000000000011 1855.0000000000002 5.8354500000000007 4.5000000000000009 7.5000000000000009 7.0750000000000011
decision_type=2 2 2 2 2 2 2 2 2 2 2 2
left_child=1 -1 5 -4 -5 6 8 -6 -2 -7 11 -9
right_child=2 -3 3 4 7 9 -8 10 -10 -11 -12 -13
leaf_value=0.042947566363028988 -0.041913115427131692 0.04222163761566973 -0.042698127379195233 -0.042304728927715751 -0.041876798450983813 -0.041784024728125362 -0.041989345215836742 -0.041745213410223449 -0.041866600856873604 -0.041818819660928555 -0.041764334906810675 -0.041738612787553871
leaf_weight=0.12740720994770527 0.031844769604504108 0.13466270081698895 0.028288198634982109 0.10910191247239709 0.013123782118782401 0.016583241056650877 0.043043533340096474 0.01125258905813098 0.028976615983992815 0.019372714683413506 0.013912797439843416 0.014395313570275903
leaf_count=4 5 9 1 8 3 5 5 5 6 5 5 7
internal_value=-0.00460396 0.0425746 -0.0420827 -0.0422182 -0.0421343 -0.0418986 -0.0419317 -0.0417812 -0.041891 -0.0418028 -0.0417495 -0.0417415
internal_weight=0.591965 0.26207 0.329895 0.190075 0.161786 0.139821 0.103865 0.0526845 0.0608214 0.035956 0.0395607 0.0256479
internal_count=68 13 55 29 28 26 16 20 11 10 17 12
is_linear=0
shrinkage=0.05


Tree=365
num_leaves=13
num_cat=0
split_feature=4 4 0 7 2 11 9 0 7 7 3 2
split_gain=0.255049 0.276623 0.159802 0.344799 0.0690257 0.188874 0.036507 0.00998657 0.00663707 0.000132561 2.0275e-05 1.22987e-07
threshold=329.50000000000006 161.00000000000003 5.1314000000000011 7.4000000000000012 675.00000000000011 6.5000000000000009 -0.52414661475995694 5.8354500000000007 16.041666666666668 7.4000000000000012 2.5000000000000004 1550.0000000000002
decision_type=2 2 2 2 2 2 2 2 2 2 2 2
left_child=1 2 9 -4 -3 6 -6 -5 -9 -1 11 -11
right_child=-2 4 3 7 5 -7 -8 8 -10 10 -12 -13
leaf_value=-0.045052775934005751 -0.050794591822910212 0.043686491459336167 -0.044199685538501107 0.048438693577441738 -0.0010789398920094948 0.033489528007993534 -0.043197994995573849 0.019051281232793923 0.042340391971741297 -0.04213431020925365 -0.043046559565750479 -0.042006991831778313
leaf_weight=0.08341185003519036 0.24411543551832449 0.27932675369083881 0.22694860026240349 0.14431247115135193 0.091005211230367422 0.40961734973825514 0.118355184327811 0.070773279527202249 0.053883841261267662 0.03929847851395607 0.1804942786693573 0.036664249375462532
leaf_count=1 6 6 9 1 3 8 7 8 3 3 6 7
internal_value=-0.00294432 0.00379177 -0.0169116 0.00118777 0.0230543 0.0137436 -0.0248896 0.0394844 0.0291181 -0.0433213 -0.0427581 -0.0420729
internal_weight=1.97821 1.73409 0.835787 0.495918 0.898304 0.618978 0.20936 0.26897 0.124657 0.339869 0.256457 0.0759627
internal_count=68 62 38 21 24 18 10 12 11 17 16 10
is_linear=0
shrinkage=0.05


Tree=366
num_leaves=14
num_cat=0
split_feature=4 2 4 10 5 12 8 10 5 2 2 2 11
split_gain=0.242258 0.272045 0.265477 0.126586 0.124748 0.0547581 0.0308385 0.0409214 0.000334408 4.58809e-05 2.09926e-06 3.88518e-08 6.83469e-09
threshold=352.00000000000006 1350.0000000000002 161.00000000000003 4.5000000000000009 -0.6830127018922193 94.500000000000014 0.87550652062374057 4.5000000000000009 0.93301270189221952 1650.0000000000002 2950.0000000000005 2537.5000000000005 6.5000000000000009
decision_type=2 2 2 2 2 2 2 2 2 2 2 2 2
left_child=1 2 6 -4 -3 8 7 -1 9 -6 11 -11 -13
right_child=-2 4 3 -5 5 -7 -8 -9 -10 10 -12 12 -14
leaf_value=-0.0038942982760560491 0.052224952683880901 0.028950322484776594 0.0097740260830462486 -0.044006623878007578 -0.04344809873812705 0.0042932142301372704 0.045519338308549283 0.038922889800659555 -0.045696382333372407 -0.041869715541392086 -0.042344039053071832 -0.041758306717459989 -0.041803489512620334
leaf_weight=0.092376996297389047 0.23610530793666851 0.080715834163129108 0.2320494819432497 0.20703187212347984 0.16011600615456711 0.066885776817798615 0.34400170296430588 0.14094219077378511 0.20482726790942252 0.020498135127127171 0.028768233954906464 0.01570771774277091 0.01791635830886662
leaf_count=7 2 4 6 5 7 6 4 5 5 4 2 6 5
internal_value=0.00492371 -0.00200508 0.0137172 -0.0155842 -0.0288428 -0.0379056 0.0360023 0.0219705 -0.0442082 -0.0429538 -0.0419989 -0.0418155 -0.0417824
internal_weight=1.84794 1.61184 1.0164 0.439081 0.595435 0.514719 0.577321 0.233319 0.447834 0.243006 0.0828904 0.0541222 0.0336241
internal_count=68 66 27 11 39 35 16 12 29 24 17 15 11
is_linear=0
shrinkage=0.05


Tree=367
num_leaves=15
num_cat=0
split_feature=0 0 0 2 6 5 3 7 3 2 0 11 7 12
split_gain=0.17224 0.157711 1.93621e-05 2.26179e-06 2.16776e-06 1.03697e-06 2.28405e-06 6.91369e-07 1.29395e-07 9.53848e-08 8.01654e-08 2.76584e-08 4.68795e-09 1.24398e-10
threshold=10.361300000000002 10.654750000000002 10.381750000000002 1350.0000000000002 0.6830127018922193 0.93301270189221952 11.500000000000002 7.6500000000000012 5.5000000000000009 1855.0000000000002 1.9456500000000003 6.5000000000000009 10.508333333333335 111.00000000000001
decision_type=2 2 2 2 2 2 2 2 2 2 2 2 2 2
left_child=3 2 -2 8 9 6 7 -5 12 -3 13 -10 -1 -9
right_child=1 4 -4 5 -6 -7 -8 10 11 -11 -12 -13 -14 -15
leaf_value=-0.041793352201364244 0.042107083059137435 -0.041902658335184306 0.043131326335858609 -0.042128864860437737 -0.042384582985140563 -0.042395543490308767 -0.042515312412246348 -0.041724828226673567 -0.041868147251593296 -0.041753895184756744 -0.041872206284106428 -0.041934712421561694 -0.041753893249474455 -0.041733219711611459
leaf_weight=0.019567052368074656 0.098044661805033684 0.029629945755004883 0.087158538401126862 0.029210713226348162 0.031704619526863098 0.039470771327614784 0.023474937304854393 0.0083446423523128033 0.030612870818004012 0.016933247447013855 0.021962865022942424 0.031832367647439241 0.012233051937073469 0.0093819372123107314
leaf_count=6 8 5 3 3 3 2 1 5 6 7 4 5 5 5
internal_value=-0.010032 0.0174412 0.0425891 -0.0420473 -0.0420657 -0.042181 -0.0420894 -0.0419442 -0.0418603 -0.0418486 -0.0418084 -0.0419021 -0.0417782 -0.0417293
internal_weight=0.489562 0.263471 0.185203 0.226091 0.0782678 0.131846 0.0923751 0.0689002 0.0942453 0.0465632 0.0396894 0.0624452 0.0318001 0.0177266
internal_count=68 26 11 42 15 20 18 17 22 12 14 11 11 10
is_linear=0
shrinkage=0.05


Tree=368
num_leaves=13
num_cat=0
split_feature=0 5 0 2 3 0 0 12 2 0 0 12
split_gain=0.190628 0.0412073 0.0589435 2.27776e-05 7.40397e-08 8.51026e-08 1.3402e-08 6.47696e-09 5.20574e-09 4.95091e-09 3.70147e-11 2.20543e-12
threshold=5.0021000000000013 0.93301270189221952 4.5639000000000012 2950.0000000000005 1.5000000000000002 5.8354500000000007 1.9456500000000003 40.000000000000007 1855.0000000000002 11.100500000000002 11.100500000000002 40.000000000000007
decision_type=2 2 2 2 2 2 2 2 2 2 2 2
left_child=1 2 6 4 -2 -6 11 -8 9 -7 -10 -1
right_child=3 -3 -4 -5 5 8 7 -9 10 -11 -12 -13
leaf_value=-0.04168762434764002 -0.041919899026571811 0.050462867457097743 0.036841319934142205 -0.043297786380550013 -0.041850713486807481 -0.041711171610141574 -0.041782104732265811 -0.041732547926285182 -0.041694576935403745 -0.041763881613268272 -0.041688747834326752 -0.041685905120238995
leaf_weight=0.0036056312965229145 0.01037106936564669 0.18725869688205421 0.075262591708451509 0.043503522872924805 0.02075683994917199 0.0096908695995807648 0.016469806898385286 0.010994879412464797 0.0071363309398293495 0.0082452765200287104 0.0044041160144843161 0.0038648626650683582
leaf_count=6 3 2 3 1 6 9 6 6 9 3 7 7
internal_value=0.0158062 0.0361867 0.0119273 -0.0424249 -0.0417983 -0.0417732 -0.0417461 -0.0417623 -0.0417185 -0.0417354 -0.0416924 -0.0416867
internal_weight=0.401564 0.297456 0.110198 0.104108 0.0606045 0.0502334 0.0349352 0.0274647 0.0294766 0.0179361 0.0115404 0.00747049
internal_count=68 30 28 38 37 34 25 12 28 12 16 13
is_linear=0
shrinkage=0.05


Tree=369
num_leaves=13
num_cat=0
split_feature=4 13 0 9 2 3 0 0 4 5 9 2
split_gain=0.281654 0.0645951 0.0410046 0.0314456 0.0539375 6.47494e-06 2.01114e-06 1.04513e-06 8.56344e-07 3.94107e-07 4.21005e-08 1.62684e-08
threshold=41.000000000000007 1.0000000180025095e-35 10.654750000000002 1.0000000180025095e-35 2537.5000000000005 4.5000000000000009 11.100500000000002 5.1314000000000011 64.000000000000014 1.0000000180025095e-35 -0.48574157668954127 825.00000000000011
decision_type=2 2 2 2 2 2 2 2 2 2 2 2
left_child=3 5 -3 4 -1 6 8 10 -2 -9 11 -7
right_child=1 2 -4 -5 -6 7 -8 9 -10 -11 -12 -13
leaf_value=-0.041869164907167904 -0.042478695664444531 -0.041761943800689143 0.042172195913965212 0.049699616068666005 0.04204429818454844 -0.041874225602249592 -0.042704971185605026 -0.042210260724051554 -0.042129809262888673 -0.041997174267564469 -0.041917829725536516 -0.041811405068219856
leaf_weight=0.029882237897254527 0.035272893495857716 0.022277277894318104 0.041955757886171341 0.16260695457458496 0.053319624625146389 0.022308335057459772 0.056666586548089981 0.055991827510297298 0.035080208093859255 0.035429533803835511 0.038469095714390278 0.019154663430526853
leaf_count=9 4 9 3 1 5 5 2 6 6 6 7 5
internal_value=-0.00441144 -0.0324212 0.0130622 0.0369073 0.0119065 -0.0422128 -0.0424833 -0.0420122 -0.0423047 -0.0421277 -0.0418802 -0.0418452
internal_weight=0.608415 0.362606 0.064233 0.245809 0.0832019 0.298373 0.12702 0.171353 0.0703531 0.0914214 0.0799321 0.041463
internal_count=68 53 12 15 14 41 12 29 10 12 17 10
is_linear=0
shrinkage=0.05


Tree=370
num_leaves=13
num_cat=0
split_feature=0 2 2 7 0 14 2 2 0 3 3 7
split_gain=0.390471 1.11371e-05 2.67323e-06 2.37964e-06 3.14533e-06 1.41384e-07 8.24859e-08 5.20045e-08 1.02153e-08 3.42546e-09 1.47181e-09 8.3551e-11
threshold=1.9456500000000003 1550.0000000000002 1350.0000000000002 6.041666666666667 5.8354500000000007 1.0000000180025095e-35 675.00000000000011 1855.0000000000002 5.8354500000000007 4.5000000000000009 7.5000000000000009 7.0750000000000011
decision_type=2 2 2 2 2 2 2 2 2 2 2 2
left_child=1 -1 5 -4 -5 6 8 -6 -2 -7 11 -9
right_child=2 -3 3 4 7 9 -8 10 -10 -11 -12 -13
leaf_value=0.042861685278437811 -0.041894047648649374 0.042188200205619919 -0.042619987084094708 -0.042261706025916251 -0.041862312101448362 -0.041776733593633708 -0.041967425702206088 -0.041738853128379376 -0.041851363937425223 -0.041808700903208006 -0.041756540000073464 -0.041732856187704011
leaf_weight=0.11926466226577759 0.02940033096820116 0.1264834338799119 0.026241052895784378 0.10199733288027346 0.012163528008386493 0.015605821274220943 0.040314256679266691 0.010342963039875031 0.026790647767484188 0.01809879275970161 0.012806851183995605 0.013246801681816578
leaf_count=4 5 9 1 8 3 5 5 5 6 5 5 7
internal_value=-0.00445573 0.0425151 -0.042054 -0.0421806 -0.042104 -0.0418821 -0.0419129 -0.0417728 -0.0418737 -0.0417939 -0.0417429 -0.0417355
internal_weight=0.552756 0.245748 0.307008 0.176799 0.150557 0.13021 0.0965052 0.0485601 0.056191 0.0337046 0.0363966 0.0235898
internal_count=68 13 55 29 28 26 16 20 11 10 17 12
is_linear=0
shrinkage=0.05


Tree=371
num_leaves=13
num_cat=0
split_feature=4 4 12 2 2 11 8 7 2 2 2 6
split_gain=0.231725 0.250066 0.184758 0.245682 0.0668371 0.170675 0.0196194 0.000166376 2.94549e-05 6.47234e-06 1.1785e-06 6.35253e-09
threshold=329.50000000000006 161.00000000000003 9.5000000000000018 300.00000000000006 675.00000000000011 6.5000000000000009 1.0000000180025095e-35 6.6500000000000012 1250.0000000000002 2950.0000000000005 1650.0000000000002 0.25000000000000017
decision_type=2 2 2 2 2 2 2 2 2 2 2 2
left_child=1 2 -1 -4 -3 6 -6 -5 -9 10 -10 -12
right_child=-2 4 3 7 5 -7 -8 8 9 -11 11 -13
leaf_value=0.029557934246419462 -0.049993230806314695 0.043539681751043689 0.042328380973188848 -0.044502962854313738 -0.043607583819396667 0.032528234295379446 -0.011653244121739431 -0.043201285459648693 -0.042125971427154595 -0.042766818739361674 -0.041812618395777074 -0.041773439962918296
leaf_weight=0.16894016601145245 0.22901810589246463 0.26092803105711937 0.099608287215232849 0.22868409659713507 0.07905876636505127 0.38811744400300086 0.1224144462030381 0.14105658233165741 0.062569389119744301 0.035406972048804164 0.016638938337564468 0.027358845807611942
leaf_count=3 6 6 6 5 3 8 7 4 5 2 4 9
internal_value=-0.00289695 0.003717 -0.0167249 -0.0295152 0.0224703 0.0131459 -0.0241922 -0.0435 -0.0426896 -0.0421811 -0.0419865 -0.0417883
internal_weight=1.8598 1.63078 0.780263 0.611323 0.850519 0.589591 0.201473 0.511715 0.283031 0.141974 0.106567 0.0439978
internal_count=68 62 38 35 24 18 10 29 24 20 18 13
is_linear=0
shrinkage=0.05


Tree=372
num_leaves=14
num_cat=0
split_feature=4 2 4 5 10 14 7 10 5 2 2 0 3
split_gain=0.217257 0.246126 0.243506 0.118451 0.116905 0.0434359 0.0289788 0.038113 0.000280881 4.1923e-05 1.61675e-06 5.98917e-08 4.13876e-09
threshold=352.00000000000006 1350.0000000000002 161.00000000000003 -0.6830127018922193 4.5000000000000009 1.0000000180025095e-35 7.6500000000000012 4.5000000000000009 0.93301270189221952 1650.0000000000002 2950.0000000000005 10.363450000000002 10.500000000000002
decision_type=2 2 2 2 2 2 2 2 2 2 2 2 2
left_child=1 2 6 -3 -4 8 -1 -8 9 -5 11 -11 -13
right_child=-2 3 4 5 -6 -7 7 -9 -10 10 -12 12 -14
leaf_value=0.045193762101242256 0.050696912172709212 0.02864320395882123 0.0091756921890812481 -0.043376894001738546 -0.043842883264623711 -0.0024863388037088111 -0.0037345330435094443 0.038558647315247697 -0.04543140897027087 -0.041873897507584468 -0.042293521200516632 -0.041758568655770795 -0.041796576752437073
leaf_weight=0.31929540634155251 0.224845426157117 0.07849678792990733 0.22578699141740799 0.12832575454376649 0.19271379057317972 0.074464811710640788 0.088659883942455053 0.13344594952650368 0.18902515689842403 0.034040496684610844 0.026672767009586096 0.015636092983186245 0.013216369785368443
leaf_count=4 2 4 6 7 5 6 7 5 4 6 2 6 4
internal_value=0.00482425 -0.00196242 0.0134047 -0.0283091 -0.0152386 -0.037596 0.0355458 0.0216761 -0.044021 -0.0427975 -0.0419673 -0.041829 -0.041776
internal_weight=1.74463 1.51978 0.959902 0.559878 0.418501 0.481381 0.541401 0.222106 0.406917 0.217891 0.0895657 0.062893 0.0288525
internal_count=68 66 27 39 11 35 16 12 29 25 18 16 10
is_linear=0
shrinkage=0.05


Tree=373
num_leaves=12
num_cat=0
split_feature=2 4 5 12 2 3 7 7 14 9 2
split_gain=0.125464 0.0358713 0.0326991 0.00681044 2.83339e-06 3.87996e-07 1.65712e-06 4.85357e-07 7.56615e-08 4.01933e-08 2.0182e-09
threshold=2300.0000000000005 80.000000000000014 -0.5 62.000000000000007 1350.0000000000002 6.5000000000000009 6.6500000000000012 8.1083333333333361 1.0000000180025095e-35 -0.48574157668954127 1000.0000000000001
decision_type=2 2 2 2 2 2 2 2 2 2 2
left_child=2 -2 -1 -3 8 6 -6 -8 9 -4 -10
right_child=1 3 4 -5 5 -7 7 -9 10 -11 -12
leaf_value=-0.0018731776516953504 -0.017713934456459305 0.020570281894739851 -0.041826044064163327 0.042914892449051459 -0.042488565759726239 -0.042349826617003143 -0.042147651215789735 -0.041803389692512113 -0.041764604939716371 -0.0419026175992252 -0.041791240188107412
leaf_weight=0.067744544590823352 0.044358658720739186 0.057487065903842449 0.028343986603431404 0.08382734190672636 0.022763736546039581 0.036634271033108234 0.018534967442974448 0.022872183937579393 0.016042830888181925 0.043342189630493522 0.012775574810802937
leaf_count=10 7 8 8 4 1 2 2 9 6 7 4
internal_value=-0.0101034 0.021512 -0.031921 0.033825 -0.0420327 -0.04222 -0.0421459 -0.0419575 -0.0418448 -0.0418723 -0.0417764
internal_weight=0.454727 0.185673 0.269054 0.141314 0.20131 0.100805 0.0641709 0.0414072 0.100505 0.0716862 0.0288184
internal_count=68 19 49 12 39 14 12 11 25 15 10
is_linear=0
shrinkage=0.05


Tree=374
num_leaves=13
num_cat=0
split_feature=0 5 0 2 2 2 0 12 7 0 2 12
split_gain=0.174208 0.0371463 0.0545763 1.77092e-05 5.13882e-08 8.89314e-08 1.10483e-08 5.42525e-09 4.90663e-09 2.88308e-11 1.22122e-11 1.72377e-12
threshold=5.0021000000000013 0.93301270189221952 4.5639000000000012 2950.0000000000005 1855.0000000000002 1350.0000000000002 1.9456500000000003 40.000000000000007 7.6500000000000012 11.100500000000002 115.00000000000001 40.000000000000007
decision_type=2 2 2 2 2 2 2 2 2 2 2 2
left_child=1 2 6 4 5 8 11 -8 -2 -6 -10 -1
right_child=3 -3 -4 -5 9 -7 7 -9 10 -11 -12 -13
leaf_value=-0.041685952930785697 -0.041749898774405117 0.049510211220747127 0.03635116688518545 -0.043163807795356265 -0.041692352052979331 -0.04186747726617434 -0.041775180738176931 -0.04172830646099962 -0.041694904235402064 -0.041686989739654068 -0.041698685364449706 -0.041684368558724427
leaf_weight=0.0033184642670676104 0.0089083509519696236 0.17651424766518176 0.071229941677302122 0.040178436785936356 0.0065681962878443301 0.028123915602918714 0.015472696686629206 0.010270324652083218 0.003984307695645839 0.0040536565356887877 0.004601916007231921 0.0035567820305004716
leaf_count=6 4 2 3 1 9 7 6 6 5 7 5 7
internal_value=0.0156125 0.0355505 0.0118226 -0.0423621 -0.0417894 -0.0418124 -0.0417414 -0.0417565 -0.0417239 -0.0416903 -0.0416969 -0.0416851
internal_weight=0.376781 0.280362 0.103848 0.0964188 0.0562403 0.0456185 0.0326183 0.025743 0.0174946 0.0106219 0.00858622 0.00687525
internal_count=68 30 28 38 37 21 25 12 14 16 10 13
is_linear=0
shrinkage=0.05


Tree=375
num_leaves=12
num_cat=0
split_feature=4 13 0 7 2 3 0 0 4 5 0
split_gain=0.259497 0.0594128 0.0376981 0.0322346 0.0458069 5.09379e-06 1.53505e-06 8.30618e-07 6.39964e-07 3.26512e-07 2.67571e-08
threshold=41.000000000000007 1.0000000180025095e-35 10.654750000000002 6.6500000000000012 2537.5000000000005 4.5000000000000009 11.100500000000002 5.1314000000000011 64.000000000000014 1.0000000180025095e-35 4.4118000000000004
decision_type=2 2 2 2 2 2 2 2 2 2 2
left_child=3 5 -3 -1 -5 6 8 10 -2 -9 -7
right_child=1 2 -4 4 -6 7 -8 9 -10 -11 -12
leaf_value=0.048567960790085629 -0.042415527086199036 -0.041754339432525267 0.04213099661632648 -0.041854886729372709 0.042015244287700322 -0.041825784682643849 -0.042622841015282624 -0.042172516976301547 -0.042103249647961576 -0.041970861539449685 -0.041888254665226776
leaf_weight=0.16216876916587353 0.032920888625085354 0.020505209802649915 0.038615920580923557 0.027736421558074653 0.039414960891008377 0.026711913524195552 0.052391579374670982 0.05202547914814204 0.032705616671591997 0.032683942001312971 0.047839858336374164
leaf_count=2 4 9 3 9 4 8 2 6 6 6 9
internal_value=-0.00450994 -0.0324693 0.0130367 0.036505 0.00737326 -0.0421721 -0.042421 -0.0419876 -0.0422599 -0.0420947 -0.0418659
internal_weight=0.565721 0.3364 0.0591211 0.22932 0.0671514 0.277279 0.118018 0.159261 0.0656265 0.0847094 0.0745518
internal_count=68 53 12 15 13 41 12 29 10 12 17
is_linear=0
shrinkage=0.05


Tree=376
num_leaves=11
num_cat=0
split_feature=0 2 2 7 0 2 12 2 3 7
split_gain=0.364491 8.99998e-06 2.15961e-06 1.84519e-06 2.53336e-06 1.13943e-07 1.02619e-07 4.24571e-08 1.14599e-09 6.49102e-11
threshold=1.9456500000000003 1550.0000000000002 1350.0000000000002 6.041666666666667 5.8354500000000007 300.00000000000006 40.000000000000007 1855.0000000000002 7.5000000000000009 7.0750000000000011
decision_type=2 2 2 2 2 2 2 2 2 2
left_child=1 -1 5 -4 -5 -2 -7 -6 9 -9
right_child=2 -3 3 4 7 6 -8 8 -10 -11
leaf_value=0.042783232096341134 -0.041777032800931618 0.042158518489997722 -0.042547094877582979 -0.042220960802695558 -0.041848975978102158 -0.041930990142057589 -0.041820963967890874 -0.04173309509341655 -0.041749365101611119 -0.041727585917627652
leaf_weight=0.11174117773771286 0.027352634351700544 0.11910448409616947 0.024317875504493713 0.095357650192454457 0.011277123703621328 0.061403481522575021 0.032360668061301112 0.0095204156823456287 0.011788341915234923 0.012195667717605829
leaf_count=4 9 9 1 8 3 9 8 5 5 7
internal_value=-0.00425992 0.0424609 -0.042027 -0.042145 -0.0420753 -0.0418668 -0.041893 -0.0417651 -0.0417368 -0.04173
internal_weight=0.51642 0.230846 0.285574 0.164457 0.140139 0.121117 0.0937641 0.0447815 0.0335044 0.0217161
internal_count=68 13 55 29 28 26 17 20 17 12
is_linear=0
shrinkage=0.05


Tree=377
num_leaves=13
num_cat=0
split_feature=4 4 12 2 2 11 9 7 2 2 9 6
split_gain=0.210988 0.225628 0.167872 0.229087 0.0647527 0.15405 0.0355122 0.000129178 2.2767e-05 5.04051e-06 1.0098e-06 4.94805e-09
threshold=329.50000000000006 161.00000000000003 9.5000000000000018 300.00000000000006 675.00000000000011 6.5000000000000009 -0.52414661475995694 6.6500000000000012 1250.0000000000002 2950.0000000000005 -0.52414661475995694 0.25000000000000017
decision_type=2 2 2 2 2 2 2 2 2 2 2 2
left_child=1 2 -1 -4 -3 6 -6 -5 -9 10 -10 -12
right_child=-2 4 3 7 5 -7 -8 8 9 -11 11 -13
leaf_value=0.028514099029769736 -0.049271457613646437 0.043405039272912671 0.042284981225411612 -0.044267981809217594 -0.00025074769269773755 0.031585491079329953 -0.043065752785437977 -0.043078321365530879 -0.042102472644431441 -0.042684918231102452 -0.041800940071166776 -0.041764899574501822
leaf_weight=0.16139030130580045 0.21458100737072539 0.24375459551811218 0.093468890525400639 0.21192862163297832 0.089660447090864182 0.36825565714389086 0.1053229016251862 0.13038796465843916 0.059261424466967472 0.032866779714822769 0.015316025353968254 0.025180442957207561
leaf_count=3 6 6 6 5 3 8 7 4 5 2 4 9
internal_value=-0.00282833 0.00365648 -0.0164897 -0.0292677 0.0218755 0.0125582 -0.0233779 -0.0433494 -0.0426092 -0.0421479 -0.041971 -0.0417785
internal_weight=1.75138 1.53679 0.7298 0.56841 0.806994 0.563239 0.194983 0.474941 0.263013 0.132625 0.0997579 0.0404965
internal_count=68 62 38 35 24 18 10 29 24 20 18 13
is_linear=0
shrinkage=0.05


Tree=378
num_leaves=14
num_cat=0
split_feature=4 2 4 5 10 12 7 10 5 2 2 2 11
split_gain=0.195017 0.222691 0.222724 0.11317 0.108694 0.050084 0.0272689 0.0355119 0.000206474 2.94539e-05 1.32833e-06 2.31184e-08 3.98499e-09
threshold=352.00000000000006 1350.0000000000002 161.00000000000003 -0.6830127018922193 4.5000000000000009 94.500000000000014 7.6500000000000012 4.5000000000000009 0.93301270189221952 1650.0000000000002 2950.0000000000005 2537.5000000000005 6.5000000000000009
decision_type=2 2 2 2 2 2 2 2 2 2 2 2 2
left_child=1 2 6 -3 -4 8 -1 -8 9 -5 11 -11 -13
right_child=-2 3 4 5 -6 -7 7 -9 -10 10 -12 12 -14
leaf_value=0.044897037047482213 0.049306416722583679 0.028395006734163952 0.0087541136823926537 -0.043201920737685341 -0.043692297310675282 0.0049596749596838071 -0.0035807522748207005 0.038198234967840139 -0.045089067433519432 -0.041838454034075351 -0.042246955055283059 -0.041745663579050164 -0.041782923443728359
leaf_weight=0.29614973440766312 0.21363978739827882 0.076787291094660648 0.21987710101529956 0.1400626248214395 0.1793897682800889 0.060757507104426622 0.08509105583652854 0.12644320377148688 0.1793602304533124 0.017367850057780743 0.024734059814363718 0.013533417135477066 0.015276137739419937
leaf_count=4 2 4 6 7 5 6 7 5 5 4 2 6 5
internal_value=0.00473826 -0.00189774 0.0131301 -0.0277171 -0.0148099 -0.0372688 0.0351035 0.0213924 -0.0438419 -0.0427816 -0.0419513 -0.0417929 -0.0417654
internal_weight=1.64847 1.43483 0.906951 0.527879 0.399267 0.451092 0.507684 0.211534 0.390334 0.210974 0.0709115 0.0461774 0.0288096
internal_count=68 66 27 39 11 35 16 12 29 24 17 15 11
is_linear=0
shrinkage=0.05


Tree=379
num_leaves=12
num_cat=0
split_feature=0 0 0 2 6 10 7 3 2 11 7
split_gain=0.151211 0.135738 1.15783e-05 1.51811e-06 1.35283e-06 7.68956e-07 4.24421e-07 9.10989e-08 5.84867e-08 2.03185e-08 3.2435e-09
threshold=10.361300000000002 10.654750000000002 10.381750000000002 1350.0000000000002 0.6830127018922193 4.5000000000000009 7.6500000000000012 5.5000000000000009 1855.0000000000002 6.5000000000000009 10.508333333333335
decision_type=2 2 2 2 2 2 2 2 2 2 2
left_child=3 2 -2 7 8 6 -5 10 -3 -9 -1
right_child=1 4 -4 5 -6 -7 -8 9 -10 -11 -12
leaf_value=-0.041775966043988873 0.04205131419721006 -0.041867615142423036 0.042899035493733903 -0.042101644706929897 -0.04227771297141722 -0.042220620020452106 -0.041795766180663517 -0.041843309261052321 -0.041742254557592534 -0.041904098917910859 -0.041740500753616377
leaf_weight=0.017066160915419459 0.085733980871737003 0.025337629253044724 0.075971867889165878 0.024008281528949738 0.027365494752302766 0.070771973463706672 0.02149336866568774 0.027114802272990346 0.014703215681947768 0.027879275847226381 0.010360621381551027
leaf_count=6 8 5 3 2 3 9 9 6 7 5 5
internal_value=-0.0100807 0.017602 0.0424496 -0.0420012 -0.0420068 -0.0421175 -0.0419572 -0.041837 -0.0418216 -0.0418741 -0.0417626
internal_weight=0.427807 0.229112 0.161706 0.198694 0.0674063 0.116274 0.0455017 0.0824209 0.0400408 0.0549941 0.0274268
internal_count=68 26 11 42 15 20 11 22 12 11 11
is_linear=0
shrinkage=0.05


Tree=380
num_leaves=13
num_cat=0
split_feature=0 5 0 2 3 0 0 12 2 0 0 12
split_gain=0.159714 0.0335588 0.0506376 1.37963e-05 4.53406e-08 5.72198e-08 9.12759e-09 4.52972e-09 3.22298e-09 3.01382e-09 2.69874e-11 1.34156e-12
threshold=5.0021000000000013 0.93301270189221952 4.5639000000000012 2950.0000000000005 1.5000000000000002 5.8354500000000007 1.9456500000000003 40.000000000000007 1855.0000000000002 11.100500000000002 11.100500000000002 40.000000000000007
decision_type=2 2 2 2 2 2 2 2 2 2 2 2
left_child=1 2 6 4 -2 -6 11 -8 9 -7 -10 -1
right_child=3 -3 -4 -5 5 8 7 -9 10 -11 -12 -13
leaf_value=-0.041684415277492996 -0.041883822341144517 0.048662780484201543 0.035881212788975068 -0.043041232040935663 -0.041827210666101726 -0.04170496212259673 -0.041768744891835165 -0.041724493943573547 -0.041690746013288517 -0.04174945560885221 -0.04168535358894724 -0.04168295831483565
leaf_weight=0.0030539823346771291 0.0088774012983776629 0.16637412831187248 0.067737945821136236 0.037099272012710571 0.0182649209164083 0.0083108515245839953 0.014526669634506106 0.0096083232201635838 0.0061462761368602514 0.0070214400766417393 0.0037273133348207921 0.0032735668355599046
leaf_count=6 3 2 3 1 6 9 6 6 9 3 7 7
internal_value=0.0154549 0.0349819 0.0118034 -0.0423036 -0.0417809 -0.0417598 -0.0417371 -0.0417511 -0.041711 -0.0417253 -0.0416887 -0.0416837
internal_weight=0.354022 0.264575 0.0982005 0.0894475 0.0523482 0.0434708 0.0304625 0.024135 0.0252059 0.0153323 0.00987359 0.00632755
internal_count=68 30 28 38 37 34 25 12 28 12 16 13
is_linear=0
shrinkage=0.05


Tree=381
num_leaves=13
num_cat=0
split_feature=4 13 0 7 2 3 0 0 4 5 9 2
split_gain=0.239023 0.0548793 0.0352568 0.0292487 0.0424701 4.00792e-06 1.17175e-06 6.56606e-07 4.73521e-07 2.67121e-07 3.00604e-08 1.00307e-08
threshold=41.000000000000007 1.0000000180025095e-35 10.654750000000002 6.6500000000000012 2537.5000000000005 4.5000000000000009 11.100500000000002 5.1314000000000011 64.000000000000014 1.0000000180025095e-35 -0.48574157668954127 825.00000000000011
decision_type=2 2 2 2 2 2 2 2 2 2 2 2
left_child=3 5 -3 -1 -5 6 8 10 -2 -9 11 -7
right_child=1 2 -4 4 -6 7 -8 9 -10 -11 -12 -13
leaf_value=0.04796846036468904 -0.042356562100457948 -0.041749744972005537 0.042097972789788662 -0.041842091276070914 0.041988887073759265 -0.041845312595273979 -0.042547136754047782 -0.042136200808118814 -0.042078419373054066 -0.041946667318857087 -0.041886664620454865 -0.04179235685171645
leaf_weight=0.151699791662395 0.030707060359418392 0.019265648094005883 0.035897912457585335 0.025788337923586369 0.036480632610619068 0.019368593930266798 0.04842035286128521 0.048485447652637959 0.030500960187055171 0.030149602913297713 0.03353356895968318 0.016611441969871521
leaf_count=2 4 9 3 9 4 5 2 6 6 6 7 5
internal_value=-0.00460189 -0.0324481 0.0128145 0.0361247 0.00727077 -0.0421342 -0.0423633 -0.0419646 -0.042218 -0.0420635 -0.0418526 -0.0418209
internal_weight=0.526909 0.312941 0.0551636 0.213969 0.062269 0.257777 0.109628 0.148149 0.061208 0.0786351 0.0695136 0.03598
internal_count=68 53 12 15 13 41 12 29 10 12 17 10
is_linear=0
shrinkage=0.05


Tree=382
num_leaves=12
num_cat=0
split_feature=0 0 9 3 0 4 7 0 9 6 3
split_gain=0.339979 7.20629e-06 1.33608e-06 1.00387e-06 8.07359e-07 7.52885e-07 1.5745e-07 9.25465e-08 4.14861e-08 1.51656e-09 2.8079e-10
threshold=1.9456500000000003 1.4436222000000003 -0.49524719222984687 3.5000000000000004 5.8354500000000007 14.500000000000002 7.0750000000000011 5.0021000000000013 -0.24825246871434689 0.25000000000000017 6.5000000000000009
decision_type=2 2 2 2 2 2 2 2 2 2 2
left_child=1 -1 7 6 -5 -3 -4 10 -6 -9 -2
right_child=2 5 3 4 8 -7 -8 9 -10 -11 -12
leaf_value=0.042799227949639446 -0.041865828183326417 0.04204987789941958 -0.04230114831133433 -0.04208081328454516 -0.041748982873237056 0.042288656870901997 -0.042154386814040379 -0.041730506639864377 -0.041848309550087698 -0.041755159192801337 -0.041858208678144909
leaf_weight=0.076979164034128189 0.025829896098002791 0.053807840682566166 0.029553992906585336 0.071132272714748979 0.018056862172670662 0.085418673232197762 0.047885795822367072 0.010629771277308464 0.025161467492580414 0.015100978314876556 0.022732262732461095
leaf_count=3 5 5 5 8 8 5 6 6 6 6 5
internal_value=-0.00416024 0.042411 -0.0420017 -0.0420714 -0.0419773 0.0421964 -0.0422104 -0.0418216 -0.0418068 -0.041745 -0.0418623
internal_weight=0.482289 0.216206 0.266083 0.19179 0.114351 0.139227 0.0774398 0.0742929 0.0432183 0.0257307 0.0485622
internal_count=68 13 55 33 22 10 11 22 14 12 10
is_linear=0
shrinkage=0.05


Tree=383
num_leaves=12
num_cat=0
split_feature=4 4 2 5 2 11 9 7 2 2 0
split_gain=0.192553 0.203907 0.137905 0.172265 0.0627681 0.140404 0.0345959 0.000100345 2.13458e-05 8.77583e-07 1.45099e-09
threshold=329.50000000000006 161.00000000000003 300.00000000000006 0.93301270189221952 675.00000000000011 6.5000000000000009 -0.52414661475995694 6.6500000000000012 1250.0000000000002 1650.0000000000002 1.7249000000000001
decision_type=2 2 2 2 2 2 2 2 2 2 2
left_child=1 2 -1 7 -3 6 -6 -4 -9 -10 -11
right_child=-2 4 3 -5 5 -7 -8 8 9 10 -12
leaf_value=0.042244789347115425 -0.048615097544369566 0.043283653753110968 -0.044100981533748786 0.014476078003119487 -0.00013081119189118254 0.030703202995063163 -0.043003820515293577 -0.042965581189504859 -0.042081713048541441 -0.041753835068278539 -0.041774813045180631
leaf_weight=0.087759183719753997 0.2009724178351463 0.22800773940980434 0.19223288726061583 0.18941781227476895 0.089105278486385942 0.35086655104532838 0.099705720786005259 0.12050523795187473 0.056243026163429022 0.012458038982003927 0.024361901450902224
leaf_count=6 6 6 4 6 3 8 7 4 5 5 8
internal_value=-0.00274786 0.0036065 -0.0162678 -0.0248949 0.0212878 0.0119948 -0.0227708 -0.0432722 -0.0425263 -0.0419575 -0.0417677
internal_weight=1.65164 1.45066 0.682978 0.595219 0.767685 0.539678 0.188811 0.405801 0.213568 0.093063 0.0368199
internal_count=68 62 38 32 24 18 10 26 22 18 13
is_linear=0
shrinkage=0.05


Tree=384
num_leaves=13
num_cat=0
split_feature=4 2 4 5 12 7 12 8 5 2 2 6
split_gain=0.175515 0.201922 0.203709 0.107778 0.0472193 0.0257543 0.0213642 0.0166951 0.000164901 2.35304e-05 1.05867e-06 1.80127e-08
threshold=352.00000000000006 1350.0000000000002 161.00000000000003 -0.6830127018922193 94.500000000000014 7.6500000000000012 56.000000000000007 1.0000000180025095e-35 0.93301270189221952 1650.0000000000002 2950.0000000000005 0.6830127018922193
decision_type=2 2 2 2 2 2 2 2 2 2 2 2
left_child=1 2 5 -3 8 -1 -7 -4 9 -5 11 -11
right_child=-2 3 7 4 -6 6 -8 -9 -10 10 -12 -13
leaf_value=0.044626292749622605 0.048032352043130243 0.028120326032193995 -0.0012820344140330043 -0.043092462159402878 0.0047638354108300229 0.0020158428281923965 0.035002911164650347 -0.022742850174523911 -0.044838199469605412 -0.041744130458961963 -0.042204227953338613 -0.041810200072965244
leaf_weight=0.27449259534478165 0.20259468909353029 0.074780360329896101 0.14836543798446655 0.13042589789256465 0.058332525659352541 0.084942207438871264 0.11627117451280355 0.23284624284133315 0.16834608372300863 0.017636673990637064 0.022948081139475107 0.024853333830833435
leaf_count=4 2 4 2 7 6 6 6 9 5 8 2 7
internal_value=0.00462741 -0.00186598 0.0128424 -0.0272093 -0.0370014 0.0346656 0.0210774 -0.0143904 -0.0436906 -0.0427043 -0.0419306 -0.0417828
internal_weight=1.55684 1.35424 0.856918 0.497323 0.422543 0.475706 0.201213 0.381212 0.36421 0.195864 0.0654381 0.04249
internal_count=68 66 27 39 35 16 12 11 29 24 17 15
is_linear=0
shrinkage=0.05


Tree=385
num_leaves=12
num_cat=0
split_feature=0 0 0 2 6 10 7 3 2 11 7
split_gain=0.140511 0.125109 9.0476e-06 1.235e-06 1.06948e-06 6.16111e-07 3.45573e-07 7.43634e-08 4.59263e-08 1.63467e-08 2.72402e-09
threshold=10.361300000000002 10.654750000000002 10.381750000000002 1350.0000000000002 0.6830127018922193 4.5000000000000009 7.6500000000000012 5.5000000000000009 1855.0000000000002 6.5000000000000009 10.508333333333335
decision_type=2 2 2 2 2 2 2 2 2 2 2
left_child=3 2 -2 7 8 6 -5 10 -3 -9 -1
right_child=1 4 -4 5 -6 -7 -8 9 -10 -11 -12
leaf_value=-0.041768380816396028 0.042023354239659326 -0.041851970409199857 0.042802274295709195 -0.042073052474579577 -0.042231586828323453 -0.042182842764578697 -0.041786867805986755 -0.041831720224707908 -0.041736192375370601 -0.04188813613020146 -0.04173459927522892
leaf_weight=0.015950648114085197 0.07953211385756731 0.023363448679447174 0.070176555775105953 0.022454503923654556 0.025306607596576214 0.066171426908113062 0.019893917953595519 0.025423403829336166 0.013523295521736145 0.025941943749785423 0.0095345765585079789
leaf_count=6 8 5 3 2 3 9 9 6 7 5 5
internal_value=-0.0101862 0.0176259 0.0423885 -0.0419789 -0.0419813 -0.0420875 -0.0419386 -0.0418256 -0.0418095 -0.0418602 -0.0417557
internal_weight=0.397272 0.211902 0.149709 0.18537 0.0621934 0.10852 0.0423484 0.0768506 0.0368867 0.0513653 0.0254852
internal_count=68 26 11 42 15 20 11 22 12 11 11
is_linear=0
shrinkage=0.05


Tree=386
num_leaves=12
num_cat=0
split_feature=2 12 4 7 5 11 4 2 2 12 3
split_gain=0.14874 5.18321e-08 2.54186e-08 1.17736e-08 1.06884e-08 1.31708e-08 4.07204e-09 2.19932e-09 1.55547e-09 8.21608e-10 2.52076e-11
threshold=2950.0000000000005 11.500000000000002 352.00000000000006 6.041666666666667 -0.24999999999999994 6.5000000000000009 196.00000000000003 1650.0000000000002 300.00000000000006 40.000000000000007 2.5000000000000004
decision_type=2 2 2 2 2 2 2 2 2 2 2
left_child=1 3 4 -1 5 -3 -5 8 -6 -10 -9
right_child=-2 2 -4 6 7 -7 -8 10 9 -11 -12
leaf_value=-0.041868056584849184 0.034937110638562488 -0.041701378868359389 -0.041843533240403345 -0.041776703439319045 -0.041693936690013977 -0.041785970285744115 -0.041820843120976205 -0.041682901635722212 -0.041736485121382866 -0.04171376726648654 -0.041688368007943802
leaf_weight=0.008564305491745472 0.24773594923317432 0.0073161181644536546 0.0050507513806223861 0.010604615905322134 0.0060135769308544687 0.012401527084875852 0.010300148162059486 0.0041904546378646046 0.0070842772838659576 0.0090821434860117733 0.0042458344250917435
leaf_count=2 4 9 1 6 8 6 4 9 4 8 7
internal_value=0.015368 -0.0417651 -0.0417366 -0.0418187 -0.0417259 -0.0417546 -0.0417985 -0.0417074 -0.0417156 -0.0417237 -0.0416857
internal_weight=0.33259 0.0848538 0.0553847 0.0294691 0.0503339 0.0197176 0.0209048 0.0306163 0.02218 0.0161664 0.00843629
internal_count=68 64 52 12 51 15 10 36 20 12 16
is_linear=0
shrinkage=0.05


Tree=387
num_leaves=13
num_cat=0
split_feature=4 13 0 7 7 3 0 0 4 5 9 4
split_gain=0.220115 0.0508793 0.0324874 0.0266292 0.0392598 3.16617e-06 8.82702e-07 5.20566e-07 3.313e-07 2.20478e-07 2.54192e-08 2.04279e-09
threshold=41.000000000000007 1.0000000180025095e-35 10.654750000000002 6.6500000000000012 7.6500000000000012 4.5000000000000009 11.100500000000002 5.1314000000000011 64.000000000000014 1.0000000180025095e-35 -0.48574157668954127 196.00000000000003
decision_type=2 2 2 2 2 2 2 2 2 2 2 2
left_child=3 5 -3 -1 -5 6 8 10 -2 -9 11 -7
right_child=1 2 -4 4 -6 7 -8 9 -10 -11 -12 -13
leaf_value=0.047426092848107143 -0.042301273766040877 -0.041743106981646724 0.042064745172085236 0.041962976646437306 -0.04182997255861063 -0.041823171204959826 -0.042477366409015255 -0.042103474462607593 -0.042060743281223417 -0.041924446010314996 -0.041872737127267995 -0.0417984425128426
leaf_weight=0.14168622996658087 0.028616339899599552 0.017731815110892057 0.033240352757275105 0.033588519785553217 0.023943859618157148 0.015785261522978544 0.044734247028827667 0.045039108372293413 0.028647578903473914 0.027819703333079815 0.031319598550908267 0.017733753891661763
leaf_count=2 4 9 3 4 9 4 2 6 6 6 7 6
internal_value=-0.00470628 -0.0324531 0.0129103 0.0357774 0.00708998 -0.0420998 -0.0423109 -0.0419434 -0.0421809 -0.0420351 -0.0418404 -0.0418101
internal_weight=0.489886 0.290668 0.0509722 0.199219 0.0575324 0.239696 0.101998 0.137697 0.0572639 0.0728588 0.0648386 0.033519
internal_count=68 53 12 15 13 41 12 29 10 12 17 10
is_linear=0
shrinkage=0.05


Tree=388
num_leaves=11
num_cat=0
split_feature=0 2 2 7 0 2 12 2 3 7
split_gain=0.317596 6.02234e-06 1.40625e-06 1.10821e-06 1.65777e-06 7.54298e-08 6.72728e-08 2.82102e-08 7.83758e-10 4.90252e-11
threshold=1.9456500000000003 1550.0000000000002 1350.0000000000002 6.041666666666667 5.8354500000000007 300.00000000000006 40.000000000000007 1855.0000000000002 7.5000000000000009 7.0750000000000011
decision_type=2 2 2 2 2 2 2 2 2 2
left_child=1 -1 5 -4 -5 -2 -7 -6 9 -9
right_child=2 -3 3 4 7 6 -8 8 -10 -11
leaf_value=0.042646178411373477 -0.041760097904356204 0.042101491121771195 -0.042417594207693254 -0.042148416636102436 -0.041824704168601012 -0.041895345568877432 -0.041799915353667713 -0.041723427838796207 -0.041737818808856672 -0.041718238782515599
leaf_weight=0.098440011963248253 0.023168923449702561 0.10474387276917696 0.020867731422185898 0.083509671501815319 0.0098657909547910094 0.053367494139820337 0.028239606646820903 0.0081375555600970984 0.010154129122383893 0.010329884011298418
leaf_count=4 9 9 1 8 3 9 8 5 5 7
internal_value=-0.00396542 0.0423654 -0.0419788 -0.0420809 -0.0420233 -0.0418397 -0.0418623 -0.0417518 -0.0417267 -0.0417205
internal_weight=0.450825 0.203184 0.247641 0.142865 0.121997 0.104776 0.0816071 0.0384874 0.0286216 0.0184674
internal_count=68 13 55 29 28 26 17 20 17 12
is_linear=0
shrinkage=0.05


Tree=389
num_leaves=12
num_cat=0
split_feature=4 4 2 5 2 11 9 7 2 2 0
split_gain=0.175744 0.183617 0.128066 0.159461 0.0607207 0.126728 0.0336024 7.79954e-05 1.64917e-05 7.5342e-07 1.13063e-09
threshold=329.50000000000006 161.00000000000003 300.00000000000006 0.93301270189221952 675.00000000000011 6.5000000000000009 -0.52414661475995694 6.6500000000000012 1250.0000000000002 1650.0000000000002 1.7249000000000001
decision_type=2 2 2 2 2 2 2 2 2 2 2
left_child=1 2 -1 7 -3 6 -6 -4 -9 -10 -11
right_child=-2 4 3 -5 5 -7 -8 8 9 10 -12
leaf_value=0.042207524557954165 -0.048026845406483887 0.043169956756274018 -0.043900380384501364 0.013802106102859923 5.6151827640332399e-06 0.029769369688906921 -0.04295022366373042 -0.042862186802767023 -0.042061164106876388 -0.041746861983310152 -0.041766164538704541
leaf_weight=0.082444651052355544 0.18789348786231141 0.21303352899849415 0.17797616450116038 0.18256312096491456 0.088522522244602442 0.33325365581549704 0.093733122106641531 0.11135409772396088 0.053298801649361849 0.011465401388704777 0.022422987036406994
leaf_count=6 6 6 4 6 3 8 7 4 5 5 8
internal_value=-0.00268006 0.00353888 -0.0159675 -0.0245462 0.0207154 0.011436 -0.0220863 -0.0431403 -0.042459 -0.041944 -0.0417596
internal_weight=1.55796 1.37007 0.641525 0.559081 0.728543 0.515509 0.182256 0.376517 0.198541 0.0871872 0.0338884
internal_count=68 62 38 32 24 18 10 26 22 18 13
is_linear=0
shrinkage=0.05


Tree=390
num_leaves=11
num_cat=0
split_feature=2 3 5 0 9 7 5 2 0 2
split_gain=0.204286 0.0808958 0.0871208 0.167609 0.0629251 0.127682 0.000141151 1.35746e-06 5.28879e-09 1.44948e-09
threshold=1855.0000000000002 11.500000000000002 0.68301270189221941 5.1314000000000011 -0.16708397168011488 8.4166666666666696 0.93301270189221952 2950.0000000000005 11.102200000000002 2590.0000000000005
decision_type=2 2 2 2 2 2 2 2 2 2
left_child=1 2 3 4 5 -1 7 8 9 -2
right_child=6 -3 -4 -5 -6 -7 -8 -9 -10 -11
leaf_value=0.028812729684687052 -0.041763803565535065 0.046855673633872434 0.035167669473872863 -0.042837423406809537 0.044409158627556303 -0.04243503556315005 -0.044949978111937433 -0.04220647555703011 -0.04179341448769347 -0.041740625556689788
leaf_weight=0.17406977375503618 0.018807215616107098 0.19179250672459602 0.25468025263398886 0.16321720299310982 0.13905891776084889 0.098444625968113542 0.084969434654340148 0.029937108047306538 0.013391627813689411 0.010517386021092534
leaf_count=5 7 2 7 9 2 8 2 2 4 5
internal_value=0.00941366 0.0175907 0.0108239 3.7595e-05 0.0170405 0.00307479 -0.0435664 -0.0419483 -0.0417674 -0.0417555
internal_weight=1.17889 1.02126 0.829471 0.574791 0.411573 0.272514 0.157623 0.0726533 0.0427162 0.0293246
internal_count=53 33 31 24 15 13 20 18 16 12
is_linear=0
shrinkage=0.05


Tree=391
num_leaves=10
num_cat=0
split_feature=13 12 0 7 2 6 0 9 9
split_gain=0.0743621 0.0173597 0.0215506 0.000842951 1.17963e-06 5.73881e-07 7.18058e-07 1.78897e-08 1.31251e-08
threshold=1.0000000180025095e-35 72.000000000000014 10.363450000000002 7.6500000000000012 1550.0000000000002 0.6830127018922193 4.5639000000000012 -0.35824514579943006 -0.69930991848440827
decision_type=2 2 2 2 2 2 2 2 2
left_child=1 4 -3 -2 7 6 -6 8 -1
right_child=3 2 -4 -5 5 -7 -8 -9 -10
leaf_value=-0.041812112095023515 0.02192322137872248 -0.041920086949623639 0.018861805402172319 0.033990826292114237 -0.042167725691941403 -0.042248158630518937 -0.041792704205673645 -0.041841807088053184 -0.041741528380094824
leaf_weight=0.017110642045736313 0.022852553054690361 0.027582155424170196 0.030943451914936304 0.039456050959415734 0.027773973532021046 0.039873714675195515 0.023618121049366891 0.027509418083354831 0.010707756271585822
leaf_count=5 4 7 4 6 3 5 8 6 5
internal_value=-0.018273 -0.0328046 -0.0097837 0.0295649 -0.0419954 -0.0421058 -0.0419954 -0.0418132 -0.0417849
internal_weight=0.267428 0.205119 0.0585256 0.0623086 0.146594 0.0912658 0.0513921 0.0553278 0.0278184
internal_count=53 43 11 10 32 16 11 16 10
is_linear=0
shrinkage=0.05


Tree=392
num_leaves=11
num_cat=0
split_feature=2 7 4 0 7 2 7 0 2 3
split_gain=0.146374 3.85849e-08 1.60442e-08 1.08998e-08 4.79532e-09 2.70447e-09 8.09721e-10 1.8201e-09 2.0532e-10 2.22774e-11
threshold=2950.0000000000005 6.041666666666667 196.00000000000003 4.4118000000000004 16.041666666666668 1650.0000000000002 7.6500000000000012 4.4709500000000011 400.00000000000006 3.5000000000000004
decision_type=2 2 2 2 2 2 2 2 2 2
left_child=1 -1 5 -4 -5 6 -3 -8 -9 -7
right_child=-2 2 3 4 -6 9 7 8 -10 -11
leaf_value=-0.041861000317255211 0.046828332407390566 -0.041736483118278676 -0.04169924584882443 -0.041763070367266064 -0.041812731586953797 -0.041682108105171797 -0.041735551639815967 -0.041691562130404647 -0.041707365523142907 -0.041687721871270567
leaf_weight=0.0072859348729252807 0.21757018193602562 0.0058848279295489183 0.004787743469933047 0.012015138694550842 0.0081637951079756021 0.0035213170922361306 0.0059225765289738783 0.0042504790471866727 0.0039795541088096797 0.0035477507917676121
leaf_count=2 3 3 7 9 2 8 3 6 4 6
internal_value=0.0278411 -0.0417532 -0.0417382 -0.0417671 -0.0417832 -0.0417115 -0.0417209 -0.0417144 -0.0416992 -0.0416849
internal_weight=0.276929 0.0593591 0.0520732 0.0249667 0.0201789 0.0271065 0.0200374 0.0141526 0.00823003 0.00706907
internal_count=53 50 48 18 11 30 16 13 10 14
is_linear=0
shrinkage=0.05


Tree=393
num_leaves=9
num_cat=0
split_feature=0 4 13 5 4 7 6 11
split_gain=0.173964 0.0346733 0.0100568 1.3803e-06 4.42837e-07 2.78653e-07 2.137e-08 9.46152e-09
threshold=11.100500000000002 46.000000000000007 1.0000000180025095e-35 0.93301270189221952 317.50000000000006 7.6500000000000012 -0.9330127018922193 6.5000000000000009
decision_type=2 2 2 2 2 2 2 2
left_child=2 -2 3 4 5 -1 -7 -8
right_child=1 -3 -4 -5 -6 6 7 -9
leaf_value=-0.041968367649917876 0.042158417786935659 0.003776204175142166 -0.0059303473676438692 -0.042315835198952156 -0.042128194093246495 -0.041842999018701664 -0.04179672211652273 -0.0417490705954984
leaf_weight=0.03850535477977246 0.16622319025918841 0.091082029975950718 0.022370671038515866 0.024630550993606448 0.018656172440387309 0.017849473049864173 0.026626565377227962 0.017111741937696934
leaf_count=6 6 6 8 2 4 4 9 8
internal_value=0.00283789 0.0285717 -0.0371104 -0.0419752 -0.0419045 -0.0418629 -0.0417969 -0.0417781
internal_weight=0.423056 0.257305 0.165751 0.14338 0.118749 0.100093 0.0615878 0.0437383
internal_count=53 12 41 33 31 27 21 17
is_linear=0
shrinkage=0.05


Tree=394
num_leaves=10
num_cat=0
split_feature=0 7 0 9 2 0 5 7 3
split_gain=0.210557 1.02791e-06 7.24759e-07 7.74045e-07 5.56117e-08 1.74358e-08 1.69962e-08 3.4774e-10 1.54402e-10
threshold=1.9456500000000003 6.041666666666667 5.8354500000000007 -0.49524719222984687 1855.0000000000002 4.4118000000000004 0.68301270189221941 8.4166666666666696 6.5000000000000009
decision_type=2 2 2 2 2 2 2 2 2
left_child=-1 -2 3 5 6 -3 -4 8 -6
right_child=1 2 4 -5 7 -7 -8 -9 -10
leaf_value=0.042346904624019951 -0.042277098801115714 -0.04184889492684598 -0.04178582877994147 -0.042097625352007409 -0.041717210756446167 -0.041781408082102997 -0.041855936328841326 -0.041734097730744157 -0.041727136943666858
leaf_weight=0.12106080912053585 0.022517242236062884 0.020152570679783821 0.016299329581670463 0.068096615839749575 0.0072158492403104893 0.018226795131340623 0.018408696400001645 0.011270941933616996 0.0085711759747937322
leaf_count=8 2 4 6 7 5 6 4 6 5
internal_value=-0.00922864 -0.0419598 -0.0419174 -0.0419964 -0.0417811 -0.0418168 -0.041823 -0.0417274 -0.0417226
internal_weight=0.31182 0.190759 0.168242 0.106476 0.061766 0.0383794 0.034708 0.027058 0.015787
internal_count=53 45 43 17 26 10 10 16 10
is_linear=0
shrinkage=0.05


Tree=395
num_leaves=12
num_cat=0
split_feature=2 6 9 12 12 7 9 2 12 12 2
split_gain=0.196849 0.185691 0.0697948 0.0424778 0.0721117 0.00120318 3.73348e-05 4.55277e-06 4.06079e-06 6.23579e-08 2.50788e-08
threshold=300.00000000000006 -0.68301270189221952 -0.24825246871434689 40.000000000000007 43.000000000000007 16.041666666666668 -0.11318597237013776 1855.0000000000002 32.500000000000007 20.500000000000004 1550.0000000000002
decision_type=2 2 2 2 2 2 2 2 2 2 2
left_child=-1 2 -2 5 -5 6 7 -3 9 -9 -6
right_child=1 3 -4 4 10 -7 -8 8 -10 -11 -12
leaf_value=0.042636981684073809 0.023035048990219457 -0.042693933785817012 -0.020356158793660692 0.043165296288630722 -0.041993603682032046 -0.048421479568179056 -0.04368797907144354 -0.041901627402247975 -0.042652861566769097 -0.041768886599676737 -0.041930742674111773
leaf_weight=0.14737446140497923 0.24688497046008706 0.13073862402234226 0.14836790785193443 0.040215693414211273 0.027233424596488476 0.14895193721167743 0.10589881613850594 0.024872441776096821 0.027104157954454422 0.013732374180108309 0.038014415185898542
leaf_count=7 9 6 3 1 3 2 2 6 1 5 8
internal_value=-0.011137 -0.0194613 0.00674709 -0.038067 -0.00949788 -0.0447433 -0.0429312 -0.0425233 -0.0421838 -0.0418544 -0.041957
internal_weight=1.09939 0.952015 0.395253 0.556762 0.105464 0.451298 0.302346 0.196448 0.065709 0.0386048 0.0652478
internal_count=53 46 12 34 12 22 20 18 12 11 11
is_linear=0
shrinkage=0.05


Tree=396
num_leaves=11
num_cat=0
split_feature=2 10 7 14 0 7 0 0 0 2
split_gain=0.187507 0.0731771 0.11789 0.0832547 0.0589928 0.0134517 0.000107789 1.03936e-06 4.0587e-09 9.29742e-10
threshold=1855.0000000000002 4.5000000000000009 7.0750000000000011 1.0000000180025095e-35 5.1314000000000011 7.6500000000000012 4.5639000000000012 10.361300000000002 11.102200000000002 2590.0000000000005
decision_type=2 2 2 2 2 2 2 2 2 2
left_child=1 2 -1 5 -3 -4 -2 -8 9 -9
right_child=6 4 3 -5 -6 -7 7 8 -10 -11
leaf_value=-0.043032398454187687 -0.04464848839527695 0.012177034759402662 0.043997054831646856 -0.019024796121539789 0.047974484755280621 0.021835171119269105 -0.042161101334983346 -0.041755502198056363 -0.041780781260281119 -0.041735617032326033
leaf_weight=0.10509970784187317 0.079896426759660244 0.21207747608423233 0.11969324946403503 0.11625397903844714 0.25165784591808915 0.15999807277694345 0.027481303550302982 0.014679772662930191 0.014693123404867947 0.0098039922304451466
leaf_count=3 2 9 2 7 3 9 2 6 5 5
internal_value=0.00928527 0.0172899 0.00404222 0.0165377 0.0316034 0.0313193 -0.0434099 -0.0419254 -0.04176 -0.0417475
internal_weight=1.11133 0.96478 0.501045 0.395945 0.463735 0.279691 0.146555 0.0666582 0.0391769 0.0244838
internal_count=53 33 21 18 12 11 20 18 16 11
is_linear=0
shrinkage=0.05


Tree=397
num_leaves=8
num_cat=0
split_feature=0 0 7 2 10 2 3
split_gain=0.0546737 0.0896253 7.94504e-07 7.10504e-07 4.32412e-07 1.72752e-08 1.10245e-08
threshold=10.361300000000002 10.654750000000002 6.041666666666667 1350.0000000000002 4.5000000000000009 1855.0000000000002 5.5000000000000009
decision_type=2 2 2 2 2 2 2
left_child=3 -2 -3 6 -5 -4 -1
right_child=1 2 5 4 -6 -7 -8
leaf_value=-0.041752973954683643 0.041987739656762918 -0.042174498825842614 -0.04182915119883171 -0.041914139856677378 -0.042147795234735858 -0.041759133573823291 -0.041805445535889996
leaf_weight=0.01575241913087666 0.071571883279830217 0.021159204188734293 0.015237529529258609 0.037293352885171771 0.042215092689730227 0.020882332231849432 0.027462051250040531
leaf_count=7 8 2 4 9 6 9 8
internal_value=-0.0180655 0.00468263 -0.0419312 -0.0419495 -0.0420382 -0.0417887 -0.0417863
internal_weight=0.251574 0.128851 0.0572791 0.122723 0.0795084 0.0361199 0.0432145
internal_count=53 23 15 30 15 13 15
is_linear=0
shrinkage=0.05


Tree=398
num_leaves=10
num_cat=0
split_feature=2 7 4 0 7 2 10 9 3
split_gain=0.135128 3.06675e-08 1.29861e-08 8.82148e-09 3.65182e-09 2.20616e-09 7.80599e-10 1.06516e-09 2.19534e-11
threshold=2950.0000000000005 6.041666666666667 196.00000000000003 4.4118000000000004 16.041666666666668 1650.0000000000002 4.5000000000000009 -0.35824514579943006 3.5000000000000004
decision_type=2 2 2 2 2 2 2 2 2
left_child=1 -1 5 -4 -5 6 7 -3 -7
right_child=-2 2 3 4 -6 8 -8 -9 -10
leaf_value=-0.041847129347477953 0.046398649173766342 -0.041690688792189616 -0.041696866708002378 -0.041757302638752353 -0.041802198901005477 -0.041680920906439316 -0.041727391685260844 -0.041724968915278604 -0.041686682743598442
leaf_weight=0.0067593499552458516 0.2029515728354454 0.0047781628090888244 0.0044229891500435761 0.011281173618044704 0.0075676012784242621 0.0032536571379750958 0.0095996041782200336 0.0043101875926367956 0.0033607917430344969
leaf_count=2 3 7 7 9 2 8 6 3 6
internal_value=0.0275148 -0.0417473 -0.0417335 -0.0417604 -0.0417753 -0.0417087 -0.0417174 -0.0417069 -0.0416838
internal_weight=0.258285 0.0553335 0.0485742 0.0232718 0.0188488 0.0253024 0.018688 0.00908835 0.00661445
internal_count=53 50 48 18 11 30 16 10 14
is_linear=0
shrinkage=0.05


Tree=399
num_leaves=8
num_cat=0
split_feature=4 2 2 4 3 2 9
split_gain=0.129194 0.0554828 0.0400133 0.00503358 1.32982e-06 2.12039e-07 6.05503e-08
threshold=41.000000000000007 1855.0000000000002 2850.0000000000005 113.00000000000001 4.5000000000000009 1350.0000000000002 -0.16708397168011488
decision_type=2 2 2 2 2 2 2
left_child=-1 4 3 -3 -2 6 -6
right_child=1 2 -4 -5 5 -7 -8
leaf_value=0.036435233404696003 -0.042251814395567446 0.042077915303017355 -0.042159281112383054 0.015080998975754696 -0.041798962243217094 -0.042009934690025841 -0.041919509650099496
leaf_weight=0.16576189291663468 0.051589552778750658 0.033018750138580799 0.028815868194215 0.036190143786370754 0.024253390671219677 0.041174214333295822 0.018259472213685513
leaf_count=11 7 3 5 8 8 8 3
internal_value=0.00268426 -0.021296 0.00734801 0.0279609 -0.0420521 -0.0419291 -0.0418507
internal_weight=0.399063 0.233301 0.0980248 0.0692089 0.135277 0.0836871 0.0425129
internal_count=53 42 16 11 26 19 11
is_linear=0
shrinkage=0.05


Tree=400
num_leaves=10
num_cat=0
split_feature=0 7 0 9 2 0 5 4 0
split_gain=0.195624 8.15829e-07 5.80828e-07 6.24361e-07 4.63537e-08 1.4753e-08 1.17801e-08 3.31308e-10 2.92046e-10
threshold=1.9456500000000003 6.041666666666667 5.8354500000000007 -0.49524719222984687 1855.0000000000002 4.4118000000000004 0.68301270189221941 91.500000000000014 10.654750000000002
decision_type=2 2 2 2 2 2 2 2 2
left_child=-1 -2 3 5 6 -3 -4 -6 -9
right_child=1 2 4 -5 7 -7 -8 8 -10
leaf_value=0.042304142892777195 -0.042232886676438819 -0.041837060879065385 -0.04178224591550582 -0.042068016876577463 -0.041714348061267503 -0.041772700875302715 -0.041842591851858055 -0.041721995269702286 -0.041734723919232858
leaf_weight=0.11251232121139765 0.020895791240036488 0.018829724751412868 0.015370303299278021 0.063378535211086273 0.0067977348808199159 0.016891692648641765 0.017066685482859612 0.010921392124146223 0.0076719585340470067
leaf_count=8 2 4 6 7 5 6 4 7 4
internal_value=-0.00929297 -0.0419394 -0.0419003 -0.0419738 -0.0417744 -0.0418066 -0.041814 -0.0417238 -0.0417272
internal_weight=0.290336 0.177824 0.156928 0.0991 0.0578281 0.0357214 0.032437 0.0253911 0.0185934
internal_count=53 45 43 17 26 10 10 16 11
is_linear=0
shrinkage=0.05


Tree=401
num_leaves=11
num_cat=0
split_feature=2 4 4 7 4 7 2 2 2 4
split_gain=0.182676 0.102817 0.178471 0.0686259 0.0829644 4.65451e-05 6.02848e-06 3.29698e-06 4.82671e-07 5.1723e-09
threshold=300.00000000000006 161.00000000000003 295.00000000000006 7.0750000000000011 196.00000000000003 6.6500000000000012 1250.0000000000002 2950.0000000000005 1650.0000000000002 80.000000000000014
decision_type=2 2 2 2 2 2 2 2 2 2
left_child=-1 5 3 -3 -5 -2 -7 8 -8 -10
right_child=1 2 -4 4 -6 6 7 -9 9 -11
leaf_value=0.04257307575288842 -0.043596872901756858 0.044240827494997553 -0.046157257455981107 0.032489726663452824 -0.022912655331568839 -0.042744753616628356 -0.04204374495091924 -0.04257820696183081 -0.041749008182584368 -0.041788618670537507
leaf_weight=0.13855251204222441 0.15207141265273094 0.117009487003088 0.19643171702045947 0.11091303895227611 0.17292997986078262 0.058802172541618347 0.031196924857795238 0.025140374898910522 0.015983849414624274 0.017014065524563193
leaf_count=7 3 2 12 6 5 2 3 1 7 5
internal_value=-0.0108624 -0.0191117 -0.0071137 0.012019 -0.00126391 -0.0429824 -0.0423516 -0.0420928 -0.0419027 -0.0417694
internal_weight=1.03605 0.897493 0.597284 0.400853 0.283843 0.300209 0.148137 0.0893352 0.0641948 0.0329979
internal_count=53 46 25 13 11 21 18 16 15 12
is_linear=0
shrinkage=0.05


Tree=402
num_leaves=11
num_cat=0
split_feature=2 10 0 12 0 9 5 2 0 2
split_gain=0.17059 0.0659737 0.0969104 0.0652557 0.0555859 0.0200528 8.63773e-05 7.99234e-07 4.54916e-09 9.08439e-10
threshold=1855.0000000000002 4.5000000000000009 5.1314000000000011 12.500000000000002 5.1314000000000011 -0.35824514579943006 0.93301270189221952 2950.0000000000005 11.102200000000002 2590.0000000000005
decision_type=2 2 2 2 2 2 2 2 2 2
left_child=1 2 5 -4 -3 -1 7 8 9 -2
right_child=6 4 3 -5 -6 -7 -8 -9 -10 -11
leaf_value=0.011764509280362601 -0.041749914783968729 0.011665539789555566 0.012009317643860052 -0.042522072613644463 0.047325408082360382 0.040122747384554222 -0.044434077758429183 -0.042119672079041874 -0.041780303667453056 -0.041730103392339998
leaf_weight=0.1300263290759176 0.016133535769768059 0.20394824224058539 0.093939036130905151 0.13188072619959712 0.23543206625618041 0.1197507563047111 0.073378948378376663 0.025229134596884251 0.011924698366783559 0.0090222249273210764
leaf_count=7 7 9 2 9 3 3 2 2 4 5
internal_value=0.00904603 0.0168046 0.00389979 -0.0198375 0.0307731 0.0253603 -0.0432716 -0.0419026 -0.0417549 -0.0417428
internal_weight=1.05067 0.914977 0.475597 0.22582 0.43938 0.249777 0.135689 0.0623096 0.0370805 0.0251558
internal_count=53 33 21 11 12 10 20 18 16 12
is_linear=0
shrinkage=0.05


Tree=403
num_leaves=10
num_cat=0
split_feature=13 12 0 7 2 6 0 9 9
split_gain=0.0637793 0.0156252 0.0188844 0.000856264 7.53975e-07 3.77451e-07 4.49641e-07 1.04046e-08 9.18723e-09
threshold=1.0000000180025095e-35 72.000000000000014 10.363450000000002 7.6500000000000012 1550.0000000000002 0.6830127018922193 4.5639000000000012 -0.35824514579943006 -0.69930991848440827
decision_type=2 2 2 2 2 2 2 2 2
left_child=1 4 -3 -2 7 6 -6 8 -1
right_child=3 2 -4 -5 5 -7 -8 -9 -10
leaf_value=-0.041794677454662185 0.020725484208238762 -0.0418872979039406 0.01849771100837613 0.033563327889389427 -0.042096041966588033 -0.042169202816707829 -0.041776708894569407 -0.041817161097687003 -0.041731340949898221
leaf_weight=0.015037765610031784 0.020637450274080038 0.024080418865196407 0.028005082160234451 0.03504492889624089 0.023875463288277388 0.034452558844350278 0.020478580496273935 0.023640720522962511 0.0092458280269056559
leaf_count=5 4 7 4 6 3 5 8 6 5
internal_value=-0.0179235 -0.0324746 -0.00941978 0.0288053 -0.0419499 -0.042045 -0.0419486 -0.0417935 -0.0417706
internal_weight=0.234499 0.178816 0.0520855 0.0556824 0.126731 0.0788066 0.044354 0.0479243 0.0242836
internal_count=53 43 11 10 32 16 11 16 10
is_linear=0
shrinkage=0.05


Tree=404
num_leaves=11
num_cat=0
split_feature=2 7 0 0 6 2 0 0 11 5
split_gain=0.124732 2.49773e-08 9.84359e-09 1.61696e-08 3.06731e-09 1.20657e-09 7.03435e-10 5.69787e-10 1.45229e-11 1.63216e-12
threshold=2950.0000000000005 6.041666666666667 5.8354500000000007 5.1314000000000011 0.25000000000000017 1855.0000000000002 11.100500000000002 1.9456500000000003 1.5000000000000002 -1.0000000180025095e-35
decision_type=2 2 2 2 2 2 2 2 2 2
left_child=1 -1 3 4 -3 6 -4 -6 -7 -10
right_child=-2 2 5 -5 7 8 -8 -9 9 -11
leaf_value=-0.041835068239731592 0.046003153148416798 -0.041737120034213371 -0.041697521094857248 -0.041806839218353903 -0.041679052794414702 -0.041685880910122278 -0.04172509230716568 -0.041708031949973336 -0.04168235254974146 -0.041680376550602055
leaf_weight=0.0062947851838544002 0.18937950395047665 0.013395328889600933 0.004962410603184253 0.0080182012170553207 0.00283545596175827 0.0032582729472778729 0.0043337374227121472 0.004221720970235765 0.0022446507355198247 0.0019553969905246067
leaf_count=2 3 8 7 2 8 6 3 4 5 5
internal_value=0.0272376 -0.0417418 -0.0417288 -0.0417467 -0.0417231 -0.0416984 -0.0417104 -0.0416964 -0.0416834 -0.0416814
internal_weight=0.240899 0.05152 0.0452252 0.0284707 0.0204525 0.0167545 0.00929615 0.00705718 0.00745832 0.00420005
internal_count=53 50 48 22 20 26 10 12 16 10
is_linear=0
shrinkage=0.05


Tree=405
num_leaves=10
num_cat=0
split_feature=0 7 7 13 5 4 7 6 11
split_gain=0.148332 0.0295683 0.0187942 0.00887478 8.59293e-07 2.86572e-07 1.71857e-07 1.30151e-08 7.94836e-09
threshold=11.100500000000002 6.041666666666667 7.4000000000000012 1.0000000180025095e-35 0.93301270189221952 317.50000000000006 7.6500000000000012 -0.9330127018922193 6.5000000000000009
decision_type=2 2 2 2 2 2 2 2 2
left_child=3 -2 -3 4 5 6 -1 -8 -9
right_child=1 2 -4 -5 -6 -7 7 8 -10
leaf_value=-0.04192596584642095 0.046387364086312451 -0.0087686554600997103 0.031093142483127192 -0.0064107219609785167 -0.042220781702603051 -0.042065833035687755 -0.041820149092133087 -0.041783922980038801 -0.041737409298740515
leaf_weight=0.033159981947392225 0.10969244688749313 0.06161457346752286 0.056856047362089157 0.020464474393520504 0.02125806687399745 0.016083183640148491 0.015612500719726086 0.023967929184436798 0.014890590449795127
leaf_count=6 1 5 6 8 2 4 4 9 8
internal_value=0.00252803 0.0276815 0.0103617 -0.0369331 -0.0419312 -0.0418718 -0.0418362 -0.0417816 -0.0417661
internal_weight=0.3736 0.228163 0.118471 0.145437 0.124972 0.103714 0.087631 0.054471 0.0388585
internal_count=53 12 11 41 33 31 27 21 17
is_linear=0
shrinkage=0.05


Tree=406
num_leaves=10
num_cat=0
split_feature=0 7 0 9 2 0 5 4 0
split_gain=0.183039 6.66425e-07 4.60329e-07 4.92893e-07 3.63535e-08 1.21977e-08 8.90592e-09 2.69263e-10 2.68838e-10
threshold=1.9456500000000003 6.041666666666667 5.8354500000000007 -0.49524719222984687 1855.0000000000002 4.4118000000000004 0.68301270189221941 91.500000000000014 10.654750000000002
decision_type=2 2 2 2 2 2 2 2 2
left_child=-1 -2 3 5 6 -3 -4 -6 -9
right_child=1 2 4 -5 7 -7 -8 8 -10
leaf_value=0.042262888696068424 -0.042194508620867849 -0.04182667670546248 -0.041774010560877414 -0.042037851413117902 -0.041710752861641005 -0.041766461905243107 -0.041828642407500727 -0.041717570265658241 -0.041730247770629024
leaf_weight=0.10590705741196871 0.019463798264041543 0.01772538828663528 0.014198795659467578 0.058833375107496977 0.0062843029154464594 0.016003622324205935 0.015717499889433384 0.010050098062492907 0.0071617768844589582
leaf_count=8 2 4 6 7 5 6 4 7 4
internal_value=-0.00906297 -0.0419197 -0.041883 -0.0419505 -0.0417662 -0.0417981 -0.0418027 -0.0417196 -0.0417228
internal_weight=0.271346 0.165439 0.145975 0.0925624 0.0534125 0.033729 0.0299163 0.0234962 0.0172119
internal_count=53 45 43 17 26 10 10 16 11
is_linear=0
shrinkage=0.05


Tree=407
num_leaves=12
num_cat=0
split_feature=2 6 0 5 7 8 2 2 2 6 5
split_gain=0.169315 0.15722 0.0441408 0.0422656 0.00071647 3.00759e-05 4.96189e-06 2.65874e-06 4.65272e-07 7.09117e-09 6.58321e-10
threshold=300.00000000000006 -0.68301270189221952 4.4118000000000004 -0.6830127018922193 16.041666666666668 0.99342052987049467 1250.0000000000002 2950.0000000000005 1650.0000000000002 0.25000000000000017 0.68301270189221941
decision_type=2 2 2 2 2 2 2 2 2 2 2
left_child=-1 2 -2 -3 5 6 -5 8 -8 -10 -11
right_child=1 3 -4 4 -6 -7 7 -9 9 10 -12
leaf_value=0.042505590995461501 -0.016661975698698848 -0.0055899343372418087 0.019614394386681687 -0.042581951285102254 -0.047133822933969331 -0.043388464917465307 -0.042004092507740405 -0.042508875030221042 -0.041784100951890918 -0.041728039121974765 -0.041746525172345443
leaf_weight=0.13012665789574385 0.13268773630261421 0.086360903223976493 0.22785518481396139 0.073045285418629646 0.13457004027441144 0.091446615755558014 0.044867930468171835 0.02330397255718708 0.013147075893357396 0.01048084837384522 0.0089104602811858058
leaf_count=7 3 6 9 3 3 2 5 1 4 6 4
internal_value=-0.0105939 -0.0187548 0.00626389 -0.03731 -0.0441623 -0.0426545 -0.0422682 -0.0420407 -0.0418997 -0.0417558 -0.0417365
internal_weight=0.976803 0.846676 0.360543 0.486133 0.399772 0.265202 0.173756 0.10071 0.0774063 0.0325384 0.0193913
internal_count=53 46 12 34 28 25 23 20 19 14 10
is_linear=0
shrinkage=0.05


Tree=408
num_leaves=11
num_cat=0
split_feature=4 9 12 12 9 7 12 6 7 0
split_gain=0.094489 0.0643168 0.0941068 0.110797 0.098015 0.0371166 7.15705e-05 4.30635e-06 2.1098e-07 1.07055e-08
threshold=352.00000000000006 -0.16708397168011488 11.500000000000002 37.500000000000007 -0.27768031003904575 8.4166666666666696 32.500000000000007 -0.68301270189221952 12.000000000000002 11.102200000000002
decision_type=2 2 2 2 2 2 2 2 2 2
left_child=1 2 -1 6 5 -5 7 -4 9 -9
right_child=-2 -3 3 4 -6 -7 -8 8 -10 -11
leaf_value=0.037055258232136956 0.043984264772096361 0.023610240317133574 -0.0424664377108794 0.039003862905265627 -0.042724681300630674 -0.0060675840912895332 -0.044270696648044283 -0.041739971335693099 -0.041997442050118634 -0.041806560334420678
leaf_weight=0.10147504159249365 0.16035662777721882 0.24587265902664512 0.10470805829390883 0.13139703427441418 0.07785437093116343 0.070018447120673954 0.066432863473892212 0.012150862719863653 0.01850266195833683 0.011993755004368722
leaf_count=4 2 7 6 6 6 9 1 6 2 4
internal_value=0.00881233 0.00210122 -0.00679396 -0.0158185 0.00491942 0.0233356 -0.0429082 -0.0422939 -0.0418704 -0.041773
internal_weight=1.00076 0.840406 0.594533 0.493058 0.27927 0.201415 0.213788 0.147355 0.0426473 0.0241446
internal_count=53 51 44 40 21 15 19 18 12 10
is_linear=0
shrinkage=0.05


Tree=409
num_leaves=10
num_cat=0
split_feature=13 12 0 7 2 6 0 7 0
split_gain=0.0588694 0.014988 0.0177818 0.000945283 5.85577e-07 2.99943e-07 3.56508e-07 8.19031e-09 1.57852e-08
threshold=1.0000000180025095e-35 72.000000000000014 10.363450000000002 7.6500000000000012 1550.0000000000002 0.6830127018922193 4.5639000000000012 7.6500000000000012 4.4709500000000011
decision_type=2 2 2 2 2 2 2 2 2
left_child=1 4 -3 -2 7 6 -6 -1 -9
right_child=3 2 -4 -5 5 -7 -8 8 -10
leaf_value=-0.041814986003078841 0.019424129021209754 -0.04187545708513165 0.01811272402067076 0.033163124168296552 -0.042063729370975314 -0.042131141032745095 -0.041768892556645731 -0.041802462824326314 -0.041727367253284388
leaf_weight=0.016414264915511012 0.020017848117277026 0.022697794309351593 0.027105832705274224 0.03342346497811377 0.022091107675805688 0.031870328879449517 0.019132696790620685 0.016542459488846362 0.012128268834203482
leaf_count=4 4 7 4 6 3 5 8 5 7
internal_value=-0.0176916 -0.0322331 -0.00922664 0.0280168 -0.0419285 -0.0420159 -0.0419269 -0.0417868 -0.0417707
internal_weight=0.221424 0.167983 0.0498036 0.0534413 0.118179 0.0730941 0.0412238 0.045085 0.0286707
internal_count=53 43 11 10 32 16 11 16 12
is_linear=0
shrinkage=0.05


Tree=410
num_leaves=10
num_cat=0
split_feature=2 7 4 0 7 2 10 9 3
split_gain=0.115677 1.92713e-08 8.13603e-09 5.57681e-09 2.34458e-09 1.53576e-09 5.67883e-10 7.13571e-10 1.4566e-11
threshold=2950.0000000000005 6.041666666666667 196.00000000000003 4.4118000000000004 16.041666666666668 1650.0000000000002 4.5000000000000009 -0.35824514579943006 3.5000000000000004
decision_type=2 2 2 2 2 2 2 2 2
left_child=1 -1 5 -4 -5 6 7 -3 -7
right_child=-2 2 3 4 -6 8 -8 -9 -10
leaf_value=-0.041821924064934485 0.045640313132615996 -0.041687760881209505 -0.041693608025437326 -0.041745026007046826 -0.041783653020363777 -0.041679021121324468 -0.041720596768539446 -0.041717807057491368 -0.041684064767331136
leaf_weight=0.0058059734292328349 0.17666482180356979 0.0041668523917905969 0.0038524081464856854 0.0098247084824834019 0.0065458749886602155 0.0028124932723585508 0.0085349218570627272 0.0037584098172374087 0.0029153428331483155
leaf_count=2 3 7 7 9 2 8 6 3 6
internal_value=0.0269058 -0.0417365 -0.0417248 -0.0417477 -0.0417605 -0.0417039 -0.0417116 -0.041702 -0.0416816
internal_weight=0.224882 0.048217 0.042411 0.020223 0.0163706 0.022188 0.0164602 0.00792526 0.00572784
internal_count=53 50 48 18 11 30 16 10 14
is_linear=0
shrinkage=0.05


Tree=411
num_leaves=10
num_cat=0
split_feature=0 7 7 13 5 4 7 6 11
split_gain=0.136675 0.0282547 0.0173441 0.00873189 6.71702e-07 2.26531e-07 1.37354e-07 1.14342e-08 6.76723e-09
threshold=11.100500000000002 6.041666666666667 7.4000000000000012 1.0000000180025095e-35 0.93301270189221952 317.50000000000006 7.6500000000000012 -0.9330127018922193 6.5000000000000009
decision_type=2 2 2 2 2 2 2 2 2
left_child=3 -2 -3 4 5 6 -1 -8 -9
right_child=1 2 -4 -5 -6 -7 7 8 -10
leaf_value=-0.041908191352477829 0.04605537889423654 -0.0085912633262489446 0.030553768064275039 -0.0060737907553691378 -0.04217768123359137 -0.042037171838093607 -0.041811878990466109 -0.041776637650716097 -0.041732126402128006
leaf_weight=0.031055316678248346 0.10345374047756195 0.059806445613503456 0.053708701394498348 0.019893833843525499 0.01977123087272048 0.014910518191754818 0.014759961515665054 0.02239184093195945 0.013802737812511623
leaf_count=6 1 5 6 8 2 4 4 9 8
internal_value=0.0024895 0.027155 0.00992987 -0.0366922 -0.0419121 -0.0418579 -0.0418253 -0.0417748 -0.0417597
internal_weight=0.353554 0.216969 0.113515 0.136585 0.116692 0.0969204 0.0820099 0.0509545 0.0361946
internal_count=53 12 11 41 33 31 27 21 17
is_linear=0
shrinkage=0.05


Tree=412
num_leaves=10
num_cat=0
split_feature=0 7 0 2 2 7 5 0 5
split_gain=0.171865 5.14042e-07 3.7024e-07 3.90161e-07 2.98192e-08 9.16716e-09 7.18392e-09 2.11462e-10 5.87749e-11
threshold=1.9456500000000003 6.041666666666667 5.8354500000000007 1350.0000000000002 1855.0000000000002 8.6083333333333361 0.68301270189221941 11.102200000000002 0.25000000000000011
decision_type=2 2 2 2 2 2 2 2 2
left_child=-1 -2 3 5 6 -3 -4 8 -6
right_child=1 2 4 -5 7 -7 -8 -9 -10
leaf_value=0.042226716569941591 -0.042152798674395663 -0.041768696021227542 -0.041767494901387509 -0.042013855318802945 -0.041715580063663188 -0.041821333361545567 -0.041818354903475394 -0.041723115321812394 -0.041709102817456656
leaf_weight=0.0999030158855021 0.017958002397790551 0.016160434577614069 0.01321006438229233 0.053727270569652319 0.0083369057392701507 0.016944322269409895 0.014634932158514857 0.0077267140150070182 0.0060393868479877719
leaf_count=8 2 6 6 7 6 4 4 5 5
internal_value=-0.00889545 -0.0419013 -0.0418683 -0.0419307 -0.0417598 -0.0417956 -0.0417942 -0.0417164 -0.0417129
internal_weight=0.254641 0.154738 0.13678 0.086832 0.049948 0.0331048 0.027845 0.022103 0.0143763
internal_count=53 45 43 17 26 10 10 16 11
is_linear=0
shrinkage=0.05


Tree=413
num_leaves=12
num_cat=0
split_feature=2 6 9 5 7 8 2 2 2 6 5
split_gain=0.154332 0.14457 0.0579633 0.0425999 0.000556494 2.27956e-05 4.27169e-06 2.07739e-06 3.89807e-07 5.66046e-09 5.62651e-10
threshold=300.00000000000006 -0.68301270189221952 -0.24825246871434689 -0.6830127018922193 16.041666666666668 0.99342052987049467 1250.0000000000002 2950.0000000000005 1650.0000000000002 0.25000000000000017 0.68301270189221941
decision_type=2 2 2 2 2 2 2 2 2 2 2
left_child=-1 2 -2 -3 5 6 -5 8 -8 -10 -11
right_child=1 3 -4 4 -6 -7 7 -9 9 10 -12
leaf_value=0.04244320390798284 0.021660851707821692 -0.0045994814209104834 -0.020397699416651514 -0.042531588533683794 -0.04666477554477147 -0.043244391158664436 -0.041984475627236596 -0.042444542972594097 -0.041776291426902083 -0.041724292835069489 -0.041741899891314112
leaf_weight=0.12064921204000711 0.21978307259269059 0.084317095577716827 0.13059531524777412 0.068880235776305199 0.12541531678289175 0.084350589662790298 0.042266715783625841 0.021589167416095734 0.012320228153839707 0.0098181159701198339 0.0084360740147531033
leaf_count=7 9 6 3 3 3 2 5 1 4 6 4
internal_value=-0.010305 -0.0181835 0.00598451 -0.0366969 -0.0439511 -0.0425769 -0.0422322 -0.0420138 -0.0418861 -0.0417501 -0.0417324
internal_weight=0.928421 0.807772 0.350378 0.457394 0.373076 0.247661 0.163311 0.0944303 0.0728411 0.0305744 0.0182542
internal_count=53 46 12 34 28 25 23 20 19 14 10
is_linear=0
shrinkage=0.05


Tree=414
num_leaves=10
num_cat=0
split_feature=2 3 5 0 8 5 2 0 2
split_gain=0.14401 0.0542725 0.0679527 0.128256 0.0520003 5.38296e-05 4.70403e-07 3.07942e-09 8.28197e-10
threshold=1855.0000000000002 11.500000000000002 0.68301270189221941 5.1314000000000011 0.80625269229011354 0.93301270189221952 2950.0000000000005 11.102200000000002 2590.0000000000005
decision_type=2 2 2 2 2 2 2 2 2
left_child=1 2 3 4 -1 6 7 8 -2
right_child=5 -3 -4 -5 -6 -7 -8 -9 -10
leaf_value=-0.0075272425946128901 -0.041743885001812218 0.043076244392345357 0.03428989408401753 -0.042596395049100289 0.031717970915373976 -0.044001087290322122 -0.04204723878841117 -0.041769252703440674 -0.041724055357639636
leaf_weight=0.1436927798204124 0.014938617474399507 0.1509909275919199 0.20160812232643366 0.13047436042688787 0.20457289437763393 0.063159059500321746 0.021269713528454304 0.010792957386001945 0.008131863665767014
leaf_count=9 7 2 7 9 6 2 2 4 5
internal_value=0.00861327 0.015958 0.00993963 -0.000314807 0.0155256 -0.0430046 -0.041863 -0.0417472 -0.0417369
internal_weight=0.949631 0.831339 0.680348 0.47874 0.348266 0.118292 0.0551332 0.0338634 0.0230705
internal_count=53 33 31 24 15 20 18 16 12
is_linear=0
shrinkage=0.05


Tree=415
num_leaves=8
num_cat=0
split_feature=0 0 4 2 10 0 2
split_gain=0.0463391 0.0758159 4.23093e-07 3.54061e-07 2.04766e-07 1.25606e-08 9.87982e-09
threshold=10.361300000000002 10.654750000000002 14.500000000000002 1350.0000000000002 4.5000000000000009 4.4709500000000011 1855.0000000000002
decision_type=2 2 2 2 2 2 2
left_child=3 -2 -3 5 -5 -1 -4
right_child=1 2 6 4 -6 -7 -8
leaf_value=-0.041787171699241808 0.041944100222972472 -0.04209639271866069 -0.041806712787322592 -0.041868019977595469 -0.042047315473000016 -0.041723367456748935 -0.041751661094613098
leaf_weight=0.024829087196849287 0.06151311844587326 0.014902122551575303 0.014436959638260305 0.02995082049164921 0.034003088250756264 0.011189727927558124 0.01871413376647979
leaf_count=8 8 2 4 9 6 7 9
internal_value=-0.0172772 0.00518297 -0.0418751 -0.0418927 -0.0419633 -0.0417674 -0.0417756
internal_weight=0.209539 0.109566 0.0480532 0.0999727 0.0639539 0.0360188 0.0331511
internal_count=53 23 15 30 15 15 13
is_linear=0
shrinkage=0.05


Tree=416
num_leaves=10
num_cat=0
split_feature=2 7 4 0 7 2 10 9 3
split_gain=0.107239 1.48283e-08 6.62119e-09 4.50794e-09 1.86359e-09 1.26752e-09 4.37074e-10 6.11767e-10 1.19592e-11
threshold=2950.0000000000005 6.041666666666667 196.00000000000003 4.4118000000000004 16.041666666666668 1650.0000000000002 4.5000000000000009 -0.35824514579943006 3.5000000000000004
decision_type=2 2 2 2 2 2 2 2 2
left_child=1 -1 5 -4 -5 6 7 -3 -7
right_child=-2 2 3 4 -6 8 -8 -9 -10
leaf_value=-0.041809734953769759 0.045308010450478498 -0.041686499929316126 -0.041692103707484246 -0.041740100683766344 -0.0417757097166786 -0.041678283056684931 -0.041717025539395797 -0.041715175399977343 -0.041683002781012397
leaf_weight=0.0053516299813054493 0.16470661014318466 0.0038971512985881409 0.0035964784037787459 0.0092108439130242914 0.0061126120854169139 0.0026359428302384904 0.0079748553689569235 0.0035581276752054709 0.0027345817070454359
leaf_count=2 3 7 7 9 2 8 6 3 6
internal_value=0.026607 -0.0417316 -0.0417211 -0.0417425 -0.0417543 -0.0417016 -0.0417089 -0.0417002 -0.0416807
internal_weight=0.209779 0.0450722 0.0397206 0.0189199 0.0153235 0.0208007 0.0154301 0.00745528 0.00537052
internal_count=53 50 48 18 11 30 16 10 14
is_linear=0
shrinkage=0.05


Tree=417
num_leaves=10
num_cat=0
split_feature=0 7 7 13 5 4 7 2 0
split_gain=0.126354 0.026874 0.0160999 0.00858266 5.26455e-07 1.81222e-07 1.10072e-07 7.63877e-09 6.33254e-09
threshold=11.100500000000002 6.041666666666667 7.4000000000000012 1.0000000180025095e-35 0.93301270189221952 317.50000000000006 7.6500000000000012 1650.0000000000002 4.4709500000000011
decision_type=2 2 2 2 2 2 2 2 2
left_child=3 -2 -3 4 5 6 -1 8 -8
right_child=1 2 -4 -5 -6 -7 7 -9 -10
leaf_value=-0.041891436763406682 0.045765946471704073 -0.0083644033407746961 0.030111215993990345 -0.0057558540020975855 -0.042138795125249533 -0.042011281455857703 -0.041800055663271045 -0.041731427655822301 -0.041758439291567473
leaf_weight=0.029033741913735867 0.09785722941160202 0.05796372564509511 0.051209890283644199 0.019352272909600288 0.018306449055671692 0.013842843589372933 0.017987054539844394 0.011025386629626155 0.018586393794976175
leaf_count=6 1 5 6 8 2 4 5 7 9
internal_value=0.00258668 0.0267385 0.00968329 -0.0364362 -0.0418943 -0.0418448 -0.0418147 -0.0417679 -0.0417789
internal_weight=0.335165 0.207031 0.109174 0.128134 0.108782 0.0904754 0.0766326 0.0475988 0.0365734
internal_count=53 12 11 41 33 31 27 21 14
is_linear=0
shrinkage=0.05


Tree=418
num_leaves=10
num_cat=0
split_feature=0 7 0 2 2 7 0 0 12
split_gain=0.161127 3.9597e-07 2.9442e-07 3.12961e-07 2.52767e-08 7.38825e-09 4.89677e-09 1.85767e-10 9.34015e-11
threshold=1.9456500000000003 6.041666666666667 5.8354500000000007 1350.0000000000002 1855.0000000000002 8.6083333333333361 10.654750000000002 11.102200000000002 50.000000000000007
decision_type=2 2 2 2 2 2 2 2 2
left_child=-1 -2 3 5 6 -3 -4 8 -6
right_child=1 2 4 -5 7 -7 -8 -9 -10
leaf_value=0.042195959908196905 -0.042114217645712049 -0.041763030040030527 -0.041766120782402535 -0.041989679170161047 -0.041713481105610115 -0.041811700599202736 -0.041809459151821833 -0.041719946775362456 -0.041705010824394748
leaf_weight=0.09405558742582798 0.016557519091293216 0.015319134923629463 0.013263959554024041 0.049908920656889677 0.008029185002669692 0.015880485298112035 0.012815177906304598 0.0073025993769988409 0.0054731128038838514
leaf_count=8 2 6 6 7 6 4 4 5 5
internal_value=-0.00874074 -0.0418841 -0.0418544 -0.041912 -0.0417546 -0.0417878 -0.0417874 -0.0417135 -0.04171
internal_weight=0.238606 0.14455 0.127993 0.0811085 0.046884 0.0311996 0.0260791 0.0208049 0.0135023
internal_count=53 45 43 17 26 10 10 16 11
is_linear=0
shrinkage=0.05


Tree=419
num_leaves=11
num_cat=0
split_feature=6 0 12 12 10 9 4 8 4 7
split_gain=0.125883 0.0884499 0.0429392 0.0291428 0.0141412 0.0216055 0.0056559 0.00518557 0.000324389 5.57715e-06
threshold=-0.68301270189221952 4.4709500000000011 37.500000000000007 43.000000000000007 4.5000000000000009 -0.35824514579943006 14.500000000000002 0.94478581029364217 352.00000000000006 6.6500000000000012
decision_type=2 2 2 2 2 2 2 2 2 2
left_child=1 -1 4 -4 5 -2 -5 -3 9 -6
right_child=2 7 3 6 8 -7 -8 -9 -10 -11
leaf_value=-0.011545628412513604 -0.0020167876663803397 0.027000246069779271 0.015224393195305365 -0.0091326009578889915 -0.043025243786219192 -0.042845483739322961 -0.041866758626129708 0.043762965527481885 -0.04647815696509934 -0.0422760547028143
leaf_weight=0.207447350025177 0.060987501638010144 0.086179680656641722 0.082403836771845818 0.019926793989725411 0.042050249176099896 0.06913085700944066 0.039066623779945076 0.099295131862163544 0.11136575788259506 0.060698336455971003
leaf_count=5 8 8 3 3 3 4 9 2 1 7
internal_value=-0.0101555 0.0108856 -0.0271799 -0.00398189 -0.0367087 -0.0237088 -0.0308098 0.0359743 -0.0446088 -0.0425827
internal_weight=0.878552 0.392922 0.48563 0.141397 0.344233 0.130118 0.0589934 0.185475 0.214114 0.102749
internal_count=53 15 38 15 23 12 12 10 11 10
is_linear=0
shrinkage=0.05


Tree=420
num_leaves=11
num_cat=0
split_feature=12 2 9 7 4 4 0 0 14 0
split_gain=0.105416 0.0814583 0.0835319 0.0449923 0.0383949 0.119533 0.00873528 0.101181 0.00429286 1.37914e-06
threshold=9.5000000000000018 300.00000000000006 -0.77545916233764212 7.0750000000000011 196.00000000000003 161.00000000000003 5.1314000000000011 11.133350000000002 1.0000000180025095e-35 10.361300000000002
decision_type=2 2 2 2 2 2 2 2 2 2
left_child=-1 -2 -3 6 5 8 -4 9 -5 -8
right_child=1 2 3 4 -6 -7 7 -9 -10 -11
leaf_value=-0.028874862302366334 -0.042065779420214937 -0.042378306739005472 0.015626992705495495 0.025036401794568754 0.041639675257789825 -0.042275462361609915 -0.042884396139406533 0.043973328410018095 0.040894168832470677 -0.042458149762895081
leaf_weight=0.17462661792524159 0.061182128498330712 0.054056028602644801 0.082116186618804932 0.064688149490393698 0.29929892346262932 0.066748832352459431 0.033107154071331024 0.059645228087902069 0.12542980478610843 0.044463551021181047
leaf_count=7 9 6 2 8 7 6 1 1 7 9
internal_value=0.00664693 0.0136109 0.0177172 0.0219062 0.0294692 0.0152883 0.00272832 -0.00499083 0.0354985 -0.0426401
internal_weight=1.06536 0.890736 0.829554 0.775498 0.556166 0.256867 0.219332 0.137216 0.190118 0.0775707
internal_count=63 56 47 41 28 21 13 11 15 10
is_linear=0
shrinkage=0.05


Tree=421
num_leaves=12
num_cat=0
split_feature=0 0 10 0 7 2 5 4 11 11 5
split_gain=0.115061 0.0922996 2.54649e-05 4.48342e-07 3.16049e-07 2.07668e-07 4.43457e-08 1.00128e-08 6.10158e-09 4.82007e-09 3.1152e-09
threshold=10.361300000000002 10.654750000000002 4.5000000000000009 5.1314000000000011 6.041666666666667 2590.0000000000005 -0.5 46.000000000000007 6.5000000000000009 1.5000000000000002 0.25000000000000011
decision_type=2 2 2 2 2 2 2 2 2 2 2
left_child=3 2 -2 6 -3 -4 -1 -6 9 -8 -10
right_child=1 4 5 -5 7 -7 8 -9 10 -11 -12
leaf_value=-0.04185164654057065 0.043367434094709882 -0.04203357127696275 0.042064879584269112 -0.041999851592465137 -0.041712519998471406 0.041907617035050887 -0.041757638699743596 -0.041775724569356021 -0.041761491124778574 -0.041800280867582015 -0.041718610240356224
leaf_weight=0.021943201252724975 0.055682879406958818 0.01586112123914063 0.04338356014341116 0.044174391019623727 0.010290370904840529 0.04067273112013936 0.012958017352502793 0.016022910596802831 0.0088894077343866229 0.013563680811785161 0.0080900075263343751
leaf_count=6 2 2 4 9 8 6 6 6 4 4 6
internal_value=-0.00141164 0.0229721 0.0425381 -0.0418768 -0.0418573 0.0419888 -0.0417937 -0.041751 -0.0417645 -0.0417794 -0.0417411
internal_weight=0.291532 0.181914 0.139739 0.109619 0.0421744 0.0840563 0.0654443 0.0263133 0.0435011 0.0265217 0.0169794
internal_count=63 28 12 35 16 10 26 14 20 10 10
is_linear=0
shrinkage=0.05


Tree=422
num_leaves=14
num_cat=0
split_feature=5 2 2 2 12 12 4 4 11 2 2 12 6
split_gain=0.071914 0.0113841 0.0296224 2.00166e-05 1.66053e-08 1.58304e-08 8.14744e-09 3.8036e-09 3.52493e-09 6.54588e-10 6.77503e-10 1.88213e-10 7.93435e-12
threshold=-0.24999999999999994 3350.0000000000005 2950.0000000000005 2950.0000000000005 11.500000000000002 20.500000000000004 352.00000000000006 14.500000000000002 6.5000000000000009 1650.0000000000002 300.00000000000006 40.000000000000007 0.25000000000000017
decision_type=2 2 2 2 2 2 2 2 2 2 2 2 2
left_child=1 2 5 4 7 -1 9 -2 -7 10 -6 -12 -11
right_child=3 -3 -4 -5 6 8 -8 -9 -10 12 11 -13 -14
leaf_value=-0.041820399723450627 -0.041815880342670884 0.042437604970283878 0.042523523040179867 -0.043311773899425442 -0.041683998781555633 -0.04169319923545526 -0.041780592917359693 -0.041758861885230356 -0.041751102707668353 -0.041682051394010378 -0.041714701374727915 -0.041701390373888252 -0.041678129405009368
leaf_weight=0.007801658008247613 0.0042667142115533361 0.04089219868183136 0.02369299903512001 0.043848186731338501 0.004318346531363205 0.0045100353891029954 0.0032632718794047824 0.0093001399363856763 0.006299588072579354 0.002556475199526175 0.0048816945927683264 0.0058237347402609885 0.0026021309022326022
leaf_count=2 1 2 1 1 9 7 1 9 5 6 4 7 8
internal_value=-0.0090104 0.0236255 0.00544126 -0.042589 -0.0417328 -0.0417661 -0.0417073 -0.0417768 -0.0417269 -0.0416954 -0.0417007 -0.0417075 -0.0416801
internal_weight=0.164057 0.0831965 0.0423043 0.0808607 0.0370125 0.0186113 0.0234457 0.0135669 0.0108096 0.0201824 0.0150238 0.0107054 0.00515861
internal_count=63 17 15 46 45 14 35 10 12 34 20 11 14
is_linear=0
shrinkage=0.05


Tree=423
num_leaves=12
num_cat=0
split_feature=4 12 7 0 13 10 3 4 12 12 9
split_gain=0.123082 0.0252504 0.0327688 0.0162282 0.0066404 0.0104491 1.10127e-06 1.43129e-07 6.74986e-08 5.45268e-09 6.93955e-09
threshold=41.000000000000007 11.500000000000002 7.6500000000000012 11.102200000000002 1.0000000180025095e-35 4.5000000000000009 3.5000000000000004 317.50000000000006 72.000000000000014 40.000000000000007 -0.35824514579943006
decision_type=2 2 2 2 2 2 2 2 2 2 2
left_child=1 -1 -3 4 6 -6 -2 8 9 10 -8
right_child=3 2 -4 -5 5 -7 7 -9 -10 -11 -12
leaf_value=0.044114553586314068 -0.042153731511172854 0.041871821278249809 -0.041867749522204942 0.0017067714049278243 0.02601237100904721 -0.041728160189614394 -0.041765469855811643 -0.041970947974845248 -0.041883397738276443 -0.041745234320880925 -0.041811165709196733
leaf_weight=0.1051829787902534 0.042524127871729434 0.023332987446337938 0.023397390788886696 0.032231255434453487 0.0099146615830250084 0.013368647429160774 0.019852020661346614 0.016929310455452651 0.020576846669428051 0.011854401731397957 0.014288289588876069
leaf_count=4 7 4 7 3 3 8 9 3 5 6 4
internal_value=-0.00268031 0.0305273 -5.56686e-05 -0.0304686 -0.0374143 -0.0128824 -0.0419466 -0.0418411 -0.0418081 -0.0417744 -0.0417846
internal_weight=0.333453 0.151913 0.0467304 0.18154 0.149308 0.0232833 0.126025 0.0835009 0.0665716 0.0459947 0.0341403
internal_count=63 15 11 48 45 11 34 27 24 19 13
is_linear=0
shrinkage=0.05


Tree=424
num_leaves=12
num_cat=0
split_feature=0 12 4 2 0 7 8 6 0 2 12
split_gain=0.16643 4.38655e-07 3.04165e-07 2.34612e-07 8.03707e-08 7.84367e-08 1.30442e-08 1.05866e-08 2.54548e-09 6.37395e-10 9.86604e-11
threshold=1.9456500000000003 11.500000000000002 352.00000000000006 1550.0000000000002 9.1832000000000011 7.4000000000000012 0.99342052987049467 -0.9330127018922193 4.5639000000000012 1855.0000000000002 32.500000000000007
decision_type=2 2 2 2 2 2 2 2 2 2 2
left_child=-1 3 4 -2 5 -3 9 -7 -9 -6 -11
right_child=1 2 -4 -5 6 7 -8 8 -10 10 -12
leaf_value=0.042231606902858349 -0.041855460249702048 -0.041896711963307846 -0.042060633170710231 -0.042075393236718765 -0.04172133297498945 -0.041810411080525758 -0.041791175025282151 -0.04177260101171236 -0.041739330639460587 -0.04170997351836795 -0.041702518484694057
leaf_weight=0.093682066071778536 0.019649216672405601 0.021517715882509947 0.011134644038975239 0.031669182353653014 0.012343459064140916 0.014498630654998124 0.0063992650248110286 0.011422375100664794 0.011574768810532987 0.0096943208482116461 0.008184945909306407
leaf_count=8 4 4 1 6 8 4 2 4 6 8 8
internal_value=-0.010577 -0.041871 -0.0418133 -0.0419912 -0.0417845 -0.0418206 -0.0417263 -0.041777 -0.0417559 -0.0417126 -0.0417066
internal_weight=0.251771 0.158089 0.10677 0.0513184 0.0956355 0.0590135 0.036622 0.0374958 0.0229971 0.0302227 0.0178793
internal_count=63 55 45 10 44 18 26 14 10 24 16
is_linear=0
shrinkage=0.05


Tree=425
num_leaves=12
num_cat=0
split_feature=12 2 4 4 2 0 7 3 2 2 4
split_gain=0.116356 0.158585 0.0960753 0.109233 0.0538639 0.0539357 1.51094e-05 9.77204e-06 2.76771e-06 2.32703e-07 2.34673e-09
threshold=9.5000000000000018 300.00000000000006 161.00000000000003 295.00000000000006 675.00000000000011 4.5639000000000012 6.6500000000000012 5.5000000000000009 1250.0000000000002 1650.0000000000002 80.000000000000014
decision_type=2 2 2 2 2 2 2 2 2 2 2
left_child=-1 -2 6 4 -4 -6 -3 8 -8 -10 -11
right_child=1 2 3 -5 5 -7 7 -9 9 10 -12
leaf_value=0.030354334526629681 0.042325018543362986 -0.043110301361281793 0.042910794346301545 -0.045339651813447235 -0.022021863853178582 0.02257527336723774 -0.042373670262327183 -0.043047083985014965 -0.041950174783403696 -0.041722756736165774 -0.041754513224868693
leaf_weight=0.22787663317285478 0.12533659674227238 0.12327386403921992 0.087279899045825005 0.12613252748269588 0.15239651734009385 0.12212472641840577 0.049413914326578379 0.037247218191623688 0.029848978389054537 0.0095424193423241377 0.014903269009664655
leaf_count=7 9 5 3 7 5 7 3 1 4 6 6
internal_value=-0.00147903 -0.00974579 -0.0184226 -0.00527246 0.00869592 -0.00218219 -0.042706 -0.0423524 -0.0421029 -0.0418565 -0.0417421
internal_weight=1.10538 0.8775 0.752163 0.487934 0.361801 0.274521 0.26423 0.140956 0.103709 0.0542947 0.0244457
internal_count=63 56 47 22 15 12 25 20 19 16 12
is_linear=0
shrinkage=0.05


Tree=426
num_leaves=13
num_cat=0
split_feature=12 4 9 2 0 2 7 8 2 0 2 12
split_gain=0.0941714 0.0674339 0.072634 0.0873794 0.111323 0.0586999 0.0682244 0.0159794 7.22281e-06 2.70336e-07 1.5847e-09 2.99979e-11
threshold=9.5000000000000018 352.00000000000006 -0.77545916233764212 1350.0000000000002 4.5639000000000012 675.00000000000011 6.6500000000000012 0.87550652062374057 1855.0000000000002 10.361300000000002 2537.5000000000005 32.500000000000007
decision_type=2 2 2 2 2 2 2 2 2 2 2 2
left_child=-1 2 -2 5 -5 6 -4 -8 -6 -10 -11 -12
right_child=1 -3 3 4 8 -7 7 -9 9 10 11 -13
leaf_value=-0.027602455869504758 -0.04230464550719075 0.047241434953127985 0.031775456317688938 0.03665914520336875 -0.042608303109325833 0.043349000844761711 -0.042095670671046505 -0.0026084925462315218 -0.041965214632466358 -0.041742675471551575 -0.041714992184021617 -0.041719375372133938
leaf_weight=0.16863708477467299 0.066600707825273275 0.1248965784907341 0.12571285665035248 0.068034509895369411 0.081455783918499947 0.21809784416109324 0.053435988258570433 0.049219315871596336 0.021968994056805968 0.010273483116179705 0.0068645961582660666 0.0090491337468847632
leaf_count=7 8 1 3 4 5 6 8 2 3 5 5 6
internal_value=0.00648029 0.0133586 0.00740427 0.0125441 -0.0151344 0.0247972 0.00707967 -0.0231631 -0.0423213 -0.0418359 -0.0417274 -0.0417175
internal_weight=1.00425 0.83561 0.710713 0.644113 0.197647 0.446466 0.228368 0.102655 0.129612 0.0481562 0.0261872 0.0159137
internal_count=63 56 55 47 28 19 13 10 24 19 16 11
is_linear=0
shrinkage=0.05


Tree=427
num_leaves=12
num_cat=0
split_feature=0 0 10 0 7 2 5 4 11 11 5
split_gain=0.106879 0.0854836 1.98822e-05 3.68826e-07 2.47972e-07 1.61876e-07 3.52457e-08 8.24371e-09 4.93746e-09 3.29637e-09 2.59726e-09
threshold=10.361300000000002 10.654750000000002 4.5000000000000009 5.1314000000000011 6.041666666666667 2590.0000000000005 -0.5 46.000000000000007 6.5000000000000009 1.5000000000000002 0.25000000000000011
decision_type=2 2 2 2 2 2 2 2 2 2 2
left_child=3 2 -2 6 -3 -4 -1 -6 9 -8 -10
right_child=1 4 5 -5 7 -7 8 -9 10 -11 -12
leaf_value=-0.04183856487485707 0.04322956408574305 -0.042005455313159482 0.042034636066113698 -0.041978471627175551 -0.041708845002422862 0.041890711685907037 -0.041753362224061903 -0.041768429272295376 -0.041755228513889728 -0.041789829106500045 -0.041714536771180782
leaf_weight=0.020306798454839736 0.051570039242506027 0.014652849407866597 0.040347169153392315 0.041257831617258489 0.0094656962901353836 0.037878229282796383 0.012283620773814619 0.015010120230726898 0.0082745641120709479 0.012506199418567121 0.0074539264314807943
leaf_count=6 2 2 4 9 8 6 6 6 4 4 6
internal_value=-0.00147112 0.0229382 0.0424674 -0.0418631 -0.0418428 0.0419649 -0.0417848 -0.0417454 -0.0417579 -0.0417718 -0.0417359
internal_weight=0.271007 0.168924 0.129795 0.102083 0.0391287 0.0782254 0.0608251 0.0244758 0.0405183 0.0247898 0.0157285
internal_count=63 28 12 35 16 10 26 14 20 10 10
is_linear=0
shrinkage=0.05


Tree=428
num_leaves=14
num_cat=0
split_feature=5 2 2 2 12 12 4 11 4 2 2 12 6
split_gain=0.0680484 0.010771 0.0276041 1.55857e-05 1.35054e-08 1.2702e-08 6.55409e-09 2.89531e-09 2.83078e-09 5.19883e-10 5.43023e-10 1.47301e-10 7.00414e-12
threshold=-0.24999999999999994 3350.0000000000005 2950.0000000000005 2950.0000000000005 11.500000000000002 20.500000000000004 352.00000000000006 6.5000000000000009 14.500000000000002 1650.0000000000002 300.00000000000006 40.000000000000007 0.25000000000000017
decision_type=2 2 2 2 2 2 2 2 2 2 2 2 2
left_child=1 2 5 4 8 -1 9 -7 -2 10 -6 -12 -11
right_child=3 -3 -4 -5 6 7 -8 -9 -10 12 11 -13 -14
leaf_value=-0.041809989468917945 -0.041804500073614165 0.042412442852834659 0.042466403944327741 -0.043175710625231331 -0.041682621944498455 -0.0416915691765977 -0.04177256981580868 -0.041745916831065849 -0.041753485428646986 -0.041681041555014994 -0.041711151588612411 -0.04169891878593493 -0.041677214896346348
leaf_weight=0.0072554817888885728 0.0039435070939362058 0.039606804028153419 0.022173069417476654 0.040475577116012573 0.0039747180999256679 0.0042072806973010302 0.0030345497652888289 0.0058692541788332164 0.0087595722288824618 0.0023889453150331965 0.0045216130965854973 0.0053996916976757348 0.0023942262923810631
leaf_count=2 1 2 1 1 9 7 1 5 9 6 4 7 8
internal_value=-0.00835084 0.023987 0.00551406 -0.0425106 -0.0417284 -0.0417595 -0.0417044 -0.0417232 -0.0417693 -0.0416933 -0.0416982 -0.0417045 -0.0416791
internal_weight=0.154004 0.0791119 0.0395051 0.0748924 0.0344168 0.017332 0.0217137 0.0100765 0.0127031 0.0186792 0.013896 0.0099213 0.00478317
internal_count=63 17 15 46 45 14 35 12 10 34 20 11 14
is_linear=0
shrinkage=0.05


Tree=429
num_leaves=14
num_cat=0
split_feature=4 2 0 12 7 0 5 4 12 12 9 12 7
split_gain=0.113301 0.0251428 0.0326739 0.0228537 0.0302784 1.13386e-06 4.64681e-07 1.10535e-07 5.22769e-08 8.5327e-09 4.08019e-09 8.40612e-10 3.90056e-10
threshold=41.000000000000007 1855.0000000000002 10.654750000000002 11.500000000000002 7.6500000000000012 11.100500000000002 0.93301270189221952 317.50000000000006 72.000000000000014 40.000000000000007 -0.52414661475995694 20.500000000000004 9.7500000000000018
decision_type=2 2 2 2 2 2 2 2 2 2 2 2 2
left_child=3 5 11 -1 -5 6 7 8 9 10 -2 -3 -13
right_child=1 2 -4 4 -6 -7 -8 -9 -10 -11 -12 12 -14
leaf_value=0.04377621921851288 -0.04175778707494341 -0.041734876021412598 0.041953728688534551 0.041856859769580604 -0.041851684594880721 -0.04223311526476408 -0.042119042079924479 -0.041949557125097507 -0.041867839947802722 -0.041734737002093132 -0.041798751630063503 -0.041722625688965426 -0.041705245764465139
leaf_weight=0.097901010885834694 0.0095097000012174249 0.009507981245405972 0.023888602387160063 0.021666644141077995 0.021544605260714889 0.031634368933737278 0.017370994435623288 0.01575629657600075 0.019337637000717223 0.013210816425271332 0.016847579041495919 0.0077703973511233926 0.0055227658012881875
leaf_count=4 5 5 3 4 7 2 2 3 5 8 5 5 5
internal_value=-0.0027261 -0.0301722 0.00108957 0.0304081 0.000120794 -0.0419749 -0.0418861 -0.0418319 -0.0418005 -0.0417675 -0.041784 -0.0417235 -0.0417154
internal_weight=0.311469 0.170357 0.0466897 0.141112 0.0432112 0.123667 0.092033 0.074662 0.0589057 0.0395681 0.0263573 0.0228011 0.0132932
internal_count=63 48 18 15 11 30 28 26 23 18 10 15 10
is_linear=0
shrinkage=0.05


Tree=430
num_leaves=12
num_cat=0
split_feature=0 12 2 3 0 7 6 7 0 2 12
split_gain=0.155625 3.52938e-07 1.89973e-07 1.67085e-07 6.16266e-08 6.50067e-08 8.39434e-09 7.81294e-09 2.2141e-09 4.61712e-10 7.36859e-11
threshold=1.9456500000000003 11.500000000000002 1550.0000000000002 11.500000000000002 9.1832000000000011 7.4000000000000012 -0.9330127018922193 6.6500000000000012 4.5639000000000012 1855.0000000000002 50.000000000000007
decision_type=2 2 2 2 2 2 2 2 2 2 2
left_child=-1 2 -2 4 5 -3 -7 -6 -8 -9 -11
right_child=1 3 -4 -5 7 6 8 9 -10 10 -12
leaf_value=0.042201202763010932 -0.041843065493282088 -0.041882096218105708 -0.04204756357465432 -0.041972804373140549 -0.041769831876537572 -0.041800098111153691 -0.041765732424875239 -0.041716968896768097 -0.04173353526010528 -0.041706917235415364 -0.041699457198373979
leaf_weight=0.088037158362567425 0.018489711685106158 0.020096036605536938 0.029438350873533636 0.012691040872596204 0.0068845589412376276 0.013447585050016642 0.010702121071517467 0.011360559379681945 0.010656018392182887 0.0066961002303287387 0.0065460367477498949
leaf_count=8 4 4 6 3 3 4 4 8 6 6 7
internal_value=-0.0103728 -0.0418573 -0.0419687 -0.0418034 -0.0417785 -0.0418105 -0.0417692 -0.0417227 -0.0417497 -0.0417096 -0.0417032
internal_weight=0.235045 0.147008 0.0479281 0.0990801 0.086389 0.0549018 0.0348057 0.0314873 0.0213581 0.0246027 0.0132421
internal_count=63 55 10 45 42 18 14 24 10 21 13
is_linear=0
shrinkage=0.05


Tree=431
num_leaves=13
num_cat=0
split_feature=12 2 6 0 0 7 8 0 2 2 7 2
split_gain=0.103989 0.144878 0.0741981 0.0448267 0.0403693 0.000269426 8.9952e-06 2.20772e-06 2.38187e-06 8.85931e-08 8.54826e-08 1.29646e-09
threshold=9.5000000000000018 300.00000000000006 -0.68301270189221952 4.5639000000000012 4.4709500000000011 16.041666666666668 0.99342052987049467 5.0021000000000013 1250.0000000000002 1855.0000000000002 9.7500000000000018 2537.5000000000005
decision_type=2 2 2 2 2 2 2 2 2 2 2 2
left_child=-1 -2 3 -3 -4 6 7 -6 -9 -10 11 -11
right_child=1 2 4 -5 5 -7 -8 8 9 10 -12 -13
leaf_value=0.029079765424103537 0.042272163923337408 -0.014164827957035617 -0.0015982105681029771 0.023819606468243215 -0.042560908577630237 -0.045723330832154657 -0.042881321925008778 -0.042463451216172017 -0.041917989361565218 -0.041753882750840333 -0.041916256616810782 -0.041727712257620175
leaf_weight=0.21972512372303754 0.11549623776227236 0.24956489633768797 0.072428036131896079 0.11276945960707963 0.024683300405740738 0.097020439803600311 0.068879966856911778 0.022094229236245155 0.028492775280028582 0.0073992186225950709 0.0098614029120653868 0.013129691709764302
leaf_count=7 9 8 8 8 1 1 3 1 4 3 2 8
internal_value=-0.00147462 -0.00964376 -0.0181329 -0.00234292 -0.034765 -0.0436109 -0.0424368 -0.0421469 -0.0420208 -0.0418546 -0.0417953 -0.0417371
internal_weight=1.04154 0.82182 0.706323 0.362334 0.343989 0.271561 0.174541 0.105661 0.0809773 0.0588831 0.0303903 0.0205289
internal_count=63 56 47 16 31 23 22 19 18 17 13 11
is_linear=0
shrinkage=0.05


Tree=432
num_leaves=12
num_cat=0
split_feature=12 4 9 2 2 4 5 9 2 5 2
split_gain=0.0839323 0.0619093 0.0680096 0.0795836 0.0566957 0.112602 0.0478225 0.0362051 5.40262e-06 1.14792e-07 2.34398e-09
threshold=9.5000000000000018 352.00000000000006 -0.77545916233764212 1350.0000000000002 675.00000000000011 161.00000000000003 -0.6830127018922193 -0.52414661475995694 1650.0000000000002 -0.24999999999999994 2537.5000000000005
decision_type=2 2 2 2 2 2 2 2 2 2 2
left_child=-1 2 -2 4 5 -4 -5 -8 -9 -10 -11
right_child=1 -3 3 6 -6 -7 7 8 9 10 -12
leaf_value=-0.026321854741108153 -0.042287102512201954 0.046751301085404824 0.032820925865046945 0.028548790550507137 0.043239655103716586 -0.042379855556104337 0.023399073467603382 -0.042543834249654397 -0.041914398370413469 -0.04174525172207854 -0.041712853859790629
leaf_weight=0.16320984275080264 0.062829147325828671 0.1163167729973793 0.14293988421559334 0.046838048845529556 0.20428938791155815 0.076376643497496843 0.025818394729867578 0.076033792109228671 0.013109345105476677 0.01055821857880801 0.011847682297229767
leaf_count=7 8 1 8 2 6 5 4 5 3 5 9
internal_value=0.00630963 0.0130772 0.00723671 0.012356 0.0242867 0.00663237 -0.0150804 -0.0299567 -0.042306 -0.0417969 -0.0417281
internal_weight=0.950167 0.786957 0.670641 0.607811 0.423606 0.219317 0.184205 0.137367 0.111549 0.0355152 0.0224059
internal_count=63 56 55 47 19 13 28 26 22 17 14
is_linear=0
shrinkage=0.05


Tree=433
num_leaves=12
num_cat=0
split_feature=0 0 10 0 7 2 5 4 11 7 6
split_gain=0.0996844 0.0788303 1.54355e-05 2.98608e-07 1.94937e-07 1.2774e-07 2.77805e-08 6.5493e-09 4.5523e-09 2.79845e-09 2.05031e-09
threshold=10.361300000000002 10.654750000000002 4.5000000000000009 5.1314000000000011 6.041666666666667 2590.0000000000005 -0.5 46.000000000000007 6.5000000000000009 8.6083333333333361 -0.68301270189221952
decision_type=2 2 2 2 2 2 2 2 2 2 2
left_child=3 2 -2 6 -3 -4 -1 -6 9 -8 -10
right_child=1 4 5 -5 7 -7 8 -9 10 -11 -12
leaf_value=-0.04182695520479477 0.043101118891018801 -0.041979470925113754 0.042007550986471923 -0.041957786794143685 -0.041705467822134627 0.041875086498556729 -0.041747679343028733 -0.041760797204097803 -0.041747788195530253 -0.041782342854560221 -0.041710075093442489
leaf_weight=0.018940622045192868 0.047598298639059067 0.013530553784221411 0.037598562426865101 0.03846647881437093 0.0087076617637649179 0.035275103524327278 0.010737746779341251 0.013863749336451292 0.0080448283115401864 0.012719893362373114 0.0065285857999697336
leaf_count=6 2 2 4 9 8 6 6 6 4 4 6
internal_value=-0.0015718 0.0229795 0.0424008 -0.0418502 -0.0418294 0.0419434 -0.0417775 -0.0417395 -0.0417528 -0.0417665 -0.0417309
internal_weight=0.252012 0.156574 0.120472 0.0954382 0.036102 0.0728737 0.0569717 0.0225714 0.0380311 0.0234576 0.0145734
internal_count=63 28 12 35 16 10 26 14 20 10 10
is_linear=0
shrinkage=0.05


Tree=434
num_leaves=14
num_cat=0
split_feature=5 2 2 2 12 12 4 4 2 2 10 5 6
split_gain=0.063181 0.0100133 0.0257714 1.21521e-05 1.42983e-08 1.09705e-08 5.12118e-09 2.09064e-09 1.25102e-09 4.36985e-10 3.41523e-10 1.30891e-10 5.46866e-12
threshold=-0.24999999999999994 3350.0000000000005 2950.0000000000005 2950.0000000000005 9.5000000000000018 11.500000000000002 352.00000000000006 14.500000000000002 1550.0000000000002 1650.0000000000002 4.5000000000000009 0.25000000000000011 0.25000000000000017
decision_type=2 2 2 2 2 2 2 2 2 2 2 2 2
left_child=1 2 4 5 -1 7 9 -2 -6 10 11 -7 -11
right_child=3 -3 -4 -5 8 6 -8 -9 -10 12 -12 -13 -14
leaf_value=-0.04182790192901336 -0.041793968499090638 0.042357298633349937 0.042414059135393575 -0.043051373586673984 -0.041735718077408161 -0.041697150484780718 -0.04176454562668349 -0.041748479242154649 -0.041701160926320209 -0.041679894707139613 -0.04170369558270718 -0.041681638247551174 -0.041676369808995889
leaf_weight=0.0046078688465058795 0.0036439544055610904 0.037018167786300182 0.02077297680079937 0.037355374544858932 0.0075633851811289787 0.0021602209308184683 0.0028057484887540332 0.0082314805767964572 0.0040061620820779353 0.0021984200866427264 0.0071394173719454557 0.0036704958183690906 0.002202951378421858
leaf_count=1 1 2 1 1 5 3 1 9 8 6 8 9 8
internal_value=-0.00817416 0.0239777 0.00556432 -0.0424385 -0.0417534 -0.0417243 -0.0417019 -0.0417624 -0.0417238 -0.0416917 -0.0416964 -0.0416874 -0.0416781
internal_weight=0.143377 0.0739686 0.0369504 0.0694081 0.0161774 0.0320527 0.0201773 0.0118754 0.0115695 0.0173715 0.0129701 0.00583072 0.00440137
internal_count=63 17 15 46 14 45 35 10 13 34 20 12 14
is_linear=0
shrinkage=0.05


Tree=435
num_leaves=14
num_cat=0
split_feature=4 2 0 12 7 0 5 4 12 12 9 12 7
split_gain=0.105095 0.023208 0.0300567 0.0208238 0.0278647 8.89595e-07 3.83765e-07 8.63007e-08 4.18348e-08 7.00085e-09 2.59209e-09 6.55829e-10 3.04726e-10
threshold=41.000000000000007 1855.0000000000002 10.654750000000002 11.500000000000002 7.6500000000000012 11.100500000000002 0.93301270189221952 317.50000000000006 72.000000000000014 40.000000000000007 -0.52414661475995694 20.500000000000004 9.7500000000000018
decision_type=2 2 2 2 2 2 2 2 2 2 2 2 2
left_child=3 5 11 -1 -5 6 7 8 9 10 -2 -3 -13
right_child=1 2 -4 4 -6 -7 -8 -9 -10 -11 -12 12 -14
leaf_value=0.043456315119864516 -0.04175550992212812 -0.041729439039982823 0.041930687262864072 0.041841612164414101 -0.041836957095468454 -0.042190402728211202 -0.0420888940418159 -0.041928288807858621 -0.041854287869941713 -0.041730552407664344 -0.04178903036176753 -0.041718162632002065 -0.041702147913476775
leaf_weight=0.091084217303432524 0.0091483215219341218 0.0087513892212882638 0.021994723938405514 0.019944075960665941 0.019850904995109886 0.02932863961905241 0.016434974502772093 0.0146167550701648 0.017946246487554163 0.012349998985882849 0.01560494746081531 0.0071525111561641097 0.005080072267446667
leaf_count=4 5 5 3 4 7 2 2 3 5 8 5 5 5
internal_value=-0.0028815 -0.0302746 0.00108946 0.0302735 0.000100285 -0.0419526 -0.0418716 -0.0418203 -0.0417916 -0.0417613 -0.0417766 -0.041719 -0.0417115
internal_weight=0.289288 0.158409 0.0429787 0.130879 0.039795 0.11543 0.0861012 0.0696663 0.0550495 0.0371033 0.0247533 0.020984 0.0122326
internal_count=63 48 18 15 11 30 28 26 23 18 10 15 10
is_linear=0
shrinkage=0.05


Tree=436
num_leaves=12
num_cat=0
split_feature=0 12 4 2 0 7 8 6 0 2 12
split_gain=0.146288 2.83651e-07 1.88939e-07 1.54267e-07 5.50652e-08 5.26004e-08 8.29475e-09 7.5906e-09 1.96093e-09 3.69533e-10 7.03491e-11
threshold=1.9456500000000003 11.500000000000002 352.00000000000006 1550.0000000000002 9.1832000000000011 7.4000000000000012 0.99342052987049467 -0.9330127018922193 4.5639000000000012 1855.0000000000002 32.500000000000007
decision_type=2 2 2 2 2 2 2 2 2 2 2
left_child=-1 3 4 -2 5 -3 9 -7 -9 -6 -11
right_child=1 2 -4 -5 6 7 -8 8 -10 10 -12
leaf_value=0.042174400502724571 -0.041831141370413029 -0.041868324492874365 -0.042004651945645975 -0.042021790416215364 -0.041712953142117051 -0.041793519197308976 -0.041773492417006432 -0.041759594924995244 -0.04172819660393242 -0.041703850877525643 -0.04169702939209164
leaf_weight=0.083327631000429392 0.01732797734439373 0.018848563078790903 0.0095779998227953911 0.027371353236958385 0.01045558275654912 0.012767145643010736 0.0054758135229349128 0.010089965886436403 0.0098047639476135373 0.008308927936013788 0.0069334259023889908
leaf_count=8 4 4 1 6 8 4 2 4 6 8 8
internal_value=-0.0100631 -0.0418445 -0.0417944 -0.0419479 -0.0417701 -0.0418018 -0.0417176 -0.0417634 -0.0417441 -0.0417057 -0.0417007
internal_weight=0.220289 0.136962 0.0922622 0.0446993 0.0826842 0.0515104 0.0311738 0.0326619 0.0198947 0.0256979 0.0152424
internal_count=63 55 45 10 44 18 26 14 10 24 16
is_linear=0
shrinkage=0.05


Tree=437
num_leaves=11
num_cat=0
split_feature=12 2 4 2 9 3 9 2 2 4
split_gain=0.0921606 0.133032 0.0880662 0.0955926 0.0259351 1.04206e-05 8.42933e-06 2.01014e-06 1.57039e-07 2.03788e-09
threshold=9.5000000000000018 300.00000000000006 161.00000000000003 1550.0000000000002 -0.35824514579943006 5.5000000000000009 -0.11318597237013776 1250.0000000000002 1650.0000000000002 64.000000000000014
decision_type=2 2 2 2 2 2 2 2 2 2
left_child=-1 -2 5 -4 -5 6 7 -3 -9 -10
right_child=1 2 3 4 -6 -7 -8 8 9 -11
leaf_value=0.027811558669301014 0.042239831723536646 -0.042292063327014212 0.016082346043445144 -0.044385657695712316 -0.005538701878928895 -0.043066592345042648 -0.042790570855660376 -0.041912868154160537 -0.041714554567249151 -0.041745388354500493
leaf_weight=0.21219352737534791 0.10757466731593013 0.043941614218056202 0.24679349828511477 0.12521454505622387 0.065408701542764902 0.074313707649707794 0.063976901001296937 0.025867388118058443 0.0081739423330873251 0.015559383085928857
leaf_count=7 9 3 7 10 5 2 3 4 6 7
internal_value=-0.00139202 -0.00936912 -0.0176647 -0.00446026 -0.0310561 -0.0425785 -0.0423483 -0.0420458 -0.0418276 -0.0417348
internal_weight=0.989018 0.776824 0.66925 0.437417 0.190623 0.231833 0.157519 0.0935423 0.0496007 0.0237333
internal_count=63 56 47 22 15 25 23 20 17 13
is_linear=0
shrinkage=0.05


Tree=438
num_leaves=12
num_cat=0
split_feature=12 4 9 2 0 2 4 2 0 2 12
split_gain=0.075113 0.0566074 0.0630795 0.0734935 0.0973772 0.0543123 0.103727 4.7956e-06 1.80159e-07 9.08933e-10 2.06908e-11
threshold=9.5000000000000018 352.00000000000006 -0.77545916233764212 1350.0000000000002 4.5639000000000012 675.00000000000011 161.00000000000003 1855.0000000000002 10.361300000000002 2537.5000000000005 32.500000000000007
decision_type=2 2 2 2 2 2 2 2 2 2 2
left_child=-1 2 -2 5 -5 6 -4 -6 -9 -10 -11
right_child=1 -3 3 4 7 -7 -8 8 9 10 -12
leaf_value=-0.025039329722850546 -0.042252793515118625 0.046311213200104659 0.032136467110888488 0.036331671814422255 -0.042489565463692418 0.04315436025850445 -0.042337587185796458 -0.041926776788131566 -0.04173100541594954 -0.041708089537714745 -0.041712020423263364
leaf_weight=0.15830145950894803 0.058547848952002823 0.10827820003032684 0.13437001476995647 0.060478151543065906 0.07161520014051348 0.19258984923362732 0.071703725261613727 0.019348859554156661 0.0087002271320670843 0.0058858920820057392 0.0077626673737540841
leaf_count=7 8 1 8 4 5 6 5 3 5 5 6
internal_value=0.00621805 0.0129112 0.00717981 0.0122355 -0.0148985 0.0240642 0.00622309 -0.0422414 -0.0418151 -0.0417184 -0.0417103
internal_weight=0.897582 0.739281 0.631002 0.572455 0.173791 0.398664 0.206074 0.113313 0.0416976 0.0223488 0.0136486
internal_count=63 56 55 47 28 19 13 24 19 16 11
is_linear=0
shrinkage=0.05


Tree=439
num_leaves=12
num_cat=0
split_feature=0 0 5 0 7 8 5 4 11 7 6
split_gain=0.0929087 0.0726928 1.15008e-05 2.43195e-07 1.53191e-07 5.63488e-08 2.2471e-08 5.19502e-09 4.00257e-09 2.55186e-09 1.63181e-09
threshold=10.361300000000002 10.654750000000002 0.93301270189221952 5.1314000000000011 6.041666666666667 0.94478581029364217 -0.5 46.000000000000007 6.5000000000000009 8.6083333333333361 -0.68301270189221952
decision_type=2 2 2 2 2 2 2 2 2 2 2
left_child=3 2 5 6 -3 -2 -1 -6 9 -8 -10
right_child=1 4 -4 -5 7 -7 8 -9 10 -11 -12
leaf_value=-0.041816585192301754 0.041877525823597356 -0.041955418884895769 0.042952992487874375 -0.0419388009207333 -0.041702357410521036 0.041970030120451321 -0.041741979430555826 -0.041753699500008033 -0.041741751537997113 -0.041776170476733404 -0.041706734057063481
leaf_weight=0.017667630861978978 0.034909406211227179 0.012494879774749279 0.045675270725041628 0.036012927303090692 0.0080100460327230394 0.031154776457697153 0.0099685752647928894 0.012800642638467252 0.0074370941147208214 0.012058683903887868 0.0060197595157660544
leaf_count=6 6 2 2 9 8 4 6 6 4 4 6
internal_value=-0.00167319 0.0230179 0.0423429 -0.0418385 -0.041817 0.0419211 -0.0417705 -0.0417339 -0.0417476 -0.0417607 -0.0417261
internal_weight=0.23421 0.145045 0.111739 0.0891647 0.0333056 0.0660642 0.0531517 0.0208107 0.0354841 0.0220273 0.0134569
internal_count=63 28 12 35 16 10 26 14 20 10 10
is_linear=0
shrinkage=0.05


Tree=440
num_leaves=14
num_cat=0
split_feature=5 2 2 2 12 12 4 11 4 2 10 2 3
split_gain=0.0585426 0.00947411 0.0238771 9.47239e-06 8.93503e-09 8.18227e-09 3.99466e-09 1.9948e-09 1.5288e-09 3.66315e-10 2.69408e-10 1.28652e-10 3.23782e-12
threshold=-0.24999999999999994 3350.0000000000005 2950.0000000000005 2950.0000000000005 11.500000000000002 20.500000000000004 352.00000000000006 6.5000000000000009 14.500000000000002 1650.0000000000002 4.5000000000000009 1250.0000000000002 2.5000000000000004
decision_type=2 2 2 2 2 2 2 2 2 2 2 2 2
left_child=1 2 5 4 8 -1 9 -7 -2 10 11 -6 -11
right_child=3 -3 -4 -5 6 7 -8 -9 -10 12 -12 -13 -14
leaf_value=-0.041791616943977802 -0.041784217508334165 0.042315831946691147 0.042353212622767124 -0.042937452466796311 -0.041680144324496328 -0.041688851697893409 -0.041757090912470679 -0.041737069633291074 -0.041743855181157294 -0.041675348855940958 -0.041701320507295393 -0.041695937172383193 -0.041678286481709972
leaf_weight=0.0062783698085695514 0.0033664798829704523 0.034779162146151066 0.019136708229780197 0.034464254975318909 0.0033030202321242541 0.0036829270247835666 0.0025929366238415233 0.0051365751714911312 0.0077398691355483606 0.0014756217569811261 0.006667684850981459 0.0021154267888050526 0.0025745006132638082
leaf_count=2 1 2 1 1 9 7 1 5 9 6 8 3 8
internal_value=-0.00804613 0.0239359 0.00526354 -0.0423728 -0.0417206 -0.041748 -0.0416995 -0.0417169 -0.0417561 -0.0416902 -0.0416946 -0.0416863 -0.0416772
internal_weight=0.133314 0.0690137 0.0342346 0.0642998 0.0298355 0.0150979 0.0187292 0.0088195 0.0111063 0.0161363 0.0120861 0.00541845 0.00405012
internal_count=63 17 15 46 45 14 35 12 10 34 20 12 14
is_linear=0
shrinkage=0.05


Tree=441
num_leaves=13
num_cat=0
split_feature=4 2 0 12 7 0 2 4 0 14 12 7
split_gain=0.0973783 0.0214166 0.0276499 0.0190391 0.0256724 6.9416e-07 2.92381e-07 1.3328e-08 1.36214e-08 5.91465e-10 5.11254e-10 2.37956e-10
threshold=41.000000000000007 1855.0000000000002 10.654750000000002 11.500000000000002 7.6500000000000012 11.100500000000002 1350.0000000000002 161.00000000000003 4.5639000000000012 1.5000000000000002 20.500000000000004 9.7500000000000018
decision_type=2 2 2 2 2 2 2 2 2 2 2 2
left_child=3 5 10 -1 -5 6 7 9 -9 -2 -3 -12
right_child=1 2 -4 4 -6 -7 -8 8 -10 -11 11 -13
leaf_value=0.043152513135651951 -0.041740939238941288 -0.041724429582826919 0.041909502079722924 0.041827589504458758 -0.041823536178587702 -0.042150717584945999 -0.041959263815117276 -0.041755759977833776 -0.041826144117782453 -0.04172097086500804 -0.041714055036988419 -0.041699301941001271
leaf_weight=0.084711248404346406 0.0069260302698239693 0.0080546763492748141 0.020249764434993267 0.018357781227678061 0.018330176477320492 0.027172710746526718 0.037967604934237897 0.014589414757210761 0.012998543912544847 0.0079823187552392483 0.0065837474539875984 0.004673279938288033
leaf_count=4 4 5 3 4 7 2 8 7 3 6 5 5
internal_value=-0.00302921 -0.0303697 0.00108877 0.0301215 3.3497e-05 -0.0419322 -0.0418584 -0.0417683 -0.0417889 -0.0417302 -0.0417148 -0.0417079
internal_weight=0.268597 0.147198 0.0395615 0.121399 0.036688 0.107637 0.0804639 0.0424963 0.027588 0.0149083 0.0193117 0.011257
internal_count=63 48 18 15 11 30 28 20 10 10 15 10
is_linear=0
shrinkage=0.05


Tree=442
num_leaves=13
num_cat=0
split_feature=0 12 4 0 7 6 8 6 0 3 12 12
split_gain=0.136566 2.2752e-07 1.46076e-07 4.66003e-08 4.39619e-08 6.79041e-09 6.7413e-09 4.36659e-09 1.703e-09 1.81193e-10 1.18848e-10 3.46865e-11
threshold=1.9456500000000003 11.500000000000002 352.00000000000006 9.1832000000000011 7.4000000000000012 -0.9330127018922193 0.99342052987049467 0.25000000000000017 4.5639000000000012 1.5000000000000002 50.000000000000007 27.500000000000004
decision_type=2 2 2 2 2 2 2 2 2 2 2 2
left_child=-1 7 3 4 -3 -6 9 -2 -7 -5 11 -11
right_child=1 2 -4 6 5 8 -8 -9 -10 10 -12 -13
leaf_value=0.042148784561668373 -0.041946611447473948 -0.041856878668991619 -0.041978694625556451 -0.041710948002959124 -0.041787031369808839 -0.041753661750789803 -0.04176606555593209 -0.041914088179880182 -0.041723271333819506 -0.041700782547212219 -0.041694797390733139 -0.041706153406123804
leaf_weight=0.078021513298153877 0.01875386550091207 0.017727347556501627 0.0088532883673906326 0.0050905190873891107 0.012074998230673373 0.0094276202144101262 0.0050820033065974704 0.022949617588892579 0.0090205094893462956 0.0066529164323583245 0.0064198003965429953 0.0054842659737914801
leaf_count=8 4 4 1 4 4 4 2 6 6 7 8 5
internal_value=-0.00995689 -0.0418329 -0.0417864 -0.0417642 -0.0417943 -0.0417579 -0.0417138 -0.0419287 -0.0417388 -0.0417026 -0.0417003 -0.0417032
internal_weight=0.205558 0.127537 0.0858333 0.07698 0.0482505 0.0305231 0.0287295 0.0417035 0.0184481 0.0236475 0.018557 0.0121372
internal_count=63 55 45 44 18 14 26 10 10 24 20 12
is_linear=0
shrinkage=0.05


Tree=443
num_leaves=13
num_cat=0
split_feature=2 12 6 0 12 7 8 0 2 2 7 2
split_gain=0.0852292 0.119477 0.063113 0.0372202 0.0338319 0.000159867 5.48755e-06 1.6765e-06 1.43755e-06 5.85196e-08 4.02824e-08 6.52604e-10
threshold=300.00000000000006 9.5000000000000018 -0.68301270189221952 4.4709500000000011 40.000000000000007 16.041666666666668 0.99342052987049467 5.0021000000000013 1250.0000000000002 1855.0000000000002 8.6083333333333361 2537.5000000000005
decision_type=2 2 2 2 2 2 2 2 2 2 2 2
left_child=-1 -2 4 -4 -3 6 7 -5 -9 -10 11 -11
right_child=1 2 3 5 -6 -7 -8 8 9 10 -12 -13
leaf_value=0.042195622482760847 0.02655271618410537 0.014657500307506708 -0.0010039776473345285 -0.042466819058652211 -0.017472521380858124 -0.04505896990685463 -0.042706128733252788 -0.042340415978219414 -0.041883122053114036 -0.041740495881332343 -0.041857678641804896 -0.041719950349451508
leaf_weight=0.10034169256687164 0.20524589868728071 0.15595143754035234 0.06684336275793612 0.022184243425726891 0.1726147229783237 0.083541519939899445 0.059379448997788131 0.018791401758790016 0.024564518593251705 0.0062673569191247216 0.0094093438237905502 0.010083496221341193
leaf_count=9 7 7 8 1 9 1 3 1 4 3 3 7
internal_value=-0.00134334 -0.00657618 -0.0173755 -0.0339129 -0.00222225 -0.0433046 -0.042332 -0.0420886 -0.0419672 -0.0418279 -0.0417753 -0.0417278
internal_weight=0.935218 0.834877 0.629631 0.301065 0.328566 0.234221 0.15068 0.0913004 0.0691161 0.0503247 0.0257602 0.0163509
internal_count=63 54 47 31 16 23 22 19 18 17 13 10
is_linear=0
shrinkage=0.05


end of trees

feature_importances:
Column_0=1010
Column_2=915
Column_12=372
Column_7=347
Column_4=311
Column_9=297
Column_3=269
Column_5=249
Column_6=179
Column_8=137
Column_11=130
Column_10=106
Column_14=40
Column_13=28

parameters:
[boosting: gbdt]
[objective: multiclass]
[metric: multi_logloss]
[tree_learner: serial]
[device_type: cpu]
[data_sample_strategy: bagging]
[data: ]
[valid: ]
[num_iterations: 1000]
[learning_rate: 0.05]
[num_leaves: 31]
[num_threads: -1]
[seed: 42]
[deterministic: 0]
[force_col_wise: 0]
[force_row_wise: 0]
[histogram_pool_size: -1]
[max_depth: -1]
[min_data_in_leaf: 5]
[min_sum_hessian_in_leaf: 0.001]
[bagging_fraction: 0.8]
[pos_bagging_fraction: 1]
[neg_bagging_fraction: 1]
[bagging_freq: 5]
[bagging_seed: 400]
[bagging_by_query: 0]
[feature_fraction: 0.9]
[feature_fraction_bynode: 1]
[feature_fraction_seed: 30056]
[extra_trees: 0]
[extra_seed: 12879]
[early_stopping_round: 0]
[early_stopping_min_delta: 0]
[first_metric_only: 0]
[max_delta_step: 0]
[lambda_l1: 0]
[lambda_l2: 0]
[linear_lambda: 0]
[min_gain_to_split: 0]
[drop_rate: 0.1]
[max_drop: 50]
[skip_drop: 0.5]
[xgboost_dart_mode: 0]
[uniform_drop: 0]
[drop_seed: 17869]
[top_rate: 0.2]
[other_rate: 0.1]
[min_data_per_group: 100]
[max_cat_threshold: 32]
[cat_l2: 10]
[cat_smooth: 10]
[max_cat_to_onehot: 4]
[top_k: 20]
[monotone_constraints: ]
[monotone_constraints_method: basic]
[monotone_penalty: 0]
[feature_contri: ]
[forcedsplits_filename: ]
[refit_decay_rate: 0.9]
[cegb_tradeoff: 1]
[cegb_penalty_split: 0]
[cegb_penalty_feature_lazy: ]
[cegb_penalty_feature_coupled: ]
[path_smooth: 0]
[interaction_constraints: ]
[verbosity: -1]
[saved_feature_importance_type: 0]
[use_quantized_grad: 0]
[num_grad_quant_bins: 4]
[quant_train_renew_leaf: 0]
[stochastic_rounding: 1]
[linear_tree: 0]
[max_bin: 255]
[max_bin_by_feature: ]
[min_data_in_bin: 3]
[bin_construct_sample_cnt: 200000]
[data_random_seed: 175]
[is_enable_sparse: 1]
[enable_bundle: 1]
[use_missing: 1]
[zero_as_missing: 0]
[feature_pre_filter: 1]
[pre_partition: 0]
[two_round: 0]
[header: 0]
[label_column: ]
[weight_column: ]
[group_column: ]
[ignore_column: ]
[categorical_feature: ]
[forcedbins_filename: ]
[precise_float_parser: 0]
[parser_config_file: ]
[objective_seed: 16083]
[num_class: 6]
[is_unbalance: 0]
[scale_pos_weight: 1]
[sigmoid: 1]
[boost_from_average: 1]
[reg_sqrt: 0]
[alpha: 0.9]
[fair_c: 1]
[poisson_max_delta_step: 0.7]
[tweedie_variance_power: 1.5]
[lambdarank_truncation_level: 30]
[lambdarank_norm: 1]
[label_gain: ]
[lambdarank_position_bias_regularization: 0]
[eval_at: ]
[multi_error_top_k: 1]
[auc_mu_weights: ]
[num_machines: 1]
[local_listen_port: 12400]
[time_out: 120]
[machine_list_filename: ]
[machines: ]
[gpu_platform_id: -1]
[gpu_device_id: -1]
[gpu_use_dp: 0]
[num_gpu: 1]

end of parameters

pandas_categorical:null
