tree
version=v4
num_class=6
num_tree_per_iteration=6
label_index=0
max_feature_idx=14
objective=multiclass num_class:6
feature_names=Column_0 Column_1 Column_2 Column_3 Column_4 Column_5 Column_6 Column_7 Column_8 Column_9 Column_10 Column_11 Column_12 Column_13 Column_14
feature_infos=[1.2117:11.2643] none [10:3700] [1:12] [3:361] [-1:1] [-1:1] [6:19.5] [-0.97904547248458373:1] [-0.99976202707990913:0.38268343236508917] [4:5] [0:8] [4:637] [0:1] [0:7]
tree_sizes=735 644 447 644 450 642 1073 1078 1192 1086 993 1077 1078 1085 1310 1090 991 1177 1076 1078 1194 1190 990 1186 1076 1062 1207 1200 991 1190 1174 1197 1215 1089 1093 1180 1167 1196 1216 1092 1093 1075 1272 1081 1215 1092 1099 1079 1274 1082 1103 1094 1096 1077 1281 1091 1217 1097 1095 1074 1188 1189 1211 1086 1187 1291 1277 1194 1320 1093 1296 1293 1387 1192 1317 1096 1291 1165 1285 1195 1325 1098 1207 1170 1183 1191 1320 1201 1206 1170 1290 1193 1323 1204 1417 1079 1289 1194 1319 1204 1313 1189 1186 1307 1324 1212 1307 1195 1190 1307 1323 1309 1314 1294 1185 1301 1326 1314 1315 1301 1386 1307 1415 1103 1202 1295 1501 1308 1439 1204 1213 1188 1394 1310 1439 1105 1215 1197 1398 1427 1445 1103 1093 1075 1287 1308 1445 1201 1205 1201 1403 1311 1435 1424 1211 1378 1400 1316 1436 1426 1429 1299 1297 1312 1437 1315 1421 1407 1300 1311 1325 1426 1423 1297 1407 1314 1330 1430 1316 1296 1080 1200 1113 1432 1103 1086 1298 1206 1111 1105 1003 1085

Tree=0
num_leaves=6
num_cat=0
split_feature=2 5 5 3 0
split_gain=10.624 15.2109 2.61438 1.42279 1.99191
threshold=1450.0000000000002 0.68301270189221941 0.25000000000000011 8.5000000000000018 10.361300000000002
decision_type=2 2 2 2 2
left_child=1 2 -1 -2 -5
right_child=3 -3 -4 4 -6
leaf_value=-1.5083526613677505 -1.6017233440381187 -1.3527348569171369 -1.6017233440381187 -1.5021279491897259 -1.6017233440381187
leaf_weight=1.6065000295639038 5.0203125923871994 1.4056875258684156 1.4056875258684158 1.0040625184774401 1.0040625184774397
leaf_count=8 25 7 7 5 5
internal_value=-1.5493 -1.48855 -1.55193 -1.5875 -1.55193
internal_weight=11.4463 4.41788 3.01219 7.02844 2.00813
internal_count=57 22 15 35 10
is_linear=0
shrinkage=1


Tree=1
num_leaves=5
num_cat=0
split_feature=2 5 0 7
split_gain=19.0899 5.45178 12.0581 0.612323
threshold=2590.0000000000005 -0.24999999999999994 5.0619000000000005 9.7500000000000018
decision_type=2 2 2 2
left_child=1 2 -1 -2
right_child=3 -3 -4 -5
leaf_value=-1.8668285207664661 -1.6831316202263429 -1.8668285207664661 -1.6218993200463019 -1.6218993200463019
leaf_weight=1.3064999580383303 0.81656247377395608 5.5526248216629028 0.81656247377395619 0.8165624737739563
leaf_count=8 5 34 5 5
internal_value=-1.80774 -1.84077 -1.77262 -1.65252
internal_weight=9.30881 7.67569 2.12306 1.63312
internal_count=57 47 13 10
is_linear=0
shrinkage=1


Tree=2
num_leaves=3
num_cat=0
split_feature=2 11
split_gain=8.79391 4.44089e-16
threshold=2850.0000000000005 6.5000000000000009
decision_type=2 2
left_child=1 -1
right_child=-2 -3
leaf_value=-3.0395919233074258 -2.7889653598233957 -3.0395919233074258
leaf_weight=1.4250000007450587 0.39900000020861615 1.4250000007450578
leaf_count=25 7 25
internal_value=-3.00881 -3.03959
internal_weight=3.249 2.85
internal_count=57 50
is_linear=0
shrinkage=1


Tree=3
num_leaves=5
num_cat=0
split_feature=0 2 2 5
split_gain=31.4361 12.8708 8.88178e-16 2.22045e-16
threshold=10.654750000000002 1855.0000000000002 1855.0000000000002 -1.0000000180025095e-35
decision_type=2 2 2 2
left_child=2 -2 -1 -4
right_child=1 -3 3 -5
leaf_value=-1.9461395955935248 -1.8807801152992882 -1.619342194122342 -1.9461395955935248 -1.9461395955935248
leaf_weight=4.8959999084472656 0.76499998569488514 1.2239999771118162 1.0709999799728391 0.76499998569488514
leaf_count=32 5 8 7 5
internal_value=-1.89454 -1.7199 -1.94614 -1.94614
internal_weight=8.721 1.989 6.732 1.836
internal_count=57 13 44 12
is_linear=0
shrinkage=1


Tree=4
num_leaves=3
num_cat=0
split_feature=0 9
split_gain=46.4076 1.77636e-15
threshold=1.9456500000000003 -0.41859597363157713
decision_type=2 2
left_child=-1 -2
right_child=1 -3
leaf_value=-1.5606670198662604 -1.8668285207664661 -1.8668285207664661
leaf_weight=1.4698124527931211 4.2461248636245719 3.5928748846054086
leaf_count=9 26 22
internal_value=-1.81849 -1.86683
internal_weight=9.30881 7.839
internal_count=57 48
is_linear=0
shrinkage=1


Tree=5
num_leaves=5
num_cat=0
split_feature=2 6 2 6
split_gain=17.5469 3.68961 2.44965 5.78763
threshold=675.00000000000011 0.25000000000000017 1650.0000000000002 0.25000000000000017
decision_type=2 2 2 2
left_child=1 -1 3 -2
right_child=2 -3 -4 -5
leaf_value=-1.2863877026952111 -1.2710143217359515 -1.1787740359803947 -1.3940013694100275 -1.3940013694100275
leaf_weight=1.8585000038146982 1.6261875033378586 1.3938750028610229 6.0401250123977661 2.3231250047683716
leaf_count=8 7 6 26 10
internal_value=-1.34114 -1.24027 -1.37398 -1.34336
internal_weight=13.2418 3.25238 9.98944 3.94931
internal_count=57 14 43 17
is_linear=0
shrinkage=1


Tree=6
num_leaves=9
num_cat=0
split_feature=2 5 3 3 0 12 2 0
split_gain=9.50545 11.7445 2.35521 1.36465 1.81859 1.68364e-05 9.13119e-06 4.26329e-06
threshold=1450.0000000000002 0.68301270189221941 5.5000000000000009 8.5000000000000018 10.361300000000002 67.000000000000014 1855.0000000000002 10.654750000000002
decision_type=2 2 2 2 2 2 2 2
left_child=1 2 -1 5 -5 6 -2 -8
right_child=3 -3 -4 4 -6 -7 7 -9
leaf_value=-0.052060600412025752 -0.052372015982382406 0.16555927561013417 0.037069896111928513 0.042965306476386245 -0.05228148568108007 -0.052050469082037559 -0.052264503690037149 -0.052122307216727275
leaf_weight=1.341881260275841 0.97546100616455111 1.5819700509309766 1.6556388139724729 1.0359455794095995 0.97079698741435994 1.7243505120277403 0.96993668377399478 1.154581546783447
leaf_count=7 5 7 8 5 5 9 5 6
internal_value=-0.000397245 0.0553391 -0.0028306 -0.0377624 -0.003112 -0.0521757 -0.0522454 -0.0521872
internal_weight=11.4106 4.57949 2.99752 6.83107 2.00674 4.82433 3.09998 2.12452
internal_count=57 22 15 35 10 25 16 11
is_linear=0
shrinkage=0.05


Tree=7
num_leaves=9
num_cat=0
split_feature=0 0 5 2 6 0 0 4
split_gain=16.1105 28.5331 0.00895776 0.000154081 0.00038617 4.94852e-05 9.9238e-06 4.81942e-06
threshold=10.361300000000002 10.654750000000002 -0.24999999999999994 1450.0000000000002 0.25000000000000017 11.102200000000002 4.4556000000000013 121.50000000000001
decision_type=2 2 2 2 2 2 2 2
left_child=3 2 -2 6 -5 -3 -1 -8
right_child=1 5 -4 4 -6 -7 7 -9
leaf_value=-0.04910925754777986 0.20992229587886585 -0.049219674415777986 0.21651591395833455 -0.050494070478913015 -0.04921921465713433 -0.049721996464875046 -0.049210457654954992 -0.049385676603382819
leaf_weight=1.2339989095926287 0.95453463494777713 1.2470734417438509 1.1188948303461073 1.0304206162691119 1.4025494605302808 0.80792210996150959 0.77877935767173745 0.79107525944709778
leaf_count=8 5 8 6 6 9 5 5 5
internal_value=0.00875892 0.0826186 0.21348 -0.049468 -0.0497591 -0.0494172 -0.0492154 -0.0492988
internal_weight=9.36525 4.12843 2.07343 5.23682 2.43297 2.055 2.80385 1.56985
internal_count=57 24 11 33 15 13 18 10
is_linear=0
shrinkage=0.05


Tree=8
num_leaves=10
num_cat=0
split_feature=0 10 12 13 9 0 10 5 7
split_gain=1.8874 2.77207 3.89137 1.57073e-05 1.70945e-06 1.70725e-07 1.31658e-07 1.88505e-07 4.00456e-08
threshold=5.0619000000000005 4.5000000000000009 41.500000000000007 1.0000000180025095e-35 -0.5 1.7249000000000001 4.5000000000000009 0.68301270189221941 8.1666666666666696
decision_type=2 2 2 2 2 2 2 2 2
left_child=1 5 -3 4 -2 -1 8 -8 -6
right_child=3 2 -4 -5 6 -7 7 -9 -10
leaf_value=-0.043731502693285226 -0.043885399994538894 0.20122320530264759 -0.043725406688500223 -0.044114289393769809 -0.043726071523889083 -0.043785013625859938 -0.043803389110418423 -0.043744826696627492 -0.043753260608177816
leaf_weight=0.32385290414094947 0.34162756800651539 0.40786254778504372 0.26913075149059296 0.49581076949834813 0.26926686242222764 0.27616533637046814 0.27834475412964821 0.27139179036021233 0.27246101200580597
leaf_count=6 6 7 5 8 5 5 5 5 5
internal_value=-0.0126564 0.0344939 0.103847 -0.0438717 -0.0437878 -0.0437561 -0.0437572 -0.0437745 -0.0437397
internal_weight=3.20591 1.27701 0.676993 1.9289 1.43309 0.600018 1.09146 0.549737 0.541728
internal_count=57 23 12 34 26 11 20 10 10
is_linear=0
shrinkage=0.05


Tree=9
num_leaves=9
num_cat=0
split_feature=0 10 0 12 8 4 11 0
split_gain=25.6055 3.17323 1.62688e-05 7.9477e-06 2.6844e-06 2.05977e-06 1.98123e-06 1.74377e-06
threshold=10.654750000000002 4.5000000000000009 4.4556000000000013 58.000000000000007 0.67494719543654347 78.000000000000014 6.5000000000000009 10.361300000000002
decision_type=2 2 2 2 2 2 2 2
left_child=2 -2 4 6 -1 -6 -4 -5
right_child=1 -3 3 7 5 -7 -8 -9
leaf_value=-0.048408275566316022 0.068928464006848628 0.1912223572105568 -0.048670657150065619 -0.048519413159196681 -0.048586917760553183 -0.048476895012191663 -0.048762665561407986 -0.048623903768194976
leaf_weight=0.71913358569145236 0.83859054744243633 1.4434892237186432 1.3303618878126151 0.87325093150138833 0.73285034298896778 1.0139805376529691 1.0444100946187971 0.73563003540039062
leaf_count=5 5 8 9 6 5 7 7 5
internal_value=0.00234089 0.146283 -0.0485905 -0.048653 -0.0484896 -0.0485231 -0.0487111 -0.0485672
internal_weight=8.7317 2.28208 6.44962 3.98365 2.46596 1.74683 2.37477 1.60888
internal_count=57 13 44 27 17 12 16 11
is_linear=0
shrinkage=0.05


Tree=10
num_leaves=8
num_cat=0
split_feature=0 5 2 2 6 6 5
split_gain=36.0556 1.51637e-05 1.38168e-05 6.92114e-06 8.56298e-06 5.74439e-06 4.02951e-06
threshold=1.9456500000000003 0.68301270189221941 1250.0000000000002 675.00000000000011 -0.24999999999999994 0.25000000000000017 0.93301270189221952
decision_type=2 2 2 2 2 2 2
left_child=-1 3 -3 5 -5 -2 -4
right_child=1 2 6 4 -6 -7 -8
leaf_value=0.20148206430753379 -0.049347308777565178 -0.049020784009743933 -0.04919847006496561 -0.049287674020998165 -0.049461168597202593 -0.049163875329899763 -0.049342956211915728
leaf_weight=1.7715525478124616 0.78846512734889962 0.91799971461296115 1.2444458901882174 1.4115380495786665 1.4334410727024081 0.93047618865966797 0.78816673159599293
leaf_count=9 5 6 8 9 9 6 5
internal_value=-0.00143288 -0.0492701 -0.0491818 -0.0493272 -0.0493751 -0.049248 -0.0492545
internal_weight=9.28609 7.51453 2.95061 4.56392 2.84498 1.71894 2.03261
internal_count=57 48 19 29 18 11 13
is_linear=0
shrinkage=0.05


Tree=11
num_leaves=9
num_cat=0
split_feature=2 7 2 6 7 3 5 3
split_gain=15.253 2.98038 2.33041 5.21697 2.96474e-05 3.14625e-05 4.56037e-06 3.86632e-06
threshold=675.00000000000011 8.1666666666666696 1650.0000000000002 0.25000000000000017 9.7500000000000018 6.5000000000000009 -0.24999999999999994 2.5000000000000004
decision_type=2 2 2 2 2 2 2 2
left_child=1 -1 3 -2 5 7 -5 -4
right_child=2 -3 4 6 -6 -7 -8 -9
leaf_value=0.024336708603026655 0.060939567493417106 0.12182442349212819 -0.055326210443346735 -0.055408695479788876 -0.055194236751778536 -0.055675568829976624 -0.055551296508719608 -0.055442145103599572
leaf_weight=1.213118076324464 1.6855303049087509 2.2163048684597015 2.0081070065498356 1.1184737682342532 1.5537578016519544 1.1297362595796583 1.1241543143987653 1.1203542649745939
leaf_count=5 7 9 9 5 7 5 5 5
internal_value=-0.00334526 0.0873393 -0.0352746 -0.00552572 -0.0553812 -0.0554494 -0.0554802 -0.0553677
internal_weight=13.1695 3.42942 9.74011 3.92816 5.81196 4.2582 2.24263 3.12846
internal_count=57 14 43 17 26 19 10 14
is_linear=0
shrinkage=0.05


Tree=12
num_leaves=9
num_cat=0
split_feature=2 5 3 3 0 12 12 11
split_gain=8.64754 9.56553 2.15294 1.32957 1.65662 4.70931e-05 1.02557e-05 2.4927e-06
threshold=1450.0000000000002 0.68301270189221941 5.5000000000000009 8.5000000000000018 10.361300000000002 50.000000000000007 23.500000000000004 1.5000000000000002
decision_type=2 2 2 2 2 2 2 2
left_child=1 2 -1 5 -5 6 -2 -7
right_child=3 -3 -4 4 -6 7 -8 -9
leaf_value=-0.051326352697213834 -0.05162573065330342 0.14582168119306063 0.034554243459084866 0.039865299917469177 -0.051535968766078036 -0.051340115337744921 -0.051825144957033914 -0.051451494258545498
leaf_weight=1.282544329762459 1.4940760731697085 1.7140914052724836 1.6931701153516767 1.0631125718355177 0.92891420423984516 1.1007824689149859 1.1342014074325559 0.92403374612331379
leaf_count=7 8 7 8 5 5 6 6 5
internal_value=-0.000249825 0.0517355 -0.00246062 -0.0369386 -0.00275659 -0.0515722 -0.0517118 -0.0513909
internal_weight=11.3349 4.68981 2.97571 6.64512 1.99203 4.65309 2.62828 2.02482
internal_count=57 22 15 35 10 25 14 11
is_linear=0
shrinkage=0.05


Tree=13
num_leaves=9
num_cat=0
split_feature=0 0 5 2 6 2 0 9
split_gain=14.0121 21.4369 0.0042533 0.000234814 0.000530111 6.45612e-05 3.42327e-05 5.5685e-06
threshold=10.361300000000002 10.654750000000002 -0.24999999999999994 1450.0000000000002 0.25000000000000017 2537.5000000000005 4.3765000000000009 -0.49524719222984687
decision_type=2 2 2 2 2 2 2 2
left_child=3 2 -2 6 -5 -3 -1 -8
right_child=1 5 -4 4 -6 -7 7 -9
leaf_value=-0.048455206734462061 0.17121426450035626 -0.048686680389245993 0.17543087893469478 -0.050235036387742696 -0.048716850302308226 -0.049260251107092694 -0.048924471082336898 -0.048740164012585699
leaf_weight=1.0105188190937044 1.1048117280006411 1.034502178430557 1.3038409948348997 1.0098855495452883 1.3351775705814359 0.93316256999969471 0.75724473595619202 0.89324516057968117
leaf_count=7 5 7 6 6 9 6 5 6
internal_value=0.00812504 0.0734771 0.173497 -0.0490059 -0.0493706 -0.0489587 -0.0486844 -0.0488247
internal_weight=9.38239 4.37632 2.40865 5.00607 2.34506 1.96766 2.66101 1.65049
internal_count=57 24 11 33 15 13 18 11
is_linear=0
shrinkage=0.05


Tree=14
num_leaves=11
num_cat=0
split_feature=2 2 6 12 4 2 7 8 12 12
split_gain=15.3395 2.78251e-05 5.09903e-06 2.5716e-06 2.24815e-06 4.69125e-07 4.35978e-07 3.43054e-07 1.50927e-07 1.45077e-09
threshold=2950.0000000000005 2850.0000000000005 -0.9330127018922193 9.5000000000000018 315.50000000000006 1450.0000000000002 7.6500000000000012 0.87752127263508772 50.000000000000007 58.000000000000007
decision_type=2 2 2 2 2 2 2 2 2 2
left_child=1 2 -1 -4 5 6 -5 -7 -9 -8
right_child=-2 -3 3 4 -6 7 9 8 -10 -11
leaf_value=-0.043906089267585297 0.3723777430261454 -0.0442458680691864 -0.043811707492908601 -0.043557422600309266 -0.043794755149393315 -0.043628945085666102 -0.043640598748045309 -0.043711534225542803 -0.043660357112875893 -0.043635303263307085
leaf_weight=0.28735096752643707 0.2396222949028014 0.26348350197076786 0.33377068489789996 0.2489382252097132 0.27565276995301236 0.41222487390041351 0.25887066125869751 0.32084221765398979 0.2614673525094986 0.25848123803734779
leaf_count=5 3 4 6 5 5 8 5 6 5 5
internal_value=-0.0122075 -0.0437558 -0.0437072 -0.0436831 -0.043662 -0.0436412 -0.0436118 -0.0436638 -0.0436886 -0.043638
internal_weight=3.1607 2.92108 2.6576 2.37025 2.03648 1.76082 0.76629 0.994534 0.58231 0.517352
internal_count=57 54 50 45 39 34 15 19 11 10
is_linear=0
shrinkage=0.05


Tree=15
num_leaves=9
num_cat=0
split_feature=0 2 0 9 12 11 2 2
split_gain=21.369 6.47047 4.86793e-05 1.87795e-05 1.65503e-05 1.34941e-05 9.27769e-06 9.08126e-07
threshold=10.654750000000002 1855.0000000000002 4.4556000000000013 -0.49524719222984687 58.000000000000007 6.5000000000000009 1650.0000000000002 1450.0000000000002
decision_type=2 2 2 2 2 2 2 2
left_child=2 -2 3 -1 5 -4 -5 -6
right_child=1 -3 4 6 7 -7 -8 -9
leaf_value=-0.047798442918432091 0.0099027528480660799 0.17983258234983734 -0.048260494132807003 -0.04795999300457765 -0.048114690570885903 -0.048504769577377337 -0.048207817912169326 -0.048191853109589983
leaf_weight=0.80443489551544223 0.83343064785003695 1.7086874991655348 1.2732937186956412 0.68343101441860177 0.69632367789745309 1.0168584883213041 0.84406210482120514 0.84284603595733643
leaf_count=6 5 8 9 5 5 7 6 6
internal_value=0.00215072 0.124121 -0.0481741 -0.047994 -0.0482837 -0.048369 -0.0480969 -0.0481569
internal_weight=8.70337 2.54212 6.16125 2.33193 3.82932 2.29015 1.52749 1.53917
internal_count=57 13 44 17 27 16 11 11
is_linear=0
shrinkage=0.05


Tree=16
num_leaves=8
num_cat=0
split_feature=0 2 5 0 12 9 8
split_gain=29.5359 5.77397e-05 6.05217e-05 3.30252e-05 9.35103e-06 5.43699e-06 2.92826e-06
threshold=1.9456500000000003 1450.0000000000002 0.68301270189221941 10.361300000000002 27.500000000000004 -0.69930991848440827 0.71473537162315171
decision_type=2 2 2 2 2 2 2
left_child=-1 2 5 -3 -5 -2 -6
right_child=1 3 -4 4 6 -7 -8
leaf_value=0.16767800250057457 -0.04892127313100697 -0.049183919538978507 -0.048341265280052011 -0.04898142755198899 -0.048719157802852631 -0.048753679510606655 -0.048845411933492781
leaf_weight=2.0167006850242615 0.75699660181999262 1.0872027724981306 0.99866817891597737 1.0667287558317187 0.74265147745609272 1.3415613025426865 1.2035270631313322
leaf_count=9 5 7 7 7 5 9 8
internal_value=-0.0014381 -0.0488246 -0.0486617 -0.0489477 -0.0488624 -0.0488141 -0.0487972
internal_weight=9.21404 7.19734 3.09723 4.10011 3.01291 2.09856 1.94618
internal_count=57 48 21 27 20 14 13
is_linear=0
shrinkage=0.05


Tree=17
num_leaves=10
num_cat=0
split_feature=4 6 0 0 12 6 8 3 7
split_gain=7.30028 7.57703 1.91323 4.6773 0.758334 0.0025254 3.44464e-05 3.9925e-05 1.07757e-05
threshold=9.5000000000000018 -0.9330127018922193 10.361300000000002 4.3765000000000009 38.000000000000007 0.25000000000000017 0.94478581029364217 3.5000000000000004 9.7500000000000018
decision_type=2 2 2 2 2 2 2 2 2
left_child=-1 -2 3 5 -5 -3 8 -8 -4
right_child=1 2 6 4 -6 -7 7 -9 -10
leaf_value=0.098358679789111447 0.098679074888779042 -0.057011624291613973 -0.054384601227544328 0.012420218625717083 0.066292172731901328 -0.053995586550884614 -0.054352612216649915 -0.054782108238869191 -0.054176770754754813
leaf_weight=1.5614446103572852 1.2630741745233525 1.1773942261934263 1.5045125186443331 1.4277122914791109 1.204236254096031 1.6907129734754562 1.0730892568826678 1.0914135277271269 1.0653091967105863
leaf_count=6 5 5 7 6 5 8 5 5 5
internal_value=-0.0030848 -0.0168616 -0.0311211 -0.0110639 0.0370691 -0.0552337 -0.0544222 -0.0545692 -0.0542984
internal_weight=13.0589 11.4975 10.2344 5.50006 2.63195 2.86811 4.73432 2.1645 2.56982
internal_count=57 51 46 24 11 13 22 10 12
is_linear=0
shrinkage=0.05


Tree=18
num_leaves=9
num_cat=0
split_feature=2 5 5 3 0 12 0 11
split_gain=7.71669 7.73292 1.97824 1.29775 1.53015 6.177e-05 1.49167e-05 7.77531e-06
threshold=1450.0000000000002 0.68301270189221941 0.25000000000000011 8.5000000000000018 10.361300000000002 50.000000000000007 10.361300000000002 1.5000000000000002
decision_type=2 2 2 2 2 2 2 2
left_child=1 2 -1 5 -5 6 -2 -7
right_child=3 -3 -4 4 -6 7 -8 -9
leaf_value=0.032246629721257226 -0.051212052149600153 0.12825068686973168 -0.050712157121648706 0.037740892484889654 -0.050840500020296775 -0.050604811236810335 -0.050966604093157564 -0.050806128512489557
leaf_weight=1.7284160554409027 1.0906510651111605 1.842161029577255 1.2300035953521729 1.0821084231138227 0.88723514974117268 1.0469546616077421 1.4313949197530744 0.88508121669292439
leaf_count=8 6 7 7 5 5 6 8 5
internal_value=-0.000125283 0.0478313 -0.00224463 -0.0359659 -0.00216709 -0.0509098 -0.0510727 -0.050697
internal_weight=11.224 4.80058 2.95842 6.42343 1.96934 4.45408 2.52205 1.93204
internal_count=57 22 15 35 10 25 14 11
is_linear=0
shrinkage=0.05


Tree=19
num_leaves=9
num_cat=0
split_feature=0 0 2 2 0 2 0 3
split_gain=12.4015 16.9172 0.00354853 0.000212628 0.00055569 5.88045e-05 4.05597e-05 1.19108e-05
threshold=10.361300000000002 10.654750000000002 2850.0000000000005 1450.0000000000002 1.9456500000000003 2537.5000000000005 4.3765000000000009 4.5000000000000009
decision_type=2 2 2 2 2 2 2 2
left_child=3 2 -2 6 -5 -3 -1 -8
right_child=1 5 -4 4 -6 -7 7 -9
leaf_value=-0.047998464638412591 0.14574292127314575 -0.048214462789203896 0.1494019164904957 -0.048130722541767625 -0.049704139431941657 -0.048775264293946213 -0.04825789593040683 -0.048533923806335588
leaf_weight=0.96082575619220767 1.4698876589536669 0.98337310552597024 1.2065140902996061 1.1151767969131472 1.1295442283153532 0.8909708708524704 0.70741602778434731 0.87326227128505707
leaf_count=7 6 7 5 8 7 6 5 6
internal_value=0.00762071 0.0667168 0.147392 -0.0485679 -0.0489225 -0.048481 -0.0482547 -0.0484104
internal_weight=9.33697 4.55075 2.6764 4.78623 2.24472 1.87434 2.5415 1.58068
internal_count=57 24 11 33 15 13 18 11
is_linear=0
shrinkage=0.05


Tree=20
num_leaves=10
num_cat=0
split_feature=2 2 12 10 9 5 7 7 2
split_gain=10.5152 2.33577e-05 4.57811e-06 4.87822e-06 3.26157e-06 3.844e-07 2.8622e-07 2.71234e-07 2.27844e-07
threshold=2950.0000000000005 2850.0000000000005 35.500000000000007 4.5000000000000009 -0.5 0.68301270189221941 8.5833333333333339 8.1666666666666696 300.00000000000006
decision_type=2 2 2 2 2 2 2 2 2
left_child=1 2 3 6 -5 7 -1 -4 -9
right_child=-2 -3 5 4 -6 -7 -8 8 -10
leaf_value=-0.043522605759598404 0.25361042613826346 -0.044107231377915279 -0.043585290640849754 -0.043885245285940608 -0.043666236658767246 -0.043484161064634902 -0.043591113023618316 -0.043561187345299124 -0.043496010845924117
leaf_weight=0.24472011253237835 0.33311700075864781 0.25088706985115994 0.30278533697128274 0.28645692020654678 0.41814893484115601 0.33597191795706749 0.40442700684070587 0.24949337542057037 0.28989184647798538
leaf_count=5 3 4 6 5 8 7 8 5 6
internal_value=-0.0118676 -0.043647 -0.0436015 -0.0436642 -0.0437553 -0.0435294 -0.0435653 -0.0435474 -0.0435262
internal_weight=3.1159 2.78278 2.5319 1.35375 0.704606 1.17814 0.649147 0.842171 0.539385
internal_count=57 54 50 26 13 24 13 17 11
is_linear=0
shrinkage=0.05


Tree=21
num_leaves=10
num_cat=0
split_feature=0 2 0 0 2 4 12 7 3
split_gain=18.3112 3.21305 5.93416e-05 2.93275e-05 1.96236e-05 1.43058e-05 9.14662e-06 2.08201e-06 1.9673e-07
threshold=10.654750000000002 2300.0000000000005 4.4556000000000013 9.6133500000000023 1650.0000000000002 197.50000000000003 41.500000000000007 8.1666666666666696 4.5000000000000009
decision_type=2 2 2 2 2 2 2 2 2
left_child=2 -2 4 5 6 -4 -1 -5 -9
right_child=1 -3 3 7 -6 -7 -8 8 -10
leaf_value=-0.047314637529589441 0.041151332571771532 0.15196619418284124 -0.047934376103759918 -0.0478480833194194 -0.047751832963846712 -0.048231436202532507 -0.047581670736412007 -0.04772103814096032 -0.047759463871951235
leaf_weight=0.630451560020447 1.0747793614864352 1.6713052242994306 0.95316787064075492 0.67497222125530276 0.93288555741310109 0.7050931304693222 0.65264700353145599 0.66462154686450936 0.66775944828987122
leaf_count=5 6 7 7 5 7 5 5 5 5
internal_value=0.00199107 0.108595 -0.0477816 -0.0479051 -0.0475773 -0.0480607 -0.0474505 -0.0477765 -0.0477403
internal_weight=8.62768 2.74608 5.8816 3.66561 2.21598 1.65826 1.2831 2.00735 1.33238
internal_count=57 13 44 27 17 12 10 15 10
is_linear=0
shrinkage=0.05


Tree=22
num_leaves=8
num_cat=0
split_feature=0 2 5 0 12 8 8
split_gain=24.8303 5.78836e-05 7.60772e-05 5.85996e-05 1.11374e-05 1.06239e-05 2.91714e-06
threshold=1.9456500000000003 1450.0000000000002 0.68301270189221941 10.361300000000002 27.500000000000004 0.71473537162315171 0.87752127263508772
decision_type=2 2 2 2 2 2 2
left_child=-1 2 5 -3 -5 -2 -6
right_child=1 3 -4 4 6 -7 -8
leaf_value=0.14389295416414397 -0.048524828465019654 -0.048832010471468908 -0.047849499297163513 -0.04852844709564566 -0.048254422338449253 -0.048292837666042192 -0.048380352976703102
leaf_weight=2.2214259654283524 0.8723458796739586 1.0513080358505251 0.94459940493106831 1.0193146765232088 0.84860706329345692 1.1363228410482404 1.0038827657699583
leaf_count=9 6 7 7 7 6 8 7
internal_value=-0.00143752 -0.0483868 -0.0482196 -0.0485126 -0.0483957 -0.0483936 -0.0483227
internal_weight=9.09781 6.87638 2.95327 3.92311 2.8718 2.00867 1.85249
internal_count=57 48 21 27 20 14 13
is_linear=0
shrinkage=0.05


Tree=23
num_leaves=10
num_cat=0
split_feature=2 0 2 6 4 12 7 12 3
split_gain=12.1287 2.16893 2.11681 4.47007 0.000259604 4.52467e-05 4.50758e-05 1.22262e-05 3.20047e-06
threshold=675.00000000000011 4.3765000000000009 1650.0000000000002 0.25000000000000017 197.50000000000003 50.000000000000007 7.0750000000000011 12.500000000000002 2.5000000000000004
decision_type=2 2 2 2 2 2 2 2 2
left_child=1 -1 3 -2 5 7 -5 -4 -7
right_child=2 -3 4 6 -6 8 -8 -9 -10
leaf_value=0.020639195773804912 0.05370146312649169 0.10187066841666902 -0.053443646562957414 -0.053960075801783441 -0.054218641312166506 -0.053296495018438264 -0.054422242777973612 -0.053686531202973467 -0.053171260171296753
leaf_weight=1.2460744827985775 1.7608176916837677 2.4130992740392685 1.0305967777967455 1.0431589633226397 1.2715218663215635 1.0235578566789629 1.0674284696578977 1.0419491678476331 1.0170906782150266
leaf_count=5 7 9 5 5 6 5 5 5 5
internal_value=-0.00285476 0.0742086 -0.0333198 -0.00512018 -0.0535942 -0.0534012 -0.0541938 -0.0535658 -0.0532341
internal_weight=12.9153 3.65917 9.25612 3.87141 5.38472 4.11319 2.11059 2.07255 2.04065
internal_count=57 14 43 17 26 20 10 10 10
is_linear=0
shrinkage=0.05


Tree=24
num_leaves=9
num_cat=0
split_feature=2 5 3 3 0 12 12 11
split_gain=7.01102 6.53251 1.79194 1.25715 1.3929 9.85997e-05 2.86539e-05 1.4153e-05
threshold=1450.0000000000002 0.68301270189221941 5.5000000000000009 8.5000000000000018 10.361300000000002 50.000000000000007 23.500000000000004 1.5000000000000002
decision_type=2 2 2 2 2 2 2 2
left_child=1 2 -1 5 -5 6 -2 -7
right_child=3 -3 -4 4 -6 7 -8 -9
leaf_value=-0.050031341861629976 -0.050389599728668813 0.11647034670655454 0.029790173166580794 0.035043453948150526 -0.050190806922744004 -0.049927079286055519 -0.050736098647740348 -0.050205278699227876
leaf_weight=1.1679648458957674 1.3719576746225359 1.9292448461055753 1.7665964961051939 1.1061435192823408 0.84586793184280384 0.99392551183700539 1.0558112561702726 0.84654709696769714
leaf_count=7 8 7 8 5 5 6 6 5
internal_value=3.3869e-05 0.0450043 -0.00197905 -0.0351299 -0.00189123 -0.050331 -0.0505403 -0.050055
internal_weight=11.0841 4.86381 2.93456 6.22025 1.95201 4.26824 2.42777 1.84047
internal_count=57 22 15 35 10 25 14 11
is_linear=0
shrinkage=0.05


Tree=25
num_leaves=9
num_cat=0
split_feature=0 0 7 0 3 2 2 6
split_gain=11.0695 13.7899 0.00366405 0.000241895 0.000319801 0.000107457 4.60613e-05 4.22318e-05
threshold=10.361300000000002 10.654750000000002 8.5833333333333339 4.5699000000000014 5.5000000000000009 1650.0000000000002 1855.0000000000002 -0.5
decision_type=2 2 2 2 2 2 2 2
left_child=3 2 -2 5 -5 7 -3 -1
right_child=1 6 -4 4 -6 -7 -8 -9
leaf_value=-0.047857332501618666 0.13039447018992131 -0.04771674434575477 0.1268205079374671 -0.048021436902782266 -0.049381099897598479 -0.048264470512476336 -0.048243129411505298 -0.0473567256001707
leaf_weight=0.94451789557933785 1.5651186704635622 0.65917023271322239 1.3236171901226041 0.96254138648509957 0.78531201183795929 1.119893819093704 1.1246875524520872 0.76051791757345244
leaf_count=7 6 5 5 7 5 8 8 6
internal_value=0.00713456 0.0612578 0.128757 -0.04817 -0.0486323 -0.047884 -0.0480486 -0.047634
internal_weight=9.24538 4.67259 2.88874 4.57278 1.74785 2.82493 1.78386 1.70504
internal_count=57 24 11 33 12 21 13 13
is_linear=0
shrinkage=0.05


Tree=26
num_leaves=10
num_cat=0
split_feature=2 2 12 10 0 7 5 0 6
split_gain=8.03136 1.9148e-05 4.03991e-06 4.05004e-06 4.72738e-06 5.34203e-07 4.64312e-07 6.70149e-07 4.57111e-07
threshold=2950.0000000000005 2850.0000000000005 35.500000000000007 4.5000000000000009 10.363450000000002 8.5833333333333339 0.68301270189221941 1.9456500000000003 0.25000000000000017
decision_type=2 2 2 2 2 2 2 2 2
left_child=1 2 3 5 -5 -1 7 -4 -9
right_child=-2 -3 6 4 -6 -7 -8 8 -10
leaf_value=-0.043408725501661027 0.19326610926638635 -0.043970785796006107 -0.043379050961568147 -0.043761731302304513 -0.043493829509722665 -0.043504826791513816 -0.043380333291834328 -0.043524101513549553 -0.043434911851160975
leaf_weight=0.23078693076968304 0.41402786970138539 0.23832867294549931 0.22718279063701607 0.38221268355846405 0.28931131213903427 0.38725011795759201 0.317690659314394 0.2937566302716732 0.28115472197532654
leaf_count=5 3 4 5 7 6 8 7 6 6
internal_value=-0.01152 -0.0435433 -0.043501 -0.0435613 -0.0436463 -0.0434689 -0.0434315 -0.0434518 -0.0434805
internal_weight=3.0617 2.64767 2.40935 1.28956 0.671524 0.618037 1.11978 0.802094 0.574911
internal_count=57 54 50 26 13 13 24 17 12
is_linear=0
shrinkage=0.05


Tree=27
num_leaves=10
num_cat=0
split_feature=0 2 0 0 4 2 6 9 3
split_gain=15.9137 2.38422 7.68636e-05 5.78029e-05 3.13626e-05 2.17257e-05 1.27215e-05 2.55774e-06 5.15215e-07
threshold=10.654750000000002 2300.0000000000005 4.4556000000000013 9.6133500000000023 197.50000000000003 1650.0000000000002 1.0000000180025095e-35 -0.48574157668954127 4.5000000000000009
decision_type=2 2 2 2 2 2 2 2 2
left_child=2 -2 5 4 -4 6 -1 8 -5
right_child=1 -3 3 7 -6 -7 -8 -9 -10
leaf_value=-0.047199981889515207 0.038478278293254536 0.13178819929642629 -0.047590891115469797 -0.047302432680215833 -0.048037628982501572 -0.04736725020255101 -0.046875891294614641 -0.047456982258967335 -0.047366261692112978
leaf_weight=0.61972690373659156 1.0989631265401842 1.8156037926673887 0.91305769234895728 0.62954564392566659 0.68957690894603729 0.88742555677890766 0.59207207709550858 0.64272426068782795 0.6350758820772171
leaf_count=5 6 7 7 5 5 7 5 5 5
internal_value=0.0018279 0.0966049 -0.0474186 -0.0475618 -0.0477831 -0.0471793 -0.0470416 -0.0473758 -0.0473345
internal_weight=8.52377 2.91457 5.6092 3.50998 1.60263 2.09922 1.2118 1.90735 1.26462
internal_count=57 13 44 27 12 17 10 15 10
is_linear=0
shrinkage=0.05


Tree=28
num_leaves=8
num_cat=0
split_feature=0 2 5 0 8 12 8
split_gain=21.409 8.25605e-05 0.000111641 0.000103775 2.24696e-05 1.51249e-05 5.69963e-06
threshold=1.9456500000000003 1450.0000000000002 0.68301270189221941 10.361300000000002 0.71473537162315171 27.500000000000004 0.87752127263508772
decision_type=2 2 2 2 2 2 2
left_child=-1 2 4 -3 -2 -5 -7
right_child=1 3 -4 5 -6 6 -8
leaf_value=0.12706674096480491 -0.048191805300357667 -0.04857207016258222 -0.047318594295110247 -0.048139994674501752 -0.047847081952523615 -0.047796591346656342 -0.047977030876261123
leaf_weight=2.3793251514434814 0.8409872651100162 1.0238717347383501 0.88236065208911885 0.97641742229461703 1.0794668793678281 0.80473579466342904 0.95940929651260376
leaf_count=9 6 7 7 7 8 6 7
internal_value=-0.00143368 -0.0479896 -0.0477841 -0.0481426 -0.047998 -0.0479821 -0.0478947
internal_weight=8.94657 6.56725 2.80281 3.76443 1.92045 2.74056 1.76415
internal_count=57 48 21 27 14 20 13
is_linear=0
shrinkage=0.05


Tree=29
num_leaves=10
num_cat=0
split_feature=2 2 6 7 5 4 12 12 3
split_gain=10.7559 2.00585 4.02692 1.91304 0.000293092 0.000292993 7.14282e-05 2.98925e-05 4.84217e-06
threshold=675.00000000000011 1650.0000000000002 0.25000000000000017 8.1666666666666696 -0.24999999999999994 197.50000000000003 50.000000000000007 12.500000000000002 2.5000000000000004
decision_type=2 2 2 2 2 2 2 2 2
left_child=3 2 -2 -1 -4 6 7 -3 -8
right_child=1 5 4 -5 -6 -7 8 -9 -10
leaf_value=0.018277799664540805 0.049306315339838952 -0.052531476655242076 -0.052770869129086885 0.093846026634463897 -0.053974653413966213 -0.053403183146339975 -0.052379576227903235 -0.052919295745949793 -0.052221727120978015
leaf_weight=1.2617289721965801 1.8067203611135467 0.98401312530040774 0.98563656210899386 2.490867480635643 1.0383187234401701 1.2212641835212705 0.97615572810173012 1.003667891025543 0.96725712716579437
leaf_count=5 7 5 5 9 5 6 5 5 5
internal_value=-0.00265557 -0.0323543 -0.00495293 0.0684379 -0.0533884 -0.0527267 -0.0525166 -0.0527273 -0.052301
internal_weight=12.7356 8.98303 3.83068 3.7526 2.02396 5.15236 3.93109 1.98768 1.94341
internal_count=57 43 17 14 10 26 20 10 10
is_linear=0
shrinkage=0.05


Tree=30
num_leaves=10
num_cat=0
split_feature=14 0 9 0 0 2 11 7 12
split_gain=3.94023 6.25235 1.87217 2.05447 4.02902 1.59498 0.376643 0.641105 0.00542506
threshold=1.0000000180025095e-35 5.2380000000000004 -0.48574157668954127 4.4556000000000013 6.2124500000000014 1450.0000000000002 1.5000000000000002 9.1666666666666696 29.500000000000004
decision_type=2 2 2 2 2 2 2 2 2
left_child=2 -2 6 -4 -5 -6 7 -1 -8
right_child=1 -3 3 4 5 -7 8 -9 -10
leaf_value=-0.049375766588286615 0.12550232122841976 -0.049954750090660562 -0.053682538183690114 0.090269105463452029 0.030384923217227102 -0.049935123184031226 -0.057181913730059625 0.010363001493826483 -0.052450643291396475
leaf_weight=1.1062935143709172 1.3091798871755611 0.82941181957721699 1.2286718636751164 1.3506933450698855 1.0572582036256792 1.4879498332738874 1.3082440942525866 0.75603747367858876 1.128542363643646
leaf_count=7 5 5 6 6 4 9 6 4 6
internal_value=-0.00381642 0.0574547 -0.0177211 0.00269123 0.0204701 -0.0165708 -0.0420528 -0.025124 -0.0549907
internal_weight=11.5623 2.13859 9.42369 5.12457 3.8959 2.54521 4.29912 1.86233 2.43679
internal_count=58 10 48 25 19 13 23 11 12
is_linear=0
shrinkage=0.05


Tree=31
num_leaves=10
num_cat=0
split_feature=2 3 2 2 5 7 3 2 0
split_gain=5.25789 2.46593 0.000487901 0.000346257 0.000159902 3.25388e-05 2.93167e-05 1.97049e-05 6.96364e-06
threshold=2590.0000000000005 10.500000000000002 1450.0000000000002 1650.0000000000002 0.68301270189221941 7.4000000000000012 3.5000000000000004 149.00000000000003 4.3765000000000009
decision_type=2 2 2 2 2 2 2 2 2
left_child=1 2 4 -4 7 -5 -6 -1 -9
right_child=-2 -3 3 5 6 -7 -8 8 -10
leaf_value=-0.047612448238706362 0.06663428948071641 0.03436719480289107 -0.048979329249795749 -0.047924823286106415 -0.046924707279536147 -0.047489099859306577 -0.046417977597638348 -0.047174080078150105 -0.047399793971649652
leaf_weight=0.78626058995723802 1.5782505124807356 1.0918064489960668 0.7568268030881885 0.81506611406803109 0.59581770002841927 0.90334731340408325 0.5479164719581604 0.61772099137306191 0.76476556807756424
leaf_count=6 7 6 5 6 5 7 5 5 6
internal_value=-0.0156731 -0.0345555 -0.0475572 -0.0480882 -0.0471603 -0.0476958 -0.046682 -0.0474126 -0.0472989
internal_weight=8.45778 6.87953 5.78772 2.47524 3.31248 1.71841 1.14373 2.16875 1.38249
internal_count=58 51 45 18 27 13 10 17 11
is_linear=0
shrinkage=0.05


Tree=32
num_leaves=10
num_cat=0
split_feature=2 12 3 2 0 3 3 9 9
split_gain=6.50369 5.47815e-06 8.12518e-06 5.31503e-06 1.93026e-06 1.54433e-06 1.3332e-06 1.00607e-06 3.22312e-07
threshold=2950.0000000000005 41.500000000000007 5.5000000000000009 1450.0000000000002 5.2380000000000004 1.5000000000000002 2.5000000000000004 -0.27768031003904575 -0.48574157668954127
decision_type=2 2 2 2 2 2 2 2 2
left_child=1 2 3 -1 -4 -3 -5 8 -7
right_child=-2 5 4 6 -6 7 -8 -9 -10
leaf_value=-0.043248271867741932 0.15645556198656296 -0.043437252275288725 -0.043685803474617264 -0.043418790814669921 -0.043518273531477275 -0.043293423153920374 -0.043577986552488006 -0.043381335577252066 -0.043206060012311344
leaf_weight=0.37689162790775366 0.48437276482582081 0.2785230129957198 0.42162000015377998 0.27792838960886002 0.29033739492297173 0.2169186994433403 0.24964451044797897 0.22739480063319206 0.20567912980914116
leaf_count=9 3 6 8 6 6 5 5 5 5
internal_value=-0.0114739 -0.0434355 -0.0434911 -0.0433917 -0.0436175 -0.0433387 -0.0434941 -0.0432965 -0.0432509
internal_weight=3.02931 2.54494 1.61642 0.904465 0.711957 0.928516 0.527573 0.649993 0.422598
internal_count=58 55 34 20 14 21 11 15 10
is_linear=0
shrinkage=0.05


Tree=33
num_leaves=9
num_cat=0
split_feature=2 2 8 8 10 5 12 4
split_gain=10.8473 3.72018 1.22056 0.000642781 0.000629362 0.000145802 4.19977e-05 2.19832e-05
threshold=1855.0000000000002 2590.0000000000005 0.96863394805116498 0.80625269229011354 4.5000000000000009 0.68301270189221941 38.000000000000007 135.50000000000003
decision_type=2 2 2 2 2 2 2 2
left_child=2 -2 3 5 -5 6 -1 -8
right_child=1 -3 -4 4 -6 -7 7 -9
leaf_value=-0.047338217923606069 0.11233538464110378 -0.0026726075632603728 0.025360834080743844 -0.049189090696802509 -0.047214064230193649 -0.046240498709905764 -0.04707718482164102 -0.046676943177881375
leaf_weight=1.0056183636188514 2.2827500179409985 1.0161534771323202 0.6584210693836211 0.76370009779930093 0.85488397628068924 0.63605988025665272 0.85376804322004296 0.57353904843330383
leaf_count=8 9 7 4 5 7 6 7 5
internal_value=0.00561114 0.0769097 -0.0383858 -0.0473397 -0.0481459 -0.0469145 -0.0470907 -0.0469164
internal_weight=8.64489 3.2989 5.34599 4.68757 1.61858 3.06899 2.43293 1.42731
internal_count=58 16 42 38 12 26 20 12
is_linear=0
shrinkage=0.05


Tree=34
num_leaves=9
num_cat=0
split_feature=0 2 0 5 7 2 4 6
split_gain=19.5763 0.000262385 0.000198466 0.000171091 6.49852e-05 4.64611e-05 7.2542e-06 5.02491e-06
threshold=1.9456500000000003 1450.0000000000002 10.361300000000002 0.68301270189221941 9.1666666666666696 2300.0000000000005 87.500000000000014 0.25000000000000017
decision_type=2 2 2 2 2 2 2 2
left_child=-1 3 -3 4 7 -4 -7 -2
right_child=1 2 5 -5 -6 6 -8 -9
leaf_value=0.11845667836474726 -0.047282839090781459 -0.048470779580074175 -0.04799343168528869 -0.046782619586479585 -0.047965753407157558 -0.04759358089727992 -0.047366234776036895 -0.047473039536183342
leaf_weight=2.4564115107059479 0.75349933654069967 1.1551938802003863 0.68454487621784244 1.049135275185108 0.68236573040485371 0.78467483818531014 0.63468282669782639 0.64407724142074585
leaf_count=9 6 8 5 9 5 6 5 5
internal_value=-0.00150282 -0.0476302 -0.0479442 -0.0473032 -0.0475658 -0.0476551 -0.0474919 -0.0473705
internal_weight=8.84459 6.38817 3.2591 3.12908 2.07994 2.1039 1.41936 1.39758
internal_count=58 49 24 25 16 16 11 11
is_linear=0
shrinkage=0.05


Tree=35
num_leaves=10
num_cat=0
split_feature=6 4 6 5 7 0 0 6 4
split_gain=9.69403 3.5267 1.9425 1.38848 0.531002 0.456469 0.00269245 0.000311124 2.3396e-05
threshold=-0.68301270189221952 9.5000000000000018 -0.9330127018922193 0.93301270189221952 16.041666666666668 4.4556000000000013 10.361300000000002 -1.0000000180025095e-35 50.000000000000007
decision_type=2 2 2 2 2 2 2 2 2
left_child=2 -2 -1 4 5 -3 -7 -8 -9
right_child=1 3 -4 -5 -6 6 7 8 -10
leaf_value=0.11613018389358408 0.05247373658272815 -0.019815558243963329 0.044365261569301394 0.018436288230950181 -0.0044700493334022271 -0.054940237977436961 -0.052730886970675628 -0.051808016815639714 -0.051454030745760861
leaf_weight=1.9301007390022278 1.6494619250297526 1.4277251213788984 1.8435842543840417 1.3271608799695966 1.007285878062248 1.0833632797002795 0.98607754707336304 0.94416686892509594 0.92317351698875427
leaf_count=7 6 7 7 6 5 5 5 5 5
internal_value=0.0134299 -0.0138746 0.0810704 -0.0280894 -0.0377801 -0.0440347 -0.0528181 -0.0520124 -0.051633
internal_weight=13.1221 9.34842 3.77368 7.69895 6.37179 5.36451 3.93678 2.85342 1.86734
internal_count=58 44 14 38 32 27 20 15 10
is_linear=0
shrinkage=0.05


Tree=36
num_leaves=10
num_cat=0
split_feature=14 9 9 0 0 2 5 2 12
split_gain=3.49814 2.11773 1.72197 1.86768 3.44139 1.46565 0.644661 0.00399134 0.00386565
threshold=1.0000000180025095e-35 -0.5 -0.48574157668954127 4.4556000000000013 6.2124500000000014 1450.0000000000002 0.93301270189221952 1650.0000000000002 38.000000000000007
decision_type=2 2 2 2 2 2 2 2 2
left_child=2 -2 6 -4 -5 -6 7 8 -1
right_child=1 -3 3 4 5 -7 -8 -9 -10
leaf_value=-0.05464871624595441 0.096758411155025592 -0.0032751902553879776 -0.052842297200123269 0.081252352616622558 0.027982980548979703 -0.049446820254654945 -0.0026576655251113052 -0.049146923948296624 -0.050061001903455832
leaf_weight=1.0708506554365151 1.2288563251495364 0.92909143865108568 1.1749550700187672 1.4176778197288515 1.0687594115734103 1.4274068027734754 0.86621825397014607 1.3914766907691953 0.80384370684623707
leaf_count=5 5 5 6 6 4 9 4 9 5
internal_value=-0.0036174 0.0536895 -0.0170284 0.00244236 0.0190391 -0.0162944 -0.0410055 -0.0511757 -0.0526816
internal_weight=11.3791 2.15795 9.22119 5.0888 3.91384 2.49617 4.13239 3.26617 1.87469
internal_count=58 10 48 25 19 13 23 19 10
is_linear=0
shrinkage=0.05


Tree=37
num_leaves=10
num_cat=0
split_feature=2 3 2 2 5 7 0 3 2
split_gain=4.78919 2.3019 0.000357192 0.000286489 0.000131658 4.16139e-05 3.03514e-05 2.7427e-05 1.02197e-05
threshold=2590.0000000000005 10.500000000000002 1450.0000000000002 1650.0000000000002 0.68301270189221941 7.4000000000000012 4.3765000000000009 3.5000000000000004 149.00000000000003
decision_type=2 2 2 2 2 2 2 2 2
left_child=1 2 4 -4 6 -5 -1 -6 -8
right_child=-2 -3 3 5 7 -7 8 -9 -10
leaf_value=-0.046779603690949453 0.061917241969237508 0.031738601364927427 -0.04849446863184232 -0.047561640708537245 -0.046646976299219434 -0.047055896983431537 -0.047333836881832514 -0.046145974875051538 -0.047071769071521809
leaf_weight=0.58281009644270021 1.620080694556236 1.1092533618211744 0.72105666995048556 0.7788819223642347 0.57172269374132134 0.85129863023757935 0.75813514739274956 0.52313058078289032 0.73040833324193954
leaf_count=5 7 6 5 6 5 7 6 5 6
internal_value=-0.0151446 -0.0339845 -0.0471978 -0.0476646 -0.0468511 -0.0472975 -0.0470855 -0.0464076 -0.0472052
internal_weight=8.24678 6.6267 5.51744 2.35124 3.16621 1.63018 2.07135 1.09485 1.48854
internal_count=58 51 45 18 27 13 17 10 12
is_linear=0
shrinkage=0.05


Tree=38
num_leaves=10
num_cat=0
split_feature=2 12 5 2 0 4 9 4 9
split_gain=5.62742 5.23224e-06 6.28788e-06 3.74876e-06 1.62228e-06 1.29455e-06 1.44531e-06 1.18743e-06 2.51119e-07
threshold=2950.0000000000005 41.500000000000007 0.25000000000000011 1450.0000000000002 5.2380000000000004 14.500000000000002 -0.27768031003904575 62.000000000000007 -0.48574157668954127
decision_type=2 2 2 2 2 2 2 2 2
left_child=1 2 4 -4 -1 -3 8 -5 -7
right_child=-2 5 3 7 -6 6 -8 -9 -10
leaf_value=-0.043577895911868857 0.13599834796277008 -0.043339259046093245 -0.043187866822437623 -0.043325729995624958 -0.04342044242391406 -0.043188955255407176 -0.043310311871450131 -0.043479746472672935 -0.043109452760727196
leaf_weight=0.40068687871098585 0.53375983238220204 0.26449627801775921 0.36334782466292381 0.26402183622121811 0.27646609768271446 0.20394528657197952 0.21851383149623871 0.23791621252894402 0.19362175092101097
leaf_count=8 3 6 9 6 6 5 5 5 5
internal_value=-0.0109689 -0.043344 -0.0433995 -0.0433102 -0.0435136 -0.0432467 -0.043207 -0.0433987 -0.0431502
internal_weight=2.95678 2.42302 1.54244 0.865286 0.677153 0.880577 0.616081 0.501938 0.397567
internal_count=58 55 34 20 14 21 15 11 10
is_linear=0
shrinkage=0.05


Tree=39
num_leaves=9
num_cat=0
split_feature=0 2 2 5 0 0 0 8
split_gain=12.8948 3.67751 0.000143994 0.000132712 9.48061e-05 7.94208e-05 5.27632e-05 1.51017e-05
threshold=10.654750000000002 1855.0000000000002 1450.0000000000002 0.68301270189221941 1.9456500000000003 10.361300000000002 4.3765000000000009 0.71473537162315171
decision_type=2 2 2 2 2 2 2 2
left_child=2 -2 3 6 -4 -6 -1 -8
right_child=1 -3 4 -5 5 -7 7 -9
leaf_value=-0.046360010571898543 -0.001962212254829876 0.11020794105310448 -0.046555385019473802 -0.045994211679410993 -0.047533209671559516 -0.046845919268706522 -0.047126892873532687 -0.046771255921361519
leaf_weight=0.54471793025732074 1.0266302078962328 2.5349173247814178 0.67216280102729831 0.81361291557550419 1.0360251441597936 0.70729416608810414 0.6132177487015722 0.58163763582706451
leaf_count=5 6 9 6 8 8 6 5 5
internal_value=0.00526408 0.0778744 -0.0467831 -0.0465213 -0.0470599 -0.0472544 -0.0467678 -0.0469538
internal_weight=8.53022 3.56155 4.96867 2.55319 2.41548 1.74332 1.73957 1.19486
internal_count=58 15 43 23 20 14 15 10
is_linear=0
shrinkage=0.05


Tree=40
num_leaves=9
num_cat=0
split_feature=0 2 2 3 6 3 7 11
split_gain=17.3495 0.00019025 0.00016272 7.92416e-05 6.99328e-05 6.58377e-05 4.1508e-05 9.13917e-06
threshold=1.9456500000000003 1450.0000000000002 2300.0000000000005 4.5000000000000009 -0.9330127018922193 2.5000000000000004 7.0750000000000011 3.5000000000000004
decision_type=2 2 2 2 2 2 2 2
left_child=-1 3 6 5 -5 -2 -3 -4
right_child=1 2 7 4 -6 -7 -8 -9
leaf_value=0.10800869621163618 -0.047022796561016877 -0.047674770644188513 -0.047086407239329081 -0.046887839701516457 -0.047572874746580236 -0.046354967201078408 -0.04820301897824178 -0.04732500242238305
leaf_weight=2.5513813495635986 0.84675843268632911 0.79131379723548911 0.85445248335599877 0.71224803477525711 0.78116963803768136 0.65415181964635849 0.70157679915428162 0.75685865432024002
leaf_count=9 7 6 7 6 6 6 5 6
internal_value=-0.0014708 -0.0472726 -0.0475469 -0.0469883 -0.0472462 -0.0467317 -0.047923 -0.0471985
internal_weight=8.64991 6.09853 3.1042 2.99433 1.49342 1.50091 1.49289 1.61131
internal_count=58 49 24 25 12 13 11 13
is_linear=0
shrinkage=0.05


Tree=41
num_leaves=9
num_cat=0
split_feature=2 6 2 3 3 0 4 4
split_gain=11.8093 2.59577 4.65922 2.08959 0.00316198 0.000542336 0.000300326 2.86446e-05
threshold=675.00000000000011 0.25000000000000017 1650.0000000000002 4.5000000000000009 1.5000000000000002 10.381750000000002 315.50000000000006 50.000000000000007
decision_type=2 2 2 2 2 2 2 2
left_child=3 2 -2 -1 -3 -4 7 -6
right_child=1 4 5 -5 6 -7 -8 -9
leaf_value=0.039671656206756244 0.055970472330554792 -0.054546821130718896 -0.052945882273057458 0.10487555227194074 -0.051174567015181041 -0.051257025131445713 -0.052093962116508921 -0.050803844929746989
leaf_weight=2.3459486514329919 2.0896316766738878 1.0296291410923002 0.9954424053430555 2.5800649225711823 1.2698712348937995 0.90984469652175903 0.93912246823310841 0.8836313635110854
leaf_count=9 8 5 5 9 7 5 5 5
internal_value=0.0127506 -0.0243121 0.00440989 0.0738231 -0.0521469 -0.0521394 -0.0513478 -0.0510225
internal_weight=13.0432 8.11717 3.99492 4.92601 4.12225 1.90529 3.09263 2.1535
internal_count=58 40 18 18 22 10 17 12
is_linear=0
shrinkage=0.05


Tree=42
num_leaves=11
num_cat=0
split_feature=14 9 9 0 0 2 5 9 2 12
split_gain=3.08433 1.78354 1.60073 1.70907 4.18659 0.816733 0.625193 0.394491 0.00298429 0.00277145
threshold=1.0000000180025095e-35 -0.5 -0.48574157668954127 4.4556000000000013 5.0619000000000005 1855.0000000000002 0.93301270189221952 -0.27768031003904575 1650.0000000000002 38.000000000000007
decision_type=2 2 2 2 2 2 2 2 2 2
left_child=2 -2 6 -4 -5 7 8 -6 9 -1
right_child=1 -3 3 4 5 -7 -8 -9 -10 -11
leaf_value=-0.0534708845664894 0.0884121118186324 -0.0029565719255638251 -0.051991740886333453 0.11913197033201109 0.030185904419671641 -0.048757183223250372 -0.0022629880947667613 -0.012123037066513393 -0.048625795652014858 -0.049490994144222651
leaf_weight=1.0177251994609831 1.2680054455995562 0.92281530797481615 1.1193488538265217 0.81215076148510013 1.0467083454132078 0.8924419730901717 0.86038032174110401 1.1632409095764167 1.3216237425804136 0.76715652644634236
leaf_count=5 5 5 6 3 4 6 4 6 9 5
internal_value=-0.00327766 0.0499259 -0.0162276 0.00249054 0.0180695 -0.0083868 -0.0399805 0.00791594 -0.0504268 -0.0517603
internal_weight=11.1916 2.19082 9.00078 5.03389 3.91454 3.10239 3.96689 2.20995 3.10651 1.78488
internal_count=58 10 48 25 19 16 23 10 19 10
is_linear=0
shrinkage=0.05


Tree=43
num_leaves=9
num_cat=0
split_feature=11 0 3 4 11 12 0 3
split_gain=4.51351 3.51298 1.36029 0.000343967 0.000450352 0.000205041 8.44682e-05 4.2993e-05
threshold=1.5000000000000002 10.361300000000002 8.5000000000000018 197.50000000000003 6.5000000000000009 41.500000000000007 5.2380000000000004 3.5000000000000004
decision_type=2 2 2 2 2 2 2 2
left_child=1 -1 -3 4 -2 -5 -6 -8
right_child=3 2 -4 5 6 -7 7 -9
leaf_value=-0.046990258630449339 -0.048114577784215545 0.025342495056154518 0.10091531932886838 -0.048489744906868845 -0.046283067956549885 -0.047237995302894409 -0.04708568541091171 -0.046565263730664323
leaf_weight=1.0650736689567568 0.6630085036158565 1.2195884585380556 1.1635032892227171 0.70478110760450341 0.96249109506607089 0.61056271195411682 0.9709615111351011 0.67117109149694443
leaf_count=9 5 7 4 5 9 5 8 6
internal_value=-0.0147128 0.0285006 0.0622396 -0.047226 -0.0469511 -0.0479087 -0.046655 -0.046873
internal_weight=8.03114 3.44817 2.38309 4.58298 3.26763 1.31534 2.60462 1.64213
internal_count=58 20 11 38 28 10 23 14
is_linear=0
shrinkage=0.05


Tree=44
num_leaves=10
num_cat=0
split_feature=2 12 5 7 0 4 9 9 12
split_gain=4.86567 4.73676e-06 5.55509e-06 3.69002e-06 2.68273e-06 1.67643e-06 1.32317e-06 1.18599e-06 1.79793e-07
threshold=2950.0000000000005 41.500000000000007 0.25000000000000011 10.825000000000001 11.100500000000002 14.500000000000002 -0.27768031003904575 -0.35824514579943006 77.000000000000014
decision_type=2 2 2 2 2 2 2 2 2
left_child=1 2 7 4 -4 -3 8 -1 -7
right_child=-2 5 3 -5 -6 6 -8 -9 -10
leaf_value=-0.043469223640593822 0.11835962514539045 -0.04326873843054925 -0.043422286626243138 -0.04305070996933244 -0.043205034013984608 -0.043092474796204948 -0.043216219828457053 -0.043326288986265428 -0.043023180063972627
leaf_weight=0.42510759830474854 0.58378601074218739 0.25363846868276585 0.23168367892503738 0.22280165925621986 0.36748843267560005 0.1917659193277359 0.2067609429359436 0.22035102918744154 0.18287637457251549
leaf_count=9 3 6 5 6 9 5 5 5 5
internal_value=-0.0105674 -0.0432565 -0.0433106 -0.0432244 -0.043289 -0.0431615 -0.0431147 -0.0434204 -0.0430586
internal_weight=2.88626 2.30247 1.46743 0.821974 0.599172 0.835042 0.581403 0.645459 0.374642
internal_count=58 55 34 20 14 21 15 14 10
is_linear=0
shrinkage=0.05


Tree=45
num_leaves=9
num_cat=0
split_feature=0 2 2 5 0 0 0 6
split_gain=11.4689 3.07956 0.000136621 0.000103726 0.000101742 5.60508e-05 4.882e-05 8.69695e-06
threshold=10.654750000000002 1855.0000000000002 1450.0000000000002 0.68301270189221941 1.9456500000000003 10.361300000000002 4.3765000000000009 -1.0000000180025095e-35
decision_type=2 2 2 2 2 2 2 2
left_child=2 -2 3 6 -4 -6 -1 -8
right_child=1 -3 4 -5 5 -7 7 -9
leaf_value=-0.046029455732738769 -0.0018961573800306459 0.10039058346806772 -0.046208593785276322 -0.045732077326580578 -0.047193012184518206 -0.046603496325353176 -0.046475681508111134 -0.046752526436994443
leaf_weight=0.51327266544103656 1.0238377749919894 2.6160694658756256 0.6337821260094646 0.7727752849459647 0.98903290182352044 0.68072918802499771 0.55544428527355194 0.57981280237436272
leaf_count=5 6 9 6 8 8 6 5 5
internal_value=0.004915 0.0716192 -0.0464723 -0.0462101 -0.046748 -0.0469527 -0.0464341 -0.0466171
internal_weight=8.36476 3.63991 4.72485 2.42131 2.30354 1.66976 1.64853 1.13526
internal_count=58 15 43 23 20 14 15 10
is_linear=0
shrinkage=0.05


Tree=46
num_leaves=9
num_cat=0
split_feature=0 2 2 5 6 11 0 7
split_gain=15.4197 0.000184421 0.000180091 0.000106643 5.16526e-05 2.97137e-05 1.36456e-05 7.08998e-06
threshold=1.9456500000000003 1450.0000000000002 2300.0000000000005 0.68301270189221941 -0.9330127018922193 3.5000000000000004 10.381750000000002 9.1666666666666696
decision_type=2 2 2 2 2 2 2 2
left_child=-1 3 5 4 -2 -3 -4 -6
right_child=1 2 6 -5 7 -7 -8 -9
leaf_value=0.099173792915908013 -0.046515544788161049 -0.047358810181281422 -0.047019736037469201 -0.046219460559855659 -0.046939103160872686 -0.047816784923622263 -0.04671423275166238 -0.047180613391096235
leaf_weight=2.6199595034122467 0.6719554290175439 0.63358670473098777 0.60485681146383263 0.9571518450975417 0.59823192656040192 0.80309909582138062 0.92370002716779709 0.61763027310371399
leaf_count=9 6 5 5 9 5 6 8 5
internal_value=-0.00152813 -0.046937 -0.0472129 -0.0466494 -0.0468674 -0.0476148 -0.0468351 -0.0470618
internal_weight=8.43017 5.81021 2.96524 2.84497 1.88782 1.43669 1.52856 1.21586
internal_count=58 49 24 25 16 11 13 10
is_linear=0
shrinkage=0.05


Tree=47
num_leaves=9
num_cat=0
split_feature=2 6 2 3 3 0 3 10
split_gain=10.2981 2.47688 4.2054 1.80255 0.00309085 0.000481387 0.000246932 1.65263e-05
threshold=675.00000000000011 0.25000000000000017 1650.0000000000002 4.5000000000000009 1.5000000000000002 10.381750000000002 10.500000000000002 4.5000000000000009
decision_type=2 2 2 2 2 2 2 2
left_child=3 2 -2 -1 -3 -4 7 -6
right_child=1 4 5 -5 6 -7 -8 -9
leaf_value=0.036573091788922284 0.052262657083048975 -0.053892099260605925 -0.052131957948427211 0.096596453577021624 -0.050426942823402814 -0.050501040699529126 -0.051198389306072151 -0.050115191901131798
leaf_weight=2.3756264001131058 2.1275220811367039 0.99126374721527133 0.95153094828128792 2.6416616141796112 0.86051769554615043 0.86262685060501099 1.2509769499301908 0.84015730023384094
leaf_count=9 8 5 5 9 5 5 7 5
internal_value=0.0121775 -0.0234566 0.00457197 0.0681761 -0.0514764 -0.0513565 -0.0506652 -0.0502729
internal_weight=12.9019 7.8846 3.94168 5.01729 3.94292 1.81416 2.95165 1.70067
internal_count=58 40 18 18 22 10 17 10
is_linear=0
shrinkage=0.05


Tree=48
num_leaves=11
num_cat=0
split_feature=14 9 9 0 0 4 5 12 2 12
split_gain=2.70995 1.51607 1.49069 1.57616 3.64144 0.773695 0.602842 0.346212 0.00226986 0.00197597
threshold=1.0000000180025095e-35 -0.5 -0.48574157668954127 4.4556000000000013 5.0619000000000005 95.500000000000014 0.93301270189221952 25.000000000000004 1650.0000000000002 38.000000000000007
decision_type=2 2 2 2 2 2 2 2 2 2
left_child=2 -2 6 -4 -5 7 8 -6 9 -1
right_child=1 -3 3 4 5 -7 -8 -9 -10 -11
leaf_value=-0.052412481576865226 0.081225047263638578 -0.0027336759093614959 -0.051242115995463217 0.10953138916620518 -0.011389227089355369 0.022194995867145961 -0.0021203098825842283 -0.056288998825782734 -0.048118898915493126 -0.04896689436795551
leaf_weight=0.96481138467788674 1.2976584881544115 0.91809639334678728 1.0666141659021366 0.84030112624168429 1.095359653234482 1.2511396259069441 0.85837435722351063 0.70608794689178456 1.2505973130464552 0.73162629455327988
leaf_count=5 5 5 6 3 6 6 4 4 9 5
internal_value=-0.00296575 0.0464368 -0.0154546 0.00260763 0.0173619 -0.00801001 -0.0389948 -0.028988 -0.0497351 -0.0509265
internal_weight=10.9807 2.21575 8.76491 4.9595 3.89289 3.05259 3.80541 1.80145 2.94703 1.69644
internal_count=58 10 48 25 19 16 23 10 19 10
is_linear=0
shrinkage=0.05


Tree=49
num_leaves=9
num_cat=0
split_feature=11 0 3 2 9 3 2 2
split_gain=4.19953 3.13433 1.13631 0.000693615 0.000427398 0.000151656 8.65068e-05 2.36224e-05
threshold=1.5000000000000002 10.361300000000002 8.5000000000000018 1450.0000000000002 -0.41859597363157713 6.5000000000000009 1650.0000000000002 400.00000000000006
decision_type=2 2 2 2 2 2 2 2
left_child=1 -1 -3 5 -5 7 -6 -2
right_child=3 2 -4 4 6 -7 -8 -9
leaf_value=-0.046693348079636508 -0.046244434052695786 0.024315445309911726 0.0929438992133442 -0.048576350010997353 -0.04739536278566496 -0.047004427104352348 -0.046576093714736005 -0.045875678097102031
leaf_weight=1.0138293951749804 0.95981681346893333 1.2262017428874972 1.1870417296886442 0.69801078736782107 0.75568692386150338 0.58985598385334004 0.56170929223299026 0.79320152848958969
leaf_count=9 9 7 4 5 6 5 5 8
internal_value=-0.0143322 0.0270799 0.0580729 -0.046896 -0.047576 -0.0463109 -0.047046 -0.0460776
internal_weight=7.78535 3.42707 2.41324 4.35828 2.01541 2.34287 1.3174 1.75302
internal_count=58 20 11 38 16 22 11 17
is_linear=0
shrinkage=0.05


Tree=50
num_leaves=9
num_cat=0
split_feature=2 0 5 2 5 9 2 9
split_gain=4.1879 4.36279e-06 5.03431e-06 4.84751e-06 4.24541e-06 2.2123e-06 1.61646e-06 1.1078e-06
threshold=2950.0000000000005 1.9456500000000003 0.68301270189221941 300.00000000000006 0.93301270189221952 -0.27768031003904575 1855.0000000000002 -0.69930991848440827
decision_type=2 2 2 2 2 2 2 2
left_child=1 -1 3 -3 6 7 -4 -5
right_child=-2 2 4 5 -6 -7 -8 -9
leaf_value=-0.043001237379452786 0.10276388233864582 -0.043100626747874113 -0.042937890943770297 -0.04332721339919518 -0.043319196921794131 -0.043224483817858761 -0.043106479174898078 -0.043476100848342802
leaf_weight=0.32260995730757791 0.63450810313224781 0.30802593752741791 0.24051231890916813 0.26257289201021228 0.17319530621170998 0.28978233039379087 0.3477855883538723 0.23833975195884705
leaf_count=9 3 8 7 6 4 7 9 5
internal_value=-0.0103041 -0.043171 -0.0432004 -0.0432689 -0.0431016 -0.0433344 -0.0430376 -0.0433981
internal_weight=2.81733 2.18282 1.86021 1.09872 0.761493 0.790695 0.588298 0.500913
internal_count=58 55 46 26 20 18 16 11
is_linear=0
shrinkage=0.05


Tree=51
num_leaves=9
num_cat=0
split_feature=0 2 2 0 5 0 0 6
split_gain=10.2832 2.65235 0.000128971 0.000104667 8.33317e-05 6.12782e-05 4.6274e-05 1.53859e-05
threshold=10.654750000000002 1855.0000000000002 1450.0000000000002 1.9456500000000003 0.68301270189221941 10.361300000000002 4.3765000000000009 0.25000000000000017
decision_type=2 2 2 2 2 2 2 2
left_child=2 -2 4 -4 6 -5 -1 -8
right_child=1 -3 3 5 -6 -7 7 -9
leaf_value=-0.045718757199043274 -0.0019261567113129274 0.092797545689844468 -0.045890985374588203 -0.046921892645052386 -0.045478919052445499 -0.046290868101070692 -0.046112597662633509 -0.046490629542184657
leaf_weight=0.48283202201128039 1.0227201879024508 2.6640734970569611 0.59784322977066073 0.95084875822067239 0.73195518553256977 0.6461833119392395 0.52134157717227914 0.55643337965011597
leaf_count=5 6 9 6 8 8 6 5 5
internal_value=0.00465042 0.0665211 -0.0461814 -0.0464553 -0.0459191 -0.0466666 -0.0461255 -0.0463078
internal_weight=8.17423 3.68679 4.48744 2.19488 2.29256 1.59703 1.56061 1.07777
internal_count=58 15 43 20 23 14 15 10
is_linear=0
shrinkage=0.05


Tree=52
num_leaves=9
num_cat=0
split_feature=0 6 2 0 2 3 6 7
split_gain=13.7775 0.00020054 0.000109618 6.52798e-05 3.84722e-05 3.68948e-05 2.2346e-05 1.39468e-05
threshold=1.9456500000000003 0.6830127018922193 1450.0000000000002 10.361300000000002 1450.0000000000002 4.5000000000000009 -0.9330127018922193 7.4000000000000012
decision_type=2 2 2 2 2 2 2 2
left_child=-1 2 5 -4 -3 -2 -7 -5
right_child=1 4 3 7 -6 6 -8 -9
leaf_value=0.091860610561915607 -0.045954428056267482 -0.046846687724657277 -0.04708577251206203 -0.046655800378451032 -0.047385922212652337 -0.046172193881690457 -0.046604110652579189 -0.046332710797649883
leaf_weight=2.6611248552799225 0.91122387349605594 0.58843030780553796 0.7324149236083034 0.68605781346559502 0.75541751086711884 0.63362923264503468 0.56781702488660801 0.65092998743057251
leaf_count=9 9 5 6 6 6 6 5 6
internal_value=-0.00160709 -0.0466184 -0.0464477 -0.0467064 -0.0471498 -0.0461944 -0.0463763 -0.0464985
internal_weight=8.18705 5.52592 4.18207 2.0694 1.34385 2.11267 1.20145 1.33699
internal_count=58 49 38 18 11 20 11 12
is_linear=0
shrinkage=0.05


Tree=53
num_leaves=9
num_cat=0
split_feature=2 6 2 2 3 0 4 0
split_gain=9.01677 2.34847 3.80163 1.83105 0.00298283 0.000479112 0.000267051 9.14726e-06
threshold=675.00000000000011 0.25000000000000017 1650.0000000000002 300.00000000000006 1.5000000000000002 10.381750000000002 315.50000000000006 11.100500000000002
decision_type=2 2 2 2 2 2 2 2
left_child=3 2 -2 -1 -3 -4 7 -6
right_child=1 4 5 -5 6 -7 -8 -9
leaf_value=0.0921522570207194 0.048839234333765295 -0.053252061569392863 -0.051450190689589642 0.032037226836441376 -0.049796778853725077 -0.049782559790643603 -0.05074843483472187 -0.049580036896318333
leaf_weight=2.6415799260139465 2.1591674089431767 0.95211347937583957 0.91291981935501076 2.4337389320135117 0.98216444253921531 0.81539303064346313 0.85724277794361103 0.96515849232673645
leaf_count=9 8 5 5 9 6 5 5 6
internal_value=0.0116609 -0.0226417 0.00460191 0.0633256 -0.050834 -0.0506634 -0.0500131 -0.0496894
internal_weight=12.7195 7.64416 3.88748 5.07532 3.75668 1.72831 2.80457 1.94732
internal_count=58 40 18 18 22 10 17 12
is_linear=0
shrinkage=0.05


Tree=54
num_leaves=11
num_cat=0
split_feature=14 8 12 8 2 5 5 7 6 2
split_gain=2.39614 1.44227 1.38631 1.24473 1.93807 0.647534 0.639278 0.0154177 0.00249557 3.74002e-05
threshold=1.0000000180025095e-35 -0.91959550581536686 41.500000000000007 0.87752127263508772 1450.0000000000002 0.93301270189221952 -0.5 10.825000000000001 -0.9330127018922193 2537.5000000000005
decision_type=2 2 2 2 2 2 2 2 2 2
left_child=1 -1 -2 5 -5 7 -6 8 -3 -10
right_child=2 3 -4 4 6 -7 -8 -9 9 -11
leaf_value=0.041429732856345894 -0.0028335673312181041 -0.050976710199193365 0.077094677510169116 0.048753986482611769 0.0077461242309716507 -0.0019763330405380953 -0.049497783501270223 -0.056864248089293835 -0.047461099058960274 -0.047952021352274721
leaf_weight=1.0088716223835934 0.93545962870121124 0.89514964818954412 1.2914455831050871 1.2800233662128451 0.7574679702520376 0.85632178187370289 1.3695496022701259 0.79651002585887898 0.89896214753389381 0.6825079470872879
leaf_count=5 5 5 5 5 4 4 9 4 7 5
internal_value=-0.00267504 -0.0147131 0.0435191 -0.0222287 0.000142063 -0.0406859 -0.0291122 -0.0508132 -0.0488671 -0.047673
internal_weight=10.7723 8.54536 2.22691 7.53649 3.40704 4.12945 2.12702 3.27313 2.47662 1.58147
internal_count=58 48 10 43 18 25 13 21 17 12
is_linear=0
shrinkage=0.05


Tree=55
num_leaves=9
num_cat=0
split_feature=11 12 12 7 3 11 12 3
split_gain=3.94098 2.14638 1.46881 0.000310081 0.000367195 0.000362425 7.11412e-05 4.02648e-05
threshold=1.5000000000000002 89.500000000000014 29.500000000000004 10.250000000000002 6.5000000000000009 6.5000000000000009 35.500000000000007 5.5000000000000009
decision_type=2 2 2 2 2 2 2 2
left_child=1 2 -1 4 5 -2 -7 -5
right_child=3 -3 -4 7 -6 6 -8 -9
leaf_value=-0.0034205331021706373 -0.047714898126694438 -0.046874031673609838 0.075304897186753025 -0.045608541700790359 -0.047801418838289186 -0.046456779722577869 -0.04579413543975222 -0.046190727706109137
leaf_weight=0.9101489335298546 0.50321162492036875 0.7764737233519553 1.6975286751985548 0.56022408604621865 0.78219532966613758 0.98586270213127136 0.68750347197055817 0.63206449896097183
leaf_count=6 4 7 7 6 6 9 7 6
internal_value=-0.013949 0.0260989 0.0478276 -0.0465979 -0.0468723 -0.0465383 -0.0461845 -0.0459172
internal_weight=7.53521 3.38415 2.60768 4.15106 2.95877 2.17658 1.67337 1.19229
internal_count=58 20 13 38 26 20 16 12
is_linear=0
shrinkage=0.05


Tree=56
num_leaves=10
num_cat=0
split_feature=2 0 5 2 5 9 9 0 11
split_gain=3.65109 4.43446e-06 4.66783e-06 5.90513e-06 4.63027e-06 2.1501e-06 1.20111e-06 1.01302e-06 1.57215e-07
threshold=2950.0000000000005 1.9456500000000003 0.68301270189221941 300.00000000000006 0.93301270189221952 -0.27768031003904575 -0.69930991848440827 10.654750000000002 6.5000000000000009
decision_type=2 2 2 2 2 2 2 2 2
left_child=1 -1 3 -3 7 6 -5 -4 -9
right_child=-2 2 4 5 -6 -7 -8 8 -10
leaf_value=-0.042914445606591051 0.090573260992155402 -0.042995980813167044 -0.042848355417261397 -0.043250559724849015 -0.043254808907399356 -0.043151079195728366 -0.043408671391038357 -0.043031245331342442 -0.042967954800432279
leaf_weight=0.30265138298273164 0.67847448587417591 0.28691373020410516 0.16032711416482914 0.25132446736097369 0.16674984619021416 0.27600602805614438 0.23007087409496307 0.18355024233460426 0.21081256866455078
leaf_count=9 3 8 5 6 4 7 5 5 6
internal_value=-0.0100764 -0.0430913 -0.0431216 -0.0431892 -0.0430238 -0.0432623 -0.0433261 -0.0429543 -0.0429974
internal_weight=2.74688 2.06841 1.76575 1.04432 0.72144 0.757401 0.481395 0.55469 0.394363
internal_count=58 55 46 26 20 18 11 16 11
is_linear=0
shrinkage=0.05


Tree=57
num_leaves=9
num_cat=0
split_feature=0 2 0 2 5 0 7 6
split_gain=9.29877 2.30525 0.000116264 0.000108633 6.06088e-05 3.2798e-05 3.58393e-05 2.10935e-05
threshold=10.654750000000002 1855.0000000000002 1.7249000000000001 1450.0000000000002 0.68301270189221941 10.361300000000002 10.250000000000002 -1.0000000180025095e-35
decision_type=2 2 2 2 2 2 2 2
left_child=2 -2 -1 4 7 6 -5 -4
right_child=1 -3 3 5 -6 -7 -8 -9
leaf_value=-0.045207662137706439 -0.0017067461471847829 0.086676540211004544 -0.045777297644498172 -0.046675927092895163 -0.045343202489250667 -0.045989420338435893 -0.046124322848441923 -0.046186358735932923
leaf_weight=0.51414558291435231 1.0171419829130175 2.686015248298645 0.78305590152740456 0.68598505854606606 0.62394198030233372 0.61176857352256764 0.51595550775527954 0.52740361541509673
leaf_count=6 6 9 8 6 7 6 5 5
internal_value=0.00444254 0.0624004 -0.0459127 -0.0460095 -0.0457488 -0.0462874 -0.0464391 -0.0459419
internal_weight=7.96541 3.70316 4.26226 3.74811 1.9344 1.81371 1.20194 1.31046
internal_count=58 15 43 37 20 17 11 13
is_linear=0
shrinkage=0.05


Tree=58
num_leaves=9
num_cat=0
split_feature=0 6 2 0 2 4 0 7
split_gain=12.3906 0.000182342 7.97161e-05 6.99182e-05 5.40433e-05 2.69906e-05 1.31864e-05 1.19246e-05
threshold=1.9456500000000003 0.6830127018922193 1450.0000000000002 10.361300000000002 1450.0000000000002 121.50000000000001 4.4556000000000013 7.4000000000000012
decision_type=2 2 2 2 2 2 2 2
left_child=-1 2 5 -4 -3 -2 -7 -5
right_child=1 4 3 7 -6 6 -8 -9
leaf_value=0.085863467219301992 -0.045722278841103463 -0.046467825030642812 -0.046780773303025394 -0.046307367150487957 -0.047123808218317659 -0.046272478232236465 -0.04593207839188132 -0.045999718128954946
leaf_weight=2.6763643026351929 0.86919309198856431 0.55364732444286324 0.70041831582784642 0.64753284305334069 0.72529169172048569 0.5366646349430082 0.60550220310688019 0.61328885704278946
leaf_count=9 9 5 6 6 6 5 6 6
internal_value=-0.00169684 -0.0463206 -0.0461534 -0.0463802 -0.0468398 -0.0459322 -0.046092 -0.0461577
internal_weight=7.9279 5.25154 3.9726 1.96124 1.27894 2.01136 1.14217 1.26082
internal_count=58 49 38 18 11 20 11 12
is_linear=0
shrinkage=0.05


Tree=59
num_leaves=9
num_cat=0
split_feature=2 6 2 2 3 0 4 10
split_gain=7.91097 2.22762 3.4434 1.66445 0.00286285 0.000471685 0.000303152 8.865e-06
threshold=675.00000000000011 0.25000000000000017 1650.0000000000002 300.00000000000006 1.5000000000000002 10.381750000000002 315.50000000000006 4.5000000000000009
decision_type=2 2 2 2 2 2 2 2
left_child=3 2 -2 -1 -3 -4 7 -6
right_child=1 4 5 -5 6 -7 -8 -9
leaf_value=0.086447367671286801 0.045786732304342992 -0.052660769298583432 -0.050815156261382881 0.029310849463803381 -0.049188769626039464 -0.04911762073505864 -0.050216222460933713 -0.048966627225577743
leaf_weight=2.6568962335586548 2.1839525103569035 0.9134209752082828 0.87462919950485207 2.4500017613172531 0.77715499699115764 0.76902623474597931 0.81995080411434162 1.0639830529689789
leaf_count=9 8 5 5 9 5 5 5 7
internal_value=0.0111655 -0.0218619 0.00464491 0.0590365 -0.0502456 -0.0500209 -0.0494165 -0.0490604
internal_weight=12.509 7.40212 3.82761 5.1069 3.57451 1.64366 2.66109 1.84114
internal_count=58 40 18 18 22 10 17 12
is_linear=0
shrinkage=0.05


Tree=60
num_leaves=10
num_cat=0
split_feature=2 2 0 6 6 7 14 2 0
split_gain=5.56673 3.80252 4.61341 2.25233 2.28991 2.06228 0.00730402 0.000827288 5.34195e-05
threshold=1855.0000000000002 300.00000000000006 1.9456500000000003 -0.68301270189221952 -1.0000000180025095e-35 7.0750000000000011 1.0000000180025095e-35 2850.0000000000005 11.100500000000002
decision_type=2 2 2 2 2 2 2 2 2
left_child=1 -1 -3 -4 -5 -6 7 8 -2
right_child=6 2 3 4 5 -7 -8 -9 -10
leaf_value=-0.053057955442717741 -0.047626088738166178 -0.049251642461263338 0.0077643392791541506 0.13580989396951063 -0.0062936339275320415 0.079505256801234769 -0.053337891632888629 -0.049402865258205669 -0.046972761972314106
leaf_weight=1.2138083875179271 0.65276948362589038 1.1618915796279905 1.5962767302989949 1.2094436585903148 0.96325688064098658 2.5662119090557098 0.99524149298667897 0.76091942191123951 0.60090028494596481
leaf_count=7 5 8 8 5 5 9 5 5 5
internal_value=0.00878749 0.0290425 0.0423349 0.0591322 0.0764351 0.0560892 -0.0498335 -0.0481023 -0.0473129
internal_weight=11.7207 8.71089 7.49708 6.33519 4.73891 3.52947 3.00983 2.01459 1.25367
internal_count=62 42 35 27 19 14 20 15 10
is_linear=0
shrinkage=0.05


Tree=61
num_leaves=10
num_cat=0
split_feature=0 0 3 2 0 9 2 3 11
split_gain=7.80915 7.57074 0.17491 0.00122822 0.00143849 0.000219869 0.00011958 9.38702e-05 3.12086e-05
threshold=10.361300000000002 10.654750000000002 8.5000000000000018 1450.0000000000002 1.9456500000000003 -0.41859597363157713 1450.0000000000002 5.5000000000000009 6.5000000000000009
decision_type=2 2 2 2 2 2 2 2 2
left_child=3 2 -2 7 -5 -6 -3 8 -1
right_child=1 6 -4 4 5 -7 -8 -9 -10
leaf_value=-0.045778876039043112 0.1076252254932705 -0.04579487578495537 0.083123777913099398 -0.045586976065745272 -0.049000448000460453 -0.047750250259741597 -0.046763902119521777 -0.046187286955596624 -0.045267217762399864
leaf_weight=0.58380203694105171 1.4167429208755495 0.48951313644647576 1.499200791120529 0.65566653013229403 0.75792948901653301 0.65611679852008786 0.91059077531099319 0.93272187560796727 0.6088261604309082
leaf_count=6 5 5 5 7 5 5 8 9 7
internal_value=0.00192366 0.0491414 0.0950281 -0.0466558 -0.0475228 -0.0484204 -0.0464251 -0.0458115 -0.0455177
internal_weight=8.51111 4.31605 2.91594 4.19506 2.06971 1.41405 1.4001 2.12535 1.19263
internal_count=62 23 10 39 17 10 13 22 13
is_linear=0
shrinkage=0.05


Tree=62
num_leaves=10
num_cat=0
split_feature=2 2 0 5 2 4 12 11 6
split_gain=5.42679 1.02193e-05 5.90759e-06 4.94479e-06 5.04534e-06 3.16262e-06 1.74247e-06 1.43784e-06 6.23269e-07
threshold=2950.0000000000005 2850.0000000000005 1.9456500000000003 0.68301270189221941 300.00000000000006 170.00000000000003 27.500000000000004 6.5000000000000009 0.6830127018922193
decision_type=2 2 2 2 2 2 2 2 2
left_child=1 2 8 4 -4 -6 -5 -7 -1
right_child=-2 -3 3 6 5 7 -8 -9 -10
leaf_value=-0.042731623867112434 0.10152046758498752 -0.043397941944856161 -0.042884639398077504 -0.043005475316682411 -0.043328403171292856 -0.043036110547407483 -0.042830101278676848 -0.043189442822236919 -0.042874092546984779
leaf_weight=0.14500814676284868 0.93983837962150563 0.18375687673687924 0.19803376495838143 0.32299766689538945 0.21928619965910912 0.32962222397327423 0.25224881432950497 0.28516082465648651 0.16312690079212189
leaf_count=5 4 4 6 9 5 9 8 7 5
internal_value=0.00166425 -0.0430418 -0.0430076 -0.043046 -0.0431115 -0.0431654 -0.0429286 -0.0431072 -0.042807
internal_weight=3.03908 2.09924 1.91548 1.60735 1.0321 0.834069 0.575246 0.614783 0.308135
internal_count=62 58 54 44 27 21 17 16 10
is_linear=0
shrinkage=0.05


Tree=63
num_leaves=9
num_cat=0
split_feature=3 2 8 7 8 10 2 5
split_gain=3.78598 4.21492 1.91255 0.00160769 0.000240655 0.000376065 4.1808e-05 7.61503e-06
threshold=4.5000000000000009 1450.0000000000002 0.9195955058153672 8.1666666666666696 0.71473537162315171 4.5000000000000009 1450.0000000000002 -0.24999999999999994
decision_type=2 2 2 2 2 2 2 2
left_child=1 3 -3 -1 6 -6 -2 -8
right_child=4 2 -4 -5 5 -7 7 -9
leaf_value=-0.048582385464819716 -0.045488427512760034 -0.0042393284691720603 0.08334843931160768 -0.045209965741554496 -0.047564344404866836 -0.045976771734026707 -0.045852989708162165 -0.046115638716930696
leaf_weight=0.65148893743753411 0.72695921361446414 0.88176474720239673 2.1258879154920578 0.77234230935573578 0.63434039056301095 0.90550076216459274 0.58733102679252613 0.5205676108598708
leaf_count=5 8 7 8 9 5 9 6 5
internal_value=-0.00626766 0.024119 0.05767 -0.0467531 -0.0461699 -0.0466308 -0.0457831 -0.0459764
internal_weight=7.80618 4.43148 3.00765 1.42383 3.3747 1.53984 1.83486 1.1079
internal_count=62 29 15 14 33 14 19 11
is_linear=0
shrinkage=0.05


Tree=64
num_leaves=10
num_cat=0
split_feature=0 6 2 2 0 5 6 11 0
split_gain=12.6263 0.0312215 0.000197382 0.000185717 4.53069e-05 3.78477e-05 3.61801e-05 1.98752e-05 1.33399e-05
threshold=1.9456500000000003 0.6830127018922193 1450.0000000000002 1855.0000000000002 10.381750000000002 -0.5 0.25000000000000017 3.5000000000000004 4.3765000000000009
decision_type=2 2 2 2 2 2 2 2 2
left_child=1 -1 6 5 7 -4 8 -5 -2
right_child=2 -3 3 4 -6 -7 -8 -9 -10
leaf_value=0.087476191163691319 -0.045808192156318539 0.077221608049849608 -0.046592756412101255 -0.046073013864896234 -0.045796389007322635 -0.047160968637339401 -0.046029261652023139 -0.046502866665441941 -0.045497259429168234
leaf_weight=1.4821152687072754 0.59057311713695548 1.4869481921195984 0.56330704689025879 0.5186309218406675 0.78467049449682225 0.61086252331733726 0.9186749979853629 0.55849879235029221 0.82941264659166336
leaf_count=5 6 5 5 5 8 5 9 5 9
internal_value=-0.000414367 0.0823406 -0.04613 -0.0463959 -0.0460854 -0.0468884 -0.0457848 -0.0462959 -0.0456266
internal_weight=8.34369 2.96906 5.37463 3.03597 1.8618 1.17417 2.33866 1.07713 1.41999
internal_count=62 10 52 28 18 10 24 10 15
is_linear=0
shrinkage=0.05


Tree=65
num_leaves=11
num_cat=0
split_feature=2 6 9 7 0 2 6 6 8 2
split_gain=7.94351 3.56467 1.96757 0.794694 1.40978 0.0412351 0.0532327 0.000804135 0.000707434 0.000227226
threshold=300.00000000000006 -0.9330127018922193 -0.92471001826442645 7.0750000000000011 10.361300000000002 1650.0000000000002 0.25000000000000017 1.0000000180025095e-35 0.96863394805116498 2590.0000000000005
decision_type=2 2 2 2 2 2 2 2 2 2
left_child=-1 -2 -3 4 -4 6 -5 -7 -6 -9
right_child=1 2 3 5 8 7 -8 9 -10 -11
leaf_value=0.084196372807854414 0.048757712146080413 0.026660911919262609 0.025435564213850653 -0.064187821849175958 -0.048783695563194333 -0.050432487158300725 -0.05055024199248731 -0.048058155940339034 -0.05090091990877791 -0.049250365974926678
leaf_weight=2.0654700696468362 1.4961017668247212 1.1542023420333833 1.0215634852647784 1.5767301172018053 0.74613957107067086 1.0185754299163821 1.3101175129413603 0.82560194283723809 0.837269127368927 0.77466917037963867
leaf_count=7 5 5 4 6 5 6 8 6 5 5
internal_value=-0.00561668 -0.0228555 -0.0344197 -0.0431118 -0.0203584 -0.0538774 -0.0579988 -0.0493343 -0.0499032 -0.0486353
internal_weight=12.8264 10.761 9.26487 8.11067 2.60497 5.50569 2.88685 2.61885 1.58341 1.60027
internal_count=62 55 50 45 14 31 14 17 10 11
is_linear=0
shrinkage=0.05


Tree=66
num_leaves=11
num_cat=0
split_feature=2 2 0 9 6 7 4 14 2 0
split_gain=5.05793 3.37468 3.99346 1.99341 5.19544 1.11842 0.750161 0.00560916 0.000869651 4.67702e-05
threshold=1855.0000000000002 300.00000000000006 1.9456500000000003 -0.16708397168011488 -0.68301270189221952 7.4000000000000012 78.000000000000014 1.0000000180025095e-35 2950.0000000000005 11.100500000000002
decision_type=2 2 2 2 2 2 2 2 2 2
left_child=1 -1 -3 4 -4 -6 -7 8 9 -2
right_child=7 2 3 -5 5 6 -8 -9 -10 -11
leaf_value=-0.052186860767661464 -0.047215797201056627 -0.048617277061191962 -0.053282748848287077 0.11505269590089716 0.024116264113146053 0.056597168723519532 0.10623681840232778 -0.05238441771936251 -0.04925745943504671 -0.046613212462401021
leaf_weight=1.1504282355308513 0.74205347895622364 1.0913583189249036 1.126537486910818 1.1321846991777427 1.0818803608417518 1.4170373082160952 1.6441856622695921 0.9454602152109145 0.59629784524440754 0.56887387484312057
leaf_count=7 6 8 6 5 5 5 6 5 4 5
internal_value=0.00849411 0.0275468 0.0397883 0.0548594 0.0419268 0.0678149 0.0832587 -0.0492354 -0.0476744 -0.0469543
internal_weight=11.4963 8.64361 7.49318 6.40183 5.26964 4.1431 3.06122 2.85269 1.90723 1.31093
internal_count=62 42 35 27 22 16 11 20 15 11
is_linear=0
shrinkage=0.05


Tree=67
num_leaves=10
num_cat=0
split_feature=0 0 3 2 0 9 5 2 11
split_gain=7.12623 6.65001 0.127688 0.00106303 0.00128164 0.00021982 9.61076e-05 9.37054e-05 2.82342e-05
threshold=10.361300000000002 10.654750000000002 8.5000000000000018 1450.0000000000002 1.9456500000000003 -0.41859597363157713 0.25000000000000011 1450.0000000000002 6.5000000000000009
decision_type=2 2 2 2 2 2 2 2 2
left_child=3 2 -2 6 -5 -6 -1 -3 -8
right_child=1 7 -4 4 5 -7 8 -9 -10
leaf_value=-0.045937780731892974 0.099048738846908777 -0.045572329606976734 0.078231433292943436 -0.04529072170405754 -0.048632722223085297 -0.047354337256443571 -0.045497400386683796 -0.046451448498790397 -0.044995102728372934
leaf_weight=0.89085132628679353 1.4542642235755923 0.46680705994367577 1.492703855037689 0.61422119289636601 0.73084446787834156 0.62284064292907704 0.54985152184963204 0.86441595107316971 0.56955669820308685
leaf_count=9 5 5 5 7 5 5 6 8 7
internal_value=0.00181303 0.0466067 0.0885043 -0.0463589 -0.047185 -0.0480445 -0.0455502 -0.0461432 -0.0452418
internal_weight=8.25636 4.27819 2.94697 3.97817 1.96791 1.35369 2.01026 1.33122 1.11941
internal_count=62 23 10 39 17 10 22 13 13
is_linear=0
shrinkage=0.05


Tree=68
num_leaves=11
num_cat=0
split_feature=2 2 0 5 2 4 11 11 6 0
split_gain=4.74342 7.75648e-06 5.81602e-06 4.31838e-06 4.90849e-06 2.80142e-06 1.27413e-06 1.06776e-06 5.30103e-07 4.62088e-07
threshold=2950.0000000000005 2850.0000000000005 1.9456500000000003 0.68301270189221941 300.00000000000006 170.00000000000003 6.5000000000000009 3.5000000000000004 0.6830127018922193 11.100500000000002
decision_type=2 2 2 2 2 2 2 2 2 2
left_child=1 2 8 4 -4 -6 -7 -5 -1 -9
right_child=-2 -3 3 7 5 6 -8 9 -10 -11
leaf_value=-0.042655519816979966 0.09103401126270412 -0.043284537684946639 -0.042803971350773511 -0.042939527753681206 -0.043246600270007568 -0.042964713166141894 -0.043112636357488528 -0.042733824277736379 -0.042791485568796389 -0.04285659394681126
leaf_weight=0.13519685342907939 0.98982666432857502 0.17260880395770062 0.18570625036954858 0.23683572746813297 0.20907934755086899 0.31359676644206047 0.27169357240200043 0.14603248797357082 0.15260464698076248 0.16130534000694752
leaf_count=5 4 4 6 7 5 9 7 5 5 5
internal_value=0.00162664 -0.0429643 -0.0429338 -0.0429727 -0.0430354 -0.0430895 -0.0430334 -0.0428597 -0.0427276 -0.0427983
internal_weight=2.97449 1.98466 1.81205 1.52425 0.980076 0.79437 0.58529 0.544174 0.287802 0.307338
internal_count=62 58 54 44 27 21 16 17 10 10
is_linear=0
shrinkage=0.05


Tree=69
num_leaves=9
num_cat=0
split_feature=0 10 2 0 11 5 3 9
split_gain=6.81161 1.72335 0.000189589 0.000181507 7.77636e-05 7.21457e-05 2.06849e-05 1.95988e-05
threshold=10.654750000000002 4.5000000000000009 1450.0000000000002 1.9456500000000003 3.5000000000000004 0.25000000000000011 3.5000000000000004 -0.49524719222984687
decision_type=2 2 2 2 2 2 2 2
left_child=2 -2 5 -4 -5 -1 -7 -6
right_child=1 -3 3 4 7 6 -8 -9
leaf_value=-0.045519454714004398 0.0088022260589314203 0.084323629398531511 -0.04505195395474499 -0.045691999404006547 -0.04649669933651128 -0.045086431626205618 -0.044633417870968951 -0.046086485554565813
leaf_weight=0.82684794813394535 1.3468204587697983 1.7202116996049881 0.58056829124689135 0.8598265424370769 0.66425955295562766 0.58771199733018853 0.44110715389251709 0.51841304451227144
leaf_count=9 7 6 7 9 6 7 6 5
internal_value=-0.00624652 0.05116 -0.0455585 -0.0458321 -0.0460538 -0.0451717 -0.0448922 -0.0463169
internal_weight=7.54577 3.06703 4.47873 2.62307 2.0425 1.85567 1.02882 1.18267
internal_count=62 13 49 27 20 22 13 11
is_linear=0
shrinkage=0.05


Tree=70
num_leaves=11
num_cat=0
split_feature=0 6 2 2 0 5 12 6 11 4
split_gain=11.4654 0.0251086 0.000162808 0.000169148 4.14735e-05 3.94326e-05 3.15376e-05 4.80256e-05 2.4921e-05 9.44998e-06
threshold=1.9456500000000003 0.6830127018922193 1450.0000000000002 1855.0000000000002 10.381750000000002 -0.5 58.000000000000007 0.25000000000000017 3.5000000000000004 135.50000000000003
decision_type=2 2 2 2 2 2 2 2 2 2
left_child=1 -1 6 5 8 -4 7 9 -5 -2
right_child=2 -3 3 4 -6 -7 -8 -9 -10 -11
leaf_value=0.082565809413356617 -0.045308758803026483 0.073341369832045894 -0.046275927519262565 -0.045748637152947851 -0.045515667201371103 -0.046870270945084863 -0.045192936274960432 -0.046044223540741842 -0.04624304545760647 -0.045592018880719822
leaf_weight=1.4828248023986816 0.53174200654029868 1.4680700898170471 0.53331634402275085 0.48731882870197274 0.73983119428157795 0.58540792018175147 0.5139978453516959 0.51302726566791523 0.53436391055583954 0.6597868949174881
leaf_count=5 6 5 5 5 8 5 6 5 5 7
internal_value=-0.000462171 0.0779767 -0.0458582 -0.0461061 -0.0458008 -0.0465869 -0.0455362 -0.0456398 -0.0460072 -0.0454656
internal_weight=8.04969 2.95089 5.09879 2.88024 1.76151 1.11872 2.21855 1.70456 1.02168 1.19153
internal_count=62 10 52 28 18 10 24 18 10 13
is_linear=0
shrinkage=0.05


Tree=71
num_leaves=11
num_cat=0
split_feature=2 6 9 7 12 2 6 12 6 2
split_gain=7.01315 3.19788 1.89249 0.76006 2.23841 0.0341371 0.0432624 0.0147318 0.000666232 0.000209645
threshold=300.00000000000006 -0.9330127018922193 -0.92471001826442645 7.0750000000000011 41.500000000000007 1650.0000000000002 0.25000000000000017 25.000000000000004 -1.0000000180025095e-35 2590.0000000000005
decision_type=2 2 2 2 2 2 2 2 2 2
left_child=-1 -2 -3 4 7 6 -5 -4 -7 -10
right_child=1 2 3 5 -6 8 -8 -9 9 -11
leaf_value=0.079072931945410097 0.045763787264742034 0.026436949296998677 -0.057884280050342532 -0.062502946969233544 0.045256589337050769 -0.049796099714851237 -0.049932188581051765 -0.048358374231607583 -0.047544524846992897 -0.048723286452619356
leaf_weight=2.0552143454551706 1.4921447932720173 1.1538849622011156 0.94264848530292622 1.522619277238846 0.87052850425243367 0.97128906846046259 1.2433012947440145 0.71274763345718384 0.77606827765703401 0.73391233384609222
leaf_count=7 5 5 5 6 4 6 8 5 6 5
internal_value=-0.00533921 -0.0219898 -0.0333148 -0.0421847 -0.0196501 -0.0530325 -0.0568523 -0.0537828 -0.0487746 -0.0481175
internal_weight=12.4744 10.4191 8.927 7.77311 2.52592 5.24719 2.76592 1.6554 2.48127 1.50998
internal_count=62 55 50 45 14 31 14 10 17 11
is_linear=0
shrinkage=0.05


Tree=72
num_leaves=12
num_cat=0
split_feature=2 9 2 9 9 9 8 5 14 2 0
split_gain=4.60698 3.10088 3.34481 1.74919 2.41762 2.96742 1.41948 1.74238 0.00427662 0.000777249 4.25657e-05
threshold=1855.0000000000002 -0.82968937203783677 300.00000000000006 -0.73657561215276302 -0.16708397168011488 -0.27768031003904575 0.80625269229011354 0.68301270189221941 1.0000000180025095e-35 2950.0000000000005 11.100500000000002
decision_type=2 2 2 2 2 2 2 2 2 2 2
left_child=1 -1 -3 -4 5 6 7 -5 9 10 -2
right_child=8 2 3 4 -6 -7 -8 -9 -10 -11 -12
leaf_value=-0.05828878235322027 -0.046843185433434117 -0.051743464308107029 0.11955691663062849 -0.016884595844181477 0.10362009215874993 -0.049475848591622823 0.083257417264002195 0.07532169240827008 -0.051513944702085201 -0.048820690566658054 -0.046251083338397087
leaf_weight=0.96369453519582648 0.70165273547172657 0.93283648788928886 0.78289489448070426 1.2987778857350338 1.1903886795043961 1.0664216279983527 1.4713303148746488 0.84612753987312306 0.89736613631248463 0.56852314621210087 0.53495205193758011
leaf_count=5 6 6 3 8 5 7 5 3 5 4 5
internal_value=0.0082146 0.0261968 0.0369256 0.0493526 0.0399942 0.0238197 0.0454344 0.0194892 -0.0486929 -0.0472905 -0.046587
internal_weight=11.255 8.55247 7.58878 6.65594 5.87305 4.68266 3.61624 2.14491 2.70249 1.80513 1.2366
internal_count=62 42 37 31 28 23 16 11 20 15 11
is_linear=0
shrinkage=0.05


Tree=73
num_leaves=10
num_cat=0
split_feature=0 0 3 2 0 9 3 2 11
split_gain=6.55665 5.8635 0.0898228 0.000978564 0.00117201 0.000197375 8.54446e-05 8.51492e-05 2.29735e-05
threshold=10.361300000000002 10.654750000000002 8.5000000000000018 1450.0000000000002 1.9456500000000003 -0.41859597363157713 5.5000000000000009 1450.0000000000002 6.5000000000000009
decision_type=2 2 2 2 2 2 2 2 2
left_child=3 2 -2 6 -5 -6 8 -3 -1
right_child=1 7 -4 4 5 -7 -8 -9 -10
leaf_value=-0.045231833205261696 0.091825405011069061 -0.045288342622186485 0.0743880909413972 -0.045025619965191034 -0.048300051941613999 -0.047065915510607077 -0.045669112761921878 -0.046151959434037902 -0.044764508170695792
leaf_weight=0.51716736704111121 1.4771209359169009 0.4383912608027456 1.4769927263259885 0.57596672326326359 0.70580366998910893 0.5988493263721465 0.84595520049333561 0.81793588399887085 0.53507504984736443
leaf_count=6 5 5 5 7 5 5 9 8 7
internal_value=0.00171689 0.0446282 0.0831071 -0.0460959 -0.0469042 -0.0477336 -0.045295 -0.0458506 -0.0449942
internal_weight=7.98926 4.21044 2.95411 3.77882 1.88062 1.30465 1.8982 1.25633 1.05224
internal_count=62 23 10 39 17 10 22 13 13
is_linear=0
shrinkage=0.05


Tree=74
num_leaves=11
num_cat=0
split_feature=2 0 2 5 2 4 12 0 3 6
split_gain=4.17237 7.00127e-06 4.51162e-06 3.91309e-06 4.92617e-06 2.31158e-06 2.05518e-06 1.03184e-06 8.70372e-07 4.80748e-07
threshold=2950.0000000000005 1.9456500000000003 2850.0000000000005 0.68301270189221941 300.00000000000006 170.00000000000003 27.500000000000004 10.363450000000002 7.5000000000000009 0.6830127018922193
decision_type=2 2 2 2 2 2 2 2 2 2
left_child=1 9 3 4 -3 -6 -5 8 -7 -1
right_child=-2 2 -4 6 5 7 -8 -9 -10 -11
leaf_value=-0.04258404390019959 0.082318727172417838 -0.042723552860535335 -0.043180876699666138 -0.042878762269202023 -0.043165519227934962 -0.042924668703694616 -0.042676704209407751 -0.042860320756490822 -0.043074408649300205 -0.042718005816937521
leaf_weight=0.12589081749320064 1.0313562303781507 0.17327362857758977 0.16230221092700947 0.29337581992149353 0.1987636424601078 0.16966142877936363 0.22037740051746368 0.16130987741053104 0.22673201188445091 0.14309891499578953
leaf_count=5 4 6 4 9 5 5 8 5 6 5
internal_value=0.00154423 -0.0428914 -0.0429309 -0.0429028 -0.042964 -0.0430191 -0.0427921 -0.0429669 -0.0430103 -0.0426553
internal_weight=2.90614 1.87479 1.6058 1.44349 0.929741 0.756467 0.513753 0.557703 0.396393 0.26899
internal_count=62 58 48 44 27 21 17 16 11 10
is_linear=0
shrinkage=0.05


Tree=75
num_leaves=9
num_cat=0
split_feature=0 10 2 0 11 5 4 6
split_gain=6.23576 1.55057 0.000171283 0.000173175 9.79499e-05 6.46583e-05 1.97198e-05 1.80066e-05
threshold=10.654750000000002 4.5000000000000009 1450.0000000000002 1.9456500000000003 3.5000000000000004 0.25000000000000011 95.500000000000014 -0.68301270189221952
decision_type=2 2 2 2 2 2 2 2
left_child=2 -2 5 -4 -5 -1 -7 -6
right_child=1 -3 3 4 7 6 -8 -9
leaf_value=-0.045281563053574531 0.0082216299675293841 0.080188348169338869 -0.044801394052740584 -0.045388249364866504 -0.045882551976812097 -0.044836049789363362 -0.044362287406268706 -0.046283448541353085
leaf_weight=0.78498990833759286 1.3362561613321304 1.7014831006526947 0.54413475841283832 0.80477810651063908 0.49627880752086617 0.62945237010717392 0.33736797049641609 0.64300005882978439
leaf_count=9 7 6 7 9 5 8 5 6
internal_value=-0.00614821 0.0485313 -0.0453232 -0.0455898 -0.0458105 -0.0449444 -0.0446707 -0.0461088
internal_weight=7.27774 3.03774 4.24 2.48819 1.94406 1.75181 0.96682 1.13928
internal_count=62 13 49 27 20 22 13 11
is_linear=0
shrinkage=0.05


Tree=76
num_leaves=11
num_cat=0
split_feature=0 6 2 2 0 12 6 5 12 3
split_gain=10.4241 0.0218046 0.000154206 0.00016114 3.62298e-05 3.0865e-05 3.26394e-05 2.60951e-05 1.01027e-05 9.07054e-06
threshold=1.9456500000000003 0.6830127018922193 1450.0000000000002 1855.0000000000002 10.381750000000002 58.000000000000007 0.25000000000000017 -0.5 29.500000000000004 5.5000000000000009
decision_type=2 2 2 2 2 2 2 2 2 2
left_child=1 -1 5 7 8 6 9 -4 -5 -2
right_child=2 -3 3 4 -6 -7 -8 -9 -10 -11
leaf_value=0.078419212155604809 -0.045079667781398915 0.069766942285906158 -0.046070718417493356 -0.045896720228625718 -0.045267803538840426 -0.044928453312536309 -0.0457288664157414 -0.046565078358215828 -0.045573662382226737 -0.04536458661253015
leaf_weight=1.4742027819156647 0.50320314615964912 1.4388744831085205 0.51123210042715073 0.49998902529478051 0.69762052595615387 0.48107257485389698 0.48290593922138203 0.55862560868263267 0.46900798380374908 0.62789733707904816
leaf_count=5 6 5 5 5 8 6 5 5 5 7
internal_value=-0.000560481 0.0741455 -0.0456028 -0.04585 -0.0455426 -0.04528 -0.0453847 -0.0463288 -0.0457404 -0.0452378
internal_weight=7.74463 2.91308 4.83155 2.73648 1.66662 2.09508 1.61401 1.06986 0.968997 1.1311
internal_count=62 10 52 28 18 24 18 10 10 13
is_linear=0
shrinkage=0.05


Tree=77
num_leaves=10
num_cat=0
split_feature=2 0 6 4 6 2 3 3 0
split_gain=6.38042 2.95777 1.6751 0.517575 0.0882014 0.0017826 0.00182827 0.000186049 0.00017359
threshold=1150.0000000000002 4.3765000000000009 -0.68301270189221952 110.50000000000001 -0.5 1650.0000000000002 8.5000000000000018 2.5000000000000004 10.363450000000002
decision_type=2 2 2 2 2 2 2 2 2
left_child=1 -1 -2 -3 -4 6 -6 -7 -9
right_child=2 3 4 -5 5 7 -8 8 -10
leaf_value=-0.018546789751992747 0.013579812660602859 0.082627523542782022 -0.06760921448626446 0.044564480797665881 -0.051169727823707725 -0.047315511021987111 -0.048073254072698891 -0.048704026837973535 -0.047678644583358458
leaf_weight=1.8320226073265073 1.2249630689620969 1.4219369888305666 0.72137090563774098 2.4014562666416168 1.1681266874074934 0.88151651620864901 0.80536064505577076 0.86514990031719186 0.7893490344285965
leaf_count=7 6 5 3 9 7 7 6 6 6
internal_value=-0.00508401 0.0336903 -0.0390509 0.0587203 -0.051376 -0.0487792 -0.0499061 -0.0479022 -0.0482148
internal_weight=12.1113 5.65542 6.45584 3.82339 5.23087 4.5095 1.97349 2.53602 1.6545
internal_count=62 21 41 14 35 32 13 19 12
is_linear=0
shrinkage=0.05


Tree=78
num_leaves=11
num_cat=0
split_feature=2 2 0 6 6 7 10 14 2 12
split_gain=4.20804 2.67848 3.10487 1.44489 1.52651 1.68303 0.446685 0.00312878 0.00068203 4.59071e-05
threshold=1855.0000000000002 300.00000000000006 1.9456500000000003 -0.68301270189221952 -0.24999999999999994 7.0750000000000011 4.5000000000000009 1.0000000180025095e-35 2950.0000000000005 29.500000000000004
decision_type=2 2 2 2 2 2 2 2 2 2
left_child=1 -1 -3 -4 -5 -6 -7 8 9 -2
right_child=7 2 3 4 5 6 -8 -9 -10 -11
leaf_value=-0.050619967823163296 -0.046524562875800132 -0.047631406156569918 0.0067022885760557073 0.11643364376170176 -0.010176872285165266 0.046590051278438821 0.085878428568107457 -0.05065213846870123 -0.048401822796098441 -0.045890624097359292
leaf_weight=1.0263593271374682 0.66772408783435933 0.97430969774723042 1.5862792581319798 1.0081733614206299 0.95652137696743267 1.4401445984840393 1.4537503123283386 0.84602972865104664 0.54058271646499623 0.49899248033761978
leaf_count=7 6 8 8 4 5 5 5 5 4 5
internal_value=0.00808081 0.0250858 0.0355588 0.0481352 0.0616626 0.0473216 0.0663266 -0.0481658 -0.0469337 -0.0462534
internal_weight=10.9989 8.44554 7.41918 6.44487 4.85859 3.85042 2.89389 2.55333 1.7073 1.16672
internal_count=62 42 35 27 19 15 10 20 15 11
is_linear=0
shrinkage=0.05


Tree=79
num_leaves=10
num_cat=0
split_feature=0 0 3 2 0 9 11 3 11
split_gain=6.04463 5.20575 0.0723856 0.000923305 0.00108693 0.000141152 0.000118894 7.87491e-05 1.614e-05
threshold=10.361300000000002 10.654750000000002 8.5000000000000018 1450.0000000000002 1.9456500000000003 -0.41859597363157713 3.5000000000000004 5.5000000000000009 6.5000000000000009
decision_type=2 2 2 2 2 2 2 2 2
left_child=3 2 -2 7 -5 -6 -3 8 -1
right_child=1 6 -4 4 5 -7 -8 -9 -10
leaf_value=-0.044958717977756239 0.086360651784152101 -0.046244775290788818 0.070656934285570336 -0.044777424435655161 -0.047949958198316621 -0.046888296654815739 -0.045200739499193475 -0.045418727488263047 -0.044553978493904203
leaf_weight=0.48233152553439163 1.4853787422180178 0.42563899606466271 1.450306564569473 0.53941330313682545 0.6780111789703368 0.58167321979999531 0.75886991620063782 0.80434039980173111 0.50337930023670197
leaf_count=6 5 4 5 7 5 5 9 9 7
internal_value=0.00158054 0.0429027 0.0786026 -0.0458556 -0.0466555 -0.0474597 -0.0455759 -0.0450516 -0.044752
internal_weight=7.70934 4.12019 2.93569 3.58915 1.7991 1.25968 1.18451 1.79005 0.985711
internal_count=62 23 10 39 17 10 13 22 13
is_linear=0
shrinkage=0.05


Tree=80
num_leaves=11
num_cat=0
split_feature=2 0 5 2 5 5 9 9 6 9
split_gain=3.71111 6.42033e-06 4.3075e-06 5.61799e-06 2.54982e-06 2.50574e-06 1.75368e-06 1.07646e-06 3.76215e-07 3.75685e-07
threshold=2950.0000000000005 1.9456500000000003 0.68301270189221941 300.00000000000006 0.25000000000000011 0.93301270189221952 -0.27768031003904575 -0.35824514579943006 0.6830127018922193 -0.73657561215276302
decision_type=2 2 2 2 2 2 2 2 2 2
left_child=1 8 3 -3 6 7 9 -4 -1 -5
right_child=-2 2 5 4 -6 -7 -8 -9 -10 -11
leaf_value=-0.042524056817216646 0.07535723189838911 -0.042653390377125622 -0.042589210623206551 -0.042944954694785827 -0.043154602390119506 -0.042930058127511779 -0.042837861017983286 -0.042757125501123622 -0.042646540215635832 -0.043043619141032066
leaf_weight=0.11799900606274638 1.0631583929061887 0.16246384195983388 0.17692270129919052 0.17035814747214306 0.15941822528839111 0.13522716052830219 0.28469628840684902 0.20725913718342781 0.13376162759959698 0.22248312458395958
leaf_count=5 4 6 7 5 4 4 9 7 5 6
internal_value=0.00151557 -0.042823 -0.0428618 -0.0429225 -0.0429747 -0.042745 -0.0429324 -0.0426798 -0.0425891 -0.0430008
internal_weight=2.83375 1.77059 1.51883 0.99942 0.836956 0.519409 0.677538 0.384182 0.251761 0.392841
internal_count=62 58 48 30 24 18 20 14 10 11
is_linear=0
shrinkage=0.05


Tree=81
num_leaves=9
num_cat=0
split_feature=0 10 2 0 11 3 6 4
split_gain=5.71532 1.4016 0.000155288 0.000164015 9.61513e-05 6.29354e-05 1.99929e-05 1.51855e-05
threshold=10.654750000000002 4.5000000000000009 1450.0000000000002 1.9456500000000003 3.5000000000000004 5.5000000000000009 -0.68301270189221952 95.500000000000014
decision_type=2 2 2 2 2 2 2 2
left_child=2 -2 5 -4 -5 7 -6 -1
right_child=1 -3 3 4 6 -7 -8 -9
leaf_value=-0.044602770524514702 0.0077455975812863315 0.076626326642071863 -0.044570693619677221 -0.045151427373765957 -0.045639560550059903 -0.045072867540361918 -0.046071273926710586 -0.044173197889854077
leaf_weight=0.58929550647735573 1.3236114084720612 1.6707562804222107 0.50949386507272754 0.75877629220485676 0.47331818193197228 0.74675394594669342 0.61876929551362991 0.31607275083661079
leaf_count=8 7 6 7 9 5 9 6 5
internal_value=-0.00609493 0.0461787 -0.0451049 -0.0453651 -0.0455838 -0.0447331 -0.0458842 -0.0444528
internal_weight=7.00685 2.99437 4.01248 2.36036 1.85086 1.65212 1.09209 0.905368
internal_count=62 13 49 27 20 22 11 13
is_linear=0
shrinkage=0.05


Tree=82
num_leaves=10
num_cat=0
split_feature=0 6 2 0 12 12 5 13 3
split_gain=9.46757 0.0158359 0.00014981 0.000171601 5.35572e-05 3.18577e-05 1.66379e-05 6.27189e-06 5.81086e-06
threshold=1.9456500000000003 0.6830127018922193 1450.0000000000002 10.361300000000002 25.000000000000004 58.000000000000007 0.25000000000000011 1.0000000180025095e-35 7.5000000000000009
decision_type=2 2 2 2 2 2 2 2 2
left_child=1 -1 5 8 -5 6 -2 -6 -4
right_child=2 -3 3 4 7 -7 -8 -9 -10
leaf_value=0.074265632170856091 -0.045304071608952917 0.066822792564492514 -0.045991175270101492 -0.04567304829846227 -0.044933586123886524 -0.044665640053676653 -0.044973723282028338 -0.045184339890046575 -0.046227773194331453
leaf_weight=1.4558457434177399 0.79354327917098977 1.4037759602069855 0.50645235925912879 0.56311830878257729 0.4822210893034935 0.4474089853465556 0.73342236131429672 0.51642913371324539 0.53223830461502075
leaf_count=5 9 5 5 6 6 6 9 6 5
internal_value=-0.000755138 0.070612 -0.0453651 -0.0456144 -0.0452831 -0.0450367 -0.0451454 -0.0450633 -0.0461124
internal_weight=7.43446 2.85962 4.57483 2.60046 1.56177 1.97437 1.52697 0.99865 1.03869
internal_count=62 10 52 28 18 24 18 12 10
is_linear=0
shrinkage=0.05


Tree=83
num_leaves=10
num_cat=0
split_feature=2 2 6 12 6 2 3 3 9
split_gain=5.8103 1.96002 1.57231 1.47115 0.0742438 0.00144958 0.00132121 0.000164269 8.88609e-05
threshold=1150.0000000000002 300.00000000000006 -0.68301270189221952 32.500000000000007 -0.5 1650.0000000000002 8.5000000000000018 2.5000000000000004 -0.49524719222984687
decision_type=2 2 2 2 2 2 2 2 2
left_child=1 -1 -2 -3 -4 6 -6 -7 -9
right_child=2 3 4 -5 5 7 -8 8 -10
leaf_value=0.071781185438901246 0.012638436959038171 0.035378444112791244 -0.065816545681494323 -0.030241669174926152 -0.050425299499519308 -0.046889190478336062 -0.047720419465381914 -0.047288295337546721 -0.048060816785043009
leaf_weight=1.9971018731594083 1.2181474417448042 2.2107532620429997 0.70248187333345402 1.3918886333703993 1.1019961237907407 0.8287441432476047 0.76475162804126728 0.6099254265427585 0.95524285733699821
leaf_count=7 6 8 3 6 7 7 6 5 7
internal_value=-0.00484161 0.0320505 -0.0382628 0.010026 -0.0507559 -0.0482728 -0.0493172 -0.0474584 -0.0477598
internal_weight=11.781 5.59974 6.18129 3.60264 4.96314 4.26066 1.86675 2.39391 1.56517
internal_count=62 21 41 14 35 32 13 19 12
is_linear=0
shrinkage=0.05


Tree=84
num_leaves=10
num_cat=0
split_feature=2 9 0 2 0 9 14 2 12
split_gain=3.84267 2.70732 1.9648 1.90384 2.19573 1.12042 0.00227684 0.000596523 4.99528e-05
threshold=1855.0000000000002 -0.82968937203783677 1.9456500000000003 675.00000000000011 4.4854000000000012 -0.27768031003904575 1.0000000180025095e-35 2950.0000000000005 29.500000000000004
decision_type=2 2 2 2 2 2 2 2 2
left_child=1 -1 -3 4 -4 -5 7 8 -2
right_child=6 2 3 5 -6 -7 -8 -9 -10
leaf_value=-0.057485452644830085 -0.046234749385547391 -0.046881486308661853 0.044534751371535501 0.084113971533464435 -0.050090767739345669 0.030729976689331764 -0.049870902562334007 -0.048009734209378256 -0.045552726466002211
leaf_weight=0.9077955111861219 0.63385459035635106 0.68198256194591422 1.619417652487755 2.5195543766021715 0.98652675002813328 1.6115358024835598 0.79600732028484333 0.51366109400987614 0.46574237942695618
leaf_count=5 6 6 7 9 7 8 5 4 5
internal_value=0.00792831 0.0240187 0.0339916 0.0421783 0.00871257 0.0632889 -0.0476827 -0.046603 -0.0459459
internal_weight=10.7361 8.32681 7.41902 6.73703 2.60594 4.13109 2.40927 1.61326 1.0996
internal_count=62 42 37 31 14 17 20 15 11
is_linear=0
shrinkage=0.05


Tree=85
num_leaves=10
num_cat=0
split_feature=0 0 3 2 0 9 11 3 4
split_gain=5.57071 4.67494 0.0582964 0.000811119 0.000963777 0.000117583 0.000109347 8.95279e-05 1.0717e-05
threshold=10.361300000000002 10.654750000000002 8.5000000000000018 1450.0000000000002 1.9456500000000003 -0.41859597363157713 3.5000000000000004 5.5000000000000009 95.500000000000014
decision_type=2 2 2 2 2 2 2 2 2
left_child=3 2 -2 7 -5 -6 -3 8 -1
right_child=1 6 -4 4 5 -7 -8 -9 -10
leaf_value=-0.044632251625090602 0.081768609021861505 -0.046006432553488026 0.067587645899820942 -0.044550408102435199 -0.047608499070543882 -0.04661904318130447 -0.0449795561992897 -0.045237279234900063 -0.044274470646300267
leaf_weight=0.59408416599035285 1.4834873676300051 0.40657766908407189 1.4169193506240843 0.50513804331421841 0.64976623654365528 0.55819830298423756 0.71540702879428864 0.77056641131639481 0.32315567880868912
leaf_count=8 5 4 5 7 5 5 9 9 5
internal_value=0.00148757 0.041315 0.0748409 -0.0456179 -0.0463844 -0.0471513 -0.0453517 -0.04484 -0.0445062
internal_weight=7.4233 4.02239 2.90041 3.40091 1.7131 1.20796 1.12198 1.68781 0.91724
internal_count=62 23 10 39 17 10 13 22 13
is_linear=0
shrinkage=0.05


Tree=86
num_leaves=11
num_cat=0
split_feature=2 0 5 2 4 11 0 0 6 10
split_gain=3.31846 5.79827e-06 4.12962e-06 5.39978e-06 1.93512e-06 1.69393e-06 1.64047e-06 1.06837e-06 2.98169e-07 2.36366e-07
threshold=2950.0000000000005 1.9456500000000003 0.68301270189221941 300.00000000000006 170.00000000000003 3.5000000000000004 10.363450000000002 5.2380000000000004 0.6830127018922193 4.5000000000000009
decision_type=2 2 2 2 2 2 2 2 2 2
left_child=1 8 3 -3 -5 -4 7 -6 -1 -7
right_child=-2 2 5 4 6 9 -8 -9 -10 -11
leaf_value=-0.042467737771740108 0.069472455953378573 -0.04258212916473323 -0.042773369963411856 -0.043021741656933891 -0.042832790282982314 -0.042632967467774806 -0.042708381140864678 -0.042997046334708446 -0.042580439361181367 -0.042535995870701386
leaf_weight=0.11054563708603415 1.0874191075563429 0.15126446075737454 0.23514467291533947 0.25447722151875496 0.22106370329856873 0.13190438970923424 0.14168126322329044 0.17928193882107735 0.12510178983211517 0.12001623213291168
leaf_count=5 4 6 8 7 7 5 5 5 5 5
internal_value=0.00149396 -0.0427574 -0.0427952 -0.042856 -0.042908 -0.0426769 -0.0428546 -0.0429063 -0.0425276 -0.0425868
internal_weight=2.7579 1.67048 1.43483 0.947769 0.796504 0.487065 0.542027 0.400346 0.235647 0.251921
internal_count=62 58 48 30 24 18 17 12 10 10
is_linear=0
shrinkage=0.05


Tree=87
num_leaves=10
num_cat=0
split_feature=0 10 0 2 11 5 6 2 7
split_gain=5.20461 1.28114 0.000138961 0.000160339 0.000100317 6.5569e-05 2.19227e-05 1.41168e-05 3.25632e-06
threshold=10.654750000000002 4.5000000000000009 1.9456500000000003 1450.0000000000002 3.5000000000000004 0.25000000000000011 -0.68301270189221952 1650.0000000000002 8.5833333333333339
decision_type=2 2 2 2 2 2 2 2 2
left_child=2 -2 7 5 -5 -4 -6 -1 -7
right_child=1 -3 3 4 6 8 -8 -9 -10
leaf_value=-0.043974339147576785 0.0069556692723983463 0.073239332417348299 -0.044996183528746403 -0.044892148233176082 -0.045399117093705803 -0.044207688667117703 -0.0458617530240788 -0.04444310574020835 -0.044418466987299454
leaf_weight=0.29624278098344836 1.3160349726676941 1.6342525482177734 0.65302639454603217 0.70964598655700672 0.44968815147876762 0.38636310026049614 0.5947257354855533 0.35078214108943939 0.34853643923997879
leaf_count=5 7 6 8 9 5 6 6 5 5
internal_value=-0.00612304 0.0436722 -0.0448957 -0.0450331 -0.0453509 -0.0446316 -0.0456626 -0.0442285 -0.0443077
internal_weight=6.7393 2.95029 3.78901 3.14199 1.75406 1.38793 1.04441 0.647025 0.7349
internal_count=62 13 49 39 20 19 11 10 11
is_linear=0
shrinkage=0.05


Tree=88
num_leaves=10
num_cat=0
split_feature=0 2 2 0 12 12 3 13 3
split_gain=8.60497 0.010511 0.000130167 0.000169529 5.71711e-05 3.50993e-05 2.13758e-05 8.99059e-06 6.44331e-06
threshold=1.9456500000000003 1650.0000000000002 1450.0000000000002 10.361300000000002 27.500000000000004 58.000000000000007 5.5000000000000009 1.0000000180025095e-35 7.5000000000000009
decision_type=2 2 2 2 2 2 2 2 2
left_child=1 -1 5 8 -5 6 -2 -6 -4
right_child=2 -3 3 4 7 -7 -8 -9 -10
leaf_value=0.070469283859298973 -0.044744191856859752 0.064327664612847973 -0.045756547246563493 -0.045406953426357616 -0.044588286809344596 -0.04442470729513421 -0.045128845099312406 -0.044917000614804456 -0.046011026432656865
leaf_weight=1.4318758845329287 0.68817494064569451 1.3567638695240019 0.48416566103696856 0.62039461731910683 0.36544270813465118 0.41540909931063641 0.76011592149734497 0.48286627978086472 0.5115441158413887
leaf_count=5 9 5 5 7 5 6 9 6 5
internal_value=-0.00101348 0.0674812 -0.0451452 -0.0453836 -0.0450422 -0.0448299 -0.0449461 -0.0447754 -0.0458873
internal_weight=7.11675 2.78864 4.32811 2.46441 1.4687 1.8637 1.44829 0.848309 0.99571
internal_count=62 10 52 28 18 24 18 11 10
is_linear=0
shrinkage=0.05


Tree=89
num_leaves=10
num_cat=0
split_feature=2 0 6 4 6 2 5 4 0
split_gain=5.30939 2.43945 1.49653 0.421625 0.0610594 0.00116296 0.00112421 0.000149307 0.000131433
threshold=1150.0000000000002 4.3765000000000009 -0.68301270189221952 110.50000000000001 -0.5 1650.0000000000002 0.25000000000000011 62.000000000000007 10.363450000000002
decision_type=2 2 2 2 2 2 2 2 2
left_child=1 -1 -2 -3 -4 6 -6 -7 -9
right_child=2 3 4 -5 5 7 -8 8 -10
leaf_value=-0.017481499075436269 0.012173787370724248 0.075632435242799903 -0.063995366969060372 0.040841433155463347 -0.047252730113182873 -0.046503675643451349 -0.049819680233321027 -0.047805517512510144 -0.046862171104906668
leaf_weight=1.7757672071456907 1.2104566395282743 1.380867660045624 0.68181443214416493 2.357651561498642 0.71868923306465138 0.77876660227775607 1.0492535829544065 0.77981549501419045 0.70128531754016876
leaf_count=7 6 5 3 9 6 7 7 6 6
internal_value=-0.00453057 0.0307719 -0.0374132 0.0536919 -0.050158 -0.0478156 -0.0487762 -0.0470642 -0.0473589
internal_weight=11.4344 5.51429 5.92008 3.73852 4.70962 4.02781 1.76794 2.25987 1.4811
internal_count=62 21 41 14 35 32 13 19 12
is_linear=0
shrinkage=0.05


Tree=90
num_leaves=11
num_cat=0
split_feature=2 9 6 3 7 8 7 0 7 12
split_gain=2.74786 2.45968 2.02192 1.56347 1.36352 1.88532 0.00193526 9.1811e-05 0.000201918 3.72519e-06
threshold=1855.0000000000002 -0.16708397168011488 -0.68301270189221952 1.5000000000000002 10.825000000000001 0.9195955058153672 11.708333333333334 11.100500000000002 8.1666666666666696 116.00000000000001
decision_type=2 2 2 2 2 2 2 2 2 2
left_child=1 2 -1 9 5 -5 7 8 -2 -4
right_child=6 -3 3 4 -6 -7 -8 -9 -10 -11
leaf_value=-0.051589522735015408 -0.047001524491426624 0.072278474836251785 -0.045361401654651384 0.081963553912948336 -0.01942247206487286 0.0012100238242967185 -0.049119109650812821 -0.045637958698908604 -0.045614164039580601 -0.045154811545643297
leaf_weight=1.4656045660376547 0.59469114243984245 1.4408378005027769 0.44551969319581974 1.6353729814291003 1.0812080800533292 1.2952071353793142 0.76950480043888081 0.65701055526733387 0.46916749328374863 0.42767498642206192
leaf_count=9 5 6 5 6 5 6 5 7 5 5
internal_value=-0.00131445 0.0132991 -8.2251e-05 0.0153711 0.0285679 0.0462735 -0.0470347 -0.0461027 -0.0463897 -0.0452602
internal_weight=10.2818 7.79143 6.35059 4.88498 4.01179 2.93058 2.49037 1.72087 1.06386 0.873195
internal_count=64 42 36 27 17 12 22 17 10 10
is_linear=0
shrinkage=0.05


Tree=91
num_leaves=10
num_cat=0
split_feature=0 0 12 4 0 3 8 0 4
split_gain=5.6105 4.60164 0.0500803 0.00106167 0.000441504 5.85074e-05 4.87444e-05 3.88941e-05 8.43313e-06
threshold=10.361300000000002 10.654750000000002 58.000000000000007 197.50000000000003 4.5699000000000014 5.5000000000000009 0.94478581029364217 5.2380000000000004 78.000000000000014
decision_type=2 2 2 2 2 2 2 2 2
left_child=3 2 -2 5 -5 7 -3 8 -1
right_child=1 6 -4 4 -6 -7 -8 -9 -10
leaf_value=-0.044368004905519107 0.066804364114487008 -0.044709415683725037 0.079403336936087518 -0.0454478631032528 -0.047269152671225459 -0.04508113422018413 -0.04536947735290079 -0.044825061522285312 -0.044044679666500983
leaf_weight=0.61633549630641959 1.6759337484836581 0.52626296132802941 1.4899696111679075 0.59981004521250703 0.74734101444482803 0.50234990566968907 0.59699888527393341 0.46156884729862213 0.29975920543074608
leaf_count=9 6 7 5 7 6 6 7 6 5
internal_value=0.00441476 0.0418855 0.0727338 -0.0453869 -0.0464582 -0.0446192 -0.0450602 -0.0444508 -0.0442622
internal_weight=7.51633 4.28917 3.1659 3.22716 1.34715 1.88001 1.12326 1.37766 0.916095
internal_count=64 25 11 39 13 26 14 20 14
is_linear=0
shrinkage=0.05


Tree=92
num_leaves=11
num_cat=0
split_feature=2 0 2 5 12 11 0 5 9 7
split_gain=3.11201 5.89262e-06 4.70796e-06 4.81266e-06 2.65884e-06 1.82332e-06 1.09232e-06 9.85541e-07 4.97386e-07 1.58139e-07
threshold=2950.0000000000005 1.9456500000000003 300.00000000000006 0.68301270189221941 41.500000000000007 6.5000000000000009 11.100500000000002 -0.24999999999999994 -0.41859597363157713 10.250000000000002
decision_type=2 2 2 2 2 2 2 2 2 2
left_child=1 9 -3 5 6 8 -5 -7 -4 -1
right_child=-2 2 3 4 -6 7 -8 -9 -10 -11
leaf_value=-0.042520393656113681 0.065808294521872646 -0.042517387558743597 -0.042833264346835452 -0.042811694002812102 -0.042442789186481943 -0.04302760977100395 -0.042639965650065691 -0.042865405452199523 -0.042712986515080646 -0.042439739963059164
leaf_weight=0.14098422043025527 1.10225473344326 0.18811768665909756 0.21952914446592309 0.18541587889194489 0.10682627558708191 0.18083621188998222 0.18497864156961441 0.19422652758657932 0.14126241952180862 0.10682700760662556
leaf_count=6 4 8 7 6 5 5 7 6 5 5
internal_value=0.000766166 -0.0427104 -0.0427501 -0.0427862 -0.0426625 -0.0428664 -0.0427259 -0.0429436 -0.0427862 -0.0424856
internal_weight=2.75126 1.649 1.40119 1.21308 0.477221 0.735854 0.370395 0.375063 0.360792 0.247811
internal_count=64 60 49 41 18 23 13 11 12 11
is_linear=0
shrinkage=0.05


Tree=93
num_leaves=10
num_cat=0
split_feature=0 2 5 0 0 11 2 0 4
split_gain=5.38866 1.31651 0.000178806 5.08263e-05 4.78322e-05 4.69751e-05 4.36823e-05 3.46477e-05 1.08563e-05
threshold=10.654750000000002 1855.0000000000002 0.25000000000000011 5.2380000000000004 4.3765000000000009 1.5000000000000002 1450.0000000000002 5.2380000000000004 78.000000000000014
decision_type=2 2 2 2 2 2 2 2 2
left_child=2 -2 4 8 -1 -6 -5 -7 -4
right_child=1 -3 3 6 5 7 -8 -9 -10
leaf_value=-0.044587138620394796 -0.0034918442071541801 0.065839818006739312 -0.044212005430877291 -0.044196996609717418 -0.044751439922328336 -0.045119815639667785 -0.044951184135715555 -0.045676533555091992 -0.043831965845527711
leaf_weight=0.43054980412125665 0.99845157563686404 2.1789382994174957 0.58541402220725991 0.32379195839166641 0.4567064195871352 0.67381642758846261 0.47167529165744781 0.47754404693841934 0.27675271779298782
leaf_count=6 6 8 9 5 6 8 6 5 5
internal_value=-0.00369553 0.0440533 -0.0447416 -0.044356 -0.0450552 -0.0451805 -0.0446442 -0.0453507 -0.04409
internal_weight=6.87364 3.17739 3.69625 1.65763 2.03862 1.60807 0.795467 1.15136 0.862167
internal_count=64 14 50 25 25 19 11 13 14
is_linear=0
shrinkage=0.05


Tree=94
num_leaves=12
num_cat=0
split_feature=0 3 4 0 2 2 12 5 3 4 12
split_gain=8.07743 0.0127946 0.000129177 5.68403e-05 5.09037e-05 7.01441e-05 2.25691e-05 1.70281e-05 1.34838e-05 4.6621e-06 4.58048e-06
threshold=1.9456500000000003 3.5000000000000004 197.50000000000003 10.361300000000002 1450.0000000000002 2537.5000000000005 77.000000000000014 0.25000000000000011 8.5000000000000018 62.000000000000007 58.000000000000007
decision_type=2 2 2 2 2 2 2 2 2 2 2
left_child=1 -1 4 8 6 -6 7 -2 -4 -9 -7
right_child=2 -3 3 -5 5 10 -8 9 -10 -11 -12
leaf_value=0.06016021232680227 -0.044915526290390945 0.066795727208093514 -0.045773837578254324 -0.044875215303123495 -0.045399068344647561 -0.044798302185066502 -0.044213715456412506 -0.044653648874435126 -0.045394190404014552 -0.044398770107510976 -0.044549738041421885
leaf_weight=1.5329064428806307 0.48008755594491981 1.3808974921703336 0.48641465604305245 0.39352457970380783 0.61887646466493584 0.38365808129310608 0.32240406051278103 0.37264925241470337 0.45047803968191147 0.3459928035736084 0.3585582934319973
leaf_count=6 6 5 5 5 7 5 5 5 5 5 5
internal_value=-0.000700604 0.0633049 -0.044972 -0.0453795 -0.0447838 -0.045006 -0.0445851 -0.044685 -0.0455913 -0.0445309 -0.0446782
internal_weight=7.12645 2.9138 4.21264 1.33042 2.88223 1.36109 1.52113 1.19873 0.936893 0.718642 0.742216
internal_count=64 11 53 15 38 17 21 16 10 10 10
is_linear=0
shrinkage=0.05


Tree=95
num_leaves=9
num_cat=0
split_feature=2 9 0 12 6 6 3 12
split_gain=4.59041 2.37596 2.1927 0.91925 0.911164 0.00126497 0.000378203 9.72509e-05
threshold=1650.0000000000002 -0.16708397168011488 4.3765000000000009 50.000000000000007 0.25000000000000017 -0.68301270189221952 8.5000000000000018 50.000000000000007
decision_type=2 2 2 2 2 2 2 2
left_child=1 2 -1 4 -4 -2 7 -7
right_child=5 -3 3 -5 -6 6 -8 -9
leaf_value=-0.012620877479034754 -0.049071577219567869 -0.036824952857994302 0.083665059485658028 0.020377273125182133 0.025543911948352219 -0.046678853222770426 -0.047606651653605274 -0.045944415788610554
leaf_weight=1.8414036631584156 0.76155760884285006 1.4463610500097264 2.3072533905506138 1.5971839278936384 0.9527866169810294 1.0174618214368831 0.89809575676918019 0.80922804027795781
leaf_count=9 5 6 8 7 5 9 7 8
internal_value=0.000740991 0.0212914 0.0338398 0.0514534 0.0666784 -0.0472701 -0.0467665 -0.0463535
internal_weight=11.6313 8.14499 6.69863 4.85722 3.26004 3.48634 2.72479 1.82669
internal_count=64 35 29 20 13 29 24 17
is_linear=0
shrinkage=0.05


Tree=96
num_leaves=11
num_cat=0
split_feature=2 9 6 3 7 7 7 0 7 0
split_gain=2.54727 2.05319 1.89339 1.44428 1.20613 1.40216 0.00159262 7.70966e-05 0.000165252 5.30847e-06
threshold=1855.0000000000002 -0.16708397168011488 -0.68301270189221952 1.5000000000000002 10.825000000000001 7.6500000000000012 11.708333333333334 11.100500000000002 8.1666666666666696 1.7249000000000001
decision_type=2 2 2 2 2 2 2 2 2 2
left_child=1 2 -1 9 5 -5 7 8 -2 -4
right_child=6 -3 3 4 -6 -7 -8 -9 -10 -11
leaf_value=-0.050933969684450367 -0.046615553362595159 0.065670455564248054 -0.044892305087799345 0.012086484641890513 -0.017968805732828868 0.081867840931305461 -0.048590461915332069 -0.045334707937658252 -0.045319945836454947 -0.045146282249292208
leaf_weight=1.3990729972720144 0.56036084890365623 1.4867282658815382 0.40013860166072834 1.5521212667226798 1.0563115030527113 1.3425551503896711 0.72972328960895527 0.61427077651023865 0.43887320160865784 0.42348498851060867
leaf_count=9 5 6 5 7 5 5 5 7 5 5
internal_value=-0.00103299 0.0129214 0.000218486 0.0152074 0.027763 0.0444512 -0.0466521 -0.0457755 -0.0460465 -0.0450229
internal_weight=10.0036 7.66041 6.17368 4.77461 3.95099 2.89468 2.34323 1.6135 0.999234 0.823624
internal_count=64 42 36 27 17 12 22 17 10 10
is_linear=0
shrinkage=0.05


Tree=97
num_leaves=10
num_cat=0
split_feature=0 0 12 4 0 5 8 0 4
split_gain=5.16924 4.13402 0.0382412 0.000943938 0.000388454 6.36765e-05 4.25094e-05 3.60804e-05 7.14075e-06
threshold=10.361300000000002 10.654750000000002 58.000000000000007 197.50000000000003 4.5699000000000014 0.25000000000000011 0.94478581029364217 5.2380000000000004 78.000000000000014
decision_type=2 2 2 2 2 2 2 2 2
left_child=3 2 -2 5 -5 -1 -3 8 -7
right_child=1 6 -4 4 -6 7 -8 -9 -10
leaf_value=-0.044923677072106608 0.06428293724678695 -0.044502654823833913 0.075399653885701398 -0.045236435721509927 -0.046985580031512292 -0.044161624760943499 -0.045137546666678553 -0.04462027326918213 -0.043852849257082833
leaf_weight=0.48246955126524005 1.6273842155933382 0.49470507353544213 1.47455558180809 0.56844863668084122 0.71876765787601471 0.57431893795728661 0.56448710709810257 0.43579551577568054 0.27781208977103233
leaf_count=6 6 7 5 7 6 9 7 6 5
internal_value=0.00417623 0.0404454 0.0695674 -0.0451828 -0.0462131 -0.0444337 -0.044841 -0.0442502 -0.044061
internal_weight=7.21874 4.16113 3.10194 3.05761 1.28722 1.7704 1.05919 1.28793 0.852131
internal_count=64 25 11 39 13 26 14 20 14
is_linear=0
shrinkage=0.05


Tree=98
num_leaves=11
num_cat=0
split_feature=2 0 2 5 12 11 5 0 5 7
split_gain=2.79318 5.47378e-06 4.0108e-06 4.84145e-06 2.36423e-06 1.663e-06 8.91649e-07 8.70791e-07 4.86259e-07 1.265e-07
threshold=2950.0000000000005 1.9456500000000003 300.00000000000006 0.68301270189221941 41.500000000000007 6.5000000000000009 -0.24999999999999994 11.100500000000002 -0.24999999999999994 10.250000000000002
decision_type=2 2 2 2 2 2 2 2 2 2
left_child=1 9 -3 5 7 8 -7 -5 -4 -1
right_child=-2 2 3 4 -6 6 -8 -9 -10 -11
leaf_value=-0.042458679402950755 0.061038998933585713 -0.042469572797847376 -0.042665233064175474 -0.042736272623927887 -0.042379386601796722 -0.042963426762434372 -0.042805640036758262 -0.042577934455100483 -0.04278465018394853 -0.042383896082540472
leaf_weight=0.13123243115842376 1.1155879795551298 0.17794166691601265 0.16274296678602673 0.17376421019434929 0.09828898124396801 0.1733508724719286 0.18517967127263546 0.17356611415743828 0.17901663854718208 0.099365156143903732
leaf_count=6 4 8 6 6 5 5 6 7 6 5
internal_value=0.000672338 -0.0426513 -0.0426904 -0.0427247 -0.0425959 -0.0428067 -0.0428819 -0.0426571 -0.0427278 -0.0424265
internal_weight=2.67004 1.55445 1.32385 1.14591 0.445619 0.70029 0.358531 0.34733 0.34176 0.230598
internal_count=64 60 49 41 18 23 11 13 12 11
is_linear=0
shrinkage=0.05


Tree=99
num_leaves=10
num_cat=0
split_feature=0 2 3 0 13 2 5 12 4
split_gain=4.93552 1.18537 0.000174205 4.47075e-05 3.9027e-05 3.33189e-05 3.2627e-05 2.75836e-05 9.07664e-06
threshold=10.654750000000002 1855.0000000000002 5.5000000000000009 5.2380000000000004 1.0000000180025095e-35 1450.0000000000002 -0.6830127018922193 38.000000000000007 78.000000000000014
decision_type=2 2 2 2 2 2 2 2 2
left_child=2 -2 3 8 6 -5 -4 -8 -1
right_child=1 -3 4 5 -6 -7 7 -9 -10
leaf_value=-0.044018858633665836 -0.0029809058364959062 0.06335811224147668 -0.045360064150269767 -0.044039745346290841 -0.04448737978645452 -0.044718672517793524 -0.044621907843432063 -0.045151897975163335 -0.043658178369016622
leaf_weight=0.54546073079109214 0.9895897060632709 2.1072962433099747 0.44572751224040974 0.30576807633042336 0.4887002259492873 0.44184426590800285 0.58021018654108025 0.42557287961244583 0.25643271207809448
leaf_count=9 6 8 5 5 7 6 8 5 5
internal_value=-0.00378509 0.0421599 -0.0445581 -0.0441628 -0.0448739 -0.044441 -0.045004 -0.0448462 -0.0439035
internal_weight=6.5866 3.09689 3.48972 1.54951 1.94021 0.747612 1.45151 1.00578 0.801893
internal_count=64 14 50 25 25 11 18 13 14
is_linear=0
shrinkage=0.05


Tree=100
num_leaves=11
num_cat=0
split_feature=0 3 4 0 8 3 12 7 3 3
split_gain=7.42508 0.0111243 0.000121695 6.12191e-05 3.49441e-05 4.87857e-05 4.19997e-05 1.69576e-05 8.36649e-06 4.37365e-06
threshold=1.9456500000000003 3.5000000000000004 197.50000000000003 10.361300000000002 0.9195955058153672 5.5000000000000009 32.500000000000007 8.5833333333333339 8.5000000000000018 2.5000000000000004
decision_type=2 2 2 2 2 2 2 2 2 2
left_child=1 -1 4 8 5 7 -6 9 -4 -2
right_child=2 -3 3 -5 6 -7 -8 -9 -10 -11
leaf_value=0.058314413842233986 -0.044227743551692567 0.064609156547488042 -0.045551134573963287 -0.044637985884243087 -0.045099764267566643 -0.04485333537056365 -0.044399953553980021 -0.044470028330014393 -0.045246024399969963 -0.04396160047217107
leaf_weight=1.4686479121446612 0.32641893252730436 1.3443217128515241 0.46482386440038659 0.36777873337268829 0.57609527185559262 0.54858159273862828 0.34148880839347839 0.63203666359186172 0.43490252643823624 0.29286574572324753
leaf_count=6 5 5 5 5 7 7 5 9 5 5
internal_value=-0.000873321 0.0613227 -0.0447769 -0.0451815 -0.0445882 -0.0444602 -0.0448393 -0.0442878 -0.0454037 -0.0441019
internal_weight=6.79796 2.81297 3.98499 1.26751 2.71749 1.7999 0.917584 1.25132 0.899726 0.619285
internal_count=64 11 53 15 38 26 12 19 10 10
is_linear=0
shrinkage=0.05


Tree=101
num_leaves=10
num_cat=0
split_feature=2 2 9 6 8 3 6 3 12
split_gain=4.20464 2.16447 2.60668 2.28178 1.38111 0.489513 0.00099634 0.000365659 8.37745e-05
threshold=1650.0000000000002 300.00000000000006 -0.16708397168011488 -0.68301270189221952 0.9195955058153672 3.5000000000000004 -0.68301270189221952 8.5000000000000018 50.000000000000007
decision_type=2 2 2 2 2 2 2 2 2
left_child=1 -1 3 -3 5 -5 -2 8 -8
right_child=6 2 -4 4 -6 -7 7 -9 -10
leaf_value=0.063935570689719654 -0.048514418183647032 0.062106201740676485 -0.063427350374990407 -0.0036030239608062045 0.043293275281339257 -0.054322470528231026 -0.046297830252876253 -0.047253876580414744 -0.045592705179186288
leaf_weight=2.0990995317697507 0.71964105963707004 1.9793738275766362 1.1310665309429175 0.85644154250621829 0.89840776473283757 1.0701641365885732 0.95435719937086216 0.8536330685019492 0.75404873490333557
leaf_count=8 5 7 5 4 5 6 9 7 8
internal_value=0.000818206 0.0202965 0.00486334 0.0209406 -0.00790252 -0.031776 -0.0468706 -0.0464088 -0.0459866
internal_weight=11.3162 8.03455 5.93545 4.80439 2.82501 1.92661 3.28168 2.56204 1.70841
internal_count=64 35 27 22 15 10 29 24 17
is_linear=0
shrinkage=0.05


Tree=102
num_leaves=10
num_cat=0
split_feature=9 6 9 9 4 3 4 0 12
split_gain=1.70464 1.51792 1.06777 1.72185 1.01872 0.355213 1.04673 0.0033853 1.53205e-05
threshold=-0.16708397168011488 -0.68301270189221952 -0.82968937203783677 -0.69930991848440827 95.500000000000014 2.5000000000000004 36.000000000000007 4.5699000000000014 50.000000000000007
decision_type=2 2 2 2 2 2 2 2 2
left_child=1 7 -3 -4 5 6 8 -1 -5
right_child=-2 2 3 4 -6 -7 -8 -9 -10
leaf_value=-0.051784941248914244 0.042761413623296739 -0.052537704641187045 0.068501934974118578 -0.045031387146914369 0.025044342535277788 -0.05386864637329513 0.035667708162986068 -0.047553396957103797 -0.044634288284541135
leaf_weight=0.81052702665328968 1.8161167651414869 0.79069483280181785 1.0073589235544194 0.41010522097349367 1.7229154631495474 0.74855308979749668 0.67570053786039341 1.1338295042514799 0.59572216868400574
leaf_count=5 9 6 4 5 9 5 4 9 8
internal_value=-0.000916116 -0.0109629 0.00156845 0.00985886 -0.00436572 -0.0252173 -0.0124628 -0.0493174 -0.0447962
internal_weight=9.71152 7.89541 5.95105 5.16036 4.153 2.43008 1.68153 1.94436 1.00583
internal_count=64 55 41 35 31 22 17 14 13
is_linear=0
shrinkage=0.05


Tree=103
num_leaves=11
num_cat=0
split_feature=0 0 12 3 0 5 8 5 0 2
split_gain=4.77994 3.71897 0.0294718 0.000757382 0.000546836 5.92906e-05 3.75185e-05 3.33847e-05 1.16372e-05 7.33056e-06
threshold=10.361300000000002 10.654750000000002 58.000000000000007 6.5000000000000009 4.4854000000000012 0.25000000000000011 0.94478581029364217 0.93301270189221952 6.2124500000000014 1650.0000000000002
decision_type=2 2 2 2 2 2 2 2 2 2
left_child=3 2 -2 5 -5 -1 -3 8 9 -7
right_child=1 6 -4 4 -6 7 -8 -9 -10 -11
leaf_value=-0.044836383309964888 0.062111155702772661 -0.044300350082798742 0.071989753416863048 -0.044489189213879204 -0.046578481675996028 -0.043583324251975461 -0.044916155675639446 -0.044541249461002068 -0.044164371482251399 -0.043937492500930757
leaf_weight=0.31518273800611529 1.5744940191507342 0.46316859498620022 1.45063841342926 0.48241465166211106 0.89276977628469467 0.24937527254223801 0.53080182895064354 0.28278456628322601 0.31891143694519997 0.3527977354824543
leaf_count=4 6 7 5 7 8 5 7 4 5 6
internal_value=0.00399765 0.0392786 0.0668482 -0.0449955 -0.0458456 -0.0442259 -0.0446292 -0.0440661 -0.0439202 -0.0437908
internal_weight=6.91334 4.0191 3.02513 2.89424 1.37518 1.51905 0.99397 1.20387 0.921084 0.602173
internal_count=64 25 11 39 15 24 14 20 16 11
is_linear=0
shrinkage=0.05


Tree=104
num_leaves=11
num_cat=0
split_feature=2 0 2 5 12 11 5 0 5 7
split_gain=2.51355 5.03639e-06 3.79657e-06 4.64126e-06 2.00631e-06 1.66956e-06 9.04011e-07 7.38827e-07 4.72e-07 9.76686e-08
threshold=2950.0000000000005 1.9456500000000003 300.00000000000006 0.68301270189221941 41.500000000000007 6.5000000000000009 -0.24999999999999994 11.100500000000002 -0.24999999999999994 10.250000000000002
decision_type=2 2 2 2 2 2 2 2 2 2
left_child=1 9 -3 5 7 8 -7 -5 -4 -1
right_child=-2 2 3 4 -6 6 -8 -9 -10 -11
leaf_value=-0.042399890380698052 0.056878399995349153 -0.042409630177001119 -0.042603798449047547 -0.042669458602405431 -0.042329525617698024 -0.042909370266452633 -0.042746877609285513 -0.042518966595920638 -0.042724934454712843 -0.042331706437627847
leaf_weight=0.1219138074666265 1.1226807683706281 0.16512581519782532 0.15317851863801457 0.16359987109899521 0.091524114832282066 0.16663198918104172 0.17600256390869617 0.1626272052526474 0.16928484477102757 0.092271532863378525
leaf_count=6 4 8 6 6 5 5 6 7 6 5
internal_value=0.000609818 -0.0425945 -0.042633 -0.042667 -0.0425364 -0.0427491 -0.0428259 -0.0425944 -0.0426674 -0.0423705
internal_weight=2.58484 1.46216 1.24797 1.08285 0.417751 0.665098 0.342635 0.326227 0.322463 0.214185
internal_count=64 60 49 41 18 23 11 13 12 11
is_linear=0
shrinkage=0.05


Tree=105
num_leaves=10
num_cat=0
split_feature=0 2 3 13 0 0 2 9 4
split_gain=4.54486 1.05266 0.000166597 4.1409e-05 3.61342e-05 2.95143e-05 2.93575e-05 8.23144e-06 7.14399e-06
threshold=10.654750000000002 1855.0000000000002 5.5000000000000009 1.0000000180025095e-35 5.2380000000000004 4.4854000000000012 1450.0000000000002 -0.35824514579943006 78.000000000000014
decision_type=2 2 2 2 2 2 2 2 2
left_child=2 -2 4 5 8 -4 -6 -7 -1
right_child=1 -3 3 -5 6 7 -8 -9 -10
leaf_value=-0.043851128489255292 -0.0020823588328210637 0.06118226811075516 -0.044563518458627042 -0.044290742292151006 -0.043853751599162466 -0.045183269568913116 -0.044513563766365311 -0.044864965013647368 -0.043520196368870896
leaf_weight=0.50974901765584968 0.97267170250415835 2.0292926728725433 0.57068023085594155 0.45777637138962735 0.28423998132348061 0.42857342958450306 0.41432373970746994 0.38608050718903553 0.23979799449443817
leaf_count=9 6 8 8 7 5 5 6 5 5
internal_value=-0.00380705 0.0406838 -0.0443877 -0.044703 -0.0439864 -0.0448393 -0.0442451 -0.0450324 -0.0437453
internal_weight=6.29319 3.00196 3.29122 1.84311 1.44811 1.38533 0.698564 0.814654 0.749547
internal_count=64 14 50 25 25 18 11 10 14
is_linear=0
shrinkage=0.05


Tree=106
num_leaves=11
num_cat=0
split_feature=0 3 4 0 8 5 12 2 3 12
split_gain=6.8478 0.0102575 0.00012095 6.66044e-05 3.41511e-05 4.3909e-05 3.78358e-05 1.25922e-05 5.99676e-06 2.92469e-06
threshold=1.9456500000000003 3.5000000000000004 197.50000000000003 10.361300000000002 0.9195955058153672 0.25000000000000011 25.000000000000004 2537.5000000000005 8.5000000000000018 27.500000000000004
decision_type=2 2 2 2 2 2 2 2 2 2
left_child=1 -1 4 8 5 -2 -6 9 -4 -7
right_child=2 -3 3 -5 6 7 -8 -9 -10 -11
leaf_value=0.056684473900629487 -0.044650060423314972 0.062840517447206354 -0.045366776493195239 -0.044415827459730509 -0.045011391612329067 -0.044097115651956273 -0.04434852273811267 -0.044356563809576602 -0.045103335684556288 -0.043908955126573702
leaf_weight=1.4021428823471072 0.51828140020370561 1.3078178614377973 0.44566956162452676 0.34315971657633781 0.39829783886671055 0.37449244409799554 0.46847169101238251 0.33411950990557671 0.41921252012252808 0.4604361280798912
leaf_count=6 7 5 5 5 5 6 7 5 5 8
internal_value=-0.000942735 0.0596554 -0.044593 -0.0450052 -0.044398 -0.044267 -0.0446531 -0.0440972 -0.0452391 -0.0439934
internal_weight=6.4721 2.70996 3.76214 1.20804 2.5541 1.68733 0.86677 1.16905 0.864882 0.834929
internal_count=64 11 53 15 38 26 12 19 10 14
is_linear=0
shrinkage=0.05


Tree=107
num_leaves=10
num_cat=0
split_feature=2 2 6 5 4 6 6 12 4
split_gain=3.85949 1.98809 1.19529 1.2925 0.617258 0.000836675 0.000150551 0.00012583 7.09294e-06
threshold=1650.0000000000002 300.00000000000006 -0.68301270189221952 0.93301270189221952 247.00000000000003 1.0000000180025095e-35 -0.68301270189221952 27.500000000000004 36.000000000000007
decision_type=2 2 2 2 2 2 2 2 2
left_child=1 -1 -3 4 -4 6 -2 -7 -9
right_child=5 2 3 -5 -6 7 -8 8 -10
leaf_value=0.062127449107332172 -0.047998835796903228 0.030661670321533142 -0.054174809803518846 0.031357087483332415 0.0013539252402132535 -0.046225044836265744 -0.046897751813371712 -0.045252258696986743 -0.045533025027242803
leaf_weight=2.029124915599823 0.67890851199626923 2.5122250616550446 1.5371043682098391 1.0316572785377505 0.74207037687301625 0.93328620493411996 0.57199934124946616 0.43770363926887512 0.46277429908514023
leaf_count=8 5 9 9 4 5 9 5 5 5
internal_value=0.00089088 0.0195074 0.00465583 -0.0150771 -0.0360954 -0.0464983 -0.0474953 -0.0458182 -0.0453966
internal_weight=10.9369 7.85218 5.82306 3.31083 2.27917 3.08467 1.25091 1.83376 0.900478
internal_count=64 35 27 18 14 29 10 19 10
is_linear=0
shrinkage=0.05


Tree=108
num_leaves=10
num_cat=0
split_feature=9 6 9 9 4 3 4 0 12
split_gain=1.53592 1.42891 0.995394 1.53352 0.913043 0.335002 0.95848 0.00299854 1.26574e-05
threshold=-0.16708397168011488 -0.68301270189221952 -0.82968937203783677 -0.69930991848440827 95.500000000000014 2.5000000000000004 36.000000000000007 4.5699000000000014 50.000000000000007
decision_type=2 2 2 2 2 2 2 2 2
left_child=1 7 -3 -4 5 6 8 -1 -5
right_child=-2 2 3 4 -6 -7 -8 -9 -10
leaf_value=-0.051221883787493788 0.04036969683390236 -0.052007505303299444 0.064481068399163635 -0.044770024864276857 0.023568080098409511 -0.053206164616574174 0.034054614804305654 -0.047143625455745977 -0.04439604341819172
leaf_weight=0.77861536294221867 1.8332077786326406 0.75222310423850913 1.0175754874944676 0.38253019005060396 1.7001427710056303 0.71293329447507847 0.66205647587776184 1.0702384635806081 0.55378823727369308
leaf_count=5 9 6 4 5 9 5 4 9 8
internal_value=-0.000725653 -0.0105992 0.00163701 0.00966095 -0.00424514 -0.0247039 -0.0119908 -0.0488611 -0.0445488
internal_weight=9.46331 7.6301 5.78125 5.02903 4.01145 2.31131 1.59837 1.84885 0.936318
internal_count=64 55 41 35 31 22 17 14 13
is_linear=0
shrinkage=0.05


Tree=109
num_leaves=11
num_cat=0
split_feature=0 0 12 4 0 3 8 5 0 2
split_gain=4.44589 3.36505 0.0218891 0.000760126 0.000306886 5.73103e-05 3.47984e-05 3.42325e-05 8.24956e-06 4.7624e-06
threshold=10.361300000000002 10.654750000000002 58.000000000000007 197.50000000000003 4.5699000000000014 5.5000000000000009 0.94478581029364217 0.93301270189221952 6.2124500000000014 1650.0000000000002
decision_type=2 2 2 2 2 2 2 2 2 2
left_child=3 2 -2 5 -5 7 -3 8 9 -1
right_child=1 6 -4 4 -6 -7 -8 -9 -10 -11
leaf_value=-0.043471094485459875 0.060425144316889945 -0.04410383278504558 0.069054428129973519 -0.044855630349246334 -0.046486052094437499 -0.044582157756988518 -0.044716503203436689 -0.044401215914165647 -0.043968310352603096 -0.043765615403531223
leaf_weight=0.23568456619977973 1.5235299468040473 0.43223761022090901 1.4196725189685819 0.50968671962618806 0.66540417075157166 0.43834941089153279 0.49970228970050812 0.26876680552959442 0.29661046713590622 0.32866070047020912
leaf_count=5 6 7 5 7 6 6 7 4 5 6
internal_value=0.00388989 0.0383691 0.0645875 -0.0448174 -0.0457789 -0.0440969 -0.0444323 -0.0439086 -0.0437548 -0.0436426
internal_weight=6.61831 3.87514 2.9432 2.74316 1.17509 1.56807 0.93194 1.12972 0.860956 0.564345
internal_count=64 25 11 39 13 26 14 20 16 11
is_linear=0
shrinkage=0.05


Tree=110
num_leaves=11
num_cat=0
split_feature=2 0 4 4 2 5 12 0 7 7
split_gain=2.28651 4.66621e-06 3.63828e-06 2.75675e-06 2.18408e-06 2.35253e-06 1.66903e-06 6.72176e-07 4.32126e-07 7.57958e-08
threshold=2950.0000000000005 1.9456500000000003 197.50000000000003 247.00000000000003 300.00000000000006 0.68301270189221941 41.500000000000007 11.100500000000002 10.250000000000002 10.250000000000002
decision_type=2 2 2 2 2 2 2 2 2 2
left_child=1 9 4 -4 -3 8 7 -7 -6 -1
right_child=-2 2 3 -5 5 6 -8 -9 -10 -11
leaf_value=-0.042345518781591776 0.053579671271903676 -0.042354570790096649 -0.042897723967339631 -0.042603758313867278 -0.042731254898224325 -0.042610903816489062 -0.042288212050579949 -0.042462798262524179 -0.0426109042761732 -0.042283182737925334
leaf_weight=0.11321948841214213 1.1236709207296369 0.15329519659280755 0.1322346143424511 0.20094607397913933 0.14399140141904354 0.15428796783089638 0.08610170241445303 0.15216336585581303 0.15473693236708641 0.085659037344157696
leaf_count=6 4 8 4 8 5 6 5 7 6 5
internal_value=0.000655974 -0.0425427 -0.0425805 -0.0427204 -0.0425253 -0.0425632 -0.0424827 -0.0425374 -0.0426689 -0.0423187
internal_weight=2.50031 1.37664 1.17776 0.333181 0.844577 0.691281 0.392553 0.306451 0.298728 0.198879
internal_count=64 60 49 12 37 29 18 13 11 11
is_linear=0
shrinkage=0.05


Tree=111
num_leaves=11
num_cat=0
split_feature=3 2 8 4 7 6 13 5 12 9
split_gain=2.45779 2.38738 0.446094 0.287668 0.00147003 0.000289353 6.79365e-05 3.76333e-05 1.14981e-05 3.93535e-06
threshold=4.5000000000000009 1450.0000000000002 0.94478581029364217 36.000000000000007 8.1666666666666696 -0.9330127018922193 1.0000000180025095e-35 -0.6830127018922193 38.000000000000007 -0.41859597363157713
decision_type=2 2 2 2 2 2 2 2 2 2
left_child=1 4 3 -3 -1 -2 7 -7 -8 -9
right_child=5 2 -4 -5 -6 6 8 9 -10 -11
leaf_value=-0.047531114638792567 -0.045764388587070236 -0.0034177107499955375 0.065710741759347893 0.043043813411860699 -0.043660728418095138 -0.045053066830760921 -0.044243117957275119 -0.0445617444225445 -0.043823506430198118 -0.044319898639252432
leaf_weight=0.51834457367658648 0.53540112078189883 0.53601245582103751 1.3393135517835615 0.88028990477323532 0.46579465642571449 0.41314230859279633 0.32465754821896542 0.35488257557153702 0.32839362323284149 0.31977573782205559
leaf_count=5 6 7 6 5 9 5 5 5 6 5
internal_value=-0.00378416 0.021149 0.0450231 0.02546 -0.0456993 -0.0447479 -0.0444352 -0.0446773 -0.0440321 -0.0444471
internal_weight=6.01601 3.73976 2.75562 1.4163 0.984139 2.27625 1.74085 1.0878 0.653051 0.674658
internal_count=64 32 18 12 14 32 26 15 11 10
is_linear=0
shrinkage=0.05


Tree=112
num_leaves=11
num_cat=0
split_feature=0 3 4 0 2 5 12 7 7 3
split_gain=6.32127 0.00911974 0.000113842 7.10451e-05 3.28673e-05 4.58712e-05 4.39218e-05 2.97952e-05 1.42467e-05 6.99123e-06
threshold=1.9456500000000003 3.5000000000000004 197.50000000000003 10.361300000000002 300.00000000000006 0.68301270189221941 41.500000000000007 10.250000000000002 7.6500000000000012 8.5000000000000018
decision_type=2 2 2 2 2 2 2 2 2 2
left_child=1 -1 4 9 -2 7 8 -6 -7 -4
right_child=2 -3 3 -5 5 6 -8 -9 -10 -11
leaf_value=0.055238896916440676 -0.043843768971082442 0.061158746123342003 -0.045216218928568003 -0.044198246301012968 -0.044914183260120089 -0.044476221086350687 -0.043596753208979752 -0.044303396228015261 -0.044062833197554267 -0.044925897743741124
leaf_weight=1.3343669325113299 0.45278496295213777 1.2695692926645277 0.4297797158360479 0.31897017359733582 0.39810028672218312 0.48535559326410271 0.3019503690302372 0.40057640895247459 0.36527496948838234 0.40069983154535294
leaf_count=6 8 5 5 5 5 7 6 6 6 5
internal_value=-0.00105619 0.0581252 -0.0444232 -0.0448325 -0.0442276 -0.0443166 -0.0441148 -0.0446078 -0.0442987 -0.0450761
internal_weight=6.15743 2.60394 3.55349 1.14945 2.40404 1.95126 1.15258 0.798677 0.850631 0.83048
internal_count=64 11 53 15 38 30 19 11 13 10
is_linear=0
shrinkage=0.05


Tree=113
num_leaves=11
num_cat=0
split_feature=2 2 9 6 8 3 6 3 12 4
split_gain=3.50915 1.84365 2.33276 1.80695 1.22067 0.447091 0.000716409 0.000129084 0.000102961 4.90071e-06
threshold=1650.0000000000002 300.00000000000006 -0.16708397168011488 -0.68301270189221952 0.9195955058153672 3.5000000000000004 1.0000000180025095e-35 6.5000000000000009 27.500000000000004 36.000000000000007
decision_type=2 2 2 2 2 2 2 2 2 2
left_child=1 -1 3 -3 5 -5 7 -2 -8 -10
right_child=6 2 -4 4 -6 -7 8 -9 9 -11
leaf_value=0.060420076800082337 -0.046527874628185716 0.05654243353151947 -0.061939134750712291 -0.0031513585366029911 0.04114649666620715 -0.052842270108085967 -0.045866087964674347 -0.047575978549945552 -0.044965788977972238 -0.045207752490754233
leaf_weight=1.954626679420471 0.5503610819578173 1.93205077946186 1.0819684788584716 0.8329157233238218 0.89449734240770329 0.99156204611063004 0.87220030277967431 0.63009869307279587 0.40786844491958618 0.42976979911327362
leaf_count=8 5 7 5 4 5 6 9 5 5 5
internal_value=0.000827329 0.0184855 0.00418819 0.0195714 -0.0066995 -0.0301572 -0.0461399 -0.0470873 -0.0454859 -0.0450899
internal_weight=10.5779 7.68762 5.73299 4.65103 2.71898 1.82448 2.8903 1.18046 1.70984 0.837638
internal_count=64 35 27 22 15 10 29 10 19 10
is_linear=0
shrinkage=0.05


Tree=114
num_leaves=10
num_cat=0
split_feature=2 3 9 7 8 0 11 8 0
split_gain=2.13736 1.46149 1.83045 1.29765 0.891958 0.486682 0.00542613 0.00114542 5.45016e-05
threshold=1855.0000000000002 1.5000000000000002 -0.16708397168011488 10.250000000000002 0.9195955058153672 5.2380000000000004 6.5000000000000009 0.19467261866128652 10.381750000000002
decision_type=2 2 2 2 2 2 2 2 2
left_child=1 6 3 4 -3 -5 -1 -2 -9
right_child=7 2 -4 5 -6 -7 -8 8 -10
leaf_value=-0.044187725325795207 -0.047705127615207059 0.046647733159582851 0.073174311600072081 -0.053255999992036535 -0.0058490629710026285 0.0018694501482958766 -0.052054616219415831 -0.045460336455671942 -0.044833730878674267
leaf_weight=0.51645699888467778 0.64120486378669772 1.9378519952297213 1.3137688934803007 0.93560013920068719 1.3891607001423834 0.69991432875394821 0.38081527501344681 0.70070017874240853 0.68752581998705864
leaf_count=8 5 9 5 6 7 4 3 8 9
internal_value=-0.000654574 0.0121617 0.0206949 0.00680162 0.0247282 -0.0296652 -0.0475265 -0.0459573 -0.04515
internal_weight=9.203 7.17357 6.2763 4.96253 3.32701 1.63551 0.897272 2.02943 1.38823
internal_count=64 42 31 26 16 10 11 22 17
is_linear=0
shrinkage=0.05


Tree=115
num_leaves=11
num_cat=0
split_feature=0 0 12 3 0 3 5 8 0 2
split_gain=4.14366 3.06504 0.016288 0.000588177 0.000411279 4.97247e-05 3.50666e-05 2.67733e-05 5.90041e-06 2.95158e-06
threshold=10.361300000000002 10.654750000000002 58.000000000000007 6.5000000000000009 4.4854000000000012 5.5000000000000009 0.93301270189221952 0.94478581029364217 6.2124500000000014 1650.0000000000002
decision_type=2 2 2 2 2 2 2 2 2 2
left_child=3 2 -2 5 -5 6 8 -3 9 -1
right_child=1 7 -4 4 -6 -7 -8 -9 -10 -11
leaf_value=-0.043362908525103605 0.059030632526956867 -0.043947918414162096 0.066584270812743027 -0.04417301780691827 -0.046082731014379763 -0.04450467298817147 -0.044271076589497999 -0.044502232232522934 -0.043786985440035772 -0.043602417610013738
leaf_weight=0.22224881127476714 1.4742288440465934 0.40777110680937756 1.3833217322826383 0.42959402874112107 0.82020295411348343 0.28625576198101033 0.25640233606100082 0.46767466142773628 0.27558107674121857 0.305379468947649
leaf_count=5 6 7 5 7 8 4 4 7 5 6
internal_value=0.00387361 0.0376102 0.0626873 -0.0446452 -0.0454263 -0.0439199 -0.043762 -0.044244 -0.0435995 -0.0435015
internal_weight=6.32866 3.733 2.85755 2.59566 1.2498 1.34587 1.05961 0.875446 0.803209 0.527628
internal_count=64 25 11 39 15 24 20 14 16 11
is_linear=0
shrinkage=0.05


Tree=116
num_leaves=11
num_cat=0
split_feature=2 0 4 4 2 5 12 0 7 7
split_gain=2.08693 4.25233e-06 3.43508e-06 2.64562e-06 1.98149e-06 1.96718e-06 1.34139e-06 5.83248e-07 4.17849e-07 5.66253e-08
threshold=2950.0000000000005 1.9456500000000003 197.50000000000003 247.00000000000003 300.00000000000006 0.68301270189221941 41.500000000000007 11.100500000000002 10.250000000000002 10.250000000000002
decision_type=2 2 2 2 2 2 2 2 2 2
left_child=1 9 4 -4 -3 8 7 -7 -6 -1
right_child=-2 2 3 -5 5 6 -8 -9 -10 -11
leaf_value=-0.042293564361368226 0.050717196173300394 -0.042304440892906747 -0.042844948905744779 -0.042549710704692018 -0.042672541564271804 -0.042555540697594318 -0.042255593403957702 -0.042413346692487815 -0.042550785372364952 -0.042237592819618405
leaf_weight=0.10486241988837752 1.1200073361396787 0.14246009662747361 0.12684271670877934 0.18885487131774426 0.13658684678375721 0.14560267515480518 0.081682063639163971 0.14288619160652161 0.1455609742552042 0.079403928481042385
leaf_count=6 4 8 4 8 5 6 5 7 6 5
internal_value=0.000740268 -0.0424919 -0.0425288 -0.0426683 -0.0424734 -0.0425103 -0.0424345 -0.0424851 -0.0426097 -0.0422694
internal_weight=2.41475 1.29474 1.11048 0.315698 0.794779 0.652319 0.370171 0.288489 0.282148 0.184266
internal_count=64 60 49 12 37 29 18 13 11 11
is_linear=0
shrinkage=0.05


Tree=117
num_leaves=11
num_cat=0
split_feature=0 2 3 8 4 0 9 7 4 2
split_gain=3.95621 0.833628 0.000111177 6.42483e-05 2.87701e-05 3.09191e-05 8.39618e-06 4.71879e-06 3.81853e-06 2.29734e-07
threshold=10.654750000000002 1855.0000000000002 5.5000000000000009 0.87752127263508772 285.00000000000006 5.0619000000000005 -0.69930991848440827 15.500000000000002 78.000000000000014 1250.0000000000002
decision_type=2 2 2 2 2 2 2 2 2 2
left_child=2 -2 3 7 5 6 -4 8 9 -1
right_child=1 -3 4 -5 -6 -7 -8 -9 -10 -11
leaf_value=-0.043631829302702665 -8.8489292668698967e-05 0.057885126422667257 -0.044135197174136213 -0.044482128743879606 -0.044074619152201462 -0.044880531371755017 -0.044476569983568109 -0.043769041042164017 -0.043351241425285653 -0.043567348752238104
leaf_weight=0.2563019357621672 0.9248047098517419 1.8819249719381332 0.31403734907507885 0.24991042912006367 0.52719667181372631 0.39232462644577026 0.42238768190145481 0.27254734560847282 0.22065803781151772 0.29961740225553513
leaf_count=5 6 8 5 4 9 5 6 5 5 6
internal_value=-0.00372884 0.0387831 -0.0441079 -0.0437617 -0.0443796 -0.044522 -0.044331 -0.04359 -0.0435272 -0.0435971
internal_weight=5.76171 2.80673 2.95498 1.29904 1.65595 1.12875 0.736425 1.04912 0.776577 0.555919
internal_count=64 14 50 25 25 16 11 21 16 11
is_linear=0
shrinkage=0.05


Tree=118
num_leaves=11
num_cat=0
split_feature=0 3 4 0 2 5 7 8 11 6
split_gain=5.86099 0.00815838 0.000104035 7.17684e-05 3.13761e-05 3.82837e-05 2.62575e-05 1.96017e-05 8.61762e-06 6.96856e-06
threshold=1.9456500000000003 3.5000000000000004 197.50000000000003 10.361300000000002 300.00000000000006 0.68301270189221941 10.250000000000002 0.9195955058153672 6.5000000000000009 -0.24999999999999994
decision_type=2 2 2 2 2 2 2 2 2 2
left_child=1 -1 4 9 -2 6 -6 8 -7 -4
right_child=2 -3 3 -5 5 7 -8 -9 -10 -11
leaf_value=0.054047851108664419 -0.043676836328839549 0.059758610045966082 -0.045051127627557933 -0.043996281478838731 -0.044723052747503003 -0.04352727721497774 -0.044133555382618019 -0.044171860678573482 -0.043932339685583979 -0.044754645531022264
leaf_weight=1.2715095132589342 0.42126325145363885 1.2307445406913755 0.41187898814678192 0.29603792354464531 0.37804976105689991 0.24196960777044274 0.3775465115904808 0.55806726589798927 0.28710325434803963 0.38201271742582299
leaf_count=6 8 5 5 5 5 5 6 9 5 5
internal_value=-0.00105407 0.0568567 -0.0442594 -0.0446607 -0.0440661 -0.0441551 -0.0444285 -0.0439651 -0.0437471 -0.0449085
internal_weight=5.85618 2.50225 3.35393 1.08993 2.264 1.84274 0.755596 1.08714 0.529073 0.793892
internal_count=64 11 53 15 38 30 11 19 10 10
is_linear=0
shrinkage=0.05


Tree=119
num_leaves=11
num_cat=0
split_feature=2 2 9 6 8 3 6 3 12 12
split_gain=3.19532 1.69779 2.14832 1.59444 1.11404 0.429735 0.000606254 0.000122562 8.43164e-05 1.59896e-06
threshold=1650.0000000000002 300.00000000000006 -0.16708397168011488 -0.68301270189221952 0.9195955058153672 3.5000000000000004 1.0000000180025095e-35 6.5000000000000009 27.500000000000004 67.000000000000014
decision_type=2 2 2 2 2 2 2 2 2 2
left_child=1 -1 3 -3 5 -5 7 -2 -8 -10
right_child=6 2 -4 4 -6 -7 8 -9 9 -11
leaf_value=0.058772042199220512 -0.046143028438963882 0.05370066330263823 -0.060706035674391839 -0.0027924414156970949 0.039093250235728814 -0.052186194477794837 -0.045543288123941969 -0.047195219759533065 -0.044886652272140122 -0.044743487465656401
leaf_weight=1.8736501187086103 0.51538858562707923 1.8954996913671487 1.0493269562721259 0.82125744223594643 0.8979663923382758 0.94941210746765137 0.8152680844068525 0.59775339066982269 0.39618689566850662 0.38412474095821381
leaf_count=8 5 7 5 4 5 6 9 5 5 5
internal_value=0.000723727 0.0175598 0.00380407 0.0186354 -0.00627103 -0.0292768 -0.0458125 -0.0467081 -0.0451877 -0.0448162
internal_weight=10.1958 7.48711 5.61346 4.56414 2.66864 1.77067 2.70872 1.11314 1.59558 0.780312
internal_count=64 35 27 22 15 10 29 10 19 10
is_linear=0
shrinkage=0.05


Tree=120
num_leaves=12
num_cat=0
split_feature=2 6 9 7 9 6 6 7 7 12 12
split_gain=1.74972 1.39116 1.10861 1.77727 2.33873 2.18624 0.0154227 0.000907664 0.000354401 0.00023232 2.91505e-05
threshold=1855.0000000000002 -0.9330127018922193 -0.11318597237013776 10.825000000000001 -0.5 1.0000000180025095e-35 0.6830127018922193 10.250000000000002 8.1666666666666696 11.500000000000002 35.500000000000007
decision_type=2 2 2 2 2 2 2 2 2 2 2
left_child=1 -1 3 4 -3 -6 -7 9 -8 -2 -11
right_child=7 2 -4 -5 5 6 8 -9 -10 10 -12
leaf_value=-0.048473216421090905 -0.045873605086046099 0.076388326956770974 0.069216248908889874 -0.05127101385174529 0.059148443908001447 -0.056504067603088654 -0.046061186277814796 -0.04718225219430467 -0.043984368825770705 -0.044715205960027926 -0.044132472938226863
leaf_weight=0.95944507420063008 0.47639921307563804 1.31240639090538 0.8517455756664275 1.009855695068836 0.73644299805164415 0.45150747895240761 0.40271772444248199 0.67548010498285282 0.41928889229893684 0.67295128107070923 0.31509334594011307
leaf_count=7 5 5 3 8 3 2 4 6 7 9 5
internal_value=-0.00672951 0.00683319 0.0170693 0.00681679 0.024473 -0.00942526 -0.0490798 -0.045666 -0.0450018 -0.0449667 -0.0445294
internal_weight=8.28333 6.14341 5.18396 4.33222 3.32236 2.00996 1.27351 2.13992 0.822007 1.46444 0.988045
internal_count=64 39 32 29 21 16 13 25 11 19 14
is_linear=0
shrinkage=0.05


Tree=121
num_leaves=11
num_cat=0
split_feature=0 0 3 3 0 11 8 3 10 0
split_gain=3.62739 3.10665 0.0111987 0.000207535 0.000238807 0.000112847 0.000106624 3.22091e-05 8.04321e-06 6.24608e-06
threshold=10.361300000000002 10.654750000000002 8.5000000000000018 6.5000000000000009 4.5699000000000014 3.5000000000000004 0.80625269229011354 5.5000000000000009 4.5000000000000009 1.9456500000000003
decision_type=2 2 2 2 2 2 2 2 2 2
left_child=3 2 -2 6 -5 -3 7 9 -7 -1
right_child=1 5 -4 4 -6 8 -8 -9 -10 -11
leaf_value=-0.043362110808161616 0.063814508063876896 -0.044726134062260114 0.057706657499180442 -0.044108548416241081 -0.045839136920147912 -0.043791100291433543 -0.044817353887134155 -0.044134785096686988 -0.043408019019361845 -0.043651389305432081
leaf_weight=0.31219929829239867 1.588889196515084 0.37184272706508625 1.4221913963556287 0.41302942484617222 0.38530250638723373 0.27139193192124367 0.27028438448905934 0.31458447501063347 0.27674468606710434 0.46383664757013321
leaf_count=7 6 5 6 7 4 5 4 5 6 9
internal_value=0.00776205 0.0363606 0.0609297 -0.0443038 -0.0449438 -0.0440538 -0.0439283 -0.043708 -0.0435977 -0.043535
internal_weight=6.0903 3.93106 3.01108 2.15924 0.798332 0.919979 1.3609 1.09062 0.548137 0.776036
internal_count=64 28 12 36 11 16 25 21 11 16
is_linear=0
shrinkage=0.05


Tree=122
num_leaves=12
num_cat=0
split_feature=12 5 4 5 0 10 13 7 3 12 7
split_gain=1.40463 0.343157 0.518243 0.0114585 2.95894e-06 2.37622e-06 1.54542e-06 8.80277e-07 3.7575e-07 1.74746e-07 3.13353e-08
threshold=18.500000000000004 -0.5 197.50000000000003 0.93301270189221952 6.2124500000000014 4.5000000000000009 1.0000000180025095e-35 8.5833333333333339 2.5000000000000004 32.500000000000007 7.4000000000000012
decision_type=2 2 2 2 2 2 2 2 2 2 2
left_child=1 -1 8 4 5 -2 9 -7 -3 -6 -11
right_child=3 2 -4 -5 6 7 -8 -9 -10 10 -12
leaf_value=0.082244133973413791 -0.042361250539846386 -0.04229109682423754 0.055765170670234954 -0.054117905643790098 -0.042334159086998863 -0.042518139485349805 -0.042473698647373964 -0.04268850676345072 -0.042424106691719893 -0.042226131077752957 -0.042266960047498574
leaf_weight=0.29994738101959229 0.14472379535436608 0.085014515556395387 0.33137636072933674 0.27477752976119518 0.092044224962592125 0.14471284300088882 0.15371060371398926 0.15926605835556984 0.14142913930118084 0.078322302550077438 0.11748340539634228
leaf_count=1 8 5 3 3 5 7 7 6 7 5 7
internal_value=-0.00944143 0.0391164 0.0159261 -0.0451924 -0.0424376 -0.042528 -0.0423457 -0.0426074 -0.0423742 -0.0422773 -0.0422506
internal_weight=2.02281 0.857767 0.55782 1.16504 0.890263 0.448703 0.441561 0.303979 0.226444 0.28785 0.195806
internal_count=64 16 15 48 45 21 24 13 12 17 12
is_linear=0
shrinkage=0.05


Tree=123
num_leaves=9
num_cat=0
split_feature=0 2 11 8 3 0 13 4
split_gain=3.51432 0.92353 0.000106182 9.5106e-05 4.98599e-05 2.37874e-05 1.00751e-05 1.24458e-06
threshold=10.654750000000002 2300.0000000000005 1.5000000000000002 0.80625269229011354 5.5000000000000009 4.5699000000000014 1.0000000180025095e-35 87.500000000000014
decision_type=2 2 2 2 2 2 2 2
left_child=2 -2 6 4 -4 -6 7 -1
right_child=1 -3 3 -5 5 -7 -8 -9
leaf_value=-0.043424387077780388 -0.0014298562713248926 0.055352192456085969 -0.043492174159587518 -0.044759477046921792 -0.043905707111113336 -0.044430450358929736 -0.043739474380493935 -0.043272779513605961
leaf_weight=0.37270409241318736 1.1254363059997561 1.9687988609075544 0.42021664977073647 0.48702190443873394 0.45285286381840706 0.4128745011985302 0.26801930367946625 0.21258120611310005
leaf_count=8 7 9 9 7 8 6 5 5
internal_value=-0.00140553 0.0346994 -0.0439439 -0.0441644 -0.0439391 -0.044156 -0.0434856 -0.0433693
internal_weight=5.72051 3.09424 2.62627 1.77297 1.28594 0.865727 0.853305 0.585285
internal_count=64 16 48 30 23 14 18 13
is_linear=0
shrinkage=0.05


Tree=124
num_leaves=10
num_cat=0
split_feature=0 3 0 2 3 2 10 2 4
split_gain=5.16483 0.0076472 0.000151023 0.000119857 2.71002e-05 1.0665e-05 1.7466e-05 9.71007e-06 1.9286e-07
threshold=1.9456500000000003 3.5000000000000004 6.2124500000000014 1450.0000000000002 5.5000000000000009 1150.0000000000002 4.5000000000000009 2590.0000000000005 95.500000000000014
decision_type=2 2 2 2 2 2 2 2 2
left_child=1 -1 3 4 -2 8 -7 -8 -4
right_child=2 -3 5 -5 -6 6 7 -9 -10
leaf_value=0.052893414998080458 -0.043569872846804109 0.05880374352126945 -0.043538409159043764 -0.044971745913224635 -0.044210567053358983 -0.044048410883361526 -0.043486688284872781 -0.04381968336134752 -0.043475358786600027
leaf_weight=1.0031940788030627 0.24301114678382896 1.2042951732873914 0.24674701318144787 0.55594651401042938 0.51445629075169563 0.41753547638654687 0.43201559036970139 0.44382603839039803 0.23853209242224693
leaf_count=5 5 5 5 7 8 7 9 8 5
internal_value=-0.00230115 0.0561178 -0.0440076 -0.0444142 -0.044005 -0.0437073 -0.0437823 -0.0436554 -0.0435074
internal_weight=5.29956 2.20749 3.09207 1.31341 0.757467 1.77866 1.29338 0.875842 0.485279
internal_count=64 10 54 20 13 34 24 17 10
is_linear=0
shrinkage=0.05


Tree=125
num_leaves=11
num_cat=0
split_feature=2 5 6 2 2 9 2 6 0 10
split_gain=3.83505 0.984459 0.736903 1.13788 0.707577 0.454611 0.00940768 0.00041672 0.000129008 0.000212382
threshold=1250.0000000000002 0.93301270189221952 -0.9330127018922193 300.00000000000006 800.00000000000011 -0.24825246871434689 1650.0000000000002 -0.68301270189221952 4.4854000000000012 4.5000000000000009
decision_type=2 2 2 2 2 2 2 2 2 2
left_child=2 5 -1 -4 -5 6 -2 -8 -9 -10
right_child=1 -3 3 4 -6 -7 7 8 9 -11
leaf_value=0.062206482145986564 -0.05145685092903695 0.033758894035392312 0.055124594650837244 -0.024832906128544215 0.032956950800267011 0.0011794619619907543 -0.04669576745012613 -0.044440062509693318 -0.046033975139254779 -0.044588460894985214
leaf_weight=1.5680918991565702 0.98679970949888263 0.51864167675375927 1.4836859703063967 1.3135396093130114 0.88759127259254444 0.56980729103088412 0.56669143587350923 0.49033666402101461 0.60180006176233269 0.43981024622917175
leaf_count=6 7 4 7 7 4 5 5 7 6 6
internal_value=0.00507099 -0.0307059 0.0334988 0.0212822 -0.00152953 -0.0398528 -0.0474305 -0.0455373 -0.0451088 -0.0454236
internal_weight=9.4268 4.17389 5.25291 3.68482 2.20113 3.65525 3.08544 2.09864 1.53195 1.04161
internal_count=64 40 24 18 11 36 31 24 19 12
is_linear=0
shrinkage=0.05


Tree=126
num_leaves=13
num_cat=0
split_feature=2 6 9 9 9 6 6 8 8 12 10 12
split_gain=1.62155 1.27308 1.03862 1.72019 1.74807 1.05591 0.014101 0.000593458 0.000295801 0.00023157 0.000237964 1.61681e-05
threshold=1855.0000000000002 -0.9330127018922193 -0.82968937203783677 -0.5 -0.11318597237013776 1.0000000180025095e-35 0.6830127018922193 0.19467261866128652 0.80625269229011354 25.000000000000004 4.5000000000000009 50.000000000000007
decision_type=2 2 2 2 2 2 2 2 2 2 2 2
left_child=1 -1 -3 -4 5 -5 -7 -2 -8 10 -9 -11
right_child=7 2 3 4 -6 6 8 9 -10 11 -12 -13
leaf_value=-0.047922893117808146 -0.046946281731038576 -0.05281632781484568 0.072982913393827661 0.01811709196862003 0.066832506860127858 -0.055752968797066919 -0.043808490518967354 -0.046282920757422186 -0.045711772257244716 -0.044382589480566351 -0.044669276395729429 -0.043871475796963627
leaf_weight=0.90283082425594319 0.45608481764793429 0.48638533055782307 1.2856640070676797 1.1201294139027598 0.83489474654197771 0.44189681112766244 0.44633743911981583 0.41612640023231484 0.37621109932661057 0.33974678069353104 0.50664544850587845 0.2841184139251709
leaf_count=7 4 4 5 6 3 2 8 4 4 5 7 5
internal_value=-0.00649177 0.00671491 0.0165974 0.0240915 0.00456718 -0.0172334 -0.0485491 -0.0453613 -0.044679 -0.0448939 -0.045397 -0.0441498
internal_weight=7.89707 5.89435 4.99152 4.50513 3.21947 2.38457 1.26445 2.00272 0.822549 1.54664 0.922772 0.623865
internal_count=64 39 32 28 23 20 14 25 12 21 11 10
is_linear=0
shrinkage=0.05


Tree=127
num_leaves=11
num_cat=0
split_feature=0 0 3 4 0 11 8 3 10 0
split_gain=3.34111 2.81756 0.00837978 0.000197402 0.000168675 0.00010097 9.56459e-05 2.7997e-05 6.51446e-06 5.35405e-06
threshold=10.361300000000002 10.654750000000002 8.5000000000000018 197.50000000000003 4.5699000000000014 3.5000000000000004 0.80625269229011354 5.5000000000000009 4.5000000000000009 1.9456500000000003
decision_type=2 2 2 2 2 2 2 2 2 2
left_child=3 2 -2 6 -5 -3 7 9 -7 -1
right_child=1 5 -4 4 -6 8 -8 -9 -10 -11
leaf_value=-0.043232725878283557 0.061653800678860227 -0.044547349121046506 0.056262193235133755 -0.044014965695325363 -0.045568596929922323 -0.043626844400031145 -0.044652034706028569 -0.043943300672471354 -0.043268927346838126 -0.043510405067914114
leaf_weight=0.29007900506258033 1.5337481945753104 0.35276364907622326 1.3594312965869901 0.33649121969938267 0.3633403480052948 0.25227560847997665 0.25624042376875866 0.35087407752871513 0.2562825120985508 0.43229858949780464
leaf_count=7 6 5 6 6 4 5 4 6 6 9
internal_value=0.00754831 0.0354871 0.0591204 -0.0441419 -0.0448216 -0.0438974 -0.0437841 -0.0435769 -0.0434465 -0.0433989
internal_weight=5.78382 3.7545 2.89318 2.02932 0.699832 0.861322 1.32949 1.07325 0.508558 0.722378
internal_count=64 28 12 36 10 16 26 22 11 16
is_linear=0
shrinkage=0.05


Tree=128
num_leaves=12
num_cat=0
split_feature=2 2 0 0 2 13 6 12 0 7 7
split_gain=2.22068 0.0116234 2.63867e-06 5.22619e-06 2.95302e-06 1.43998e-06 7.79143e-07 3.33559e-07 1.29425e-07 3.93205e-08 2.28749e-08
threshold=3500.0000000000005 2950.0000000000005 1.9456500000000003 6.2124500000000014 1150.0000000000002 1.0000000180025095e-35 -0.9330127018922193 27.500000000000004 10.363450000000002 10.250000000000002 7.4000000000000012
decision_type=2 2 2 2 2 2 2 2 2 2 2
left_child=1 2 9 4 6 7 -4 -5 -7 -1 -9
right_child=-2 -3 3 5 -6 8 -8 10 -10 -11 -12
leaf_value=-0.042206660907713495 0.072473527909776334 -0.054946493311994082 -0.042534319636374184 -0.042306271618816144 -0.042695952796646411 -0.042452945842135291 -0.042345331985356616 -0.042186285408729179 -0.042376848705856174 -0.042154235408681698 -0.042221564960741455
leaf_weight=0.075576986186206119 0.5812513828277589 0.21992896497249592 0.094973521307110786 0.15659660380333662 0.18508074060082436 0.10880261100828648 0.12809087801724672 0.072861936874687672 0.11486378218978643 0.067899156361818314 0.12438042275607586
leaf_count=5 2 1 4 9 7 5 7 5 6 5 8
internal_value=-0.0092285 -0.0444305 -0.0423822 -0.0424114 -0.0425483 -0.0423146 -0.0424258 -0.0422518 -0.0424139 -0.0421819 -0.0422085
internal_weight=1.93031 1.34906 1.12913 0.98565 0.408145 0.577505 0.223064 0.353839 0.223666 0.143476 0.197242
internal_count=64 62 61 51 18 33 11 22 11 10 13
is_linear=0
shrinkage=0.05


Tree=129
num_leaves=10
num_cat=0
split_feature=0 11 12 11 8 3 0 13 4
split_gain=3.23339 0.479602 0.639724 9.78155e-05 8.70954e-05 4.22292e-05 2.09966e-05 7.52178e-06 8.41063e-07
threshold=10.654750000000002 6.5000000000000009 25.000000000000004 1.5000000000000002 0.80625269229011354 5.5000000000000009 4.5699000000000014 1.0000000180025095e-35 87.500000000000014
decision_type=2 2 2 2 2 2 2 2 2
left_child=3 -2 -3 7 5 -5 -7 8 -1
right_child=1 2 -4 4 -6 6 -8 -9 -10
leaf_value=-0.043286768534167186 0.055900335628501455 0.042684460822708381 -0.020496110971484974 -0.043368699315766257 -0.044601115264646926 -0.043756407158679789 -0.044264531672787238 -0.043571766751429875 -0.04315759353527332
leaf_weight=0.34568533673882518 1.3360979855060577 0.93171748518943787 0.70291181653738022 0.39260842651128747 0.46328073740005482 0.42414318770170212 0.39047110080718994 0.24836475029587746 0.19829640164971352
leaf_count=8 6 5 5 9 7 8 6 5 5
internal_value=-0.00144009 0.033679 0.015516 -0.0438013 -0.0440183 -0.0437947 -0.044 -0.0433438 -0.0432397
internal_weight=5.43358 2.97073 1.63463 2.46285 1.6705 1.20722 0.814614 0.792346 0.543982
internal_count=64 16 10 48 30 23 14 18 13
is_linear=0
shrinkage=0.05


Tree=130
num_leaves=10
num_cat=0
split_feature=0 3 0 2 3 12 0 13 0
split_gain=4.75402 0.00637042 0.000138091 0.000103828 2.31133e-05 1.75912e-05 9.39745e-06 4.72932e-06 4.79274e-07
threshold=1.9456500000000003 3.5000000000000004 6.2124500000000014 1450.0000000000002 5.5000000000000009 27.500000000000004 11.100500000000002 1.0000000180025095e-35 10.381750000000002
decision_type=2 2 2 2 2 2 2 2 2
left_child=1 -1 3 4 -2 6 -4 8 -7
right_child=2 -3 5 -5 -6 7 -8 -9 -10
leaf_value=0.051854974157081735 -0.043447028525613496 0.057387624194856449 -0.043970258336646847 -0.044787974800021099 -0.044058284931713078 -0.043390019872851543 -0.043596083719155188 -0.043570460187232513 -0.043301572503636331
leaf_weight=0.94723261892795596 0.22694372013211273 1.1543149054050443 0.29030488058924653 0.52954277396202087 0.48549208417534828 0.2744528241455555 0.39766353368759155 0.35011584684252739 0.34657509624958038
leaf_count=5 5 5 5 7 8 6 8 7 8
internal_value=-0.00237411 0.0548939 -0.043859 -0.0442577 -0.0438636 -0.0435605 -0.043754 -0.0434235 -0.0433407
internal_weight=5.00264 2.10155 2.90109 1.24198 0.712436 1.65911 0.687968 0.971144 0.621028
internal_count=64 10 54 20 13 34 13 21 14
is_linear=0
shrinkage=0.05


Tree=131
num_leaves=10
num_cat=0
split_feature=2 5 2 3 9 2 3 13 4
split_gain=3.47374 0.909528 0.678936 1.0814 0.433525 0.00773416 0.000279514 0.00017692 3.74332e-05
threshold=1250.0000000000002 0.93301270189221952 300.00000000000006 5.5000000000000009 -0.24825246871434689 1650.0000000000002 4.5000000000000009 1.0000000180025095e-35 36.000000000000007
decision_type=2 2 2 2 2 2 2 2 2
left_child=2 4 -1 -4 5 -2 8 -8 -7
right_child=1 -3 3 -5 -6 6 7 -9 -10
leaf_value=0.055895646098744159 -0.050787016129590537 0.031617061330330688 -0.018637346942688978 0.041515281815263913 0.0011980045000678013 -0.044366978620951542 -0.046471455025757613 -0.045154932610059595 -0.045003402146908088
leaf_weight=1.9184718430042265 0.93184877932071808 0.5205085054039954 1.2215545177459719 1.9239735901355741 0.5550863817334174 0.54350396990776051 0.5241771377623079 0.49728385359048843 0.40190226584672928
leaf_count=9 7 4 7 8 5 8 5 6 5
internal_value=0.00499246 -0.0299973 0.032453 0.0181552 -0.0392829 -0.0470348 -0.0452571 -0.0458305 -0.0446375
internal_weight=9.03831 3.97431 5.064 3.14553 3.4538 2.89872 1.96687 1.02146 0.945406
internal_count=64 40 24 15 36 31 24 11 13
is_linear=0
shrinkage=0.05


Tree=132
num_leaves=12
num_cat=0
split_feature=2 6 9 9 9 6 6 7 3 12 12
split_gain=1.50452 1.17755 0.977878 1.52712 1.60959 0.979249 0.011891 0.000551832 0.000275253 0.000147733 1.5652e-05
threshold=1855.0000000000002 -0.9330127018922193 -0.82968937203783677 -0.5 -0.11318597237013776 1.0000000180025095e-35 0.6830127018922193 10.250000000000002 10.500000000000002 11.500000000000002 35.500000000000007
decision_type=2 2 2 2 2 2 2 2 2 2 2
left_child=1 -1 -3 -4 5 -5 -7 9 -8 -2 -11
right_child=7 2 3 4 -6 6 8 -9 -10 10 -12
leaf_value=-0.047482732675009805 -0.04526593970839423 -0.052632991812214605 0.070024618450401171 0.017273797527432931 0.065017737041753274 -0.054861641906962161 -0.043705574175036191 -0.046342116716296067 -0.045664107503471656 -0.044267958727006569 -0.043812536010487999
leaf_weight=0.85497654229402531 0.41826017946004845 0.46643786132335563 1.2573812603950494 1.0987971946597097 0.81586962938308927 0.42640137672424294 0.47754316031932831 0.59048203751444805 0.28733611851930618 0.58463951572775841 0.27854598686099052
leaf_count=7 5 4 5 6 3 2 9 6 3 9 5
internal_value=-0.00619845 0.00660401 0.0161786 0.0235345 0.00471388 -0.0167701 -0.0481711 -0.0450775 -0.0444413 -0.0444947 -0.044121
internal_weight=7.55667 5.68474 4.82977 4.36333 3.10595 2.29008 1.19128 1.87193 0.764879 1.28145 0.863186
internal_count=64 39 32 28 23 20 14 25 12 19 14
is_linear=0
shrinkage=0.05


Tree=133
num_leaves=11
num_cat=0
split_feature=0 0 3 4 8 11 3 6 0 10
split_gain=3.08184 2.55684 0.00637288 0.000159284 8.53075e-05 7.83223e-05 2.52328e-05 1.42322e-05 4.83791e-06 4.78784e-06
threshold=10.361300000000002 10.654750000000002 8.5000000000000018 197.50000000000003 0.80625269229011354 3.5000000000000004 5.5000000000000009 0.25000000000000017 1.9456500000000003 4.5000000000000009
decision_type=2 2 2 2 2 2 2 2 2 2
left_child=3 2 -2 4 6 -3 8 -5 -1 -7
right_child=1 5 -4 7 -6 9 -8 -9 -10 -11
leaf_value=-0.043113942255410938 0.059748419138545263 -0.044327534415514486 0.0549417913252854 -0.044829900824139478 -0.044494638393695156 -0.043484611126860903 -0.04381069961102739 -0.044362834672685647 -0.043387534590835448 -0.043167457431061484
leaf_weight=0.26967203617095925 1.4753230363130576 0.32887196913361538 1.2948241680860517 0.36084987968206395 0.24486758187413205 0.23526531457901001 0.33176009356975555 0.29762400686740875 0.40312181413173676 0.24079172313213348
leaf_count=7 6 5 6 5 4 5 6 5 9 6
internal_value=0.00732413 0.0347084 0.0575017 -0.0439895 -0.0436578 -0.0437341 -0.0434538 -0.0446188 -0.0432779 -0.0433242
internal_weight=5.48297 3.57508 2.77015 1.9079 1.24942 0.804929 1.00455 0.658474 0.672794 0.476057
internal_count=64 28 12 36 26 16 22 10 16 11
is_linear=0
shrinkage=0.05


Tree=134
num_leaves=12
num_cat=0
split_feature=2 2 0 0 2 13 6 12 0 7 7
split_gain=2.01478 0.0089805 2.29346e-06 4.91101e-06 2.65115e-06 1.12204e-06 6.48074e-07 2.71253e-07 9.56538e-08 3.06308e-08 1.90926e-08
threshold=3500.0000000000005 2950.0000000000005 1.9456500000000003 6.2124500000000014 1150.0000000000002 1.0000000180025095e-35 -0.9330127018922193 27.500000000000004 10.363450000000002 10.250000000000002 7.4000000000000012
decision_type=2 2 2 2 2 2 2 2 2 2 2
left_child=1 2 9 4 6 7 -4 -5 -7 -1 -9
right_child=-2 -3 3 5 -6 8 -8 10 -10 -11 -12
leaf_value=-0.042166912328945927 0.069081061301247318 -0.053690886467650835 -0.042484037306589589 -0.042261832303343322 -0.042645040734950623 -0.042394200924848836 -0.042306623563621151 -0.042149426860075098 -0.042326322500461616 -0.042118893277639027 -0.04218283240613329
leaf_weight=0.070139825344085471 0.56880050897598278 0.20855747163295735 0.089659387245774269 0.14586058538407087 0.17622034437954426 0.10092187486588955 0.12086229305714369 0.067793643102049828 0.10685296077281237 0.063075629062950611 0.1158917099237442
leaf_count=5 2 1 4 9 7 5 7 5 6 5 8
internal_value=-0.00908489 -0.0442086 -0.0423381 -0.0423661 -0.042502 -0.0422683 -0.0423822 -0.0422109 -0.0423593 -0.0421442 -0.0421705
internal_weight=1.83464 1.26584 1.05728 0.924063 0.386742 0.537321 0.210522 0.329546 0.207775 0.133215 0.183685
internal_count=64 62 61 51 18 33 11 22 11 10 13
is_linear=0
shrinkage=0.05


Tree=135
num_leaves=9
num_cat=0
split_feature=0 2 11 8 5 0 13 0
split_gain=2.97711 0.806836 8.94207e-05 7.88453e-05 3.44248e-05 1.80238e-05 5.62196e-06 5.59334e-07
threshold=10.654750000000002 2300.0000000000005 1.5000000000000002 0.80625269229011354 0.25000000000000011 4.5699000000000014 1.0000000180025095e-35 4.4556000000000013
decision_type=2 2 2 2 2 2 2 2
left_child=2 -2 6 4 5 -4 7 -1
right_child=1 -3 3 -5 -6 -7 -8 -9
leaf_value=-0.043184157221367626 -0.0020037781283028262 0.053138037694750111 -0.043617783299885561 -0.044448295790326553 -0.043262501137673541 -0.044103302175355477 -0.043418167347147901 -0.043076923986603316
leaf_weight=0.20339329913258586 1.0530440509319308 1.7927557826042173 0.39766835793852784 0.44085736200213421 0.36758091114461422 0.36807523667812347 0.23006827756762505 0.30241210572421551
leaf_count=5 7 9 8 7 9 6 5 8
internal_value=-0.00149783 0.0327337 -0.0436682 -0.0438809 -0.0436602 -0.0438512 -0.0432133 -0.04312
internal_weight=5.15586 2.8458 2.31006 1.57418 1.13332 0.765744 0.735874 0.505805
internal_count=64 16 48 30 23 14 18 13
is_linear=0
shrinkage=0.05


Tree=136
num_leaves=10
num_cat=0
split_feature=0 3 0 11 9 12 0 13 7
split_gain=4.36814 0.00498397 0.000127926 4.04284e-05 2.20497e-05 1.43444e-05 7.49632e-06 3.45049e-06 3.30094e-07
threshold=1.9456500000000003 3.5000000000000004 6.2124500000000014 3.5000000000000004 -0.59116893267988335 27.500000000000004 11.100500000000002 1.0000000180025095e-35 7.4000000000000012
decision_type=2 2 2 2 2 2 2 2 2
left_child=1 -1 3 -2 -5 6 -4 8 -7
right_child=2 -3 5 4 -6 7 -8 -9 -10
leaf_value=0.050926848482612454 -0.043603484966500898 0.055955030972971678 -0.043801268163915635 -0.044046476269896773 -0.044547044571025617 -0.0431671030338023 -0.043455175891561004 -0.04342245183117132 -0.043246408285789906
leaf_weight=0.89260891079902638 0.29314692690968536 1.1003478169441221 0.27067315950989701 0.46932606026530266 0.41411186009645462 0.20093097537755966 0.37079567834734917 0.32501782849431038 0.37815379351377487
leaf_count=5 6 5 5 8 6 5 8 7 9
internal_value=-0.00254148 0.053703 -0.0437194 -0.0441123 -0.0442811 -0.0434204 -0.0436012 -0.0432921 -0.0432189
internal_weight=4.71511 1.99296 2.72216 1.17658 0.883438 1.54557 0.641469 0.904103 0.579085
internal_count=64 10 54 20 14 34 13 21 14
is_linear=0
shrinkage=0.05


Tree=137
num_leaves=10
num_cat=0
split_feature=2 2 12 0 8 3 13 13 2
split_gain=3.23094 1.00461 0.636976 1.01472 0.479482 0.000247851 0.000157973 4.07134e-05 1.18599e-05
threshold=1650.0000000000002 300.00000000000006 32.500000000000007 4.4556000000000013 0.19467261866128652 4.5000000000000009 1.0000000180025095e-35 1.0000000180025095e-35 2537.5000000000005
decision_type=2 2 2 2 2 2 2 2 2
left_child=1 -1 4 -4 -3 7 -7 8 -2
right_child=5 2 3 -5 -6 6 -8 -9 -10
leaf_value=0.054800470640012214 -0.044054156182014838 -0.0087074353623983625 0.019306481154129473 -0.049702676479705242 0.043389937784248628 -0.046137297696951053 -0.044943231009151617 -0.044928594864293611 -0.044420670235081727
leaf_weight=1.83268067240715 0.36903569102287315 0.60154979676008258 1.3394770026206972 0.88439326733350743 1.6615414395928381 0.49419981986284234 0.63022112846374512 0.31959596276283264 0.54917976260185242
leaf_count=9 6 3 6 7 8 5 8 4 8
internal_value=0.0049592 0.0236076 0.0108671 -0.00813722 0.029542 -0.0449307 -0.045468 -0.0444425 -0.0442734
internal_weight=8.68187 6.31964 4.48696 2.22387 2.26309 2.36223 1.12442 1.23781 0.918215
internal_count=64 33 24 13 11 31 13 18 14
is_linear=0
shrinkage=0.05


Tree=138
num_leaves=12
num_cat=0
split_feature=2 6 9 9 9 6 6 7 3 12 13
split_gain=1.4026 1.09728 0.899967 1.37873 1.47677 0.906293 0.00999425 0.000427661 0.000214297 0.000114219 1.66075e-05
threshold=1855.0000000000002 -0.9330127018922193 -0.82968937203783677 -0.5 -0.11318597237013776 1.0000000180025095e-35 0.6830127018922193 10.250000000000002 10.500000000000002 11.500000000000002 1.0000000180025095e-35
decision_type=2 2 2 2 2 2 2 2 2 2 2
left_child=1 -1 -3 -4 5 -5 -7 9 -8 -2 -11
right_child=7 2 3 4 -6 6 8 -9 -10 10 -12
leaf_value=-0.047090238390997873 -0.044993235985953978 -0.051968381038031697 0.067707658862202966 0.016372762094495896 0.063144867501647106 -0.054008837607070107 -0.043542252967864105 -0.045974133937728631 -0.045334913251885878 -0.04370575499851645 -0.044160643312654346
leaf_weight=0.81074066460132588 0.39080769568681695 0.44178268313407798 1.2257990837097161 1.0789877548813818 0.79553340375423642 0.41176784038543679 0.44254940375685692 0.55119761452078808 0.26746448129415512 0.37052355334162712 0.43764125183224678
leaf_count=7 5 4 5 6 3 2 9 6 3 7 7
internal_value=-0.00585762 0.00659862 0.0159316 0.0230363 0.00476109 -0.0163435 -0.0478116 -0.0448214 -0.0442176 -0.0442915 -0.0439521
internal_weight=7.2248 5.47463 4.66388 4.2221 2.9963 2.20077 1.12178 1.75017 0.710014 1.19897 0.808165
internal_count=64 39 32 28 23 20 14 25 12 19 14
is_linear=0
shrinkage=0.05


Tree=139
num_leaves=12
num_cat=0
split_feature=0 0 4 4 8 11 6 6 0 7 10
split_gain=2.83208 2.32483 0.00481648 0.000132942 7.07566e-05 6.99801e-05 2.47289e-05 1.27084e-05 4.81268e-06 3.92098e-06 3.79728e-06
threshold=10.361300000000002 10.654750000000002 285.00000000000006 197.50000000000003 0.80625269229011354 3.5000000000000004 -0.9330127018922193 -1.0000000180025095e-35 1.9456500000000003 10.825000000000001 4.5000000000000009
decision_type=2 2 2 2 2 2 2 2 2 2 2
left_child=3 2 -2 4 6 -3 -1 -5 -8 -10 -7
right_child=1 5 -4 7 -6 10 8 -9 9 -11 -12
leaf_value=-0.043744087435541763 0.057976082554419772 -0.044174387647536631 0.053693038438031443 -0.044641187106308947 -0.044312992422421857 -0.043344108698499209 -0.043002332585218309 -0.044186482540828249 -0.043113495371722932 -0.043419886689591347 -0.043050916908832254
leaf_weight=0.26815890893340077 1.4111299365758903 0.31163538619875897 1.2272614687681196 0.34153854846954346 0.23223941028118134 0.21850147098302841 0.25013791583478462 0.27934825792908657 0.19295696541666985 0.22757032886147499 0.22329261898994446
leaf_count=5 6 5 6 5 4 5 7 5 5 5 6
internal_value=0.00700047 0.033863 0.0559838 -0.0438452 -0.0435316 -0.0436006 -0.0433383 -0.0444366 -0.043176 -0.0432793 -0.0431959
internal_weight=5.18377 3.39182 2.63839 1.79195 1.17106 0.753429 0.938824 0.620887 0.670665 0.420527 0.441794
internal_count=64 28 12 36 26 16 22 10 17 10 11
is_linear=0
shrinkage=0.05


Tree=140
num_leaves=12
num_cat=0
split_feature=2 2 0 0 2 13 6 12 6 7 7
split_gain=1.83316 0.00703895 2.0165e-06 4.50094e-06 2.35056e-06 9.82089e-07 5.44345e-07 2.21749e-07 1.05836e-07 2.3896e-08 1.24251e-08
threshold=3500.0000000000005 2950.0000000000005 6.2124500000000014 1.9456500000000003 1150.0000000000002 1.0000000180025095e-35 -0.9330127018922193 27.500000000000004 1.0000000180025095e-35 10.250000000000002 7.4000000000000012
decision_type=2 2 2 2 2 2 2 2 2 2 2
left_child=1 2 3 9 6 7 -5 -4 -7 -1 -9
right_child=-2 -3 5 4 -6 8 -8 10 -10 -11 -12
leaf_value=-0.042129016555258497 0.06615497548292773 -0.052627422015352671 -0.042218452127694872 -0.042436916518094753 -0.042595210490722797 -0.042352336377894234 -0.042269536314620978 -0.042115097769203386 -0.042278549432364976 -0.042084944128643401 -0.042143070249396418
leaf_weight=0.064957087859511153 0.55354821681976329 0.19787287712097168 0.13536474015563726 0.084720062091946602 0.16763233300298452 0.094544645398855209 0.11385031323879957 0.063063444569706917 0.099999259226024151 0.058414528146386147 0.10715156421065331
leaf_count=5 2 1 9 4 7 5 7 5 6 5 8
internal_value=-0.00899136 -0.0440184 -0.0422972 -0.0423693 -0.0424573 -0.0422266 -0.0423409 -0.0421707 -0.0423144 -0.0421081 -0.0421327
internal_weight=1.74112 1.18757 0.989698 0.489574 0.366203 0.500124 0.19857 0.30558 0.194544 0.123372 0.170215
internal_count=64 62 61 28 18 33 11 22 11 10 13
is_linear=0
shrinkage=0.05


Tree=141
num_leaves=9
num_cat=0
split_feature=0 2 11 8 3 0 13 0
split_gain=2.73343 0.742776 8.03107e-05 6.77224e-05 3.00338e-05 1.4859e-05 4.34928e-06 3.67579e-07
threshold=10.654750000000002 2300.0000000000005 1.5000000000000002 0.80625269229011354 5.5000000000000009 4.5699000000000014 1.0000000180025095e-35 4.4556000000000013
decision_type=2 2 2 2 2 2 2 2
left_child=2 -2 6 4 -4 -6 7 -1
right_child=1 -3 3 -5 5 -7 -8 -9
leaf_value=-0.0430626638854869 -0.0018408947926070254 0.052087494694536655 -0.043150987900780632 -0.044287899193933354 -0.043501273663489409 -0.043955287121369924 -0.043280764467642438 -0.042972403063831904
leaf_weight=0.18812506645917926 1.024919927120209 1.6935425102710722 0.34205436520278432 0.41819632053375233 0.37445256859064102 0.34742065146565437 0.21336871013045311 0.28169115632772446
leaf_count=5 7 9 9 7 8 6 5 8
internal_value=-0.00162915 0.0317553 -0.0435421 -0.0437488 -0.0435369 -0.0437198 -0.0430936 -0.0430085
internal_weight=4.88377 2.71846 2.16531 1.48212 1.06393 0.721873 0.683185 0.469816
internal_count=64 16 48 30 23 14 18 13
is_linear=0
shrinkage=0.05


Tree=142
num_leaves=9
num_cat=0
split_feature=2 2 8 2 3 5 7 11
split_gain=0.790841 1.22415 0.539512 0.182089 1.92239e-05 1.31391e-05 4.26485e-06 3.13071e-07
threshold=2300.0000000000005 800.00000000000011 0.80625269229011354 1650.0000000000002 5.5000000000000009 0.25000000000000011 8.5833333333333339 6.5000000000000009
decision_type=2 2 2 2 2 2 2 2
left_child=1 4 3 -3 7 -2 -7 -1
right_child=5 2 -4 -5 -6 6 -8 -9
leaf_value=-0.043063974535108136 -0.043639119479224581 0.019461287480780916 -0.013704113517268921 0.050497538351204047 -0.043576097111348744 -0.043143321189982292 -0.043420122387282475 -0.043150133117008785
leaf_weight=0.22500410303473506 0.35378143563866604 0.77896962687373195 0.6669081151485442 1.2015699595212934 0.4407493881881237 0.35197551175951958 0.23015067726373672 0.19840722903609276
leaf_count=6 7 7 9 7 9 9 5 5
internal_value=-0.00255819 0.00832658 0.0251928 0.0382906 -0.043345 -0.0433988 -0.0432528 -0.0431043
internal_weight=4.44752 3.51161 2.64745 1.98054 0.864161 0.935908 0.582126 0.423411
internal_count=64 43 23 14 20 21 14 11
is_linear=0
shrinkage=0.05


Tree=143
num_leaves=9
num_cat=0
split_feature=2 6 0 4 2 3 8 4
split_gain=2.96244 1.07041 1.67644 0.951256 0.416378 0.000195098 0.000129722 3.04898e-05
threshold=1650.0000000000002 -0.9330127018922193 4.3765000000000009 95.500000000000014 675.00000000000011 4.5000000000000009 0.71473537162315171 36.000000000000007
decision_type=2 2 2 2 2 2 2 2
left_child=1 -1 -3 -4 -5 7 -7 -2
right_child=5 2 3 4 -6 6 -8 -9
leaf_value=0.057346022849314088 -0.043969596624220272 -0.050249200379112707 0.053408246658872331 0.02651544494612447 -0.020329664006425587 -0.044682261858735584 -0.045797528291900452 -0.044484478865515334
leaf_weight=1.6442467421293256 0.53125930950045608 0.91365296393632878 1.6547587402164938 0.89142540097236622 1.0138425081968305 0.57385294139385201 0.47784600406885147 0.62671627849340439
leaf_count=7 9 6 9 5 6 8 5 9
internal_value=0.00492582 0.0228482 0.010169 0.0256749 0.00158795 -0.044696 -0.045189 -0.0442483
internal_weight=8.3276 6.11793 4.47368 3.56003 1.90527 2.20967 1.0517 1.15798
internal_count=64 33 26 20 11 31 13 18
is_linear=0
shrinkage=0.05


Tree=144
num_leaves=11
num_cat=0
split_feature=2 6 7 9 6 9 11 7 12 13
split_gain=1.31141 1.0042 0.867421 1.01206 1.49961 0.387585 0.00413709 0.000332164 8.77385e-05 1.54326e-05
threshold=1855.0000000000002 -0.9330127018922193 10.825000000000001 -0.5 -1.0000000180025095e-35 -0.24825246871434689 6.5000000000000009 10.250000000000002 11.500000000000002 1.0000000180025095e-35
decision_type=2 2 2 2 2 2 2 2 2 2
left_child=1 -1 3 -3 -5 6 -6 8 -2 -10
right_child=7 2 -4 4 5 -7 -8 -9 9 -11
leaf_value=-0.046637855100413662 -0.044740149898652305 0.065462412128518041 -0.0217831293754496 0.056750080297107222 -0.043949202498537399 0.012139696300115421 -0.051043800646443184 -0.045637885054296112 -0.043549113903945752 -0.044002672132289672
leaf_weight=0.75668415427207936 0.36476362496614434 1.1918650567531579 1.1546026580035684 0.91516467928886402 0.4777371250092981 0.41377748548984661 0.3605763278901577 0.51441495865583409 0.34455304965376854 0.41157958656549454
leaf_count=7 5 5 9 4 9 2 3 6 7 7
internal_value=-0.00546984 0.00666719 0.0156033 0.0284538 0.00810124 -0.0274566 -0.0470007 -0.044586 -0.0441032 -0.043796
internal_weight=6.90572 5.27041 4.51372 3.35912 2.16726 1.25209 0.838313 1.63531 1.1209 0.756133
internal_count=64 39 32 23 18 14 12 25 19 14
is_linear=0
shrinkage=0.05


Tree=145
num_leaves=11
num_cat=0
split_feature=0 0 3 4 11 8 3 9 0 10
split_gain=2.60874 2.11811 0.00355153 0.000112068 6.26062e-05 6.16414e-05 1.90604e-05 7.02015e-06 3.27832e-06 3.00711e-06
threshold=10.361300000000002 10.654750000000002 8.5000000000000018 197.50000000000003 3.5000000000000004 0.80625269229011354 5.5000000000000009 -0.69930991848440827 1.9456500000000003 4.5000000000000009
decision_type=2 2 2 2 2 2 2 2 2 2
left_child=3 2 -2 5 -3 6 8 -5 -1 -6
right_child=1 4 -4 7 9 -7 -8 -9 -10 -11
leaf_value=-0.042906100261588025 0.056405495862936389 -0.044031182121253426 0.052632931197575498 -0.044436866533606581 -0.043212602658940051 -0.044152186328478643 -0.043545237096997341 -0.044091048427749309 -0.043148199688595651 -0.042941500389127807
leaf_weight=0.23377539217472054 1.3452602773904807 0.29505517706274975 1.1633433401584623 0.2884604949504137 0.20254433900117874 0.2204020731151104 0.2933327741920948 0.2987367808818816 0.3479629922658205 0.20664730295538902
leaf_count=7 6 5 6 5 5 4 6 5 9 6
internal_value=0.00673139 0.0331458 0.054656 -0.0437036 -0.043476 -0.0434048 -0.0432166 -0.0442609 -0.0430509 -0.0430757
internal_weight=4.89552 3.21285 2.5086 1.68267 0.704247 1.09547 0.875071 0.587197 0.581738 0.409192
internal_count=64 28 12 36 16 26 22 10 16 11
is_linear=0
shrinkage=0.05


Tree=146
num_leaves=12
num_cat=0
split_feature=2 2 0 0 2 13 6 7 6 10 7
split_gain=1.67118 0.00551603 1.8419e-06 3.80238e-06 2.15753e-06 8.54269e-07 3.92381e-07 1.60828e-07 1.15277e-07 3.81755e-08 2.0355e-08
threshold=3500.0000000000005 2950.0000000000005 6.2124500000000014 1.9456500000000003 1150.0000000000002 1.0000000180025095e-35 -0.9330127018922193 8.5833333333333339 1.0000000180025095e-35 4.5000000000000009 10.250000000000002
decision_type=2 2 2 2 2 2 2 2 2 2 2
left_child=1 2 3 10 6 7 -5 9 -7 -4 -1
right_child=-2 -3 5 4 -6 8 -8 -9 -10 -11 -12
leaf_value=-0.042101056461471213 0.063613062567842979 -0.051666439399556313 -0.042129913382589861 -0.042381516018657105 -0.042547792551384064 -0.042313087735236406 -0.042234568981443961 -0.04219081170617911 -0.042233497498074278 -0.042085907355708621 -0.042059074001067905
leaf_weight=0.060922001488506572 0.53606256842613231 0.18730229139328003 0.10313883423805237 0.078810445964336395 0.15863528661429882 0.089277592487633228 0.10724947229027748 0.085980360396206379 0.092768380418419838 0.094382577575743198 0.054880649782717228
leaf_count=5 2 1 8 4 7 5 7 6 6 8 5
internal_value=-0.00891811 -0.0438409 -0.0422581 -0.042329 -0.0424123 -0.042188 -0.0422968 -0.0421337 -0.0422725 -0.0421089 -0.0420812
internal_weight=1.64941 1.11335 0.926046 0.460498 0.344695 0.465548 0.18606 0.283502 0.182046 0.197521 0.115803
internal_count=64 62 61 28 18 33 11 22 11 16 10
is_linear=0
shrinkage=0.05


Tree=147
num_leaves=10
num_cat=0
split_feature=2 0 0 11 11 2 3 12 0
split_gain=2.53857 1.6778 0.00156715 0.00151033 6.86414e-05 7.64671e-05 1.65987e-05 1.52115e-05 2.62577e-07
threshold=1855.0000000000002 10.654750000000002 10.654750000000002 3.5000000000000004 1.5000000000000002 1450.0000000000002 5.5000000000000009 23.500000000000004 4.4556000000000013
decision_type=2 2 2 2 2 2 2 2 2
left_child=2 7 4 -3 8 6 -6 -2 -1
right_child=1 3 -4 -5 5 -7 -8 -9 -10
leaf_value=-0.042954744464543101 -0.043614190527074909 0.053473702693113745 -0.046587972430404703 0.050750146765553984 -0.043001809854513684 -0.044209667708219845 -0.043533015003932897 -0.043102697832837371 -0.042873314281399316
leaf_weight=0.17446211725473393 0.25199741870164905 1.0044739842414858 0.5564306080341338 1.0320054590702055 0.23889675363898255 0.40822002105414867 0.38254015892744064 0.34348296746611595 0.22886929288506508
leaf_count=5 5 5 5 6 7 7 8 9 7
internal_value=-0.00171184 0.0305064 -0.0443359 0.0520935 -0.0434615 -0.043678 -0.0433288 -0.0433192 -0.0429085
internal_weight=4.62138 2.63196 1.98942 2.03648 1.43299 1.02966 0.621437 0.59548 0.403331
internal_count=64 25 39 11 34 22 15 14 12
is_linear=0
shrinkage=0.05


Tree=148
num_leaves=10
num_cat=0
split_feature=0 3 0 2 0 12 0 3 2
split_gain=3.76938 0.00399551 0.000120456 7.33094e-05 1.94144e-05 1.10616e-05 7.96255e-06 1.22195e-06 1.92867e-06
threshold=1.9456500000000003 3.5000000000000004 6.2124500000000014 1450.0000000000002 4.4556000000000013 27.500000000000004 11.100500000000002 3.5000000000000004 1855.0000000000002
decision_type=2 2 2 2 2 2 2 2 2
left_child=1 -1 3 4 -2 6 -4 -7 -9
right_child=2 -3 5 -5 -6 7 -8 8 -10
leaf_value=0.049337447250276945 -0.043728544404057823 0.054083646326468428 -0.043576081072888545 -0.044370913500009379 -0.043118406742190057 -0.042976703350970924 -0.04319584356416109 -0.043010585652934176 -0.043199988287408654
leaf_weight=0.78780946135520924 0.41498915478587173 1.0143723785877226 0.24149607867002465 0.46661733835935593 0.19010533764958382 0.24700644239783287 0.32028956711292267 0.25358213111758232 0.28599828854203224
leaf_count=5 8 5 5 7 5 7 8 7 7
internal_value=-0.00273661 0.0520089 -0.0435043 -0.0439 -0.0435369 -0.0431898 -0.0433593 -0.0430688 -0.043111
internal_weight=4.22227 1.80218 2.42008 1.07171 0.605094 1.34837 0.561786 0.786587 0.53958
internal_count=64 10 54 20 13 34 13 21 14
is_linear=0
shrinkage=0.05


Tree=149
num_leaves=10
num_cat=0
split_feature=2 2 9 3 9 3 13 13 2
split_gain=2.71837 0.882028 0.509495 0.565087 0.531722 0.000153098 0.000117114 4.09499e-05 8.02033e-06
threshold=1650.0000000000002 300.00000000000006 -0.73657561215276302 5.5000000000000009 -0.27768031003904575 4.5000000000000009 1.0000000180025095e-35 1.0000000180025095e-35 2537.5000000000005
decision_type=2 2 2 2 2 2 2 2 2
left_child=1 -1 -3 -4 -5 7 -7 8 -2
right_child=5 2 3 4 -6 6 -8 -9 -10
leaf_value=0.052943921835520838 -0.043688783946766882 -0.019021668770780265 -0.010575700253872802 0.057778277623951137 0.0074857429498580421 -0.045539211080340404 -0.044441232374005518 -0.044578935940374459 -0.044013124671155007
leaf_weight=1.669417008757591 0.31780959665775321 1.1126225218176835 1.0012653805315501 1.1602964699268339 0.96070449054241214 0.43814092501997937 0.54490260779857635 0.28840463608503342 0.47619684413075447
leaf_count=9 6 6 7 5 6 5 8 4 8
internal_value=0.00489285 0.0221642 0.0100306 0.0203834 0.0349983 -0.0444789 -0.0449306 -0.0440687 -0.0438833
internal_weight=7.96976 5.90431 4.23489 3.12227 2.121 2.06545 0.983044 1.08241 0.794006
internal_count=64 33 24 18 11 31 13 18 14
is_linear=0
shrinkage=0.05


Tree=150
num_leaves=12
num_cat=0
split_feature=2 9 6 0 2 7 11 2 0 14 12
split_gain=1.59402 1.38497 1.30116 0.875943 0.787506 0.507326 0.428443 0.0020617 0.000323137 8.30115e-05 1.24852e-05
threshold=1855.0000000000002 -0.16708397168011488 -0.68301270189221952 1.9456500000000003 1150.0000000000002 8.1666666666666696 1.5000000000000002 675.00000000000011 4.5699000000000014 1.0000000180025095e-35 25.000000000000004
decision_type=2 2 2 2 2 2 2 2 2 2 2
left_child=1 2 7 -4 6 -6 -5 -1 -2 10 -10
right_child=8 -3 3 4 5 -7 -8 -9 9 -11 -12
leaf_value=-0.045407886844982197 -0.04585208982311547 0.057173772452523322 -0.044177927843760574 0.028937755347693259 0.017035568409107103 0.067171471981702535 -0.026806070303538539 -0.049961351163007449 -0.043914163951942309 -0.044752378012402144 -0.043453651761422386
leaf_weight=0.50332112610340063 0.34954469650983788 1.584703907370568 0.5208589695394038 0.59540717676281951 0.89900857955217395 1.1500699222087858 0.81862223148345947 0.491184426471591 0.39382193610072136 0.30045100674033165 0.23501185700297356
leaf_count=6 4 6 9 6 5 5 5 4 7 4 5
internal_value=0.00651249 0.0164632 0.00350454 0.0162758 0.0253682 0.0451749 -0.00333395 -0.0476568 -0.0445562 -0.0440687 -0.0437421
internal_weight=7.84201 6.56318 4.97847 3.98397 3.46311 2.04908 1.41403 0.994506 1.27883 0.929285 0.628834
internal_count=66 46 40 30 21 10 11 10 20 16 12
is_linear=0
shrinkage=0.05


Tree=151
num_leaves=11
num_cat=0
split_feature=0 0 13 2 0 2 3 12 7 6
split_gain=2.53374 1.70993 0.00463409 0.000305834 0.000135851 0.000285902 3.77134e-05 1.78395e-05 6.00141e-06 1.40656e-06
threshold=10.361300000000002 10.654750000000002 1.0000000180025095e-35 2950.0000000000005 1.9456500000000003 1450.0000000000002 5.5000000000000009 18.500000000000004 10.825000000000001 0.6830127018922193
decision_type=2 2 2 2 2 2 2 2 2 2
left_child=3 2 -2 4 9 6 8 -3 -6 -1
right_child=1 7 -4 -5 5 -7 -8 -9 -10 -11
leaf_value=-0.042692873425509092 0.056064103196412279 -0.043240817354869211 0.051179009668241474 -0.045477648759089988 -0.042835954454593046 -0.04481240359639297 -0.043647997003639846 -0.043802019733163035 -0.043227116559315819 -0.042893179163704408
leaf_weight=0.1404772084206346 0.88615088164806377 0.23450980894267548 1.0736520886421204 0.26787983626127232 0.25185845606029011 0.52531293779611588 0.45621116831898689 0.35744990967214108 0.16057469695806503 0.2330184318125248
leaf_count=5 4 6 6 3 8 7 9 7 4 7
internal_value=-0.0022946 0.0308933 0.0533879 -0.0439033 -0.0436647 -0.0438916 -0.0433347 -0.0435797 -0.0429882 -0.0428178
internal_weight=4.5871 2.55176 1.9598 2.03533 1.76745 1.39396 0.868644 0.59196 0.412433 0.373496
internal_count=66 23 10 43 40 28 21 13 12 12
is_linear=0
shrinkage=0.05


Tree=152
num_leaves=12
num_cat=0
split_feature=2 0 0 2 12 2 0 2 12 7 12
split_gain=1.5447 2.67704e-06 3.01346e-06 2.2804e-06 1.26379e-06 1.2361e-06 1.1666e-06 3.95636e-07 5.37995e-08 2.13759e-08 1.35086e-10
threshold=2950.0000000000005 1.9456500000000003 6.2124500000000014 1450.0000000000002 25.000000000000004 2300.0000000000005 4.4556000000000013 2850.0000000000005 32.500000000000007 10.250000000000002 77.000000000000014
decision_type=2 2 2 2 2 2 2 2 2 2 2
left_child=1 9 3 6 5 -4 -3 8 -6 -1 -10
right_child=-2 2 4 -5 7 -7 -8 -9 10 -11 -12
leaf_value=-0.042068183365035698 0.047512897207329929 -0.042389916973992824 -0.042419453507629414 -0.042552266290727642 -0.042123542449387999 -0.042154340932626135 -0.042157943738821188 -0.042232544941795944 -0.042064272802156917 -0.042026932066731866 -0.042067737553611852
leaf_weight=0.056403482332825772 1.0070773512125013 0.13591906242072582 0.09860568679869175 0.1434946171939373 0.063611915335059166 0.079348831437528133 0.090143581852316856 0.063283678144216537 0.055991216562688351 0.070855172351002693 0.05654110386967659
leaf_count=5 4 7 5 6 5 6 7 4 5 7 5
internal_value=0.00479733 -0.042258 -0.0422924 -0.0423964 -0.0422003 -0.0423012 -0.0422974 -0.0421253 -0.0420868 -0.0420452 -0.042066
internal_weight=1.92128 0.914198 0.78694 0.369557 0.417382 0.177955 0.226063 0.239428 0.176144 0.127259 0.112532
internal_count=66 62 50 20 30 11 14 19 15 12 10
is_linear=0
shrinkage=0.05


Tree=153
num_leaves=12
num_cat=0
split_feature=0 4 0 0 2 0 14 3 2 0 3
split_gain=2.48115 0.553416 8.19422e-05 9.43787e-05 0.000150303 2.87286e-05 8.74625e-06 7.68528e-06 1.54331e-06 1.09431e-06 4.03377e-07
threshold=10.654750000000002 50.000000000000007 1.9456500000000003 9.6133500000000023 1450.0000000000002 4.4556000000000013 1.0000000180025095e-35 5.5000000000000009 1650.0000000000002 5.2380000000000004 8.5000000000000018
decision_type=2 2 2 2 2 2 2 2 2 2 2
left_child=2 -2 8 4 5 -4 10 -7 -1 -6 -5
right_child=1 -3 3 6 9 7 -8 -9 -10 -11 -12
leaf_value=-0.042639926178489967 0.057832470245274548 0.0069092909270368416 -0.043615610181121707 -0.042795765926954527 -0.044287733263994176 -0.04273357919392877 -0.043298172332621572 -0.043212771773414219 -0.042854346841578933 -0.044416385521964773 -0.042907824201664724
leaf_weight=0.13339718244969878 1.0628856495022776 1.0712770447134969 0.34489196538925149 0.15409730933606614 0.32168107852339745 0.17286713235080242 0.16924354806542397 0.16216261684894562 0.2262532152235508 0.3399808295071125 0.16771394573152065
leaf_count=5 6 7 7 5 5 6 4 4 7 5 5
internal_value=-0.0061058 0.0322708 -0.0434649 -0.0436003 -0.0438174 -0.0432953 -0.0430072 -0.0429655 -0.0427748 -0.0443538 -0.0428542
internal_weight=4.32645 2.13416 2.19229 1.83264 1.34158 0.679922 0.491055 0.33503 0.35965 0.661662 0.321811
internal_count=66 13 53 41 27 17 14 10 12 10 10
is_linear=0
shrinkage=0.05


Tree=154
num_leaves=10
num_cat=0
split_feature=0 2 0 2 12 2 0 12 8
split_gain=4.01568 0.00380761 0.00011465 0.000107262 5.83432e-05 4.53106e-05 2.41985e-05 1.86533e-06 7.6624e-07
threshold=1.9456500000000003 1650.0000000000002 6.2124500000000014 1450.0000000000002 25.000000000000004 2300.0000000000005 4.4556000000000013 29.500000000000004 0.71473537162315171
decision_type=2 2 2 2 2 2 2 2 2
left_child=1 -1 3 6 5 -4 -2 -6 -9
right_child=2 -3 4 -5 7 -7 -8 8 -10
leaf_value=0.053296839031376102 -0.043758273189507486 0.048985672906998838 -0.044086612370034362 -0.044428177754610623 -0.04310938527633109 -0.043149066605984915 -0.043128885175840001 -0.042998197942163224 -0.042874099072880104
leaf_weight=0.99267844855785403 0.37003548815846465 1.0580327808856962 0.29295679554343201 0.61127244681119919 0.19197826460003853 0.23008454777300358 0.26004118099808693 0.21536530926823616 0.29444113746285439
leaf_count=5 7 7 5 9 5 6 7 6 9
internal_value=-0.000627366 0.0510726 -0.0436177 -0.0439563 -0.0432745 -0.0436742 -0.0434985 -0.0429765 -0.0429265
internal_weight=4.51689 2.05071 2.46618 1.24135 1.22483 0.523041 0.630077 0.701785 0.509806
internal_count=66 12 54 23 31 11 14 20 15
is_linear=0
shrinkage=0.05


Tree=155
num_leaves=12
num_cat=0
split_feature=2 8 5 2 6 6 2 2 6 0 0
split_gain=2.2691 1.37091 0.607382 0.517252 0.338042 0.017119 0.00520141 0.00142552 0.000326025 0.000278708 9.95135e-06
threshold=1250.0000000000002 0.87752127263508772 0.93301270189221952 675.00000000000011 -0.68301270189221952 -0.5 149.00000000000003 1650.0000000000002 0.25000000000000017 5.2380000000000004 10.361300000000002
decision_type=2 2 2 2 2 2 2 2 2 2 2
left_child=1 3 4 6 -2 -6 -1 9 -9 -7 -10
right_child=2 -3 -4 -5 5 7 -8 8 10 -11 -12
leaf_value=0.049083745374145699 -0.0045690361076257437 -0.02950067581129975 0.014813156845265268 0.013357794587439256 -0.055823600154402513 -0.046230205191826454 0.054074068046857882 -0.0455895924080926 -0.043486060847377966 -0.047864786942515121 -0.043872988577448147
leaf_weight=1.0447771400213248 0.55060790479183275 1.0500479564070699 0.59765435755252827 1.5364313721656797 0.518317621201278 0.58295853435993128 1.043865233659744 0.34858386963605859 0.28793834894895554 0.47186483442783356 0.39295315742492676
leaf_count=7 5 6 5 7 3 7 5 4 6 4 7
internal_value=-0.0024344 0.0208067 -0.0314023 0.0353789 -0.0401618 -0.0476918 0.0515778 -0.0456696 -0.044346 -0.0469614 -0.0437094
internal_weight=8.426 4.67512 3.75088 3.62507 3.15322 2.60262 2.08864 2.0843 1.02948 1.05482 0.680892
internal_count=66 25 41 19 36 31 12 28 17 11 13
is_linear=0
shrinkage=0.05


Tree=156
num_leaves=12
num_cat=0
split_feature=2 9 6 0 2 7 10 2 0 14 12
split_gain=1.46126 1.23677 1.20061 0.783455 0.704899 0.467344 0.313605 0.00188212 0.000272334 6.1457e-05 1.08495e-05
threshold=1855.0000000000002 -0.16708397168011488 -0.68301270189221952 1.9456500000000003 1150.0000000000002 8.1666666666666696 4.5000000000000009 675.00000000000011 4.5699000000000014 1.0000000180025095e-35 25.000000000000004
decision_type=2 2 2 2 2 2 2 2 2 2 2
left_child=1 2 7 -4 6 -6 -5 -1 -2 10 -10
right_child=8 -3 3 4 5 -7 -8 -9 9 -11 -12
leaf_value=-0.045104750070428329 -0.045580186684448125 0.054291294188301878 -0.043977171826759767 -0.024019774941415706 0.016050751452114004 0.064684036617465218 0.0239417716614518 -0.049574317439578484 -0.043766605577210481 -0.044502212315552341 -0.043322343873301958
leaf_weight=0.46807876601815168 0.32928841933608033 1.5763460546731956 0.48327164351940144 0.78870516270399116 0.88912259042263064 1.111518822610378 0.60019536316394806 0.47410199232399464 0.36918042972683907 0.27908749878406525 0.2189192995429039
leaf_count=6 4 6 9 8 5 5 3 4 7 4 5
internal_value=0.00635703 0.0158507 0.00326585 0.0155806 0.0240722 0.0430705 -0.00329381 -0.0473538 -0.044356 -0.0438912 -0.0436012
internal_weight=7.58782 6.39134 4.81499 3.87281 3.38954 2.00064 1.3889 0.942181 1.19648 0.867187 0.5881
internal_count=66 46 40 30 21 10 11 10 20 16 12
is_linear=0
shrinkage=0.05


Tree=157
num_leaves=11
num_cat=0
split_feature=0 0 13 2 0 2 3 12 7 6
split_gain=2.36924 1.58125 0.00427275 0.000249694 0.000119416 0.000233919 3.59505e-05 1.51355e-05 5.7269e-06 1.09411e-06
threshold=10.361300000000002 10.654750000000002 1.0000000180025095e-35 2950.0000000000005 1.9456500000000003 1450.0000000000002 5.5000000000000009 18.500000000000004 10.825000000000001 0.6830127018922193
decision_type=2 2 2 2 2 2 2 2 2 2
left_child=3 2 -2 4 9 6 8 -3 -6 -1
right_child=1 7 -4 -5 5 -7 -8 -9 -10 -11
leaf_value=-0.042614178250224247 0.055198859152254413 -0.043144410886219967 0.050400196208149721 -0.045240300692751312 -0.042744139186951649 -0.044624864739845498 -0.043563127052358423 -0.043678149319646878 -0.043139516941958257 -0.042797709096436487
leaf_weight=0.13018511608242977 0.85437759757041942 0.21957668103277672 1.0149380564689636 0.25334071367979039 0.23290632106363751 0.49976422637701035 0.43607506155967712 0.33619097992777824 0.15094389021396637 0.21583396568894386
leaf_count=5 4 6 6 3 8 7 9 7 4 7
internal_value=-0.00226877 0.0305788 0.0525934 -0.0437779 -0.0435554 -0.0437722 -0.0432525 -0.0434673 -0.0428996 -0.0427287
internal_weight=4.34413 2.42508 1.86932 1.91905 1.66571 1.31969 0.819925 0.555768 0.38385 0.346019
internal_count=66 23 10 43 40 28 21 13 12 12
is_linear=0
shrinkage=0.05


Tree=158
num_leaves=12
num_cat=0
split_feature=0 0 5 5 0 0 12 12 13 0 7
split_gain=1.02754 0.223833 0.619063 0.0027833 3.55192e-06 1.52864e-06 1.34571e-06 6.42469e-07 2.05472e-07 4.36983e-08 1.67251e-08
threshold=5.0619000000000005 4.4854000000000012 0.93301270189221952 0.93301270189221952 1.9456500000000003 6.2124500000000014 25.000000000000004 12.500000000000002 1.0000000180025095e-35 11.100500000000002 10.250000000000002
decision_type=2 2 2 2 2 2 2 2 2 2 2
left_child=1 2 4 5 10 -2 7 -7 9 -8 -1
right_child=3 -3 -4 -5 -6 6 8 -9 -10 -11 -12
leaf_value=-0.0420378905797828 -0.04240511960297394 0.055341401165176364 0.059348391768083146 -0.049029139745927486 -0.042376268114840278 -0.042183932013145839 -0.042035055629642964 -0.042386898840143385 -0.042168718632847012 -0.042090046386023892 -0.041999969981858613
leaf_weight=0.052216434851288573 0.084922904148697964 0.57264403160661459 0.31964024808257818 0.22480744123458862 0.16481264308094978 0.082057932391762733 0.093737640418112278 0.074284441769123077 0.055345164611935616 0.058780345134437084 0.065618562512099743
leaf_count=5 5 5 3 4 9 6 9 4 4 5 7
internal_value=0.00472949 0.0329601 0.0116804 -0.0444874 -0.0422264 -0.0422141 -0.0421695 -0.0422804 -0.0420862 -0.0420562 -0.0420168
internal_weight=1.84887 1.17493 0.602288 0.673936 0.282648 0.449128 0.364206 0.156342 0.207863 0.152518 0.117835
internal_count=66 29 24 37 21 33 28 10 18 14 12
is_linear=0
shrinkage=0.05


Tree=159
num_leaves=12
num_cat=0
split_feature=0 4 0 0 2 0 5 4 14 2 4
split_gain=2.30091 0.523164 7.20941e-05 8.61137e-05 0.000121276 2.67821e-05 1.57734e-05 7.5199e-06 7.01482e-06 1.20625e-06 3.38367e-07
threshold=10.654750000000002 50.000000000000007 1.9456500000000003 9.6133500000000023 1450.0000000000002 4.4556000000000013 -0.24999999999999994 170.00000000000003 1.0000000180025095e-35 1650.0000000000002 285.00000000000006
decision_type=2 2 2 2 2 2 2 2 2 2 2
left_child=2 -2 9 4 5 -4 -6 -7 10 -1 -5
right_child=1 -3 3 8 6 7 -8 -9 -10 -11 -12
leaf_value=-0.042565183361361759 0.056691512736889153 0.0064350137132262591 -0.04353584418906585 -0.042702647916289999 -0.043923727437947396 -0.042650704962883312 -0.044426729824075611 -0.043139904478936453 -0.043171606123877548 -0.042762133471909929 -0.042809470635834235
leaf_weight=0.1235831901431087 1.023395895957947 1.0482527166604994 0.33021257258951642 0.14201183803379525 0.28630094602704048 0.15990408696234226 0.34207699820399284 0.15441608801484108 0.15699625760316849 0.20959745720028877 0.15508872456848621
leaf_count=5 6 7 7 5 5 6 5 4 4 7 5
internal_value=-0.00594687 0.0312618 -0.0433625 -0.0434924 -0.0437033 -0.0432214 -0.0441976 -0.042891 -0.0429013 -0.0426891 -0.0427584
internal_weight=4.13184 2.07165 2.06019 1.72701 1.27291 0.644533 0.628378 0.31432 0.454097 0.333181 0.297101
internal_count=66 13 53 41 27 17 10 10 14 12 10
is_linear=0
shrinkage=0.05


Tree=160
num_leaves=12
num_cat=0
split_feature=0 2 0 2 0 12 2 3 5 12 10
split_gain=3.71338 0.00318181 0.00010288 0.00011803 3.19085e-05 2.82594e-05 2.58402e-05 8.95645e-06 7.73486e-06 1.34184e-06 5.93482e-07
threshold=1.9456500000000003 1650.0000000000002 9.6133500000000023 1450.0000000000002 4.4556000000000013 25.000000000000004 2300.0000000000005 5.5000000000000009 -0.24999999999999994 32.500000000000007 4.5000000000000009
decision_type=2 2 2 2 2 2 2 2 2 2 2
left_child=1 -1 3 4 -2 6 -4 -6 -5 -7 -11
right_child=2 -3 5 8 7 9 -8 -9 -10 10 -12
leaf_value=0.052396692919820347 -0.043669827527494237 0.048337738364662534 -0.043818560451823085 -0.044091850837214175 -0.042742496939462256 -0.042994596391553876 -0.043037253901662437 -0.04325540624899267 -0.044437767212580456 -0.042749787460421816 -0.042878319281832875
leaf_weight=0.9423667788505552 0.35416958853602432 0.99009421467781067 0.20946299657225598 0.30472215637564659 0.17493008822202682 0.17770453542470932 0.21388841606676579 0.16576743870973587 0.34407821297645569 0.14773941040039062 0.22904753126204014
leaf_count=5 7 7 4 5 6 5 6 4 5 5 7
internal_value=-0.000884984 0.0503171 -0.0435064 -0.0437903 -0.0433375 -0.0431162 -0.0434238 -0.0429921 -0.0442753 -0.0428813 -0.0428279
internal_weight=4.25397 1.93246 2.32151 1.34367 0.694867 0.977843 0.423351 0.340698 0.6488 0.554491 0.376787
internal_count=66 12 54 27 17 27 10 10 10 17 12
is_linear=0
shrinkage=0.05


Tree=161
num_leaves=11
num_cat=0
split_feature=2 9 12 7 4 5 5 11 4 9
split_gain=2.03928 1.26772 0.981328 0.350809 0.189782 0.674135 0.00801272 0.00083353 0.000600108 4.56741e-05
threshold=1250.0000000000002 -0.35824514579943006 9.5000000000000018 16.041666666666668 78.000000000000014 0.25000000000000011 -0.6830127018922193 3.5000000000000004 36.000000000000007 -0.27768031003904575
decision_type=2 2 2 2 2 2 2 2 2 2
left_child=1 4 -2 6 -1 -6 -4 9 -9 -8
right_child=2 -3 3 -5 5 -7 7 8 -10 -11
leaf_value=0.054912965942150539 0.042590856590738219 -0.022160117882777022 -0.051180692806120844 -0.00032193399131863845 0.049802161736112696 -0.0064435488577507822 -0.043623241245055767 -0.0476509635372813 -0.045215473861811045 -0.044389599103685562
leaf_weight=0.98223316669464145 0.40623916685581241 1.2819348499178884 0.78915362060070138 0.47461597993969906 1.4134704694151881 0.85496229678392399 0.45404515415430136 0.39057103917002656 0.71769896894693375 0.34001963585615058
leaf_count=6 3 7 7 4 7 5 9 4 9 5
internal_value=-0.00231811 0.0199476 -0.0305689 -0.0399559 0.0365532 0.0286034 -0.046945 -0.0451879 -0.0460738 -0.0439514
internal_weight=8.10494 4.5326 3.57234 3.1661 3.25067 2.26843 2.69149 1.90233 1.10827 0.794065
internal_count=66 25 41 38 18 12 34 27 13 14
is_linear=0
shrinkage=0.05


Tree=162
num_leaves=11
num_cat=0
split_feature=2 9 9 2 9 0 8 0 6 4
split_gain=1.34567 1.10751 0.753906 1.01989 0.915099 0.671225 0.135494 0.000224175 4.96811e-05 1.44761e-06
threshold=1855.0000000000002 -0.82968937203783677 -0.16708397168011488 675.00000000000011 -0.49524719222984687 4.4854000000000012 0.80625269229011354 4.5699000000000014 1.0000000180025095e-35 78.000000000000014
decision_type=2 2 2 2 2 2 2 2 2 2
left_child=1 -1 3 6 -5 -6 -3 -2 -9 -10
right_child=7 2 -4 4 5 -7 -8 8 9 -11
leaf_value=-0.051055948857872679 -0.045313003073605841 -0.045622042692111932 0.051618637641681932 0.058997926097430368 -0.044991747508223039 0.022672519579144089 -0.0098957488123708418 -0.044158370467321899 -0.043459232049963922 -0.043277831790341434
leaf_weight=0.56977467425167461 0.30932903103530385 0.63255633413791545 1.5629602223634735 1.2285664901137345 0.51872885227203447 1.249020956456661 0.45721280202269554 0.36940751224756241 0.22918225452303886 0.21145300939679146
leaf_count=5 4 9 6 6 9 7 4 6 5 5
internal_value=0.0062995 0.0153835 0.0220847 0.0107878 0.0258527 0.0028171 -0.0306331 -0.044168 -0.0437307 -0.0433722
internal_weight=7.33819 6.21882 5.64905 4.08609 2.99632 1.76775 1.08977 1.11937 0.810043 0.440635
internal_count=66 46 41 35 22 16 13 20 16 10
is_linear=0
shrinkage=0.05


Tree=163
num_leaves=11
num_cat=0
split_feature=0 0 13 2 0 2 3 12 7 6
split_gain=2.19045 1.45416 0.00337918 0.000201955 0.000102258 0.000189295 3.14942e-05 1.29247e-05 5.81384e-06 8.41247e-07
threshold=10.361300000000002 10.654750000000002 1.0000000180025095e-35 2950.0000000000005 1.9456500000000003 1450.0000000000002 5.5000000000000009 18.500000000000004 10.825000000000001 0.6830127018922193
decision_type=2 2 2 2 2 2 2 2 2 2
left_child=3 2 -2 4 9 6 8 -3 -6 -1
right_child=1 7 -4 -5 5 -7 -8 -9 -10 -11
leaf_value=-0.04254136957861343 0.054003314127496753 -0.043054119363231752 0.049618116254520978 -0.045003971339289808 -0.042658985090584134 -0.044435067945488765 -0.043463341487674056 -0.043563445799793293 -0.043068369491738701 -0.042708615162319247
leaf_weight=0.12060919031500805 0.81506305932998679 0.20556747540831555 0.95293840765953064 0.23862427845597256 0.2151660583913324 0.4731852225959301 0.41367541998624802 0.31606606766581535 0.14528053626418114 0.19965776614844799
leaf_count=5 4 6 6 3 8 7 9 7 4 7
internal_value=-0.00248029 0.0299959 0.0516397 -0.0436489 -0.0434426 -0.0436472 -0.0431656 -0.0433627 -0.042824 -0.0426456
internal_weight=4.09583 2.28964 1.768 1.8062 1.56757 1.24731 0.774122 0.521634 0.360447 0.320267
internal_count=66 23 10 43 40 28 21 13 12 12
is_linear=0
shrinkage=0.05


Tree=164
num_leaves=12
num_cat=0
split_feature=2 0 0 2 12 2 0 2 5 7 3
split_gain=1.30845 2.17017e-06 2.72401e-06 1.43835e-06 1.03556e-06 1.0367e-06 8.64713e-07 2.32598e-07 3.32839e-08 1.32589e-08 3.78542e-09
threshold=2950.0000000000005 1.9456500000000003 6.2124500000000014 1450.0000000000002 25.000000000000004 2300.0000000000005 4.4556000000000013 2850.0000000000005 0.68301270189221941 10.250000000000002 4.5000000000000009
decision_type=2 2 2 2 2 2 2 2 2 2 2
left_child=1 9 3 6 5 -4 -3 8 10 -1 -6
right_child=-2 2 4 -5 7 -7 -8 -9 -10 -11 -12
leaf_value=-0.042009731205503262 0.044095763395608105 -0.042332712022786836 -0.042344407832933417 -0.0424620293721574 -0.042002139021366153 -0.04208537100375704 -0.042124385442367213 -0.042150295110182881 -0.04206093662486849 -0.041974629021195184 -0.042021836659356389
leaf_weight=0.048315010964870453 0.95712198317050934 0.1260684272274375 0.088764672167599201 0.13060007244348526 0.047490445896983147 0.068380211479961872 0.082346502691507339 0.05427330918610096 0.054830076172947884 0.060698745306581259 0.050144892185926437
leaf_count=5 4 7 5 6 5 6 7 4 5 7 5
internal_value=0.00449067 -0.0421978 -0.04223 -0.0423319 -0.0421349 -0.0422317 -0.0422504 -0.0420614 -0.0420298 -0.0419902 -0.0420123
internal_weight=1.76903 0.811912 0.702899 0.339015 0.363884 0.157145 0.208415 0.206739 0.152465 0.109014 0.0976353
internal_count=66 62 50 20 30 11 14 19 15 12 10
is_linear=0
shrinkage=0.05


Tree=165
num_leaves=11
num_cat=0
split_feature=0 4 0 0 2 0 5 3 6 2
split_gain=2.13577 0.499776 6.18328e-05 7.52297e-05 9.70668e-05 2.2653e-05 1.17299e-05 5.99372e-06 4.24239e-06 9.41047e-07
threshold=10.654750000000002 50.000000000000007 1.9456500000000003 9.6133500000000023 1450.0000000000002 4.4556000000000013 -0.24999999999999994 5.5000000000000009 0.25000000000000017 1650.0000000000002
decision_type=2 2 2 2 2 2 2 2 2 2
left_child=2 -2 9 4 5 -4 -6 -7 -5 -1
right_child=1 -3 3 8 6 7 -8 -9 -10 -11
leaf_value=-0.04249557669522791 0.055717395673028337 0.0058542704584921453 -0.043437241383971543 -0.042995297736795925 -0.043795254125704425 -0.042608739059658007 -0.044241341604518064 -0.043057079672064763 -0.042672512433066898 -0.04267638813871779
leaf_weight=0.11440182104706798 0.98730914294719729 1.0234333351254461 0.31306398287415482 0.17310142889618862 0.27120470628142357 0.15218369849026203 0.32272456586360931 0.14612078294157982 0.24711038917303085 0.19397789053618908
leaf_count=5 6 7 7 5 5 6 5 4 9 7
internal_value=-0.00574331 0.0303379 -0.0432584 -0.0433816 -0.0435824 -0.0431401 -0.0440376 -0.0428284 -0.0428055 -0.0426093
internal_weight=3.94463 2.01074 1.93389 1.62551 1.2053 0.611368 0.593929 0.298304 0.420212 0.30838
internal_count=66 13 53 41 27 17 10 10 14 12
is_linear=0
shrinkage=0.05


Tree=166
num_leaves=12
num_cat=0
split_feature=0 2 0 2 0 12 2 3 5 2 3
split_gain=3.4378 0.00261061 8.86479e-05 9.4906e-05 2.66634e-05 2.49373e-05 2.30956e-05 7.17954e-06 5.47081e-06 1.06031e-06 2.9311e-07
threshold=1.9456500000000003 1650.0000000000002 9.6133500000000023 1450.0000000000002 4.4556000000000013 25.000000000000004 2300.0000000000005 5.5000000000000009 -0.24999999999999994 1150.0000000000002 4.5000000000000009
decision_type=2 2 2 2 2 2 2 2 2 2 2
left_child=1 -1 3 4 -2 6 -4 -6 -5 -7 -11
right_child=2 -3 5 8 7 9 -8 -9 -10 10 -12
leaf_value=0.051557732019491813 -0.043559215838717288 0.047771988698034624 -0.043696765872911547 -0.043952945473377754 -0.04269410849088584 -0.042684138375515004 -0.042934238553139631 -0.043165611171035852 -0.044252105650578757 -0.04288639348150651 -0.042794231209679359
leaf_weight=0.89446789026260354 0.33560527488589309 0.9276825338602066 0.19839783571660508 0.28869085386395454 0.16635831445455551 0.16721975058317184 0.19881059043109417 0.156865194439888 0.32470912113785744 0.16244557127356529 0.18397649005055428
leaf_count=5 7 7 4 5 6 6 6 4 5 5 6
internal_value=-0.00107332 0.0496304 -0.0433942 -0.0436638 -0.0432471 -0.0430176 -0.0433151 -0.0429229 -0.0441113 -0.0427875 -0.0428374
internal_weight=4.00523 1.82215 2.18308 1.27223 0.658829 0.91085 0.397208 0.323224 0.6134 0.513642 0.346422
internal_count=66 12 54 27 17 27 10 10 10 17 11
is_linear=0
shrinkage=0.05


Tree=167
num_leaves=12
num_cat=0
split_feature=2 8 12 2 7 5 2 4 6 0 2
split_gain=1.83439 1.14069 0.924806 0.507853 0.333541 0.00659983 0.00306244 0.00155697 0.000214849 6.65039e-05 3.04411e-05
threshold=1250.0000000000002 0.87752127263508772 9.5000000000000018 675.00000000000011 16.041666666666668 -0.6830127018922193 149.00000000000003 9.5000000000000018 0.25000000000000017 10.363450000000002 1650.0000000000002
decision_type=2 2 2 2 2 2 2 2 2 2 2
left_child=1 3 -2 6 5 -4 -1 -7 9 -9 -10
right_child=2 -3 4 -5 -6 7 -8 8 10 -11 -12
leaf_value=0.048214590466029571 0.041137513616860938 -0.027375144303017657 -0.050518861884031277 0.011205031025382214 -0.0003686714015999795 -0.048316446516288677 0.052234752658092437 -0.045205335220496912 -0.044016244468287918 -0.044271767330639242 -0.043346777633549306
leaf_weight=0.94530937820673011 0.40435693413019214 1.0150171145796774 0.74896471947431664 1.4886869117617605 0.46186067909002293 0.28384017944335904 0.94957540929317474 0.48209143429994561 0.29650245234370232 0.31567671895027161 0.39736650884151459
leaf_count=7 3 6 7 7 4 2 5 6 5 5 9
internal_value=-0.00218995 0.0191136 -0.0298264 0.0330595 -0.0394352 -0.0465826 0.0502292 -0.0449222 -0.0442763 -0.0448359 -0.0436329
internal_weight=7.78925 4.39859 3.39066 3.38357 2.9863 2.52444 1.89488 1.77548 1.49164 0.797768 0.693869
internal_count=66 25 41 19 38 34 12 27 25 11 14
is_linear=0
shrinkage=0.05


Tree=168
num_leaves=11
num_cat=0
split_feature=2 9 9 2 9 0 3 0 6 12
split_gain=1.23937 1.03119 0.665833 0.931271 0.838334 0.614383 0.129953 0.000189235 4.21699e-05 1.02755e-06
threshold=1855.0000000000002 -0.82968937203783677 -0.16708397168011488 675.00000000000011 -0.49524719222984687 4.4854000000000012 4.5000000000000009 4.5699000000000014 1.0000000180025095e-35 25.000000000000004
decision_type=2 2 2 2 2 2 2 2 2 2
left_child=1 -1 3 6 -5 -6 -3 -2 -9 -10
right_child=7 2 -4 4 5 -7 -8 8 9 -11
leaf_value=-0.050650672187722116 -0.045083190613510418 -0.011624485314194582 0.049203803138803126 0.057552853493839352 -0.044833203243343715 0.021550637133817691 -0.046998665425038416 -0.043988350038290908 -0.043315407193863759 -0.043156694991067723
leaf_weight=0.54552114754915138 0.29146173782646634 0.49788951501250245 1.5488257259130489 1.1788474544882772 0.48555636405944858 1.2351684272289274 0.54254709929227829 0.34769575670361519 0.21235229447484016 0.19621241465210915
leaf_count=5 4 7 6 6 9 7 6 6 5 5
internal_value=0.00619669 0.0149123 0.0214284 0.0105099 0.0250712 0.00281836 -0.0300707 -0.0440008 -0.0435836 -0.0432392
internal_weight=7.08208 6.03436 5.48883 3.94001 2.89957 1.72072 1.04044 1.04772 0.75626 0.408565
internal_count=66 46 41 35 22 16 13 20 16 10
is_linear=0
shrinkage=0.05


Tree=169
num_leaves=11
num_cat=0
split_feature=0 0 13 2 0 2 3 3 7 8
split_gain=2.03982 1.34472 0.00310641 0.000166929 8.95599e-05 0.000157097 2.84517e-05 6.61863e-06 5.50244e-06 2.85434e-07
threshold=10.361300000000002 10.654750000000002 1.0000000180025095e-35 2950.0000000000005 1.9456500000000003 1450.0000000000002 5.5000000000000009 3.5000000000000004 10.825000000000001 0.71473537162315171
decision_type=2 2 2 2 2 2 2 2 2 2
left_child=3 2 -2 4 9 6 8 -3 -6 -1
right_child=1 7 -4 -5 5 -7 -8 -9 -10 -11
leaf_value=-0.042524991793084332 0.053227487030912436 -0.043133632850140526 0.048912793859848598 -0.044805269737078324 -0.04258303378679492 -0.044276761000904219 -0.043377251543002232 -0.043521641541720356 -0.042994723822638803 -0.042623771803617629
leaf_weight=0.16470519453287158 0.78268484771251701 0.32300330884754647 0.89323027431964874 0.22601269185543049 0.1994622405618427 0.4492947943508625 0.39243628457188606 0.16659274511039257 0.13684580288827419 0.13153624162077904
leaf_count=7 4 9 6 3 8 7 9 4 4 5
internal_value=-0.00255126 0.0296318 0.0509278 -0.04354 -0.043346 -0.0435414 -0.043088 -0.0432657 -0.0427506 -0.0425689
internal_weight=3.8658 2.16551 1.67592 1.70029 1.47428 1.17804 0.728744 0.489596 0.336308 0.296241
internal_count=66 23 10 43 40 28 21 13 12 12
is_linear=0
shrinkage=0.05


Tree=170
num_leaves=11
num_cat=0
split_feature=2 0 0 2 12 2 0 2 6 7
split_gain=1.18966 1.90999e-06 2.46912e-06 1.16615e-06 9.34898e-07 9.35156e-07 8.17574e-07 1.83414e-07 3.616e-08 1.05177e-08
threshold=2950.0000000000005 1.9456500000000003 6.2124500000000014 1450.0000000000002 25.000000000000004 2300.0000000000005 4.4556000000000013 2850.0000000000005 0.6830127018922193 10.250000000000002
decision_type=2 2 2 2 2 2 2 2 2 2
left_child=1 9 3 6 5 -4 -3 8 -6 -1
right_child=-2 2 4 -5 7 -7 -8 -9 -10 -11
leaf_value=-0.041983590384844872 0.042036323508987512 -0.04230453718847501 -0.042309074129972299 -0.042418814467028304 -0.042028318040988 -0.042054853499721358 -0.042095898269352151 -0.042114236728478499 -0.041977732864816264 -0.041951077692025003
leaf_weight=0.044684440828859806 0.93451038002967834 0.12022610194981098 0.084072704426944256 0.12382740527391434 0.070762456394731998 0.063494846224784851 0.077044064644724131 0.05030707735568285 0.070550885051488876 0.056107976939529181
leaf_count=5 4 7 5 6 7 6 7 4 8 7
internal_value=0.00424046 -0.0421682 -0.0421992 -0.0422985 -0.0421051 -0.0421997 -0.0422231 -0.0420323 -0.0420031 -0.0419655
internal_weight=1.69559 0.761078 0.660286 0.321098 0.339188 0.147568 0.19727 0.19162 0.141313 0.100792
internal_count=66 62 50 20 30 11 14 19 15 12
is_linear=0
shrinkage=0.05


Tree=171
num_leaves=12
num_cat=0
split_feature=0 4 0 0 2 0 5 3 14 2 3
split_gain=1.985 0.476707 5.41794e-05 6.75159e-05 7.83924e-05 2.15961e-05 9.45766e-06 5.23359e-06 4.64877e-06 7.36353e-07 2.18923e-07
threshold=10.654750000000002 50.000000000000007 1.9456500000000003 9.6133500000000023 1450.0000000000002 4.4556000000000013 -0.24999999999999994 5.5000000000000009 1.0000000180025095e-35 1650.0000000000002 8.5000000000000018
decision_type=2 2 2 2 2 2 2 2 2 2 2
left_child=2 -2 9 4 5 -4 -6 -7 10 -1 -5
right_child=1 -3 3 8 6 7 -8 -9 -10 -11 -12
leaf_value=-0.042430911375975051 0.054762375921511355 0.0053269054764324038 -0.043365930257809111 -0.042541994169594761 -0.043676247086310072 -0.042541092633693926 -0.04408757780683116 -0.042974497324934316 -0.042953459211219708 -0.04259721852929052 -0.042635059942794373
leaf_weight=0.10580346547067199 0.95327746123075463 0.99839229881763458 0.29905684664845444 0.120874399319291 0.25715262815356255 0.14168431609869003 0.30608496814966202 0.13701422140002251 0.13553491421043873 0.17944061197340488 0.13241332210600376
leaf_count=5 6 7 7 5 5 6 5 4 4 7 5
internal_value=-0.00553019 0.0294733 -0.0431682 -0.0432861 -0.04348 -0.0430708 -0.0438998 -0.0427542 -0.0427171 -0.0425355 -0.0425906
internal_weight=3.76673 1.95167 1.81506 1.52982 1.14099 0.577755 0.563238 0.278699 0.388823 0.285244 0.253288
internal_count=66 13 53 41 27 17 10 10 14 12 10
is_linear=0
shrinkage=0.05


Tree=172
num_leaves=12
num_cat=0
split_feature=0 2 0 2 0 12 2 3 5 2 3
split_gain=3.18818 0.00220372 7.93048e-05 7.71251e-05 2.53744e-05 2.18064e-05 2.0487e-05 6.28649e-06 4.5112e-06 9.04821e-07 2.85902e-07
threshold=1.9456500000000003 1650.0000000000002 9.6133500000000023 1450.0000000000002 4.4556000000000013 25.000000000000004 2300.0000000000005 5.5000000000000009 -0.24999999999999994 1150.0000000000002 4.5000000000000009
decision_type=2 2 2 2 2 2 2 2 2 2 2
left_child=1 -1 3 4 -2 6 -4 -6 -5 -7 -11
right_child=2 -3 5 8 7 9 -8 -9 -10 10 -12
leaf_value=0.050842036939053641 -0.043480694703744355 0.047259409233419869 -0.043581218785986753 -0.043823812898919477 -0.04261956478593508 -0.042602982865279498 -0.042839463217343353 -0.043076006253394666 -0.044102734884428355 -0.042800177271090013 -0.042705734007445283
leaf_weight=0.84896437823772453 0.32047651894390605 0.86818450689315796 0.1876324489712714 0.27374143153429031 0.15485305339097977 0.15449662692844868 0.18474441953003407 0.14708993025124073 0.3081582747399807 0.15144839510321617 0.17017690651118755
leaf_count=5 7 7 4 5 6 6 6 4 5 5 6
internal_value=-0.0012434 0.0490307 -0.0432968 -0.0435577 -0.0431708 -0.0429266 -0.0432132 -0.0428419 -0.0439715 -0.0427024 -0.0427502
internal_weight=3.76997 1.71715 2.05282 1.20432 0.62242 0.848499 0.372377 0.301943 0.5819 0.476122 0.321625
internal_count=66 12 54 27 17 27 10 10 10 17 11
is_linear=0
shrinkage=0.05


Tree=173
num_leaves=11
num_cat=0
split_feature=9 13 6 0 4 3 4 8 0 0
split_gain=1.69865 0.907869 1.01651 0.946605 0.767457 0.394123 0.809703 0.0939499 0.00213482 0.000961756
threshold=-0.16708397168011488 1.0000000180025095e-35 -0.68301270189221952 4.3765000000000009 95.500000000000014 2.5000000000000004 14.500000000000002 0.67494719543654347 1.9456500000000003 10.361300000000002
decision_type=2 2 2 2 2 2 2 2 2 2
left_child=1 2 7 8 5 6 -5 -1 -4 -3
right_child=-2 9 3 4 -6 -7 -8 -9 -10 -11
leaf_value=0.055633938631969186 -0.057347755488012554 -0.047623366319697075 -0.043746789686971661 0.047672527714664951 -0.01970583841032646 0.059069866400117091 -0.045229027894447819 0.033019365935439346 -0.048735774879393179 -0.043892252168738016
leaf_weight=0.99672080576419764 1.1729081496596334 0.36116448789834965 0.43296474963426668 0.61553588509559654 1.0847620479762552 0.82171304151415825 0.37892607972025871 0.8517000749707222 0.42481698095798492 0.33100598305463791
leaf_count=5 9 4 9 5 9 4 6 6 3 6
internal_value=-0.00210039 0.00818646 0.0148556 -7.35823e-05 0.0135708 0.0334462 0.0122737 0.0452138 -0.0462176 -0.0458391
internal_weight=7.47222 6.29931 5.60714 3.75872 2.90094 1.81618 0.994462 1.84842 0.857782 0.69217
internal_count=66 57 47 36 24 15 11 11 12 10
is_linear=0
shrinkage=0.05


Tree=174
num_leaves=12
num_cat=0
split_feature=2 9 6 2 5 0 8 2 0 6 12
split_gain=1.14078 0.847915 0.963381 0.429461 0.532192 0.488028 0.447376 0.00110685 0.00015979 3.51581e-05 9.45669e-07
threshold=1855.0000000000002 -0.16708397168011488 -0.68301270189221952 675.00000000000011 0.93301270189221952 4.4854000000000012 0.80625269229011354 675.00000000000011 4.5699000000000014 1.0000000180025095e-35 25.000000000000004
decision_type=2 2 2 2 2 2 2 2 2 2 2
left_child=1 2 7 -4 5 6 -5 -1 -2 -10 -11
right_child=8 -3 3 4 -6 -7 -8 -9 9 10 -12
leaf_value=-0.044389938571592499 -0.044868465114761343 0.046470730583024034 -0.021816921895841612 -0.043373332716903912 -0.017131555167810199 0.049670731433373333 0.04053457300760379 -0.048108313489350074 -0.04382682538677779 -0.043194573609800342 -0.043036446561056943
leaf_weight=0.38381733745336477 0.27447513118386258 1.5268707424402235 0.6625673212111004 0.32460786215961057 0.64245177805423725 1.558548681437969 0.31110741198062897 0.41819832660257816 0.32657072320580482 0.19766070134937763 0.18125436455011368
leaf_count=6 4 6 8 8 3 9 2 4 6 5 5
internal_value=0.00606866 0.0144612 0.00309853 0.014427 0.0228924 0.0346109 -0.00231034 -0.0463288 -0.0438449 -0.0434466 -0.0431189
internal_weight=6.80813 5.82817 4.3013 3.49928 2.83672 2.19426 0.635715 0.802016 0.979961 0.705486 0.378915
internal_count=66 46 40 30 22 19 10 10 20 16 10
is_linear=0
shrinkage=0.05


Tree=175
num_leaves=11
num_cat=0
split_feature=0 0 13 2 0 2 3 3 7 6
split_gain=1.90449 1.25032 0.00310541 0.000138819 7.67306e-05 0.000129288 2.60609e-05 7.05136e-06 4.43164e-06 4.97628e-07
threshold=10.361300000000002 10.654750000000002 1.0000000180025095e-35 2950.0000000000005 1.9456500000000003 1450.0000000000002 5.5000000000000009 3.5000000000000004 10.825000000000001 0.6830127018922193
decision_type=2 2 2 2 2 2 2 2 2 2
left_child=3 2 -2 4 9 6 8 -3 -6 -1
right_child=1 7 -4 -5 5 -7 -8 -9 -10 -11
leaf_value=-0.042412310779786661 0.052690189812417035 -0.043035378828468737 0.048268907244791201 -0.044616946625431468 -0.042514916546544212 -0.044119392437392276 -0.043290474084096475 -0.043446915836284246 -0.042898544924553389 -0.042551266893821764
leaf_weight=0.10347256809473071 0.75711002945899986 0.30149189382791508 0.83536568284034729 0.21371390298008908 0.18512386083602883 0.42368575558066368 0.37224292755126953 0.1589688379317522 0.12687399238348007 0.17075690440833569
leaf_count=5 4 9 6 3 8 7 9 4 4 7
internal_value=-0.00246035 0.0293886 0.0503709 -0.043431 -0.0432477 -0.043433 -0.043008 -0.0431775 -0.0426709 -0.0424988
internal_weight=3.64881 2.05294 1.59248 1.59587 1.38216 1.10793 0.684241 0.460461 0.311998 0.274229
internal_count=66 23 10 43 40 28 21 13 12 12
is_linear=0
shrinkage=0.05


Tree=176
num_leaves=11
num_cat=0
split_feature=2 0 0 2 12 2 0 2 6 7
split_gain=1.0873 1.64518e-06 2.12217e-06 9.30732e-07 8.51882e-07 8.4659e-07 7.41369e-07 1.45289e-07 3.21808e-08 8.06859e-09
threshold=2950.0000000000005 1.9456500000000003 6.2124500000000014 1450.0000000000002 25.000000000000004 2300.0000000000005 4.4556000000000013 2850.0000000000005 0.6830127018922193 10.250000000000002
decision_type=2 2 2 2 2 2 2 2 2 2
left_child=1 9 3 6 5 -4 -3 8 -6 -1
right_child=-2 2 4 -5 7 -7 -8 -9 -10 -11
leaf_value=-0.041959326514158818 0.040294052398521775 -0.042272648398955476 -0.042276391484959319 -0.042373677388484604 -0.042002537762411585 -0.042026570090074156 -0.04206785267530988 -0.042080688352887641 -0.041952922817235561 -0.041929719593700079
leaf_weight=0.041308115236461163 0.9128299355506897 0.11426154803484678 0.079840272665023804 0.11636396124958992 0.065731179900467396 0.058951642829924822 0.072060415055602789 0.04660579189658165 0.065001936629414558 0.051954525988548994
leaf_count=5 4 7 5 6 7 6 7 4 8 7
internal_value=0.00416983 -0.0421386 -0.0421681 -0.0422627 -0.0420775 -0.0421703 -0.0421934 -0.0420049 -0.0419779 -0.0419428
internal_weight=1.62491 0.712079 0.618817 0.302686 0.316131 0.138792 0.186322 0.177339 0.130733 0.0932626
internal_count=66 62 50 20 30 11 14 19 15 12
is_linear=0
shrinkage=0.05


Tree=177
num_leaves=12
num_cat=0
split_feature=0 4 0 0 2 0 5 3 14 2 3
split_gain=1.83511 0.455658 4.64486e-05 5.92275e-05 6.25928e-05 2.04785e-05 7.29288e-06 4.38145e-06 3.705e-06 5.68063e-07 1.77049e-07
threshold=10.654750000000002 50.000000000000007 1.9456500000000003 9.6133500000000023 1450.0000000000002 4.4556000000000013 -0.24999999999999994 5.5000000000000009 1.0000000180025095e-35 1650.0000000000002 8.5000000000000018
decision_type=2 2 2 2 2 2 2 2 2 2 2
left_child=2 -2 9 4 5 -4 -6 -7 10 -1 -5
right_child=1 -3 3 8 6 7 -8 -9 -10 -11 -12
leaf_value=-0.042372712810728998 0.053803985033691083 0.0047289586247595888 -0.043291333541747405 -0.042470533621165839 -0.043560019023882242 -0.042474423603025009 -0.04393191491057636 -0.042885340381427051 -0.042852873520022559 -0.042524502329835061 -0.042557682877509412
leaf_weight=0.098047589883208608 0.91726771742105462 0.97657555341720581 0.28496054746210553 0.11138874292373646 0.24317147210240364 0.13133753091096878 0.2878924198448658 0.12818464078009129 0.12559692747890949 0.16598980315029621 0.12222659960389137
leaf_count=5 6 7 7 5 5 6 5 4 4 7 5
internal_value=-0.00534682 0.0284981 -0.0430776 -0.0431898 -0.0433754 -0.0429987 -0.0437616 -0.0426774 -0.0426339 -0.0424681 -0.0425161
internal_weight=3.59264 1.89384 1.6988 1.43476 1.07555 0.544483 0.531064 0.259522 0.359212 0.264037 0.233615
internal_count=66 13 53 41 27 17 10 10 14 12 10
is_linear=0
shrinkage=0.05


Tree=178
num_leaves=11
num_cat=0
split_feature=0 2 0 2 0 0 2 3 3 7
split_gain=2.93832 0.00168574 6.79859e-05 6.22673e-05 2.36319e-05 1.23918e-05 9.99184e-06 5.27241e-06 4.54804e-06 1.26331e-06
threshold=1.9456500000000003 1650.0000000000002 9.6133500000000023 1450.0000000000002 4.4556000000000013 10.654750000000002 2300.0000000000005 5.5000000000000009 7.5000000000000009 8.5833333333333339
decision_type=2 2 2 2 2 2 2 2 2 2
left_child=1 -1 3 4 -2 9 -7 -6 -5 -4
right_child=2 -3 5 8 7 6 -8 -9 -10 -11
leaf_value=0.050013859188328694 -0.043393909416201831 0.046774376764891622 -0.042553274234988447 -0.043676182340327038 -0.042546445409870876 -0.04322230286666958 -0.042728261671281194 -0.042979587237149404 -0.043964739717201273 -0.042743812597764483
leaf_weight=0.79719430208206199 0.30507178604602792 0.80924234539270401 0.21911813132464875 0.255752794444561 0.14353199489414692 0.25766248069703579 0.16977929882705212 0.13762007839977741 0.29298317432403564 0.14427125826478004
leaf_count=5 7 7 9 5 6 7 6 4 5 5
internal_value=-0.00154876 0.048382 -0.0431995 -0.0434475 -0.0430891 -0.0428436 -0.0430261 -0.0427585 -0.0438302 -0.0426289
internal_weight=3.53223 1.60644 1.92579 1.13496 0.586224 0.790831 0.427442 0.281152 0.548736 0.363389
internal_count=66 12 54 27 17 27 13 10 10 14
is_linear=0
shrinkage=0.05


Tree=179
num_leaves=11
num_cat=0
split_feature=9 2 5 7 12 0 2 7 5 4
split_gain=1.56693 2.02079 0.706519 0.802997 0.0699549 0.0639255 0.00234398 0.00139716 0.000111479 3.0569e-05
threshold=-0.16708397168011488 800.00000000000011 0.93301270189221952 16.041666666666668 32.500000000000007 6.2124500000000014 1650.0000000000002 9.1666666666666696 -0.24999999999999994 36.000000000000007
decision_type=2 2 2 2 2 2 2 2 2 2
left_child=1 4 3 6 -1 -6 7 -3 -8 -10
right_child=-2 2 -4 -5 5 -7 8 -9 9 -11
leaf_value=0.052578665710019561 -0.056443394668900408 -0.045722133390205068 0.021708980828385068 0.01619237887742524 0.024615000826872672 0.046526827836723017 -0.044581504536979871 -0.049572284864742681 -0.043060269178934012 -0.043821942333224687
leaf_weight=1.100361689925194 1.1158052831888197 0.51923954114317961 0.9296983666718005 0.71868732199072827 0.66754684597253777 0.66388901323080063 0.43940760567784332 0.43139895796775818 0.22241806611418702 0.32307586073875427
leaf_count=6 9 7 6 6 4 6 7 3 6 6
internal_value=-0.00202407 0.0080697 -0.0158013 -0.0289401 0.0432503 0.0355408 -0.0456983 -0.0474693 -0.0439888 -0.0435114
internal_weight=7.13153 6.01572 3.58393 2.65423 2.4318 1.33144 1.93554 0.950638 0.984902 0.545494
internal_count=66 57 41 35 16 10 29 10 19 12
is_linear=0
shrinkage=0.05


Tree=180
num_leaves=9
num_cat=0
split_feature=2 2 7 3 8 4 0 6
split_gain=0.916927 0.586779 0.74615 0.449703 0.624133 0.247671 8.98232e-05 4.04919e-05
threshold=1855.0000000000002 300.00000000000006 7.0750000000000011 7.5000000000000009 0.55438071450436055 78.000000000000014 10.361300000000002 1.0000000180025095e-35
decision_type=2 2 2 2 2 2 2 2
left_child=1 -1 -3 4 -4 -6 -2 -8
right_child=6 2 3 -5 5 -7 7 -9
leaf_value=-0.044470342324584099 -0.04442470675906432 -0.018187483826892652 -0.018305062053915962 0.05816039971194379 0.049944535788165795 0.01445959682413403 -0.043798473159127001 -0.042956930707499896
leaf_weight=0.4290380124002694 0.29813629016280163 1.1770732440054414 0.84537126310169775 0.90442760288715351 1.0327441990375517 0.93866451084613789 0.27110057324171066 0.30236750096082687
leaf_count=9 5 7 7 4 8 6 5 9
internal_value=0.00382087 0.0115992 0.0165103 0.0274857 0.0176365 0.0330488 -0.0437207 -0.0433548
internal_weight=6.19892 5.32732 4.89828 3.72121 2.81678 1.97141 0.871604 0.573468
internal_count=60 41 32 25 21 14 19 14
is_linear=0
shrinkage=0.05


Tree=181
num_leaves=10
num_cat=0
split_feature=0 0 2 0 2 3 4 12 3
split_gain=1.60756 1.05819 0.00011565 4.80036e-05 6.2826e-05 2.35024e-05 8.42206e-06 3.52053e-06 8.3591e-07
threshold=10.361300000000002 10.654750000000002 1450.0000000000002 5.0619000000000005 2950.0000000000005 6.5000000000000009 50.000000000000007 27.500000000000004 3.5000000000000004
decision_type=2 2 2 2 2 2 2 2 2
left_child=2 -2 5 4 -4 7 -3 -1 -9
right_child=1 6 3 -5 -6 -7 -8 8 -10
leaf_value=-0.042825996799455673 0.049977152156923388 -0.042832100294943574 -0.042921946972198331 -0.044291113889523677 -0.044136717860516539 -0.043270382329509721 -0.04330035133448841 -0.042428880876935075 -0.042598155162192758
leaf_weight=0.14744055271148704 1.3671394065022466 0.166754925623536 0.2524317242205143 0.26121129095554352 0.18403325602412224 0.2068716287612915 0.226411372423172 0.12502485327422619 0.17503901571035385
leaf_count=5 9 6 9 4 3 5 6 6 7
internal_value=-0.00230499 0.0291879 -0.0433071 -0.043755 -0.0434341 -0.0428297 -0.0431018 -0.0426259 -0.0425276
internal_weight=3.11236 1.76031 1.35205 0.697676 0.436465 0.654376 0.393166 0.447504 0.300064
internal_count=60 21 39 16 12 23 12 18 13
is_linear=0
shrinkage=0.05


Tree=182
num_leaves=9
num_cat=0
split_feature=2 4 4 2 0 2 2 9
split_gain=0.876535 1.2772e-06 8.06036e-07 5.61845e-07 5.85317e-07 4.30288e-07 8.46653e-07 2.09569e-07
threshold=2950.0000000000005 197.50000000000003 285.00000000000006 300.00000000000006 1.9456500000000003 2537.5000000000005 1450.0000000000002 -0.69930991848440827
decision_type=2 2 2 2 2 2 2 2
left_child=1 3 -3 -1 -5 6 7 -6
right_child=-2 2 -4 4 5 -7 -8 -9
leaf_value=-0.041938983015978377 0.036353783502366642 -0.042321204806725965 -0.042111715002959405 -0.041922338027431373 -0.042154836989684828 -0.042024649133721427 -0.0422990689983163 -0.042037065398431418
leaf_weight=0.06944491621106863 0.85616579651832581 0.10145472176373005 0.083878252655267715 0.043322020675987005 0.067973590455949306 0.087672347668558359 0.070249404758214951 0.085019201040267944
leaf_count=9 4 6 8 6 5 9 4 9
internal_value=0.00373678 -0.0421169 -0.0422264 -0.042069 -0.0420945 -0.0421185 -0.0421554 -0.0420894
internal_weight=1.46518 0.609014 0.185333 0.423681 0.354237 0.310915 0.223242 0.152993
internal_count=60 56 14 42 33 27 18 14
is_linear=0
shrinkage=0.05


Tree=183
num_leaves=12
num_cat=0
split_feature=8 2 4 7 3 4 4 14 13 12 2
split_gain=1.34621 1.12637 0.558839 0.00117019 0.000806464 9.35374e-05 3.27477e-05 1.13252e-05 3.48977e-06 2.74594e-06 1.69135e-08
threshold=0.99988101353995462 1855.0000000000002 121.50000000000001 8.1666666666666696 2.5000000000000004 110.50000000000001 197.50000000000003 1.0000000180025095e-35 1.0000000180025095e-35 27.500000000000004 400.00000000000006
decision_type=2 2 2 2 2 2 2 2 2 2 2
left_child=1 3 -3 4 -1 -6 7 9 -4 -5 -11
right_child=-2 2 8 6 5 -7 -8 -9 -10 10 -12
leaf_value=-0.047395285546879634 0.095443260152132017 0.038248001709937536 -0.042914628926180129 -0.042696083863935683 -0.045112708768470691 -0.043702598918550481 -0.043476646623529847 -0.043038998971292014 -0.042558664882386466 -0.042418197074739067 -0.042446509085844998
leaf_weight=0.35959013551473684 0.29517036676406849 0.92913439497351624 0.12963356263935566 0.18587073497474194 0.19782652892172337 0.29000408947467804 0.18018829263746738 0.17476901039481163 0.1468516793102026 0.10422777757048607 0.10680819861590862
leaf_count=3 1 9 4 7 3 7 4 6 6 5 5
internal_value=-0.00612609 -0.0168146 0.0196783 -0.0443248 -0.0455987 -0.0442744 -0.0428889 -0.0427036 -0.0427256 -0.0425559 -0.0424325
internal_weight=3.10007 2.8049 1.20562 1.59928 0.847421 0.487831 0.751864 0.571676 0.276485 0.396907 0.211036
internal_count=60 59 19 40 13 10 27 23 10 17 10
is_linear=0
shrinkage=0.05


Tree=184
num_leaves=9
num_cat=0
split_feature=0 0 2 12 4 7 7 12
split_gain=2.2662 6.06374e-05 4.83636e-05 2.26431e-05 1.2718e-05 5.94024e-06 6.9331e-07 3.87828e-07
threshold=1.9456500000000003 6.2124500000000014 1450.0000000000002 25.000000000000004 197.50000000000003 9.1666666666666696 9.7500000000000018 58.000000000000007
decision_type=2 2 2 2 2 2 2 2
left_child=-1 2 4 -3 5 -2 7 -5
right_child=1 3 -4 6 -6 -7 -8 -9
leaf_value=0.048088030578936083 -0.042624268314232258 -0.043110211149121308 -0.043715292324984605 -0.042557178200377022 -0.043402499250765197 -0.043057352359001377 -0.042612309021775908 -0.042436740938491715
leaf_weight=1.1499438062310221 0.17629698850214459 0.27936211973428726 0.46523497253656387 0.12104805558919907 0.13171790726482868 0.14372634328901768 0.20674682967364788 0.14927161112427711
leaf_count=9 7 8 9 5 3 4 8 7
internal_value=-0.00594989 -0.0430841 -0.0433575 -0.0427527 -0.042989 -0.0428188 -0.0425434 -0.0424907
internal_weight=2.82335 1.6734 0.916976 0.756429 0.451741 0.320023 0.477066 0.27032
internal_count=60 51 23 28 14 11 20 12
is_linear=0
shrinkage=0.05


Tree=185
num_leaves=9
num_cat=0
split_feature=2 0 0 2 6 2 6 5
split_gain=1.21567 1.14403 0.486238 0.689684 0.80628 0.000158137 7.8251e-05 3.47642e-06
threshold=1650.0000000000002 4.3765000000000009 4.4556000000000013 300.00000000000006 0.25000000000000017 2950.0000000000005 1.0000000180025095e-35 0.68301270189221941
decision_type=2 2 2 2 2 2 2 2
left_child=1 -1 -3 -4 -5 6 -2 -8
right_child=5 2 3 4 -6 -7 7 -9
leaf_value=-0.033620549597064037 -0.04403612732108135 0.060618015546278728 0.048058691636540321 0.020026377024698196 -0.046106754875734873 -0.044869736479559441 -0.042975603265260016 -0.043248315631619183
leaf_weight=1.0598226897418497 0.39986362308263756 0.76502566039562214 1.1317699030041697 1.5182199701666834 0.66177103295922268 0.28762919455766678 0.28005014359951019 0.20054028369486332
leaf_count=8 7 3 9 8 8 4 8 5
internal_value=0.00218941 0.0126594 0.0246905 0.0163912 -4.93898e-05 -0.0438519 -0.0435194 -0.0430894
internal_weight=6.30469 5.13661 4.07679 3.31176 2.17999 1.16808 0.880454 0.48059
internal_count=60 36 28 25 16 24 20 13
is_linear=0
shrinkage=0.05


Tree=186
num_leaves=11
num_cat=0
split_feature=2 6 3 11 5 0 11 0 0 6
split_gain=0.844344 0.528559 0.563442 0.382738 0.270805 0.273778 0.268841 0.0786059 7.59034e-05 3.23625e-05
threshold=1855.0000000000002 -0.68301270189221952 1.5000000000000002 6.5000000000000009 0.93301270189221952 4.4854000000000012 6.5000000000000009 6.2124500000000014 10.361300000000002 1.0000000180025095e-35
decision_type=2 2 2 2 2 2 2 2 2 2
left_child=1 6 3 -3 5 -4 -1 -7 -2 -10
right_child=8 2 4 -5 -6 7 -8 -9 9 -11
leaf_value=0.0042793578195882689 -0.044244209764963453 0.011406815432629431 0.0078856831111341914 -0.059841187517500373 0.0036163357629776477 0.054941349398074851 -0.047623406242979303 0.034475856172743923 -0.04363772736304905 -0.042857276329947069
leaf_weight=0.50372542813420285 0.27986884675919999 0.43264923244714726 0.64380575343966562 0.33401498943567276 0.86244969069957722 1.0315461158752439 0.49432456120848656 0.86065560579299916 0.25254802033305168 0.28020130284130573
leaf_count=4 5 8 5 3 4 6 6 5 5 9
internal_value=0.00379728 0.0112535 0.0190845 -0.019634 0.0278191 0.0360501 -0.0214276 0.0456328 -0.0435775 -0.0432272
internal_weight=5.97579 5.16317 4.16512 0.766664 3.39846 2.53601 0.99805 1.8922 0.812618 0.532749
internal_count=60 41 31 11 20 16 10 11 19 14
is_linear=0
shrinkage=0.05


Tree=187
num_leaves=10
num_cat=0
split_feature=0 0 2 0 2 3 3 0 3
split_gain=1.49335 0.983245 9.59617e-05 3.96608e-05 5.32017e-05 1.86587e-05 5.92653e-06 3.32789e-06 4.84424e-07
threshold=10.361300000000002 10.654750000000002 1450.0000000000002 5.0619000000000005 2950.0000000000005 6.5000000000000009 3.5000000000000004 4.4556000000000013 3.5000000000000004
decision_type=2 2 2 2 2 2 2 2 2
left_child=2 -2 5 4 -4 7 -3 -1 -9
right_child=1 6 3 -5 -6 -7 -8 8 -10
leaf_value=-0.042723126064121042 0.049447944405203767 -0.042850410364809619 -0.04282927693881864 -0.044125461450825798 -0.043984513815044514 -0.043159290231781784 -0.043261600711918341 -0.042366992962835137 -0.042511564685533985
leaf_weight=0.18727930076420329 1.2914780154824255 0.2273198403418063 0.23369002155959606 0.24646652489900589 0.17376542091369629 0.19417116045951843 0.1426028273999691 0.11518299765884876 0.11659646220505238
leaf_count=7 9 8 9 4 3 5 4 6 5
internal_value=-0.00232004 0.0288618 -0.0432034 -0.0436248 -0.0433219 -0.0427541 -0.0430089 -0.0425664 -0.0424397
internal_weight=2.92855 1.6614 1.26715 0.653922 0.407455 0.61323 0.369923 0.419059 0.231779
internal_count=60 21 39 16 12 23 12 18 11
is_linear=0
shrinkage=0.05


Tree=188
num_leaves=9
num_cat=0
split_feature=2 0 0 2 12 0 2 6
split_gain=0.801958 1.03638e-06 1.71901e-06 1.05734e-06 4.4615e-07 4.06131e-07 1.24249e-07 1.51068e-08
threshold=2950.0000000000005 6.2124500000000014 1.9456500000000003 1450.0000000000002 25.000000000000004 4.4556000000000013 2850.0000000000005 0.6830127018922193
decision_type=2 2 2 2 2 2 2 2
left_child=1 2 -1 5 -3 -4 7 -6
right_child=-2 4 3 -5 6 -7 -8 -9
leaf_value=-0.041904943051234725 0.034935877886826637 -0.042098665291178401 -0.042182928699274015 -0.04232065361804313 -0.041946041063921212 -0.042020260241785956 -0.042031583980661029 -0.041908755831611695
leaf_weight=0.06037562433630228 0.83089478313922882 0.088523938786238432 0.097091911360621452 0.10858887247741222 0.062257708050310612 0.063443409744650126 0.041121997870504856 0.048198885750025511
leaf_count=9 4 8 7 6 8 7 4 7
internal_value=0.00360896 -0.0420885 -0.0421461 -0.0422002 -0.0420095 -0.0421186 -0.0419574 -0.0419298
internal_weight=1.4005 0.569602 0.3295 0.269124 0.240103 0.160535 0.151579 0.110457
internal_count=60 56 29 20 27 14 19 15
is_linear=0
shrinkage=0.05


Tree=189
num_leaves=9
num_cat=0
split_feature=0 2 0 0 2 3 14 0
split_gain=1.34352 1.59293 3.13519e-05 3.99393e-05 4.42998e-05 8.55821e-06 2.08425e-06 1.04904e-07
threshold=10.654750000000002 1450.0000000000002 6.2124500000000014 1.9456500000000003 1450.0000000000002 6.5000000000000009 1.0000000180025095e-35 10.361300000000002
decision_type=2 2 2 2 2 2 2 2
left_child=2 -2 3 -1 5 -5 7 -4
right_child=1 -3 6 4 -6 -7 -8 -9
leaf_value=-0.042352938275892815 -0.046529830622080721 0.059771302896867273 -0.042359140753132719 -0.042595223785472217 -0.043545361500527957 -0.043064261841546846 -0.042640398012141451 -0.042431304760653224
leaf_weight=0.17055108584463619 0.52470450103282917 1.0733311399817465 0.09627104364335537 0.21267422009259462 0.42831800132989883 0.17920037172734737 0.15561317093670368 0.10560248792171478
leaf_count=9 5 7 5 9 9 5 6 5
internal_value=-0.00614502 0.024868 -0.0429043 -0.0430491 -0.0431939 -0.0428097 -0.0425029 -0.0423969
internal_weight=2.94627 1.59804 1.34823 0.990744 0.820193 0.391875 0.357487 0.201874
internal_count=60 12 48 32 23 14 16 10
is_linear=0
shrinkage=0.05


Tree=190
num_leaves=8
num_cat=0
split_feature=0 0 2 12 5 4 11
split_gain=2.10486 5.04005e-05 3.97757e-05 1.85878e-05 9.09387e-06 5.47299e-07 2.20488e-07
threshold=1.9456500000000003 6.2124500000000014 1450.0000000000002 25.000000000000004 1.0000000180025095e-35 50.000000000000007 1.5000000000000002
decision_type=2 2 2 2 2 2 2
left_child=-1 2 4 -3 -2 -5 -7
right_child=1 3 -4 5 -6 6 -8
leaf_value=0.047604865321305909 -0.043160439766829588 -0.043013791093901549 -0.043583403665263434 -0.042401537047335285 -0.042695960917581467 -0.042478737367143825 -0.042564291724017628
leaf_weight=1.0841430127620699 0.1913669593632219 0.26106568053364754 0.43767296150326729 0.1427694745361805 0.23452511243522167 0.15473655425012112 0.14670921303331852
leaf_count=9 5 8 9 7 9 7 6
internal_value=-0.00596995 -0.0429926 -0.0432487 -0.042679 -0.0429047 -0.0424822 -0.0425204
internal_weight=2.65299 1.56885 0.863565 0.705281 0.425892 0.444215 0.301446
internal_count=60 51 23 28 14 20 13
is_linear=0
shrinkage=0.05


Tree=191
num_leaves=9
num_cat=0
split_feature=2 0 0 2 6 2 6 5
split_gain=1.11535 1.03043 0.449062 0.638606 0.73373 0.000135064 6.19556e-05 2.99276e-06
threshold=1650.0000000000002 4.3765000000000009 4.4556000000000013 300.00000000000006 0.25000000000000017 2950.0000000000005 1.0000000180025095e-35 0.68301270189221941
decision_type=2 2 2 2 2 2 2 2
left_child=1 -1 -3 -4 -5 6 -2 -8
right_child=5 2 3 4 -6 -7 7 -9
leaf_value=-0.032504090976528004 -0.04385264264985092 0.05900913143001716 0.047511160148071899 0.018783811870179686 -0.045777895975885476 -0.044665049648487332 -0.042867963870564275 -0.043130777429760937
leaf_weight=1.0215809009969232 0.37187168188393094 0.73816429078578982 1.0568000972270968 1.5105541646480563 0.62098971009254444 0.27070292085409164 0.2583016213029623 0.18655653670430183
leaf_count=8 7 3 9 8 8 4 8 5
internal_value=0.00215248 0.0122288 0.0238672 0.0157311 -2.51635e-05 -0.0436971 -0.0433763 -0.0429782
internal_weight=6.03552 4.94809 3.92651 3.18834 2.13154 1.08743 0.81673 0.444858
internal_count=60 36 28 25 16 24 20 13
is_linear=0
shrinkage=0.05


end of trees

feature_importances:
Column_0=386
Column_2=358
Column_3=156
Column_6=133
Column_12=129
Column_5=110
Column_4=97
Column_7=95
Column_9=95
Column_11=57
Column_8=56
Column_13=32
Column_10=27
Column_14=18

parameters:
[boosting: gbdt]
[objective: multiclass]
[metric: multi_logloss]
[tree_learner: serial]
[device_type: cpu]
[data_sample_strategy: bagging]
[data: ]
[valid: ]
[num_iterations: 1000]
[learning_rate: 0.05]
[num_leaves: 31]
[num_threads: -1]
[seed: 42]
[deterministic: 0]
[force_col_wise: 0]
[force_row_wise: 0]
[histogram_pool_size: -1]
[max_depth: -1]
[min_data_in_leaf: 5]
[min_sum_hessian_in_leaf: 0.001]
[bagging_fraction: 0.8]
[pos_bagging_fraction: 1]
[neg_bagging_fraction: 1]
[bagging_freq: 5]
[bagging_seed: 400]
[bagging_by_query: 0]
[feature_fraction: 0.9]
[feature_fraction_bynode: 1]
[feature_fraction_seed: 30056]
[extra_trees: 0]
[extra_seed: 12879]
[early_stopping_round: 0]
[early_stopping_min_delta: 0]
[first_metric_only: 0]
[max_delta_step: 0]
[lambda_l1: 0]
[lambda_l2: 0]
[linear_lambda: 0]
[min_gain_to_split: 0]
[drop_rate: 0.1]
[max_drop: 50]
[skip_drop: 0.5]
[xgboost_dart_mode: 0]
[uniform_drop: 0]
[drop_seed: 17869]
[top_rate: 0.2]
[other_rate: 0.1]
[min_data_per_group: 100]
[max_cat_threshold: 32]
[cat_l2: 10]
[cat_smooth: 10]
[max_cat_to_onehot: 4]
[top_k: 20]
[monotone_constraints: ]
[monotone_constraints_method: basic]
[monotone_penalty: 0]
[feature_contri: ]
[forcedsplits_filename: ]
[refit_decay_rate: 0.9]
[cegb_tradeoff: 1]
[cegb_penalty_split: 0]
[cegb_penalty_feature_lazy: ]
[cegb_penalty_feature_coupled: ]
[path_smooth: 0]
[interaction_constraints: ]
[verbosity: -1]
[saved_feature_importance_type: 0]
[use_quantized_grad: 0]
[num_grad_quant_bins: 4]
[quant_train_renew_leaf: 0]
[stochastic_rounding: 1]
[linear_tree: 0]
[max_bin: 255]
[max_bin_by_feature: ]
[min_data_in_bin: 3]
[bin_construct_sample_cnt: 200000]
[data_random_seed: 175]
[is_enable_sparse: 1]
[enable_bundle: 1]
[use_missing: 1]
[zero_as_missing: 0]
[feature_pre_filter: 1]
[pre_partition: 0]
[two_round: 0]
[header: 0]
[label_column: ]
[weight_column: ]
[group_column: ]
[ignore_column: ]
[categorical_feature: ]
[forcedbins_filename: ]
[precise_float_parser: 0]
[parser_config_file: ]
[objective_seed: 16083]
[num_class: 6]
[is_unbalance: 0]
[scale_pos_weight: 1]
[sigmoid: 1]
[boost_from_average: 1]
[reg_sqrt: 0]
[alpha: 0.9]
[fair_c: 1]
[poisson_max_delta_step: 0.7]
[tweedie_variance_power: 1.5]
[lambdarank_truncation_level: 30]
[lambdarank_norm: 1]
[label_gain: ]
[lambdarank_position_bias_regularization: 0]
[eval_at: ]
[multi_error_top_k: 1]
[auc_mu_weights: ]
[num_machines: 1]
[local_listen_port: 12400]
[time_out: 120]
[machine_list_filename: ]
[machines: ]
[gpu_platform_id: -1]
[gpu_device_id: -1]
[gpu_use_dp: 0]
[num_gpu: 1]

end of parameters

pandas_categorical:null
