tree
version=v4
num_class=6
num_tree_per_iteration=6
label_index=0
max_feature_idx=14
objective=multiclass num_class:6
feature_names=Column_0 Column_1 Column_2 Column_3 Column_4 Column_5 Column_6 Column_7 Column_8 Column_9 Column_10 Column_11 Column_12 Column_13 Column_14
feature_infos=[1.2117:11.2902] none [10:3700] [1:12] [3:361] [-1:1] [-1:1] [6:19.5] [-0.97904547248458373:1] [-0.99976202707990913:0.38268343236508917] [4:5] [0:9] [4:637] [0:1] [0:7]
tree_sizes=734 642 547 541 555 825 1168 1192 1108 1074 974 1076 974 974 1191 970 1076 1165 965 973 1214 1072 1090 1065 967 1194 1211 986 1094 1079 1079 1089 996 1197 1100 1172 1063 1086 994 964 1100 1180 1077 1204 1215 1086 1206 1179 1070 1091 1107 968 1097 1181 1079 1095 1209 970 1097 1189 1162 1195 1411 1192 1312 1171 1057 1308 1433 1204 1307 1173 1287 1313 1101 1206 1195 1174 1061 1310 1322 1201 1204 1189 1170 1199 1320 1094 1207 1292 1080 1317 1221 1191 1207 1407 1078 1315 1322 1192 1203 1517 1291 1317 1413 1212 1307 1298 1297 1202 1436 1427 1206 1416 1402 1315 1432 1318 1204 1514 1273 1099 1329 1306 1210 1192 1271 1205 1437 1204 1213 1288 1270 1201 1327 1203 1211 1293 1272 1095 1440 1310 1300 1297 1281 1101 1445 1312 1315 1186 1615 1319 1439 1306 1313 1194 1381 1319 1221 1324 1426 1197 1300 1429 1439 1208 1316 1295 1290 1314 1447 1213 1321 1397 1515 1316 1443 1211 1543 1406 1291 1211 1227 1102 1109 1199 1189 1209 1341 1100 1211 1086 1184 1209 1337 1103 1106 1304 1097 1214 1331 1100 1106 1198 1097 1213 1336 1103 1109 1409 1396 1314 1448 1327 1317 1507 1410 1318 1450 1411 1325 1301 1412 1432 1343 1330 1320 1522 1627 1426 1345 1309 1318 1416 1510 1432 1341 1222 1322 1417

Tree=0
num_leaves=6
num_cat=0
split_feature=2 2 5 0 2
split_gain=8.25866 5.27233 6.08231 3.36977 7.11396
threshold=1705.0000000000002 300.00000000000006 0.68301270189221941 10.381750000000002 675.00000000000011
decision_type=2 2 2 2 2
left_child=1 -1 3 4 -3
right_child=-2 2 -4 -5 -6
leaf_value=-1.6017233440381187 -1.6017233440381187 -1.6017233440381187 -1.3942329381039673 -1.6017233440381187 -1.4357310192907975
leaf_weight=1.4056875258684156 5.0203125923871994 1.0040625184774403 1.2048750221729276 1.0040625184774397 1.8073125332593918
leaf_count=7 25 5 6 5 9
internal_value=-1.55367 -1.51613 -1.49217 -1.5231 -1.49501
internal_weight=11.4463 6.426 5.02031 3.81544 2.81138
internal_count=57 32 25 19 14
is_linear=0
shrinkage=1


Tree=1
num_leaves=5
num_cat=0
split_feature=4 0 2 2
split_gain=15.4853 17.8594 3.82702 0.867458
threshold=295.00000000000006 10.361300000000002 2850.0000000000005 2537.5000000000005
decision_type=2 2 2 2
left_child=2 -2 3 -1
right_child=1 -3 -4 -5
leaf_value=-1.8668285207664661 -1.8668285207664661 -1.5606670198662607 -1.7443639204063839 -1.8158016039497653
leaf_weight=5.5526248216629028 0.81656247377395619 1.1431874632835386 0.81656247377395619 0.97987496852874745
leaf_count=34 5 7 5 6
internal_value=-1.81312 -1.68823 -1.84642 -1.85917
internal_weight=9.30881 1.95975 7.34906 6.5325
internal_count=57 12 45 40
is_linear=0
shrinkage=1


Tree=2
num_leaves=4
num_cat=0
split_feature=2 0 3
split_gain=23.5457 4.44089e-16 1.11022e-16
threshold=2850.0000000000005 10.361300000000002 2.5000000000000004
decision_type=2 2 2
left_child=1 -1 -3
right_child=-2 2 -4
leaf_value=-3.0395919233074258 -2.6009954372103734 -3.0395919233074258 -3.0395919233074258
leaf_weight=1.653000000864268 0.34200000017881382 0.45600000023841836 0.79800000041723251
leaf_count=29 6 8 14
internal_value=-2.99342 -3.03959 -3.03959
internal_weight=3.249 2.907 1.254
internal_count=57 51 22
is_linear=0
shrinkage=1


Tree=3
num_leaves=4
num_cat=0
split_feature=0 2 0
split_gain=26.0062 23.5294 8.88178e-16
threshold=10.654750000000002 1450.0000000000002 10.361300000000002
decision_type=2 2 2
left_child=2 -2 -1
right_child=1 -3 -4
leaf_value=-1.9461395955935248 -1.9461395955935248 -1.619342194122342 -1.9461395955935248
leaf_weight=4.8959999084472656 0.91799998283386264 1.3769999742507932 1.5299999713897703
leaf_count=32 6 9 10
internal_value=-1.89454 -1.75006 -1.94614
internal_weight=8.721 2.295 6.426
internal_count=57 15 42
is_linear=0
shrinkage=1


Tree=4
num_leaves=4
num_cat=0
split_feature=0 0 9
split_gain=47.5937 1.77636e-15 8.88178e-16
threshold=1.8743000000000003 11.100500000000002 -0.47805445239240252
decision_type=2 2 2
left_child=-1 2 -2
right_child=1 -3 -4
leaf_value=-1.5048740767930522 -1.7934743533482751 -1.7934743533482751 -1.7934743533482751
leaf_weight=1.7325000464916236 3.9847501069307314 2.0790000557899475 2.0790000557899471
leaf_count=10 23 12 12
internal_value=-1.74284 -1.79347 -1.79347
internal_weight=9.87525 8.14275 6.06375
internal_count=57 47 35
is_linear=0
shrinkage=1


Tree=5
num_leaves=7
num_cat=0
split_feature=2 2 12 7 2 2
split_gain=24.3665 4.91228 1.48148 0.77193 1.77636e-15 8.88178e-16
threshold=1000.0000000000001 300.00000000000006 33.500000000000007 13.458333333333334 2537.5000000000005 1705.0000000000002
decision_type=2 2 2 2 2 2
left_child=1 -1 -3 4 5 -2
right_child=3 2 -4 -5 -6 -7
leaf_value=-1.2196276900380651 -1.4418499181471658 -1.2937017660744319 -1.3677758421107988 -1.3974054725253455 -1.4418499181471658 -1.4418499181471658
leaf_weight=1.5749999582767493 2.2499999403953534 1.3499999642372134 1.3499999642372129 1.1249999701976774 2.9249999225139618 2.2499999403953552
leaf_count=7 10 6 6 5 13 10
internal_value=-1.38727 -1.2898 -1.33074 -1.436 -1.44185 -1.44185
internal_weight=12.825 4.275 2.7 8.55 7.425 4.5
internal_count=57 19 12 38 33 20
is_linear=0
shrinkage=1


Tree=6
num_leaves=10
num_cat=0
split_feature=2 2 5 2 0 6 6 12 12
split_gain=7.54797 4.5879 4.71908 3.00217 5.88599 1.41174e-05 1.94246e-06 6.53917e-07 9.26705e-10
threshold=1705.0000000000002 300.00000000000006 0.68301270189221941 675.00000000000011 10.381750000000002 -0.5 0.6830127018922193 27.500000000000004 116.00000000000001
decision_type=2 2 2 2 2 2 2 2 2
left_child=1 -1 3 -3 -5 -2 7 -7 -8
right_child=5 2 -4 4 -6 6 8 -9 -10
leaf_value=-0.052072778230132379 -0.052293020468460419 -0.052327125513267896 0.13285854357984242 0.098981494491173133 -0.05211861201666234 -0.052073153721074933 -0.052116220511180068 -0.052014725772683137 -0.052114025567320532
leaf_weight=1.3431825488805769 0.97115485370159138 0.97262419760227237 1.3297135829925535 1.9531008005142214 0.96194763481616963 0.95942382514476798 0.96181584894657113 0.95607917010784149 0.96169479191303253
leaf_count=7 5 5 6 9 5 5 5 5 5
internal_value=-0.00454743 0.0303345 0.0515497 0.0237394 0.0491194 -0.0521227 -0.0520796 -0.052044 -0.0521151
internal_weight=11.3707 6.56057 5.21739 3.88767 2.91505 4.81017 3.83901 1.9155 1.92351
internal_count=57 32 25 19 14 25 20 10 10
is_linear=0
shrinkage=0.05


Tree=7
num_leaves=10
num_cat=0
split_feature=4 0 14 2 10 6 2 7 12
split_gain=12.9261 12.2886 3.80276 0.795512 1.36234e-05 1.30869e-05 1.26074e-06 4.56781e-07 2.07291e-07
threshold=295.00000000000006 10.361300000000002 1.0000000180025095e-35 2590.0000000000005 4.5000000000000009 0.25000000000000017 1000.0000000000001 8.5833333333333339 53.500000000000007
decision_type=2 2 2 2 2 2 2 2 2
left_child=2 -2 3 4 6 7 -1 -6 -8
right_child=1 -3 -4 -5 5 -7 8 -9 -10
leaf_value=-0.049188738407334467 -0.049083279815294159 0.20016196470655859 0.073270520297917127 -0.001035685589023885 -0.049276882757901749 -0.04955209639468601 -0.049273803959095627 -0.049330815860420124 -0.049238951594334696
leaf_weight=1.2434692084789278 0.76928578317165408 1.3845827281475065 0.81300121545791615 1.016422390937805 0.78339889645576499 0.80264180898666371 0.78328682482242562 0.78696340322494507 0.93698063492774963
leaf_count=8 5 7 5 6 5 5 5 5 6
internal_value=0.00373436 0.11114 -0.0285477 -0.0415772 -0.0492986 -0.0493879 -0.0492271 -0.0493039 -0.0492548
internal_weight=9.32003 2.15387 7.16616 6.35316 5.33674 2.373 2.96374 1.57036 1.72027
internal_count=57 12 45 40 34 15 19 10 11
is_linear=0
shrinkage=0.05


Tree=8
num_leaves=9
num_cat=0
split_feature=12 5 13 9 3 7 5 11
split_gain=6.6766 12.3443 2.40543e-05 6.77892e-06 7.13335e-08 4.82374e-08 1.96084e-08 1.2137e-08
threshold=21.000000000000004 -0.24999999999999994 1.0000000180025095e-35 -0.59116893267988335 7.5000000000000009 7.7666666666666675 0.68301270189221941 1.0000000180025095e-35
decision_type=2 2 2 2 2 2 2 2
left_child=1 -1 3 -2 6 -3 7 -5
right_child=2 5 -4 4 -6 -7 -8 -9
leaf_value=0.31955159724553639 -0.043964730723260452 -0.043750379686730276 -0.044246833403258433 -0.04374733497434715 -0.043774156881370659 -0.043720510464739515 -0.043738433714783823 -0.043760780079562973
leaf_weight=0.41201440989971161 0.52086879312992129 0.27214603871107135 0.37733161449432362 0.43486928939819314 0.32988824322819699 0.26855294406414032 0.37902388349175453 0.27336448431015015
leaf_count=6 9 5 6 8 6 5 7 5
internal_value=0.00196172 0.113373 -0.0438816 -0.0438105 -0.0437538 -0.0437355 -0.0437476 -0.0437525
internal_weight=3.26806 0.952713 2.31535 1.93801 1.41715 0.540699 1.08726 0.708234
internal_count=57 16 41 35 26 10 20 13
is_linear=0
shrinkage=0.05


Tree=9
num_leaves=9
num_cat=0
split_feature=0 4 6 8 0 9 12 3
split_gain=21.5701 6.40507 1.30619e-05 8.35855e-06 5.07305e-06 2.44673e-06 9.93613e-07 1.18002e-06
threshold=10.654750000000002 46.000000000000007 -0.5 0.73233588278529871 4.929450000000001 -0.59116893267988335 116.00000000000001 10.500000000000002
decision_type=2 2 2 2 2 2 2 2
left_child=2 -2 5 4 -4 -1 7 -5
right_child=1 -3 3 6 -6 -7 -8 -9
leaf_value=-0.048744810604022408 0.21257451195894786 0.053872937996460701 -0.048363177164109927 -0.048654055785567842 -0.048534266099394985 -0.048625723455606902 -0.048552251522868073 -0.048568234507991935
leaf_weight=1.0423843264579771 1.1346462965011599 1.4460090547800062 0.85870566964149453 0.88533338904380821 0.87454637885093689 0.73575779795646656 1.0223174840211866 0.73144733905792236
leaf_count=7 6 9 6 6 6 5 7 5
internal_value=0.00232488 0.12365 -0.0485813 -0.0485348 -0.0484495 -0.0486955 -0.0485908 -0.0486152
internal_weight=8.73115 2.58066 6.15049 4.37235 1.73325 1.77814 2.6391 1.61678
internal_count=57 15 42 30 12 12 18 11
is_linear=0
shrinkage=0.05


Tree=10
num_leaves=8
num_cat=0
split_feature=0 6 9 9 0 4 4
split_gain=37.4982 1.6557e-05 9.79479e-06 7.88845e-06 3.84494e-06 1.10312e-06 9.97596e-07
threshold=1.8743000000000003 -0.5 -0.59116893267988335 -0.67993326682463484 9.1832000000000011 46.000000000000007 102.50000000000001
decision_type=2 2 2 2 2 2 2
left_child=-1 2 -2 -3 -5 -6 -7
right_child=1 3 -4 4 5 6 -8
leaf_value=0.19021309105340015 -0.050185921175819173 -0.049810777183455474 -0.049973387782178441 -0.050041168930567072 -0.049885733873612947 -0.049986418374430276 -0.04991466479023985
leaf_weight=2.0527788251638412 1.0145621299743655 1.4768916219472883 1.1641086935997007 0.83583678305149067 1.3210672140121462 0.8324122130870818 1.1586591303348539
leaf_count=10 6 9 7 5 8 5 7
internal_value=6.46338e-05 -0.0499553 -0.0500724 -0.04991 -0.0499453 -0.0499212 -0.0499447
internal_weight=9.85632 7.80354 2.17867 5.62487 4.14798 3.31214 1.99107
internal_count=57 47 13 34 25 20 12
is_linear=0
shrinkage=0.05


Tree=11
num_leaves=9
num_cat=0
split_feature=2 2 12 6 0 0 2 0
split_gain=21.2024 3.56495 1.25685 0.767404 3.34658e-05 8.11106e-05 6.57646e-06 1.28559e-06
threshold=1000.0000000000001 300.00000000000006 33.500000000000007 -0.68301270189221952 10.361300000000002 1.8743000000000003 2537.5000000000005 11.100500000000002
decision_type=2 2 2 2 2 2 2 2
left_child=1 -1 -3 -2 5 -5 -6 -8
right_child=3 2 -4 4 6 -7 7 -9
leaf_value=0.14228822516957604 -0.0097507134705931975 0.08409235175913049 0.016940153462293082 -0.05447971490515266 -0.054521853739069807 -0.055016670001739314 -0.054433592475373639 -0.054356278779359252
leaf_weight=1.7394868880510337 1.1037234365940083 1.4170532673597338 1.3708785772323606 1.9426531344652169 1.9460044950246809 1.102408707141876 1.0770432800054552 1.0737145692110059
leaf_count=7 5 6 6 9 9 5 5 5
internal_value=-0.000817636 0.0861186 0.0510724 -0.0485521 -0.0545486 -0.0546741 -0.0544553 -0.054395
internal_weight=12.773 4.52742 2.78793 8.24555 7.14182 3.04506 4.09676 2.15076
internal_count=57 19 12 38 33 14 19 10
is_linear=0
shrinkage=0.05


Tree=12
num_leaves=8
num_cat=0
split_feature=2 2 6 6 5 6 0
split_gain=7.00856 4.00323 3.83738 5.09717 2.67758 6.55488e-05 3.09934e-06
threshold=1705.0000000000002 300.00000000000006 -0.9330127018922193 -1.0000000180025095e-35 -0.24999999999999994 0.25000000000000017 10.361300000000002
decision_type=2 2 2 2 2 2 2
left_child=1 -1 -3 -4 -5 -2 -7
right_child=5 2 3 4 -6 6 -8
leaf_value=-0.051163121016884167 -0.051734157167358456 -0.053210242331201044 0.15476872860792798 -0.018228021191305652 0.071925214606051877 -0.051394652627096582 -0.051291915985072836
leaf_weight=1.2695711106061933 1.6921579241752622 0.80314050614833821 1.1803881824016564 1.4192710071802137 1.9623880088329322 1.4731062650680544 1.4633447825908659
leaf_count=7 9 4 5 7 9 8 8
internal_value=-0.00426503 0.028678 0.0475709 0.0653132 0.0340882 -0.0514863 -0.0513435
internal_weight=11.2634 6.63476 5.36519 4.56205 3.38166 4.62861 2.93645
internal_count=57 32 25 21 16 25 16
is_linear=0
shrinkage=0.05


Tree=13
num_leaves=8
num_cat=0
split_feature=0 0 9 6 2 0 7
split_gain=11.4033 23.1237 0.0400329 0.000193226 8.87708e-05 7.33832e-05 7.0887e-05
threshold=10.361300000000002 10.654750000000002 -0.52414661475995694 -0.68301270189221952 1855.0000000000002 4.929450000000001 8.5833333333333339
decision_type=2 2 2 2 2 2 2
left_child=3 2 -2 -1 -3 6 -5
right_child=1 4 -4 5 -6 -7 -8
leaf_value=-0.049637122965505182 0.18735465255979816 -0.048649879822287349 0.1736360991555399 -0.048951830312517375 -0.049274882986332841 -0.049205648132220232 -0.048410548148629017
leaf_weight=1.1268130242824552 1.0356412529945376 1.1798837035894396 1.0930700749158857 1.5164125710725791 1.0957377851009367 1.2402826249599455 1.0062301009893415
leaf_count=7 5 8 5 10 7 8 7
internal_value=0.0035002 0.0618562 0.18031 -0.0490627 -0.0489508 -0.0488907 -0.0487359
internal_weight=9.29407 4.40433 2.12871 4.88974 2.27562 3.76293 2.52264
internal_count=57 25 10 32 15 25 17
is_linear=0
shrinkage=0.05


Tree=14
num_leaves=10
num_cat=0
split_feature=2 2 7 12 7 9 5 2 0
split_gain=24.148 4.73454e-05 4.51437e-05 1.05893e-05 4.25373e-07 4.45222e-07 2.2305e-07 2.19803e-07 7.8289e-08
threshold=3050.0000000000005 2537.5000000000005 8.4166666666666696 10.500000000000002 9.4416666666666682 -0.59116893267988335 -0.5 825.00000000000011 1.8743000000000003
decision_type=2 2 2 2 2 2 2 2 2
left_child=1 3 -3 -1 5 -5 -7 -8 -9
right_child=-2 2 -4 4 -6 6 7 8 -10
leaf_value=-0.043977655096397311 0.4065018517616123 -0.043627383198233963 -0.04445032982480978 -0.04372299877866543 -0.043603891915656584 -0.043693239883269883 -0.043606270083797222 -0.043640259481739135 -0.043672991145810053
leaf_weight=0.28926716372370842 0.33117909729480732 0.25752952322363842 0.47220884263515472 0.26876667514443475 0.35621898248791684 0.26512940227985438 0.30598804727196516 0.36270255967974663 0.36808015778660774
leaf_count=5 3 5 7 5 7 5 6 7 7
internal_value=0.00169776 -0.0438106 -0.0441599 -0.0436956 -0.0436532 -0.0436644 -0.0436523 -0.0436418 -0.0436567
internal_weight=3.27707 2.94589 0.729738 2.21615 1.92689 1.57067 1.3019 1.03677 0.730783
internal_count=57 54 12 42 37 30 25 20 14
is_linear=0
shrinkage=0.05


Tree=15
num_leaves=8
num_cat=0
split_feature=0 2 6 8 0 11 9
split_gain=18.3827 12.8426 3.13661e-05 2.28528e-05 2.04597e-05 5.0249e-06 4.37175e-06
threshold=10.654750000000002 1450.0000000000002 -0.5 0.73233588278529871 4.929450000000001 1.0000000180025095e-35 -0.59116893267988335
decision_type=2 2 2 2 2 2 2
left_child=2 -2 6 4 -4 -5 -1
right_child=1 -3 3 5 -6 -7 -8
leaf_value=-0.04841934057245207 -0.048808125491855682 0.18018319369137484 -0.047772509333603198 -0.048121648703235632 -0.048125966261619871 -0.048262651570124236 -0.048257174074695146
leaf_weight=1.00757560133934 0.89910346269607577 1.919377952814102 0.80205309391021706 1.2543645799160006 0.8363344818353653 1.2731612175703046 0.70736627280712117
leaf_count=7 6 9 6 9 6 9 5
internal_value=0.00214507 0.107134 -0.0481725 -0.0480984 -0.0479529 -0.0481927 -0.0483525
internal_weight=8.69934 2.81848 5.88086 4.16591 1.63839 2.52753 1.71494
internal_count=57 15 42 30 12 18 12
is_linear=0
shrinkage=0.05


Tree=16
num_leaves=9
num_cat=0
split_feature=0 12 6 9 2 12 7 2
split_gain=30.866 0.00510226 2.90703e-05 2.55059e-05 2.39924e-05 2.55196e-05 8.45498e-06 2.64083e-06
threshold=1.8743000000000003 116.00000000000001 -0.5 -0.59116893267988335 1000.0000000000001 33.500000000000007 7.7666666666666675 2537.5000000000005
decision_type=2 2 2 2 2 2 2 2
left_child=1 -1 3 -2 5 -4 7 -6
right_child=2 -3 4 -5 6 -7 -8 -9
leaf_value=0.1618370429310102 -0.049792075703185959 0.15714310660227665 -0.049020293797294383 -0.049442538844980212 -0.049443611110300961 -0.049395835706904999 -0.049556848849636334 -0.049327089324163069
leaf_weight=1.1468677967786791 0.98286363482475314 1.1690759658813474 0.76478657126426686 1.1128347814083097 1.2722897082567222 1.107403978705406 1.4450289160013197 0.78706844151020039
leaf_count=5 6 5 5 7 8 7 9 5
internal_value=-1.78741e-05 0.159468 -0.0494485 -0.0496065 -0.0493869 -0.0492424 -0.0494641 -0.0493991
internal_weight=9.78822 2.31594 7.47228 2.0957 5.37658 1.87219 3.50439 2.05936
internal_count=57 10 47 13 34 12 22 13
is_linear=0
shrinkage=0.05


Tree=17
num_leaves=10
num_cat=0
split_feature=6 0 0 11 5 7 0 6 4
split_gain=13.5562 2.05787 5.93412 1.8145 0.67132 0.554146 0.00132574 0.000490589 2.41404e-06
threshold=-0.9330127018922193 10.361300000000002 6.2124500000000014 1.5000000000000002 -0.5 9.1416666666666675 1.8743000000000003 0.25000000000000017 46.000000000000007
decision_type=2 2 2 2 2 2 2 2 2
left_child=-1 2 3 6 -3 -5 -2 -6 -9
right_child=1 4 -4 5 7 -7 -8 8 -10
leaf_value=0.14052398197367449 -0.053494561013109357 -0.0093430432526474226 0.095472681763684467 0.030975207102401904 -0.054630030876192892 -0.01666200429757362 -0.055780437595680146 -0.053421822981037738 -0.053525342238775309
leaf_weight=1.4989474266767508 1.4466256946325287 1.0859901010990141 1.2778101563453672 1.1456133127212527 1.518291234970093 1.3069178014993665 1.1295865923166273 1.2356652021408083 1.0348003953695295
leaf_count=6 7 5 5 5 7 6 5 6 5
internal_value=-0.000673643 -0.0196024 -0.000743629 -0.0251923 -0.0440003 0.00559004 -0.0544968 -0.0539343 -0.053469
internal_weight=12.6802 11.1813 6.30655 5.02874 4.87475 2.45253 2.57621 3.78876 2.27047
internal_count=57 51 28 23 23 11 12 18 11
is_linear=0
shrinkage=0.05


Tree=18
num_leaves=8
num_cat=0
split_feature=2 2 6 3 12 6 0
split_gain=6.40723 3.56508 3.31323 4.04947 1.47291 7.47744e-05 4.24605e-06
threshold=1705.0000000000002 300.00000000000006 -0.9330127018922193 8.5000000000000018 33.500000000000007 0.25000000000000017 10.361300000000002
decision_type=2 2 2 2 2 2 2
left_child=1 -1 -3 4 -4 -2 -7
right_child=5 2 3 -5 -6 6 -8
leaf_value=-0.050583187883752212 -0.051054417276937492 -0.052383429512499295 0.064805254418738079 0.0011304471714588076 0.13656643025234633 -0.050688831180217331 -0.050565610108935004
leaf_weight=1.2194587439298628 1.6196762621402738 0.76827839016914357 1.6335872858762743 1.8218578696250913 1.27170093357563 1.4045612365007403 1.3919993937015531
leaf_count=7 9 4 7 9 5 8 8
internal_value=-0.00400745 0.0267565 0.0439186 0.05957 0.0962165 -0.0507841 -0.0506275
internal_weight=11.1311 6.71488 5.49542 4.72715 2.90529 4.41624 2.79656
internal_count=57 32 25 21 12 25 16
is_linear=0
shrinkage=0.05


Tree=19
num_leaves=8
num_cat=0
split_feature=0 0 13 0 2 2 11
split_gain=10.2029 18.4023 0.0294387 0.000162094 0.000201313 6.9276e-05 2.66526e-05
threshold=10.361300000000002 10.654750000000002 1.0000000180025095e-35 1.8743000000000003 1450.0000000000002 1855.0000000000002 1.5000000000000002
decision_type=2 2 2 2 2 2 2
left_child=3 2 -2 -1 6 -3 -5
right_child=1 5 -4 4 -6 -7 -8
leaf_value=-0.048146015929654645 0.15854967861284211 -0.048225062817724235 0.1474116783647125 -0.048233560706624178 -0.049288684567888437 -0.048789992941773802 -0.04861425918270814
leaf_weight=1.3955141752958296 1.159675657749176 1.1273710876703265 1.214630514383316 0.7055552154779442 1.2493712604045866 1.0463201850652692 1.3196263313293455
leaf_count=10 5 8 5 5 8 7 9
internal_value=0.00331382 0.0566182 0.152852 -0.0485972 -0.0487896 -0.048497 -0.0484816
internal_weight=9.21806 4.548 2.37431 4.67007 3.27455 2.17369 2.02518
internal_count=57 25 10 32 22 15 14
is_linear=0
shrinkage=0.05


Tree=20
num_leaves=10
num_cat=0
split_feature=2 2 7 12 12 4 6 3 9
split_gain=16.1471 3.9849e-05 3.96941e-05 1.18575e-05 4.66128e-07 3.35671e-07 3.2132e-07 2.8217e-07 2.53442e-07
threshold=3050.0000000000005 2537.5000000000005 8.4166666666666696 10.500000000000002 71.500000000000014 82.000000000000014 1.0000000180025095e-35 3.5000000000000004 -0.59116893267988335
decision_type=2 2 2 2 2 2 2 2 2
left_child=1 3 -3 -1 5 -5 8 -6 -7
right_child=-2 2 -4 4 7 6 -8 -9 -10
leaf_value=-0.043900969203066575 0.27506250163833879 -0.04352030951751451 -0.044311395742700856 -0.043529518318604528 -0.043542530915539675 -0.043603117238613834 -0.043632012284797267 -0.043471866295664519 -0.043537347673974651
leaf_weight=0.27796566113829735 0.46272256970405568 0.24466659128665913 0.45061208307743073 0.39307073876261689 0.34626279026269902 0.25442705303430624 0.25769912078976631 0.23862215504050255 0.34522839263081484
leaf_count=5 3 5 7 8 7 5 5 5 7
internal_value=0.00138499 -0.0437047 -0.044033 -0.0435966 -0.0435505 -0.0435678 -0.0435853 -0.0435137 -0.0435653
internal_weight=3.27128 2.80855 0.695279 2.11328 1.83531 1.25043 0.857355 0.584885 0.599655
internal_count=57 54 12 42 37 25 17 12 12
is_linear=0
shrinkage=0.05


Tree=21
num_leaves=9
num_cat=0
split_feature=0 2 0 0 12 6 7 9
split_gain=15.894 9.95707 2.13141e-05 1.37731e-05 9.2004e-06 8.81674e-06 3.47835e-06 7.82073e-06
threshold=10.654750000000002 1450.0000000000002 1.8743000000000003 4.4258500000000014 116.00000000000001 -0.5 8.4166666666666696 -0.67993326682463484
decision_type=2 2 2 2 2 2 2 2
left_child=2 -2 4 -4 -1 -5 -7 -8
right_child=1 -3 3 5 -6 6 7 -9
leaf_value=-0.047456044457887619 -0.048444386476189184 0.15245163429824052 -0.048005651307805521 -0.047896410008341786 -0.047721512715853114 -0.047626613029918448 -0.047662147462497424 -0.04787490537474734
leaf_weight=0.64125096052885033 0.86582599580287967 2.1442541480064392 0.8235613852739333 1.0857965946197508 0.66468313336372375 0.65685026347637254 0.92300812900066376 0.81184537708759286
leaf_count=5 6 9 6 8 5 5 7 6
internal_value=0.0019862 0.0946655 -0.0477681 -0.0478218 -0.0475912 -0.0477783 -0.0477246 -0.0477617
internal_weight=8.61708 3.01008 5.607 4.30106 1.30593 3.4775 2.3917 1.73485
internal_count=57 15 42 32 10 26 18 13
is_linear=0
shrinkage=0.05


Tree=22
num_leaves=9
num_cat=0
split_feature=0 12 0 8 2 3 12 10
split_gain=26.1226 0.00687911 2.89359e-05 1.5849e-05 1.6227e-05 1.28375e-05 9.1271e-06 6.65919e-06
threshold=1.8743000000000003 116.00000000000001 4.4258500000000014 0.87550652062374057 1450.0000000000002 8.5000000000000018 33.500000000000007 4.5000000000000009
decision_type=2 2 2 2 2 2 2 2
left_child=1 -1 -2 4 -4 -6 7 -5
right_child=2 -3 3 6 5 -7 -8 -9
leaf_value=0.14071128234854502 -0.049217334705112921 0.13549426864339673 -0.048853277960703934 -0.049013040331413363 -0.049164144301005137 -0.048908318503809223 -0.048724069323955253 -0.048803246904972841
leaf_weight=1.2500857263803484 0.93327538669109333 1.2776996195316312 1.3540817499160769 0.76412789523601554 1.395122289657593 0.75616860389709462 1.1890190243721006 0.74901752173900604
leaf_count=5 6 5 9 5 9 5 8 5
internal_value=-5.95754e-05 0.138074 -0.0489578 -0.0489187 -0.0489889 -0.0490742 -0.0488277 -0.0489092
internal_weight=9.6686 2.52779 7.14081 6.20754 3.50537 2.15129 2.70216 1.51315
internal_count=57 10 47 41 23 14 18 10
is_linear=0
shrinkage=0.05


Tree=23
num_leaves=9
num_cat=0
split_feature=2 2 12 7 6 9 4 7
split_gain=17.1371 2.25375 0.965401 0.745062 0.000589601 8.8079e-05 7.21826e-05 8.19348e-06
threshold=1000.0000000000001 300.00000000000006 33.500000000000007 13.458333333333334 -0.5 -0.49524719222984687 46.000000000000007 7.1500000000000012
decision_type=2 2 2 2 2 2 2 2
left_child=1 -1 -3 4 -2 -6 7 -7
right_child=3 2 -4 -5 5 6 -8 -9
leaf_value=0.11498209510642583 -0.053982808722964709 0.073071124547596525 0.015250115519856522 -0.0081571167138038084 -0.053121524423923261 -0.052390164920920967 -0.052949812783062523 -0.052574418570842441
leaf_weight=1.9400753080844877 1.2655771523714063 1.5043216496706011 1.3879561424255369 1.0755997300148008 1.418457239866256 0.97668470442295174 1.4083387702703474 1.5784981846809387
leaf_count=7 6 6 6 5 7 5 7 8
internal_value=-0.00055828 0.0732899 0.0453238 -0.0467649 -0.0530118 -0.0527834 -0.0526624 -0.052504
internal_weight=12.5555 4.83235 2.89228 7.72316 6.64756 5.38198 3.96352 2.55518
internal_count=57 19 12 38 33 27 20 13
is_linear=0
shrinkage=0.05


Tree=24
num_leaves=8
num_cat=0
split_feature=2 2 6 3 12 6 0
split_gain=5.88705 3.15437 2.97699 3.32457 1.16348 8.3611e-05 3.51498e-06
threshold=1705.0000000000002 300.00000000000006 -0.9330127018922193 8.5000000000000018 33.500000000000007 0.25000000000000017 10.361300000000002
decision_type=2 2 2 2 2 2 2
left_child=1 -1 -3 4 -4 -2 -7
right_child=5 2 3 -5 -6 6 -8
leaf_value=-0.049917658741207405 -0.05043413660516223 -0.052014627216586388 0.059324295864557591 0.0014192297604202963 0.12157654062887042 -0.050029346816824471 -0.049914402936949417
leaf_weight=1.1586860120296476 1.5498406589031217 0.74969446659088124 1.6885677725076678 1.8111544847488401 1.3511591851711271 1.3364516347646715 1.3240292668342588
leaf_count=7 9 4 7 9 5 8 8
internal_value=-0.00373177 0.0251771 0.0407133 0.0550442 0.0869954 -0.0501422 -0.0499721
internal_weight=10.9696 6.75926 5.60058 4.85088 3.03973 4.21032 2.66048
internal_count=57 32 25 21 12 25 16
is_linear=0
shrinkage=0.05


Tree=25
num_leaves=10
num_cat=0
split_feature=0 0 13 0 2 5 11 12 2
split_gain=9.2065 15.0515 0.0194177 0.000183409 0.000189681 6.13419e-05 4.98313e-05 1.49196e-05 1.17463e-05
threshold=10.361300000000002 10.654750000000002 1.0000000180025095e-35 1.8743000000000003 1450.0000000000002 0.68301270189221941 1.5000000000000002 116.00000000000001 2537.5000000000005
decision_type=2 2 2 2 2 2 2 2 2
left_child=3 2 -2 7 6 -3 -5 -1 -7
right_child=1 5 -4 4 -6 8 -8 -9 -10
leaf_value=-0.04751660612526324 0.13755979243040389 -0.047648494875129982 0.12887103857312673 -0.047733921802929652 -0.048883771371478195 -0.048086391645860149 -0.048267990542940037 -0.047852788214161029 -0.048375182222393898
leaf_weight=0.64541076123714425 1.2631890475749969 0.65842124819755588 1.309724435210228 0.66554699838161502 1.2033607214689253 0.69309467077255227 1.2705912888050077 0.67537344992160797 0.71570141613483429
leaf_count=5 5 5 5 5 8 5 9 5 5
internal_value=0.00311163 0.052418 0.133137 -0.0481828 -0.0483908 -0.0480469 -0.0480844 -0.0476885 -0.0482331
internal_weight=9.10041 4.64013 2.57291 4.46028 3.1395 2.06722 1.93614 1.32078 1.4088
internal_count=57 25 10 32 22 15 14 10 10
is_linear=0
shrinkage=0.05


Tree=26
num_leaves=10
num_cat=0
split_feature=2 2 7 12 12 3 2 3 2
split_gain=12.1833 3.37029e-05 3.47722e-05 9.04489e-06 9.41111e-07 7.46559e-07 4.85135e-07 4.33865e-07 3.89704e-07
threshold=3050.0000000000005 2537.5000000000005 8.4166666666666696 10.500000000000002 71.500000000000014 5.5000000000000009 825.00000000000011 3.5000000000000004 1000.0000000000001
decision_type=2 2 2 2 2 2 2 2 2
left_child=1 3 -3 -1 5 8 -7 -6 -5
right_child=-2 2 -4 4 7 6 -8 -9 -10
leaf_value=-0.043771666151437773 0.21088534677308993 -0.043415727274343216 -0.044175411042537756 -0.043389268833710776 -0.043439121760535895 -0.043564955356909241 -0.043477335833643889 -0.043348842228995835 -0.043473976565596817
leaf_weight=0.26182356849312904 0.5707484483718871 0.23197695985436428 0.42953703179955482 0.22865492105483987 0.32872228696942318 0.29917584359645844 0.33473782241344452 0.22360699623823166 0.33427204936742783
leaf_count=5 3 5 7 5 7 6 7 5 7
internal_value=0.00118483 -0.0435994 -0.043909 -0.0434976 -0.0434566 -0.0434815 -0.0435187 -0.0434026 -0.0434396
internal_weight=3.24326 2.67251 0.661514 2.01099 1.74917 1.19684 0.633914 0.552329 0.562927
internal_count=57 54 12 42 37 25 13 12 12
is_linear=0
shrinkage=0.05


Tree=27
num_leaves=8
num_cat=0
split_feature=0 2 6 0 0 3 2
split_gain=13.9798 7.97916 3.46652e-05 1.63755e-05 1.32761e-05 3.17655e-05 3.80321e-06
threshold=10.654750000000002 1450.0000000000002 -0.68301270189221952 1.8743000000000003 9.1832000000000011 7.5000000000000009 2590.0000000000005
decision_type=2 2 2 2 2 2 2
left_child=2 -2 -1 -4 5 -5 -6
right_child=1 -3 3 4 6 -7 -8
leaf_value=-0.047640109769148009 -0.048035105425169963 0.13283568846842339 -0.04718073542200546 -0.047222287602139139 -0.047208553754194998 -0.047684399108365895 -0.047375064790131545
leaf_weight=1.1828168481588361 0.82665233314037356 2.3240302205085754 1.2355900481343267 0.62233863770961784 0.74588046967983224 0.9240439385175705 0.63477575778961182
leaf_count=9 6 9 10 5 6 7 5
internal_value=0.00183908 0.0853802 -0.0474012 -0.0473334 -0.0473978 -0.0474984 -0.0472851
internal_weight=8.49613 3.15068 5.34545 4.16263 2.92704 1.54638 1.38066
internal_count=57 15 42 33 23 12 11
is_linear=0
shrinkage=0.05


Tree=28
num_leaves=9
num_cat=0
split_feature=0 12 0 14 2 6 12 7
split_gain=22.5369 0.00804995 4.09444e-05 3.21957e-05 1.57057e-05 3.39226e-05 1.45135e-05 5.89633e-06
threshold=1.8743000000000003 116.00000000000001 4.4258500000000014 1.0000000180025095e-35 1000.0000000000001 0.25000000000000017 27.500000000000004 8.4166666666666696
decision_type=2 2 2 2 2 2 2 2
left_child=1 -1 -2 4 7 -6 -7 -4
right_child=2 -3 3 -5 5 6 -8 -9
leaf_value=0.12509443272595941 -0.048818747945685581 0.11962727021875189 -0.048171658666850165 -0.048763453535280513 -0.048688580962663576 -0.048476014229285075 -0.048231005267491869 -0.048367133446665628
leaf_weight=1.3316137790679934 0.89677082002162922 1.3619300723075864 0.7005600184202192 0.74525962769985188 1.1843024194240572 1.301461383700371 1.1285776346921919 0.85857734084129333
leaf_count=5 6 5 5 5 8 9 8 6
internal_value=-0.0001133 0.12233 -0.0485039 -0.0484562 -0.0484119 -0.0484692 -0.0483622 -0.0482793
internal_weight=9.50905 2.69354 6.81551 5.91874 5.17348 3.61434 2.43004 1.55914
internal_count=57 10 47 41 36 25 17 11
is_linear=0
shrinkage=0.05


Tree=29
num_leaves=9
num_cat=0
split_feature=2 2 12 6 4 0 3 12
split_gain=15.1786 1.83491 0.820803 0.719162 0.000294638 0.000386565 9.84297e-05 6.05027e-05
threshold=1000.0000000000001 300.00000000000006 33.500000000000007 -0.68301270189221952 46.000000000000007 10.361300000000002 8.5000000000000018 89.500000000000014
decision_type=2 2 2 2 2 2 2 2
left_child=1 -1 -3 -2 7 -6 -7 -5
right_child=3 2 -4 4 5 6 -8 -9
leaf_value=0.10392893791087082 -0.0078446327476593847 0.06706966773925957 0.014261459892006981 -0.05155079435230947 -0.053183547797854946 -0.052429563512858393 -0.051800506026349016 -0.052034142047816048
leaf_weight=2.0164733827114105 1.0695135295391081 1.5530086904764178 1.3984016627073286 1.4873345345258715 1.2162806540727618 1.174388110637665 1.3217054009437559 1.1465053111314771
leaf_count=7 5 6 6 8 6 6 7 6
internal_value=-0.000466056 0.067166 0.0420487 -0.0457736 -0.0521657 -0.0524526 -0.0520965 -0.0517612
internal_weight=12.3836 4.96788 2.95141 7.41573 6.34621 3.71237 2.49609 2.63384
internal_count=57 19 12 38 33 19 13 14
is_linear=0
shrinkage=0.05


Tree=30
num_leaves=9
num_cat=0
split_feature=2 2 11 6 0 6 0 12
split_gain=4.18125 3.5285 3.69055 3.57221 1.82459 0.000147031 3.08011e-06 2.72429e-06
threshold=1705.0000000000002 300.00000000000006 1.5000000000000002 -0.68301270189221952 4.5662000000000011 0.25000000000000017 10.361300000000002 36.500000000000007
decision_type=2 2 2 2 2 2 2 2
left_child=1 7 -3 -4 -5 -2 -7 -1
right_child=5 2 3 4 -6 6 -8 -9
leaf_value=-0.049397188203171467 -0.050017106991331141 0.091330666641070771 -0.055958162918426424 -0.011529468058023936 0.069267034790796475 -0.049413440455307801 -0.049279657535261395 -0.049265642721771613
leaf_weight=0.79179532825946786 1.4988274425268175 1.9623039066791532 1.4337797611951821 1.0980303138494498 1.9215530455112455 0.7931300103664396 0.94030134379863739 0.78261113166809082
leaf_count=5 9 8 7 5 8 5 6 5
internal_value=-0.00166961 0.0177419 0.0342018 0.00902888 0.0398865 -0.0496544 -0.0493409 -0.0493318
internal_weight=11.2223 7.99007 6.41567 4.45336 3.01958 3.23226 1.73343 1.57441
internal_count=58 38 28 20 13 20 11 10
is_linear=0
shrinkage=0.05


Tree=31
num_leaves=9
num_cat=0
split_feature=0 0 0 0 2 11 0 2
split_gain=5.78135 11.5666 0.000502023 0.000393396 0.000213218 0.000143209 7.35504e-05 2.5633e-05
threshold=10.361300000000002 10.654750000000002 11.105850000000002 1.8743000000000003 1250.0000000000002 1.5000000000000002 5.1314000000000011 1855.0000000000002
decision_type=2 2 2 2 2 2 2 2
left_child=3 -2 7 -1 5 -5 -6 -3
right_child=1 2 -4 4 6 -7 -8 -9
leaf_value=-0.046993344992469432 0.12416792795780632 -0.04729638194511375 -0.049153813090877074 -0.047260990889560039 -0.048815034870028043 -0.048094966983023409 -0.048129234349292317 -0.047741722552909961
leaf_weight=1.0770571753382681 1.8640660941600802 0.62731948494911216 0.74689792096614827 0.87637495994567949 0.89795342087745644 1.247517868876457 0.69243422150611877 0.66631118953227997
leaf_count=9 7 5 5 7 6 9 5 5
internal_value=-0.0110314 0.0341299 -0.0481217 -0.0478347 -0.0480787 -0.0477508 -0.0485164 -0.0475258
internal_weight=8.69593 3.90459 2.04053 4.79134 3.71428 2.12389 1.59039 1.29363
internal_count=58 22 15 36 27 16 11 10
is_linear=0
shrinkage=0.05


Tree=32
num_leaves=8
num_cat=0
split_feature=2 12 0 0 3 9 5
split_gain=12.9641 7.21003e-06 2.55853e-06 1.75789e-06 2.2115e-06 7.04884e-07 6.85455e-07
threshold=3050.0000000000005 10.500000000000002 1.8743000000000003 10.381750000000002 5.5000000000000009 -0.47805445239240252 0.68301270189221941
decision_type=2 2 2 2 2 2 2
left_child=1 -1 -3 4 -4 -6 -5
right_child=-2 2 3 6 5 -7 -8
leaf_value=-0.043606981811607819 0.18451294800652887 -0.043230884885369469 -0.043316729172225711 -0.043274489062027327 -0.043424843660013021 -0.043521636439375677 -0.043378059753661775
leaf_weight=0.33795302733779031 0.83831821382045735 0.33239977434277568 0.3515755347907541 0.38614477962255467 0.41810870915651388 0.34190294146537714 0.27247852832078934
leaf_count=7 4 8 8 9 9 7 6
internal_value=0.0148765 -0.0433926 -0.0433582 -0.0433821 -0.0434204 -0.0434684 -0.0433173
internal_weight=3.27888 2.44056 2.10261 1.77021 1.11159 0.760012 0.658623
internal_count=58 54 47 39 24 16 15
is_linear=0
shrinkage=0.05


Tree=33
num_leaves=10
num_cat=0
split_feature=7 2 5 13 7 6 2 12 7
split_gain=8.15202 4.12401 2.84157 0.704128 0.000149341 7.635e-05 3.17371e-05 3.44543e-05 1.00795e-05
threshold=7.1500000000000012 1855.0000000000002 0.25000000000000011 1.0000000180025095e-35 8.1083333333333361 -0.9330127018922193 1450.0000000000002 33.500000000000007 8.5833333333333339
decision_type=2 2 2 2 2 2 2 2 2
left_child=1 2 -1 4 -2 -6 7 -7 -8
right_child=3 -3 -4 -5 5 6 8 -9 -10
leaf_value=-0.047209512594947371 -0.04782592713191218 0.11857542977250335 0.085291808307221995 -6.1671442478287205e-05 -0.047552435372794237 -0.046482438627800909 -0.046992575084814879 -0.04697756227603217 -0.047279039915861479
leaf_weight=0.98919633030891441 0.79634390026330937 1.6385824978351591 0.68471184372901917 0.97644781321287144 0.6497958451509479 0.55390356481075309 0.60281755775213219 0.96089930087327957 0.62589573860168457
leaf_count=8 6 6 3 7 5 5 5 8 5
internal_value=0.000960511 0.0621878 0.00699013 -0.0382982 -0.0472097 -0.0470651 -0.0469497 -0.0467965 -0.0471385
internal_weight=8.47859 3.31249 1.67391 5.1661 4.18966 3.39331 2.74352 1.5148 1.22871
internal_count=58 17 11 41 34 28 23 13 10
is_linear=0
shrinkage=0.05


Tree=34
num_leaves=9
num_cat=0
split_feature=0 0 3 9 2 5 2 6
split_gain=19.4757 9.81126e-05 0.000145066 5.03731e-05 5.55958e-05 3.40584e-05 1.20572e-05 7.63599e-06
threshold=1.8743000000000003 10.381750000000002 5.5000000000000009 -0.47805445239240252 825.00000000000011 0.68301270189221941 1450.0000000000002 0.25000000000000017
decision_type=2 2 2 2 2 2 2 2
left_child=-1 2 7 4 -4 6 -3 -2
right_child=1 5 3 -5 -6 -7 -8 -9
leaf_value=0.11547241716226014 -0.047698620013858141 -0.047857074398685029 -0.048640814438749735 -0.048726002041636282 -0.048092869888369895 -0.048084620782903757 -0.047568705075637513 -0.047936955581084698
leaf_weight=2.4850127100944519 0.66261810064315774 0.67539024353027366 0.73589791357517231 1.0380558520555498 1.2479711025953291 0.97024151682853688 0.78240498900413513 0.68193230032920837
leaf_count=9 5 5 5 7 9 7 6 5
internal_value=-0.00430331 -0.0481099 -0.0482516 -0.0484438 -0.0482961 -0.0478551 -0.0477023 -0.0478195
internal_weight=9.27952 6.79451 4.36648 3.02192 1.98387 2.42804 1.4578 1.34455
internal_count=58 49 31 21 14 18 11 10
is_linear=0
shrinkage=0.05


Tree=35
num_leaves=10
num_cat=0
split_feature=6 10 0 12 9 11 4 6 9
split_gain=9.33031 4.45456 8.05861 1.79523 0.786158 0.00424207 0.00333998 0.000568031 8.43313e-05
threshold=-0.9330127018922193 4.5000000000000009 5.1314000000000011 27.500000000000004 -0.24825246871434689 1.5000000000000002 196.00000000000003 -0.5 -0.41859597363157713
decision_type=2 2 2 2 2 2 2 2 2
left_child=-1 2 6 -4 5 -3 -2 -7 -9
right_child=1 4 3 -5 -6 7 -8 8 -10
leaf_value=0.10740409367234799 -0.051048817110190353 -0.055231430520190986 0.032553692436855207 0.10644434361033782 -0.0034106020270639769 -0.052773963990659284 -0.055018257718414211 -0.051601942449284788 -0.050949318135734945
leaf_weight=1.9803517460823066 0.89625228941440438 1.2829254120588292 1.6073131412267687 1.6824800819158552 0.99142448604106981 0.99152345955371757 1.296591594815254 1.1091908514499653 0.89392858743667858
leaf_count=7 5 6 7 6 5 5 6 6 5
internal_value=0.00767173 -0.0106981 0.0208523 0.0703432 -0.0435277 -0.0528258 -0.0533959 -0.0517952 -0.0513107
internal_weight=12.732 10.7516 5.48264 3.28979 5.26899 4.27757 2.19284 2.99464 2.00312
internal_count=58 51 24 13 27 22 11 16 11
is_linear=0
shrinkage=0.05


Tree=36
num_leaves=9
num_cat=0
split_feature=2 0 4 0 9 6 6 0
split_gain=3.847 3.20649 3.20668 3.96246 2.87302 0.643493 0.000151413 3.10365e-06
threshold=1705.0000000000002 9.1832000000000011 82.000000000000014 4.3650000000000011 -0.35824514579943006 0.6830127018922193 0.25000000000000017 10.361300000000002
decision_type=2 2 2 2 2 2 2 2
left_child=1 2 -1 -4 -5 -3 -2 -8
right_child=6 5 3 4 -6 -7 7 -9
leaf_value=0.11357553879855263 -0.049460642629114149 0.0030394212744275576 -0.053304308130457403 0.085678418958772443 -0.014456494009857641 -0.050680197776592328 -0.048831521105148996 -0.048693470710845232
leaf_weight=1.1132577359676359 1.4297528862953188 0.87221214175224315 1.3367638587951658 1.990086495876312 1.1191526055336001 1.54482302069664 0.7511092424392698 0.88902109861373901
leaf_count=4 9 5 7 8 5 9 5 6
internal_value=-0.00152204 0.0167836 0.037687 0.0186849 0.0496354 -0.0312949 -0.0490845 -0.0487567
internal_weight=11.0462 7.9763 5.55926 4.446 3.10924 2.41704 3.06988 1.64013
internal_count=58 38 24 20 13 14 20 11
is_linear=0
shrinkage=0.05


Tree=37
num_leaves=9
num_cat=0
split_feature=0 0 0 0 2 11 0 2
split_gain=5.39446 10.0091 0.000496254 0.000377862 0.000206258 0.000119325 5.65763e-05 3.31517e-05
threshold=10.361300000000002 10.654750000000002 11.105850000000002 1.8743000000000003 1250.0000000000002 1.5000000000000002 5.1314000000000011 1855.0000000000002
decision_type=2 2 2 2 2 2 2 2
left_child=3 -2 7 -1 5 -5 -6 -3
right_child=1 2 -4 4 6 -7 -8 -9
leaf_value=-0.046616488301967816 0.1127647305808514 -0.046827751549279401 -0.048753852494373529 -0.046920186194682655 -0.04841524407934452 -0.047700040415427795 -0.04780182749000858 -0.047349460740041573
leaf_weight=1.0175090730190275 1.9466734528541567 0.58656126260757424 0.72012069821357716 0.83512909710407335 0.8619430363178251 1.1886513680219648 0.66659312695264816 0.63322686403989792
leaf_count=9 7 5 5 7 6 9 5 5
internal_value=-0.0106374 0.0326655 -0.047713 -0.047466 -0.0477093 -0.0473782 -0.0481477 -0.0470986
internal_weight=8.45641 3.88658 1.93991 4.56983 3.55232 2.02378 1.52854 1.21979
internal_count=58 22 15 36 27 16 11 10
is_linear=0
shrinkage=0.05


Tree=38
num_leaves=8
num_cat=0
split_feature=2 12 0 0 12 6 2
split_gain=10.542 6.18695e-06 2.70076e-06 2.62209e-06 1.32706e-06 9.9921e-07 5.27419e-07
threshold=3050.0000000000005 10.500000000000002 1.8743000000000003 6.2124500000000014 53.500000000000007 0.25000000000000017 1450.0000000000002
decision_type=2 2 2 2 2 2 2
left_child=1 -1 -3 4 -4 -5 -7
right_child=-2 2 3 5 -6 6 -8
leaf_value=-0.043504772111903824 0.15509414312973685 -0.043133475303802495 -0.043441661996750473 -0.04330475845417267 -0.043301457250383417 -0.043257676451595256 -0.043163738276871255
leaf_weight=0.32106495276093561 0.94167807698249806 0.31320464238524426 0.32830209285020817 0.39124035462737061 0.34732861816883087 0.25478290393948555 0.36132583767175674
leaf_count=7 4 8 7 9 8 6 9
internal_value=0.0140259 -0.0433011 -0.0432683 -0.0432934 -0.0433696 -0.0432423 -0.0432026
internal_weight=3.25893 2.31725 1.99618 1.68298 0.675631 1.00735 0.616109
internal_count=58 54 47 39 15 24 15
is_linear=0
shrinkage=0.05


Tree=39
num_leaves=8
num_cat=0
split_feature=0 10 0 11 0 6 8
split_gain=11.281 2.672 0.000111491 6.8916e-05 6.09528e-05 3.46612e-05 1.12765e-05
threshold=10.654750000000002 4.5000000000000009 1.8743000000000003 1.5000000000000002 4.929450000000001 -0.5 0.80625269229011354
decision_type=2 2 2 2 2 2 2
left_child=2 -2 -1 6 -5 -6 -4
right_child=1 -3 3 4 5 -7 -8
leaf_value=-0.046285052394432091 0.018145745775518286 0.10912673224383362 -0.04673568833421466 -0.047332600011096321 -0.047020312035978638 -0.046564432605854793 -0.046433360767365928
leaf_weight=0.96364019811153401 1.3629229143261909 1.978493720293045 0.57710056006908395 1.0086409971117976 1.0856483951210971 0.67692840844392788 0.66250539571046829
leaf_count=9 8 7 5 8 9 6 6
internal_value=0.000961078 0.0720167 -0.046768 -0.046884 -0.0470226 -0.0468452 -0.0465741
internal_weight=8.31588 3.34142 4.97446 4.01082 2.77122 1.76258 1.23961
internal_count=58 15 43 34 23 15 11
is_linear=0
shrinkage=0.05


Tree=40
num_leaves=9
num_cat=0
split_feature=0 0 3 9 8 12 4 3
split_gain=17.1514 0.000112414 0.000126899 6.64445e-05 5.04068e-05 3.04685e-05 2.48683e-05 8.31589e-06
threshold=1.8743000000000003 10.381750000000002 5.5000000000000009 -0.47805445239240252 0.73233588278529871 33.500000000000007 46.000000000000007 2.5000000000000004
decision_type=2 2 2 2 2 2 2 2
left_child=-1 2 7 4 -4 6 -3 -2
right_child=1 5 3 -5 -6 -7 -8 -9
leaf_value=0.10478710298242355 -0.047572470829406313 -0.047377904072705299 -0.048120916580326051 -0.048374294404043283 -0.047604103973435619 -0.047161644653873611 -0.047781669176025172 -0.047317770361721682
leaf_weight=2.5789896845817566 0.65127527713775613 0.88856019079685233 0.97305338084697701 1.0004119575023653 0.91589941084384918 0.74085737019777287 0.66808608919382095 0.6309325098991394
leaf_count=9 5 7 7 7 7 6 5 5
internal_value=-0.00424087 -0.0477064 -0.0478611 -0.0480448 -0.0478703 -0.0474256 -0.0475512 -0.0474471
internal_weight=9.04807 6.46908 4.17157 2.88936 1.88895 2.2975 1.55665 1.28221
internal_count=58 49 31 21 14 18 12 10
is_linear=0
shrinkage=0.05


Tree=41
num_leaves=10
num_cat=0
split_feature=2 6 11 0 12 2 0 0 5
split_gain=15.6339 1.27659 1.7869 0.964878 0.0208991 0.00242627 0.000501174 0.000836844 0.00011191
threshold=675.00000000000011 -0.68301270189221952 3.5000000000000004 4.4795500000000006 36.500000000000007 1450.0000000000002 10.361300000000002 1.8743000000000003 0.68301270189221941
decision_type=2 2 2 2 2 2 2 2 2
left_child=3 2 -2 -1 -5 -3 7 -7 -8
right_child=1 5 -4 4 -6 6 8 -9 -10
leaf_value=0.045724139367781476 -0.052873815613420042 -0.053478250402696173 0.040674782834867654 0.094895861083169608 0.086867197346192318 -0.050289422600513216 -0.050055739920190558 -0.05235103195100415 -0.050765440011936162
leaf_weight=1.8132169544696806 0.99921885132789645 1.1729640513658521 1.0436055660247801 1.7671180963516238 1.4973843991756437 0.85229633748531375 1.171590104699135 1.1651586294174192 1.0562471002340315
leaf_count=7 5 6 5 6 5 5 7 6 6
internal_value=0.00729233 -0.038766 -0.0050832 0.0749694 0.0912132 -0.0514654 -0.0509092 -0.0514801 -0.0503922
internal_weight=12.5388 7.46108 2.04282 5.07772 3.2645 5.41826 4.24529 2.01745 2.22784
internal_count=58 40 10 18 11 30 24 11 13
is_linear=0
shrinkage=0.05


Tree=42
num_leaves=9
num_cat=0
split_feature=2 2 11 6 0 6 12 0
split_gain=3.54557 2.94619 2.71419 3.07675 1.46483 0.000150842 2.5348e-05 2.07827e-06
threshold=1705.0000000000002 300.00000000000006 1.5000000000000002 -0.68301270189221952 4.5662000000000011 0.25000000000000017 36.500000000000007 10.361300000000002
decision_type=2 2 2 2 2 2 2 2
left_child=1 6 -3 -4 -5 -2 -1 -7
right_child=5 2 3 4 -6 7 -8 -9
leaf_value=-0.048697288157291505 -0.048945752053111115 0.07761826809191949 -0.054623545618316005 -0.011144067262605372 0.061452023165841863 -0.048287673749293075 -0.048278962290658603 -0.04817149041209446
leaf_weight=0.74005205929279305 1.3624733835458758 2.0687311440706253 1.3514119237661359 1.0700684040784838 1.9817457497119901 0.70977842807769753 0.70909704267978668 0.84093856811523438
leaf_count=5 9 8 7 5 8 5 5 6
internal_value=-0.0013968 0.0159494 0.0303787 0.00818456 0.0359974 -0.0485619 -0.0484926 -0.0482247
internal_weight=10.8343 7.92111 6.47196 4.40323 3.05181 2.91319 1.44915 1.55072
internal_count=58 38 28 20 13 20 10 11
is_linear=0
shrinkage=0.05


Tree=43
num_leaves=10
num_cat=0
split_feature=0 0 0 0 3 11 3 14 7
split_gain=4.97625 8.65108 0.000366829 0.000345383 0.000171143 0.000104296 3.76134e-05 3.10667e-05 8.79557e-06
threshold=10.361300000000002 10.654750000000002 11.105850000000002 1.8743000000000003 8.5000000000000018 3.5000000000000004 5.5000000000000009 1.0000000180025095e-35 6.6500000000000012
decision_type=2 2 2 2 2 2 2 2 2
left_child=3 -2 8 -1 5 6 -5 -7 -3
right_child=1 2 -4 4 -6 7 -8 -9 -10
leaf_value=-0.046264518253546202 0.10262780801439444 -0.046637669957097366 -0.048240015982869131 -0.046507593036019507 -0.048042697017895687 -0.047234977020189355 -0.047075973763334042 -0.047690267344117146 -0.046912790983310526
leaf_weight=0.95963937044143666 2.0122925341129307 0.56870225816965081 0.68029583245515812 0.55936001241207167 0.68861295282840718 0.86911836266517639 0.606873519718647 0.65860094875097275 0.5938696563243866
leaf_count=9 7 5 5 5 5 7 5 5 5
internal_value=-0.0103946 0.0309499 -0.0473178 -0.0471017 -0.0473392 -0.0471594 -0.0468034 -0.0474313 -0.0467782
internal_weight=8.19737 3.85516 1.84287 4.34221 3.38257 2.69395 1.16623 1.52772 1.16257
internal_count=58 22 15 36 27 22 10 12 10
is_linear=0
shrinkage=0.05


Tree=44
num_leaves=10
num_cat=0
split_feature=2 5 4 12 7 4 10 9 10
split_gain=8.85593 5.66576e-06 5.99539e-06 5.16612e-06 1.35212e-06 1.10528e-06 9.37004e-07 4.7028e-07 2.64222e-07
threshold=3050.0000000000005 0.25000000000000011 295.00000000000006 27.500000000000004 9.4416666666666682 315.50000000000006 4.5000000000000009 -0.49524719222984687 4.5000000000000009
decision_type=2 2 2 2 2 2 2 2 2
left_child=1 2 3 -1 7 -4 -5 -3 -9
right_child=-2 4 5 6 -6 -7 -8 8 -10
leaf_value=-0.043557150328923322 0.13491441686216429 -0.043211474643221608 -0.043035240730329653 -0.043194455853144048 -0.043013542218554253 -0.043204463480696009 -0.043329220635702347 -0.043157885935064186 -0.043087554338060427
leaf_weight=0.24070793762803144 1.0225960463285444 0.24775005877017975 0.18455280736088753 0.20358279719948769 0.21713481470942497 0.20222550630569458 0.35198565199971199 0.31943703815340974 0.22946591675281525
leaf_count=5 4 6 5 5 6 5 8 8 6
internal_value=0.0133674 -0.0432109 -0.0432852 -0.0433637 -0.0431241 -0.0431237 -0.0432798 -0.0431543 -0.0431285
internal_weight=3.21944 2.19684 1.18305 0.796276 1.01379 0.386778 0.555568 0.796653 0.548903
internal_count=58 54 28 18 26 10 13 20 14
is_linear=0
shrinkage=0.05


Tree=45
num_leaves=9
num_cat=0
split_feature=0 2 0 3 11 0 9 3
split_gain=10.057 2.32044 0.000108858 8.2062e-05 4.4193e-05 3.76002e-05 2.30657e-05 6.20253e-06
threshold=10.654750000000002 1855.0000000000002 1.8743000000000003 5.5000000000000009 1.5000000000000002 4.929450000000001 -0.47805445239240252 2.5000000000000004
decision_type=2 2 2 2 2 2 2 2
left_child=2 -2 -1 7 -5 -6 -7 -4
right_child=1 -3 3 4 5 6 -8 -9
leaf_value=-0.045960809504809311 0.016082933785409703 0.10013701788327162 -0.046314350147802517 -0.04635312301134753 -0.047081343787073855 -0.046408205740136321 -0.046840494970425278 -0.046072332996808012
leaf_weight=0.90866391360759724 1.3765775188803675 2.0347979366779327 0.54061624407768272 0.64946401119232211 0.8513714745640758 0.5500336959958082 0.70290839672088545 0.51878572255373001
leaf_count=9 8 7 5 6 7 5 6 5
internal_value=0.000806085 0.066219 -0.0464526 -0.0465698 -0.0467137 -0.0468249 -0.0466507 -0.0461958
internal_weight=8.13322 3.41138 4.72184 3.81318 2.75378 2.10431 1.25294 1.0594
internal_count=58 15 43 34 24 18 11 10
is_linear=0
shrinkage=0.05


Tree=46
num_leaves=10
num_cat=0
split_feature=0 0 4 6 6 2 2 2 2
split_gain=15.2408 0.000106915 0.000104091 8.43185e-05 6.05422e-05 7.27425e-05 2.88748e-05 2.09583e-05 9.89355e-06
threshold=1.8743000000000003 6.2124500000000014 220.00000000000003 -0.9330127018922193 0.25000000000000017 1855.0000000000002 1450.0000000000002 1250.0000000000002 2537.5000000000005
decision_type=2 2 2 2 2 2 2 2 2
left_child=-1 2 3 -2 5 -3 -6 -5 -8
right_child=1 4 -4 7 6 -7 8 -9 -10
leaf_value=0.096288357380857961 -0.047837660659002662 -0.047015978822886939 -0.048090416159228648 -0.046931203606967682 -0.047202880241410373 -0.047773775217102049 -0.046675458115916238 -0.047327309781010164 -0.046953698523301501
leaf_weight=2.640447735786438 0.67215983569622095 0.60186381638050102 0.69109831005334843 0.59728122502565384 0.86806681752204928 0.6683424711227417 0.57470750808715798 0.75742396712303162 0.7194184735417366
leaf_count=9 5 5 5 5 7 5 5 6 6
internal_value=-0.00418951 -0.0473262 -0.0475605 -0.0473798 -0.0471407 -0.0474147 -0.0469798 -0.0471527 -0.0468301
internal_weight=8.79081 6.15036 2.71796 2.02687 3.4324 1.27021 2.16219 1.35471 1.29413
internal_count=58 49 21 16 28 10 18 11 11
is_linear=0
shrinkage=0.05


Tree=47
num_leaves=10
num_cat=0
split_feature=2 6 9 0 0 2 6 0 3
split_gain=13.9656 1.24211 1.66306 0.879127 0.0111598 0.0020126 0.0005131 0.000281431 1.13205e-05
threshold=675.00000000000011 -0.68301270189221952 -0.52414661475995694 4.4795500000000006 10.654750000000002 1450.0000000000002 0.25000000000000017 10.361300000000002 10.500000000000002
decision_type=2 2 2 2 2 2 2 2 2
left_child=3 2 -2 -1 -5 -3 -7 -8 -9
right_child=1 5 -4 4 -6 6 7 8 -10
leaf_value=0.042506934009333558 -0.052270239583610933 -0.052672421929095228 0.038586315795774873 0.08304648260112997 0.088901096342220043 -0.051213990304204315 -0.050531777705843363 -0.049654174570857003 -0.04939946158527548
leaf_weight=1.8370803296566007 0.95926505327224765 1.1254321336746214 1.0604289472103117 1.7980463504791262 1.4871854484081266 1.0821889042854307 1.2026635110378268 0.97125115990638711 0.79187099635601044
leaf_count=7 5 6 5 6 5 6 7 6 5
internal_value=0.00711139 -0.03782 -0.00456652 0.0702071 0.0856968 -0.0508021 -0.0502821 -0.049942 -0.0495398
internal_weight=12.3154 7.1931 2.01969 5.12231 3.28523 5.17341 4.04797 2.96579 1.76312
internal_count=58 40 10 18 11 30 24 18 11
is_linear=0
shrinkage=0.05


Tree=48
num_leaves=9
num_cat=0
split_feature=2 0 11 6 0 6 6 0
split_gain=3.25105 2.67563 3.98986 3.16384 2.0032 0.642204 0.00012862 1.43143e-06
threshold=1705.0000000000002 9.1832000000000011 1.5000000000000002 -0.68301270189221952 4.5662000000000011 0.6830127018922193 0.25000000000000017 10.361300000000002
decision_type=2 2 2 2 2 2 2 2
left_child=1 2 -1 -4 -5 -3 -2 -8
right_child=6 5 3 4 -6 -7 7 -9
leaf_value=0.09599252518093615 -0.048413032472942173 0.0047641360312341537 -0.053397118975418739 -0.010638506677834048 0.081943528492540413 -0.05026885465729241 -0.047782086114311111 -0.047682820893241343
leaf_weight=1.7627453804016111 1.2903585135936739 0.83089601993560802 1.4410742968320849 1.0558051913976672 1.3082131445407865 1.4643926918506622 0.6694814860820768 0.79377903044223785
leaf_count=6 9 5 8 5 5 9 5 6
internal_value=-0.00129374 0.0150797 0.0338064 0.00499809 0.040595 -0.0303469 -0.0480491 -0.0477282
internal_weight=10.6167 7.86313 5.56784 3.80509 2.36402 2.29529 2.75362 1.46326
internal_count=58 38 24 18 10 14 20 11
is_linear=0
shrinkage=0.05


Tree=49
num_leaves=9
num_cat=0
split_feature=0 0 0 0 2 11 6 2
split_gain=4.67456 7.64539 0.000340875 0.000284965 0.000180745 0.000117805 2.08697e-05 1.90362e-05
threshold=10.361300000000002 10.654750000000002 1.8743000000000003 11.105850000000002 1250.0000000000002 1.5000000000000002 -0.24999999999999994 1855.0000000000002
decision_type=2 2 2 2 2 2 2 2
left_child=2 -2 -1 7 5 -4 -6 -3
right_child=1 3 4 -5 6 -7 -8 -9
leaf_value=-0.045929623032569471 0.095506233098607826 -0.046223221224469306 -0.04621680550398613 -0.047764284473304094 -0.04727425753698096 -0.047033615341573222 -0.047660407209755548 -0.046639355889611094
leaf_weight=0.90272511541843403 2.0504491031169896 0.53007476031780221 0.74503935128450427 0.6422329545021056 0.74816937744617462 1.0832448974251745 0.65730733424425103 0.57071660459041595
leaf_count=9 7 5 7 5 6 9 5 5
internal_value=-0.010026 0.0300609 -0.0467887 -0.0469273 -0.0470285 -0.0467008 -0.0474549 -0.046439
internal_weight=7.92996 3.79347 4.13649 1.74302 3.23376 1.82828 1.40548 1.10079
internal_count=58 22 36 15 27 16 11 10
is_linear=0
shrinkage=0.05


Tree=50
num_leaves=9
num_cat=0
split_feature=2 3 14 5 0 7 9 10
split_gain=7.58355 5.26073e-06 4.13709e-06 3.25405e-06 2.94585e-06 1.31987e-06 6.22001e-07 2.59455e-07
threshold=3050.0000000000005 5.5000000000000009 1.0000000180025095e-35 -0.6830127018922193 10.361300000000002 9.4416666666666682 -0.49524719222984687 4.5000000000000009
decision_type=2 2 2 2 2 2 2 2
left_child=1 5 3 -3 -5 6 -1 -8
right_child=-2 2 -4 4 -6 -7 7 -9
leaf_value=-0.043138629297587064 0.11986607317134641 -0.043297118947271167 -0.043372366228962352 -0.043174561407015928 -0.042949184619101854 -0.042928213100295057 -0.043070729340148141 -0.042998960852645096
leaf_weight=0.23666327819228172 1.0859579890966413 0.25351073965430293 0.26671786978840828 0.35918465070426409 0.24312954396009445 0.20430225878953934 0.30185724794864732 0.21607563272118568
leaf_count=6 4 6 6 9 7 6 8 6
internal_value=0.012756 -0.043127 -0.0432004 -0.0431468 -0.0430836 -0.043041 -0.0430715 -0.0430408
internal_weight=3.1674 2.08144 1.12254 0.855825 0.602314 0.958898 0.754596 0.517933
internal_count=58 54 28 22 16 26 20 14
is_linear=0
shrinkage=0.05


Tree=51
num_leaves=8
num_cat=0
split_feature=0 10 0 11 0 6 7
split_gain=9.07346 1.95788 0.000111552 8.25159e-05 7.79989e-05 4.87793e-05 1.19215e-05
threshold=10.654750000000002 4.5000000000000009 1.8743000000000003 1.5000000000000002 4.929450000000001 -0.5 8.4166666666666696
decision_type=2 2 2 2 2 2 2
left_child=2 -2 -1 6 -5 -6 -4
right_child=1 -3 3 4 5 -7 -8
leaf_value=-0.045652035982933999 0.015498159159176173 0.09241988396602771 -0.045772012013907348 -0.046807195091139883 -0.046446741320366469 -0.045875249369607525 -0.046101318438194643
leaf_weight=0.854644015431404 1.3770721554756167 2.0718159079551697 0.58643355220556281 0.93440259993076358 0.9920068681240084 0.59874832630157426 0.51724372059106827
leaf_count=9 8 7 6 8 9 6 5
internal_value=0.000735592 0.0617066 -0.046166 -0.046287 -0.0464446 -0.0462316 -0.0459263
internal_weight=7.93237 3.44889 4.48348 3.62884 2.52516 1.59076 1.10368
internal_count=58 15 43 34 23 15 11
is_linear=0
shrinkage=0.05


Tree=52
num_leaves=9
num_cat=0
split_feature=0 0 12 12 6 2 2 2
split_gain=13.6595 0.000149367 0.000102167 6.23298e-05 5.358e-05 5.79518e-05 2.47642e-05 9.43586e-06
threshold=1.8743000000000003 6.2124500000000014 21.000000000000004 53.500000000000007 0.25000000000000017 1855.0000000000002 1450.0000000000002 2537.5000000000005
decision_type=2 2 2 2 2 2 2 2
left_child=-1 2 -2 -4 5 -3 -6 -8
right_child=1 4 3 -5 6 -7 7 -9
leaf_value=0.089478837357492874 -0.046666895033775066 -0.046645861643598435 -0.047688942602893816 -0.047134756588179956 -0.046804029291281947 -0.04734165728369634 -0.046292320069712345 -0.04657252198011845
leaf_weight=2.6730070412158966 0.57366423308849368 0.56785143166780494 1.0552190914750101 0.97725214809179295 0.81891956180334124 0.63267537951469421 0.53923620283603646 0.67851356416940689
leaf_count=9 5 5 8 8 7 5 5 6
internal_value=-0.00414609 -0.0469744 -0.0472562 -0.0474225 -0.0467476 -0.0470125 -0.0465914 -0.0464484
internal_weight=8.51634 5.84333 2.60614 2.03247 3.2372 1.20053 2.03667 1.21775
internal_count=58 49 21 16 28 10 18 11
is_linear=0
shrinkage=0.05


Tree=53
num_leaves=10
num_cat=0
split_feature=2 6 2 0 12 2 6 0 3
split_gain=12.4236 1.19967 1.63873 0.795516 0.0152373 0.001784 0.000469196 0.000296487 2.32105e-05
threshold=675.00000000000011 -0.68301270189221952 2300.0000000000005 4.4795500000000006 36.500000000000007 1450.0000000000002 0.25000000000000017 10.361300000000002 10.500000000000002
decision_type=2 2 2 2 2 2 2 2 2
left_child=3 2 -2 -1 -5 -3 -7 -8 -9
right_child=1 5 -4 4 -6 6 7 8 -10
leaf_value=0.03956644721872208 0.038784915985707852 -0.051970359502829092 -0.051904408430808881 0.083634542127082212 0.076790975968070163 -0.050578891489421442 -0.049951730131396907 -0.049074045703007885 -0.048698151831130687
leaf_weight=1.8553890585899351 1.0501997321844099 1.0776928216218946 0.94755363464355458 1.792547792196274 1.4889721274375913 1.0342662185430529 1.1466856002807619 0.92205968499183633 0.74046118557453156
leaf_count=7 5 6 5 6 5 6 7 6 5
internal_value=0.00682757 -0.0369072 -0.0042299 0.065734 0.0805293 -0.0501725 -0.0496684 -0.0493332 -0.0489066
internal_weight=12.0558 6.91892 1.99775 5.13691 3.28152 4.92117 3.84347 2.80921 1.66252
internal_count=58 40 10 18 11 30 24 18 11
is_linear=0
shrinkage=0.05


Tree=54
num_leaves=9
num_cat=0
split_feature=2 2 11 6 12 6 12 0
split_gain=3.01252 2.44601 2.12437 2.59874 1.22185 0.000135858 3.58903e-05 9.73661e-07
threshold=1705.0000000000002 300.00000000000006 1.5000000000000002 -0.68301270189221952 25.000000000000004 0.25000000000000017 36.500000000000007 10.361300000000002
decision_type=2 2 2 2 2 2 2 2
left_child=1 6 -3 -4 -5 -2 -1 -7
right_child=5 2 3 4 -6 7 -8 -9
leaf_value=-0.047916852809445333 -0.047988670913334759 0.068339306458835014 -0.053316455554546983 -0.011527265376157395 0.054878073524811936 -0.047311505320241531 -0.047393867931702832 -0.047227143232979919
leaf_weight=0.67660887539386727 1.229729011654854 2.1101842820644379 1.2596522718667982 1.0571677386760714 2.0093091279268265 0.63027159124612786 0.63679495453834534 0.74784477800130844
leaf_count=5 9 8 7 5 8 5 5 6
internal_value=-0.00112215 0.0145203 0.0272095 0.0071474 0.0319848 -0.0476066 -0.0476633 -0.0472657
internal_weight=10.3576 7.74972 6.43631 4.32613 3.06648 2.60785 1.3134 1.37812
internal_count=58 38 28 20 13 20 10 11
is_linear=0
shrinkage=0.05


Tree=55
num_leaves=9
num_cat=0
split_feature=0 0 0 0 11 6 6 4
split_gain=4.30546 6.70543 0.00032093 0.000204198 0.000175741 5.4205e-05 3.99941e-05 6.87139e-06
threshold=10.361300000000002 10.654750000000002 1.8743000000000003 11.105850000000002 1.5000000000000002 -0.24999999999999994 -0.9330127018922193 46.000000000000007
decision_type=2 2 2 2 2 2 2 2
left_child=2 -2 -1 7 -4 6 -6 -3
right_child=1 3 4 -5 5 -7 -8 -9
leaf_value=-0.045612027116625493 0.08842793434795565 -0.046030998825956675 -0.046140154360359349 -0.047315354027763351 -0.047048363450133746 -0.047265242456732387 -0.04648563672620986 -0.046287203498298679
leaf_weight=0.84683418273925815 2.0748452544212346 0.51447726786136605 0.93638269603252444 0.60465937852859486 0.60110126435756761 0.87087831646203939 0.66512762010097493 0.53265440464019775
leaf_count=9 7 5 9 5 5 7 6 5
internal_value=-0.00989479 0.0285855 -0.0464739 -0.0465838 -0.0467113 -0.0469616 -0.0467528 -0.0461613
internal_weight=7.64696 3.72664 3.92032 1.65179 3.07349 2.13711 1.26623 1.04713
internal_count=58 22 36 15 27 18 11 10
is_linear=0
shrinkage=0.05


Tree=56
num_leaves=10
num_cat=0
split_feature=2 0 3 12 0 2 2 2 2
split_gain=6.55683 5.12407e-06 4.75199e-06 5.24505e-06 3.97387e-06 1.77792e-06 9.66835e-07 4.68327e-07 1.23008e-07
threshold=3050.0000000000005 1.8743000000000003 5.5000000000000009 29.500000000000004 10.381750000000002 825.00000000000011 1000.0000000000001 2300.0000000000005 115.00000000000001
decision_type=2 2 2 2 2 2 2 2 2
left_child=1 -1 6 -4 5 -5 8 -8 -3
right_child=-2 2 3 4 -6 -7 7 -9 -10
leaf_value=-0.042851407032131798 0.10786422701427119 -0.042952696300132091 -0.043326189443971673 -0.043254428746630637 -0.042859396732759847 -0.043059194797333916 -0.04308508845645026 -0.042976588501807238 -0.042892580546825806
leaf_weight=0.28809901885688338 1.1345731914043424 0.17414401471614815 0.30184235796332359 0.21061711758375168 0.16211975365877151 0.2612668089568615 0.22759484872221947 0.17664908990263939 0.16640667244791985
leaf_count=9 4 5 7 5 5 7 6 5 5
internal_value=0.0121267 -0.0430462 -0.0430796 -0.0431546 -0.043073 -0.0431463 -0.0429854 -0.0430377 -0.0429233
internal_weight=3.10331 1.96874 1.68064 0.935846 0.634004 0.471884 0.744795 0.404244 0.340551
internal_count=58 54 45 24 17 12 21 11 10
is_linear=0
shrinkage=0.05


Tree=57
num_leaves=8
num_cat=0
split_feature=0 2 0 11 0 6 7
split_gain=8.15725 1.72589 0.000111419 9.73909e-05 8.66681e-05 5.59264e-05 1.23952e-05
threshold=10.654750000000002 1855.0000000000002 1.8743000000000003 1.5000000000000002 4.929450000000001 -0.5 8.4166666666666696
decision_type=2 2 2 2 2 2 2
left_child=2 -2 -1 6 -5 -6 -4
right_child=1 -3 3 4 5 -7 -8
leaf_value=-0.045358117506722584 0.014105571749097618 0.086156452741467965 -0.045443544195228995 -0.046575007881279953 -0.046189412842203202 -0.045559645135958976 -0.045790310622809582
leaf_weight=0.80158575624227513 1.3809826374053957 2.0874952375888824 0.54740722477436088 0.90051829069852862 0.94785201549530052 0.56128607690334276 0.48694004118442535
leaf_count=9 8 7 6 8 9 6 5
internal_value=0.000583957 0.0574692 -0.045889 -0.0460126 -0.0461868 -0.0459552 -0.0456068
internal_weight=7.71407 3.46848 4.24559 3.444 2.40966 1.50914 1.03435
internal_count=58 15 43 34 23 15 11
is_linear=0
shrinkage=0.05


Tree=58
num_leaves=9
num_cat=0
split_feature=0 0 11 0 6 2 10 4
split_gain=12.3336 0.00015514 0.000120159 5.58165e-05 4.78182e-05 6.54516e-05 2.29982e-05 3.87603e-06
threshold=1.8743000000000003 6.2124500000000014 1.5000000000000002 4.4795500000000006 0.25000000000000017 1855.0000000000002 4.5000000000000009 309.00000000000006
decision_type=2 2 2 2 2 2 2 2
left_child=-1 2 -2 -4 5 -3 -6 -8
right_child=1 4 3 -5 6 -7 7 -9
leaf_value=0.083984073858130254 -0.046418274148648117 -0.046259689521640994 -0.047538119959832377 -0.046949996475617477 -0.046443298006747041 -0.047020213304683305 -0.046191108015006838 -0.045998128371858224
leaf_weight=2.680504709482193 0.76554781943559658 0.53132701665163062 0.64697327464818966 1.0716974809765814 0.88277840614318814 0.6050625815987587 0.53005792200565338 0.51107921451330185
leaf_count=9 7 5 5 9 8 5 5 5
internal_value=-0.004074 -0.0466458 -0.0469393 -0.0471714 -0.0464075 -0.0466646 -0.0462556 -0.0460964
internal_weight=8.22503 5.54452 2.48422 1.71867 3.06031 1.13639 1.92392 1.04114
internal_count=58 49 21 14 28 10 18 10
is_linear=0
shrinkage=0.05


Tree=59
num_leaves=10
num_cat=0
split_feature=2 6 11 0 12 2 6 0 0
split_gain=11.1532 1.16372 1.54891 0.733598 0.0129262 0.00146468 0.000419233 0.000227074 5.88365e-05
threshold=675.00000000000011 -0.68301270189221952 3.5000000000000004 4.4795500000000006 36.500000000000007 1450.0000000000002 -1.0000000180025095e-35 10.361300000000002 11.102200000000002
decision_type=2 2 2 2 2 2 2 2 2
left_child=3 2 -2 -1 -5 -3 -7 -8 -9
right_child=1 5 -4 4 -6 6 7 8 -10
leaf_value=0.037126682905796675 -0.051358872409892953 -0.051257049502335221 0.03753576656532065 0.079307528351379955 0.072977927509774262 -0.050109545002147309 -0.049396326972351197 -0.048221579588469128 -0.048809875696685961
leaf_weight=1.8647881448268888 0.91560113430023182 1.0289925336837766 1.0542479902505872 1.787986606359482 1.4695356488227842 0.82959249615669239 1.0903178304433829 0.98543354868888833 0.74731346964836121
leaf_count=7 5 6 5 6 5 5 7 7 5
internal_value=0.00668083 -0.0360248 -0.00378315 0.0621356 0.0764521 -0.0495908 -0.0491214 -0.048831 -0.0484753
internal_weight=11.7738 6.6515 1.96985 5.12231 3.25752 4.68165 3.65266 2.82306 1.73275
internal_count=58 40 10 18 11 30 24 19 12
is_linear=0
shrinkage=0.05


Tree=60
num_leaves=10
num_cat=0
split_feature=2 2 11 0 6 6 6 4 11
split_gain=3.75721 2.17564 1.54461 2.35497 1.51847 0.000163155 1.77894e-05 4.38475e-06 3.22921e-06
threshold=1705.0000000000002 300.00000000000006 1.5000000000000002 4.4258500000000014 0.6830127018922193 0.25000000000000017 -0.5 295.00000000000006 3.5000000000000004
decision_type=2 2 2 2 2 2 2 2 2
left_child=1 -1 -3 -4 -5 6 -2 8 -7
right_child=5 2 3 4 -6 7 -8 -9 -10
leaf_value=-0.047088844232842486 -0.0473949212930867 0.064101999701919155 -0.051979630983641313 0.05541320020910824 -0.015271845795300588 -0.046818614434783253 -0.04776483807178037 -0.04673426797947261 -0.046983435474462695
leaf_weight=1.0968231558799741 0.63362284749746323 2.1241895258426666 1.0809138119220731 2.347577765583992 1.1233610212802889 0.58758003264665581 0.66727715730667136 0.57984486967325199 0.60127480328083038
leaf_count=9 5 8 6 9 5 5 5 5 5
internal_value=-0.000322712 0.0181738 0.0288959 0.0124665 0.0325362 -0.0471596 -0.0475847 -0.046847 -0.046902
internal_weight=10.8425 7.77287 6.67604 4.55185 3.47094 3.0696 1.3009 1.7687 1.18885
internal_count=62 37 28 20 14 25 10 15 10
is_linear=0
shrinkage=0.05


Tree=61
num_leaves=10
num_cat=0
split_feature=0 0 12 0 0 12 2 7 8
split_gain=5.2025 7.4009 0.0177656 0.000288963 0.000202046 0.000176826 3.63834e-05 2.00636e-05 8.8855e-06
threshold=10.361300000000002 10.654750000000002 58.500000000000007 4.3650000000000011 11.105850000000002 53.500000000000007 1450.0000000000002 9.4416666666666682 0.96863394805116498
decision_type=2 2 2 2 2 2 2 2 2
left_child=3 2 -2 7 8 6 -5 -1 -3
right_child=1 4 -4 5 -6 -7 -8 -9 -10
leaf_value=-0.04566329336771506 0.078242090069744627 -0.046098826532976242 0.085977594594928694 -0.04652185005768969 -0.047094103999208922 -0.045820554176265543 -0.046999871865809395 -0.045248903325034867 -0.045827764999184943
leaf_weight=0.66316070407629035 1.4792820215225222 0.61954953521490075 1.4897060990333555 0.89179412275552772 0.59151612222194661 0.78635386377573002 0.7189839705824852 0.52204000204801559 0.59048239886760712
leaf_count=7 5 6 5 8 5 8 6 6 6
internal_value=-0.000582977 0.0336116 0.0821234 -0.0461194 -0.0463368 -0.0464352 -0.0467352 -0.0454808 -0.0459666
internal_weight=8.35287 4.77054 2.96899 3.58233 1.80155 2.39713 1.61078 1.1852 1.21003
internal_count=62 27 10 35 17 22 14 13 12
is_linear=0
shrinkage=0.05


Tree=62
num_leaves=12
num_cat=0
split_feature=2 0 7 5 2 3 2 4 0 6 9
split_gain=5.0532 7.73597e-06 1.00947e-05 1.71184e-05 5.38638e-06 1.77839e-06 1.75909e-06 2.40142e-06 4.78472e-07 4.6857e-07 3.17512e-07
threshold=3050.0000000000005 1.8743000000000003 8.4166666666666696 -0.24999999999999994 1450.0000000000002 10.500000000000002 400.00000000000006 46.000000000000007 6.2124500000000014 -0.5 -0.49524719222984687
decision_type=2 2 2 2 2 2 2 2 2 2 2
left_child=1 10 5 -4 8 6 -3 -8 -5 -9 -1
right_child=-2 2 3 4 -6 -7 7 9 -10 -11 -12
leaf_value=-0.04272356972626553 0.10062409987735357 -0.042818012409769589 -0.043534453406742168 -0.042965802532133605 -0.043220551522038866 -0.042780228932878819 -0.042878736710353853 -0.043025722689401254 -0.042851245558099778 -0.043137061349062568 -0.04282636636761912
leaf_weight=0.1434185616672039 0.87008854746818531 0.15639485046267487 0.23906592279672623 0.20981794781982899 0.2386273592710495 0.15176823735237122 0.23040406033396721 0.18218429014086768 0.16116101294755936 0.19633709266781763 0.15773249231278974
leaf_count=5 3 5 5 6 6 5 7 5 5 5 5
internal_value=-0.000459445 -0.0430116 -0.0430516 -0.0431759 -0.0430352 -0.0429366 -0.0429676 -0.043006 -0.042916 -0.0430835 -0.0427774
internal_weight=2.937 2.06691 1.76576 0.848672 0.609606 0.917089 0.76532 0.608925 0.370979 0.378521 0.301151
internal_count=62 59 49 22 17 27 22 17 11 10 10
is_linear=0
shrinkage=0.05


Tree=63
num_leaves=10
num_cat=0
split_feature=8 4 2 2 7 3 12 7 2
split_gain=6.31837 1.71657 2.67295 0.597346 0.000444732 6.459e-05 4.0415e-05 3.30568e-05 4.84077e-06
threshold=0.91228888591693746 46.000000000000007 1855.0000000000002 2590.0000000000005 8.1083333333333361 5.5000000000000009 41.500000000000007 9.1416666666666675 1000.0000000000001
decision_type=2 2 2 2 2 2 2 2 2
left_child=3 -2 -3 4 -1 8 7 -7 -6
right_child=1 2 -4 -5 5 6 -8 -9 -10
leaf_value=-0.046968043400174034 0.082263181451729742 -0.046953661078643259 0.072457375881093342 0.00056789150995443323 -0.04538249380542142 -0.045650504658636168 -0.04538535309046822 -0.046227263068800567 -0.045190087068405327
leaf_weight=0.68880718946456942 2.0767873525619511 0.88431719690561272 0.99700355529785156 0.86795182526111592 0.71835941076278709 0.46871713548898675 0.44992445409297943 0.52862188220024109 0.59988583624362946
leaf_count=6 7 8 4 7 8 5 5 5 7
internal_value=0.00528221 0.0509237 0.0163281 -0.0365139 -0.0458313 -0.0455481 -0.0457787 -0.0459562 -0.0452949
internal_weight=8.28038 3.95811 1.88132 4.32227 3.45432 2.76551 1.44726 0.997339 1.31825
internal_count=62 19 12 43 36 30 15 10 15
is_linear=0
shrinkage=0.05


Tree=64
num_leaves=11
num_cat=0
split_feature=0 11 0 4 6 11 4 8 10 0
split_gain=12.1218 0.0176378 0.000111882 0.000123256 7.39484e-05 6.10591e-05 3.54208e-05 2.29843e-05 1.88215e-05 1.81642e-05
threshold=1.8743000000000003 3.5000000000000004 9.1832000000000011 220.00000000000003 0.6830127018922193 1.5000000000000002 46.000000000000007 0.87550652062374057 4.5000000000000009 11.102200000000002
decision_type=2 2 2 2 2 2 2 2 2 2
left_child=1 -1 3 5 6 -2 -4 -8 -7 -6
right_child=2 -3 4 -5 9 8 7 -9 -10 -11
leaf_value=0.074968351778375228 -0.045861457497557212 0.082685100133324821 -0.045977570967432442 -0.04706660406540588 -0.045683038517069348 -0.046727245069848461 -0.046212647768188404 -0.04663848026545897 -0.046315889420291086 -0.046066103282787138
leaf_weight=1.4768986999988558 0.49755351990461383 1.4850546121597288 0.50907432287931476 0.84828586876392353 0.76866981387138344 0.57330682873725869 0.52748155593872048 0.79366347938776016 0.53998484462499619 0.51801663637161255
leaf_count=5 5 5 5 7 8 5 5 7 5 5
internal_value=-0.00290544 0.0788374 -0.0463267 -0.0465788 -0.0461277 -0.0463219 -0.0463319 -0.0464685 -0.0465277 -0.0458373
internal_weight=8.53799 2.96195 5.57604 2.45913 3.11691 1.61085 1.83022 1.32115 1.11329 1.28669
internal_count=62 10 52 22 30 15 17 12 10 13
is_linear=0
shrinkage=0.05


Tree=65
num_leaves=10
num_cat=0
split_feature=2 0 11 7 14 6 6 10 11
split_gain=8.31361 2.53338 2.32698 0.893561 0.199524 0.00159811 0.000394255 0.000365496 3.36272e-05
threshold=1000.0000000000001 4.4795500000000006 1.5000000000000002 13.458333333333334 1.5000000000000002 -0.5 0.6830127018922193 4.5000000000000009 3.5000000000000004
decision_type=2 2 2 2 2 2 2 2 2
left_child=1 2 -1 5 -3 -2 7 -7 -8
right_child=3 4 -4 -5 -6 6 8 -9 -10
leaf_value=-0.053996383761478896 -0.050354615852896169 0.08039147590537396 0.046501005618726526 0.009537532141027226 0.055664515019478313 -0.049540950618742315 -0.047588019102866509 -0.048243542320309002 -0.048028468205564195
leaf_weight=1.0243378132581713 1.3469337373971937 1.9853153973817825 1.3160150498151777 0.74724802374839772 1.3849225342273712 0.9542339295148855 0.91454438865184762 1.2591084688901901 0.82361297309398651
leaf_count=5 8 7 5 4 5 6 7 9 6
internal_value=-0.000783769 0.0424788 0.00251479 -0.0416484 0.0702305 -0.0488673 -0.0483603 -0.0488029 -0.0477967
internal_weight=11.7563 5.71059 2.34035 6.04568 3.37024 5.29843 3.9515 2.21334 1.73816
internal_count=62 22 10 40 12 36 28 15 13
is_linear=0
shrinkage=0.05


Tree=66
num_leaves=9
num_cat=0
split_feature=2 2 11 0 4 6 6 12
split_gain=3.451 1.95495 1.3384 2.11961 0.727901 0.000163659 2.04536e-05 4.91028e-06
threshold=1705.0000000000002 300.00000000000006 1.5000000000000002 4.4258500000000014 196.00000000000003 0.25000000000000017 -0.5 41.500000000000007
decision_type=2 2 2 2 2 2 2 2
left_child=1 -1 -3 -4 -5 6 -2 -7
right_child=5 2 3 4 -6 7 -8 -9
leaf_value=-0.046683354098793817 -0.046990972390708992 0.059963937972329268 -0.051213865350631875 0.0097729320024744232 0.055759074133468228 -0.046369279009216224 -0.047398099658311856 -0.046544422954138333
leaf_weight=1.0322703272104261 0.59863565862178802 2.1280397176742554 1.0283009260892866 1.9088242799043658 1.5668753534555433 0.9837069436907766 0.63650941103696845 0.67462214827537537
leaf_count=9 5 8 6 8 6 9 5 6
internal_value=-0.00024045 0.0173238 0.0272864 0.011847 0.0305039 -0.0467651 -0.0472008 -0.0464405
internal_weight=10.5578 7.66431 6.63204 4.504 3.4757 2.89347 1.23515 1.65833
internal_count=62 37 28 20 14 25 10 15
is_linear=0
shrinkage=0.05


Tree=67
num_leaves=11
num_cat=0
split_feature=0 0 12 0 0 11 4 12 9 4
split_gain=4.80453 6.63306 0.0119882 0.000259144 0.000181689 0.00015377 4.34677e-05 3.87109e-05 9.15193e-06 8.25234e-06
threshold=10.361300000000002 10.654750000000002 58.500000000000007 1.8743000000000003 11.105850000000002 1.5000000000000002 220.00000000000003 29.500000000000004 -0.49524719222984687 46.000000000000007
decision_type=2 2 2 2 2 2 2 2 2 2
left_child=3 2 -2 8 9 -5 7 -7 -1 -3
right_child=1 4 -4 5 -6 6 -8 -9 -10 -11
leaf_value=-0.044895718083416712 0.074530528736629825 -0.045549130178907021 0.080901172257342877 -0.045471984017199304 -0.046782286139829092 -0.046394465744798996 -0.046646012729833208 -0.045807111726341332 -0.045227872966646002 -0.045817911499580644
leaf_weight=0.39687973260879517 1.4640184044837954 0.56036935001611687 1.4900584816932676 0.72991334646940242 0.56487068533897389 0.65282439440488793 0.68334834277629863 0.49190139770507812 0.434336677193642 0.58234960585832596
leaf_count=5 5 6 5 8 5 6 6 5 5 6
internal_value=-0.000536489 0.0323981 0.0777439 -0.0458363 -0.0460487 -0.0460855 -0.0463304 -0.0461421 -0.0450693 -0.0456861
internal_weight=8.05087 4.66167 2.95408 3.3892 1.70759 2.55799 1.82807 1.14473 0.831216 1.14272
internal_count=62 27 10 35 17 25 17 11 10 12
is_linear=0
shrinkage=0.05


Tree=68
num_leaves=12
num_cat=0
split_feature=2 0 8 5 2 3 3 2 2 0 9
split_gain=4.51796 7.13414e-06 8.67917e-06 1.51494e-05 4.81159e-06 1.85663e-06 1.73172e-06 7.71847e-07 9.76191e-07 4.97818e-07 2.65231e-07
threshold=3050.0000000000005 1.8743000000000003 0.80625269229011354 -0.24999999999999994 1450.0000000000002 10.500000000000002 6.5000000000000009 1000.0000000000001 2537.5000000000005 6.2124500000000014 -0.49524719222984687
decision_type=2 2 2 2 2 2 2 2 2 2 2
left_child=1 10 3 -3 9 6 7 -4 -9 -5 -1
right_child=-2 2 5 4 -6 -7 -8 8 -10 -11 -12
leaf_value=-0.042651969174308468 0.093201396952865875 -0.043438049137886264 -0.04275052345839131 -0.042892216440417866 -0.043136054404535967 -0.042698968530280622 -0.043015930005274934 -0.042956743092389241 -0.042790444448245958 -0.042771750474828861 -0.042749072940293967
leaf_weight=0.13418309576809406 0.8861551284790038 0.22799165919423103 0.1475245039910078 0.19862695224583127 0.22647164389491081 0.14107310213148594 0.2157718762755394 0.20816185884177685 0.15318756736814976 0.15092168189585209 0.14775882475078139
leaf_count=5 3 5 5 6 6 5 6 6 5 5 5
internal_value=-0.000424671 -0.0429355 -0.0429748 -0.0430931 -0.0429565 -0.0428649 -0.0428972 -0.0428469 -0.0428862 -0.0428402 -0.0427029
internal_weight=2.83783 1.95167 1.66973 0.804012 0.57602 0.865719 0.724646 0.508874 0.361349 0.349549 0.281942
internal_count=62 59 49 22 17 27 22 16 11 11 10
is_linear=0
shrinkage=0.05


Tree=69
num_leaves=10
num_cat=0
split_feature=0 10 9 0 8 3 2 0 12
split_gain=8.06142 1.5498 0.000164391 7.09438e-05 3.6186e-05 5.29357e-05 4.89121e-05 1.05093e-05 8.30298e-06
threshold=10.654750000000002 4.5000000000000009 -0.24825246871434689 1.8743000000000003 0.73233588278529871 5.5000000000000009 2300.0000000000005 9.1832000000000011 41.500000000000007
decision_type=2 2 2 2 2 2 2 2 2
left_child=2 -2 3 8 5 -5 7 -6 -1
right_child=1 -3 -4 4 6 -7 -8 -9 -10
leaf_value=-0.044677391020663794 0.011657284293003349 0.077089962487100067 -0.046210829645953647 -0.045182581936992872 -0.045132647138371798 -0.045834853738029681 -0.045568075453403557 -0.044772183047855782 -0.045002929212278872
leaf_weight=0.37390342354774553 1.3709385246038435 2.662386566400528 0.53074112534522999 0.51400299370288871 0.42428447306156136 0.78777901828289032 0.56127900630235672 0.38631116598844528 0.41136738657951355
leaf_count=5 8 9 5 6 5 8 6 5 5
internal_value=0.00500159 0.0548492 -0.0453915 -0.0452658 -0.0453885 -0.0455773 -0.0452093 -0.0449609 -0.0448479
internal_weight=8.02299 4.03333 3.98967 3.45893 2.67366 1.30178 1.37187 0.810596 0.785271
internal_count=62 17 45 40 30 14 16 10 10
is_linear=0
shrinkage=0.05


Tree=70
num_leaves=11
num_cat=0
split_feature=0 9 0 4 6 11 4 0 4 10
split_gain=10.9859 0.0138713 0.000108007 0.000116629 7.42337e-05 4.60579e-05 3.9016e-05 2.28647e-05 2.10878e-05 1.86468e-05
threshold=1.8743000000000003 -0.49524719222984687 9.1832000000000011 220.00000000000003 0.6830127018922193 1.5000000000000002 46.000000000000007 11.102200000000002 170.00000000000003 4.5000000000000009
decision_type=2 2 2 2 2 2 2 2 2 2
left_child=1 -1 3 5 6 -2 -4 -6 -8 -7
right_child=2 -3 4 -5 7 9 8 -9 -10 -11
leaf_value=0.078165800582964975 -0.04561758128062457 0.071281380717599208 -0.045653784847104147 -0.046769238396603102 -0.045347167061181609 -0.046414509947597854 -0.04635088927708423 -0.045790244190246847 -0.045932065140364499 -0.045993584178980758
leaf_weight=1.4751756191253664 0.47369442880153689 1.451734274625778 0.47746154665946994 0.81016064435243595 0.71467772871255852 0.54467833042144753 0.75778537988662698 0.49135429412126541 0.4980926588177681 0.5089622437953949
leaf_count=5 5 5 5 7 8 5 7 5 5 5
internal_value=-0.00293861 0.0747512 -0.0460306 -0.0462843 -0.0458289 -0.0460271 -0.0460385 -0.0455277 -0.0461848 -0.0462112
internal_weight=8.20378 2.92691 5.27687 2.3375 2.93937 1.52734 1.73334 1.20603 1.25588 1.05364
internal_count=62 10 52 22 30 15 17 13 12 10
is_linear=0
shrinkage=0.05


Tree=71
num_leaves=10
num_cat=0
split_feature=2 0 11 7 12 6 6 10 11
split_gain=7.49349 2.22053 2.10731 0.871827 0.329884 0.00129825 0.000381154 0.000312107 3.18238e-05
threshold=1000.0000000000001 4.4795500000000006 1.5000000000000002 13.458333333333334 33.500000000000007 -0.5 0.6830127018922193 4.5000000000000009 3.5000000000000004
decision_type=2 2 2 2 2 2 2 2 2
left_child=1 2 -1 5 -3 -2 7 -7 -8
right_child=3 4 -4 -5 -6 6 8 -9 -10
leaf_value=-0.053076906741689224 -0.04972011021049956 0.081681633265342155 0.043582851051636687 0.0096990026365603669 0.050203984720470968 -0.049017433353999496 -0.047090117392532022 -0.047787342196203973 -0.047532563432836156
leaf_weight=0.97957304120063815 1.2792306989431379 1.7109498083591463 1.3287089765071867 0.7428368180990218 1.6208125948905943 0.90867714583873804 0.85507451742887475 1.1922666504979134 0.7745676264166832
leaf_count=5 8 6 5 4 6 6 7 9 6
internal_value=-0.000698438 0.0402551 0.00256304 -0.0408503 0.0663686 -0.0483456 -0.0478743 -0.0483194 -0.0473004
internal_weight=11.3927 5.64004 2.30828 5.75265 3.33176 5.00982 3.73059 2.10094 1.62964
internal_count=62 22 10 40 12 36 28 15 13
is_linear=0
shrinkage=0.05


Tree=72
num_leaves=11
num_cat=0
split_feature=2 9 5 3 6 2 6 9 6 12
split_gain=3.17271 1.75333 2.60134 2.99782 2.72871 0.00576455 0.000156411 2.33763e-05 2.15815e-05 4.78696e-06
threshold=1705.0000000000002 -0.82968937203783677 0.68301270189221941 6.5000000000000009 -1.0000000180025095e-35 1450.0000000000002 0.25000000000000017 -0.49524719222984687 -0.5 41.500000000000007
decision_type=2 2 2 2 2 2 2 2 2 2
left_child=1 -1 3 5 -5 7 8 -3 -2 -8
right_child=6 2 -4 4 -6 -7 9 -9 -10 -11
leaf_value=-0.060449979898100893 -0.046613059952820335 -0.046761683786344155 0.073921714854469772 0.084739792903036446 -0.0072026425585399586 -0.05264540529389658 -0.045997325116874765 -0.046303067824942763 -0.047042706793718268 -0.046175896736360751
leaf_weight=0.67356522381305683 0.564812071621418 0.57452079653739918 1.8961092308163641 1.4362483620643614 1.8418870791792872 0.59246022999286641 0.92064788937568642 0.53809011727571476 0.6057379022240641 0.63356592506170273
leaf_count=3 5 5 7 5 9 3 9 5 5 6
internal_value=-0.000146872 0.0165389 0.024077 0.00511114 0.0330801 -0.0486614 -0.0463989 -0.0465399 -0.0468354 -0.0460701
internal_weight=10.2776 7.55288 6.87932 4.98321 3.27814 1.70507 2.72476 1.11261 1.17055 1.55421
internal_count=62 37 34 27 14 13 25 10 10 15
is_linear=0
shrinkage=0.05


Tree=73
num_leaves=11
num_cat=0
split_feature=0 0 12 0 11 0 9 6 10 9
split_gain=4.44244 5.95947 0.00907425 0.000236207 0.000130152 0.000127415 4.26613e-05 2.13939e-05 1.37628e-05 7.43323e-06
threshold=10.361300000000002 10.654750000000002 58.500000000000007 1.8743000000000003 1.5000000000000002 11.105850000000002 -0.35824514579943006 -0.24999999999999994 4.5000000000000009 -0.49524719222984687
decision_type=2 2 2 2 2 2 2 2 2 2
left_child=3 2 -2 9 -5 8 7 -6 -3 -1
right_child=1 5 -4 4 6 -7 -8 -9 -10 -11
leaf_value=-0.044655414916339065 0.071107995897544948 -0.045629114519877549 0.076682726367843734 -0.045238541804876915 -0.045620883479077126 -0.046401689302793217 -0.04641643898377424 -0.046053810152775217 -0.045272690628337234 -0.044964768117375375
leaf_weight=0.37137033045291901 1.4388958811759951 0.55756289511918999 1.4815951585769651 0.69243133813142788 0.47323683649301562 0.53038625419139851 0.54354547709226575 0.71881795674562443 0.52667579054832458 0.40698657184839282
leaf_count=5 5 6 5 8 5 5 5 7 6 5
internal_value=-0.000529324 0.0313187 0.0739361 -0.0455751 -0.0458181 -0.0457666 -0.0460493 -0.0458819 -0.045456 -0.0448172
internal_weight=7.7415 4.53512 2.92049 3.20639 2.42803 1.61462 1.7356 1.19205 1.08424 0.778357
internal_count=62 27 10 35 25 17 17 12 12 10
is_linear=0
shrinkage=0.05


Tree=74
num_leaves=9
num_cat=0
split_feature=2 0 12 2 10 0 6 9
split_gain=4.04492 6.50331e-06 7.13814e-06 2.93581e-06 4.10025e-06 2.5062e-06 1.36871e-06 2.20505e-07
threshold=3050.0000000000005 1.8743000000000003 11.500000000000002 300.00000000000006 4.5000000000000009 10.361300000000002 0.6830127018922193 -0.49524719222984687
decision_type=2 2 2 2 2 2 2 2
left_child=1 7 -3 -4 -5 -6 -7 -1
right_child=-2 2 3 4 5 6 -8 -9
leaf_value=-0.042584166529964676 0.086743181080262008 -0.043108263224933371 -0.042693890152340805 -0.043031180699256849 -0.04294497197721369 -0.04281989517803541 -0.042640912857337579 -0.042675737553014688
leaf_weight=0.12536708451807499 0.89447900652885426 0.32753807865083207 0.25289379619061925 0.3227911964058876 0.23807382956147194 0.24954499304294586 0.186751339584589 0.1382277570664886
leaf_count=5 3 9 9 9 7 8 7 5
internal_value=-0.000485142 -0.0428621 -0.0429005 -0.042846 -0.0428846 -0.0428145 -0.0427433 -0.0426322
internal_weight=2.73567 1.84119 1.57759 1.25006 0.997161 0.67437 0.436296 0.263595
internal_count=62 59 49 40 31 22 15 10
is_linear=0
shrinkage=0.05


Tree=75
num_leaves=10
num_cat=0
split_feature=0 10 9 0 8 5 2 10 12
split_gain=7.28401 1.39417 0.000157189 6.38763e-05 3.10372e-05 3.95738e-05 3.95215e-05 1.22439e-05 6.47034e-06
threshold=10.654750000000002 4.5000000000000009 -0.24825246871434689 1.8743000000000003 0.73233588278529871 0.25000000000000011 2300.0000000000005 4.5000000000000009 41.500000000000007
decision_type=2 2 2 2 2 2 2 2 2
left_child=2 -2 3 8 5 -5 7 -6 -1
right_child=1 -3 -4 4 6 -7 -8 -9 -10
leaf_value=-0.044458625166648044 0.010884931722126526 0.073120798051574662 -0.045970534677772665 -0.045553172727519756 -0.044931352387603006 -0.044973516204774071 -0.045304569771205061 -0.04452997503716586 -0.044755616659628586
leaf_weight=0.35010603815317232 1.3693879991769793 2.6244424879550934 0.50722461938858021 0.74311763793230079 0.40321144461631753 0.48768005520105362 0.52930009365081787 0.35931837558746338 0.38512828946113586
leaf_count=5 8 9 5 8 5 6 6 5 5
internal_value=0.00474379 0.0517816 -0.0451518 -0.0450243 -0.0451438 -0.0453235 -0.0449726 -0.0447422 -0.0446142
internal_weight=7.75892 3.99383 3.76509 3.25786 2.52263 1.2308 1.29183 0.76253 0.735234
internal_count=62 17 45 40 30 14 16 10 10
is_linear=0
shrinkage=0.05


Tree=76
num_leaves=10
num_cat=0
split_feature=0 9 0 4 6 4 7 3 0
split_gain=9.99169 0.0111264 9.9948e-05 9.17842e-05 7.37419e-05 4.24709e-05 3.64586e-05 2.54696e-05 2.14527e-05
threshold=1.8743000000000003 -0.49524719222984687 9.1832000000000011 220.00000000000003 0.6830127018922193 46.000000000000007 8.5833333333333339 5.5000000000000009 11.102200000000002
decision_type=2 2 2 2 2 2 2 2 2
left_child=1 -1 3 6 5 -4 -2 -7 -6
right_child=2 -3 4 -5 8 7 -8 -9 -10
leaf_value=0.074340405211817992 -0.045449233389864278 0.068118373726946777 -0.045353161736968489 -0.046446983326402784 -0.045062406974975794 -0.046110131040371621 -0.045966160524569033 -0.045637252717211807 -0.045505419006694199
leaf_weight=1.4557833373546603 0.54778926074504874 1.4187115430831907 0.44725995510816607 0.76808163523674 0.66712313145399071 0.72502347081899621 0.90401691198348999 0.46891193836927414 0.46287379413843155
leaf_count=5 6 5 5 7 8 7 9 5 5
internal_value=-0.00298807 0.0712695 -0.045755 -0.046005 -0.0455547 -0.0457687 -0.0457711 -0.0459244 -0.0452439
internal_weight=7.86557 2.87449 4.99108 2.21989 2.77119 1.6412 1.45181 1.19394 1.13
internal_count=62 10 52 22 30 17 15 12 13
is_linear=0
shrinkage=0.05


Tree=77
num_leaves=10
num_cat=0
split_feature=2 0 11 7 12 6 6 10 11
split_gain=6.80793 1.99058 1.90401 0.844651 0.308812 0.00101524 0.000374557 0.000342415 3.37476e-05
threshold=1000.0000000000001 4.4795500000000006 1.5000000000000002 13.458333333333334 33.500000000000007 -0.5 0.6830127018922193 4.5000000000000009 3.5000000000000004
decision_type=2 2 2 2 2 2 2 2 2
left_child=1 2 -1 5 -3 -2 7 -7 -8
right_child=3 4 -4 -5 -6 6 8 -9 -10
leaf_value=-0.052235589438281084 -0.049129927739121455 0.078277848998033736 0.040720555314017609 0.0095788511569953952 0.047568623478457604 -0.048645686680913909 -0.046639163597125666 -0.047326003817596503 -0.047109509203202393
leaf_weight=0.93540021777153048 1.2126966491341589 1.6874810457229616 1.3400713652372358 0.73933686316013325 1.5900070667266843 0.87416819483041774 0.79880995303392388 1.1229590177536011 0.72979474812746048
leaf_count=5 8 6 5 4 6 6 7 9 6
internal_value=-0.000577421 0.0384361 0.00250817 -0.0401265 0.0633799 -0.047882 -0.0474528 -0.0479036 -0.0468637
internal_weight=11.0307 5.55296 2.27547 5.47777 3.27749 4.73843 3.52573 1.99713 1.5286
internal_count=62 22 10 40 12 36 28 15 13
is_linear=0
shrinkage=0.05


Tree=78
num_leaves=9
num_cat=0
split_feature=2 3 11 2 8 6 6 12
split_gain=2.92129 1.43241 1.125 1.8187 1.68584 0.00014712 2.2497e-05 4.52471e-06
threshold=1705.0000000000002 1.5000000000000002 1.5000000000000002 675.00000000000011 0.55438071450436055 0.25000000000000017 -0.5 41.500000000000007
decision_type=2 2 2 2 2 2 2 2
left_child=1 -1 -3 -4 -5 6 -2 -7
right_child=5 2 3 4 -6 7 -8 -9
leaf_value=-0.048690028846575722 -0.046257494541046079 0.05379520639581778 -0.047525380824125982 -0.018655748611835405 0.053679717908594472 -0.045653830775961364 -0.046708531972656758 -0.045833234472940687
leaf_weight=0.7689782753586768 0.53193145990371704 2.0857821255922318 1.0707814320921896 1.2751461118459704 2.1868830770254135 0.86045283824205376 0.57565376907587074 0.59412479400634766
leaf_count=6 5 8 9 6 8 9 5 6
internal_value=-5.33398e-05 0.0159019 0.0234065 0.00942311 0.0270369 -0.0460577 -0.0464919 -0.0457271
internal_weight=9.94973 7.38757 6.61859 4.53281 3.46203 2.56216 1.10759 1.45458
internal_count=62 37 31 23 14 25 10 15
is_linear=0
shrinkage=0.05


Tree=79
num_leaves=11
num_cat=0
split_feature=0 0 12 0 9 0 3 11 10 9
split_gain=4.09482 5.34498 0.00663756 0.000216096 0.000131448 9.24676e-05 8.75667e-05 4.96459e-05 1.64675e-05 5.86648e-06
threshold=10.361300000000002 10.654750000000002 58.500000000000007 1.8743000000000003 -0.24825246871434689 11.105850000000002 8.5000000000000018 3.5000000000000004 4.5000000000000009 -0.49524719222984687
decision_type=2 2 2 2 2 2 2 2 2 2
left_child=3 2 -2 9 6 8 7 -5 -3 -1
right_child=1 5 -4 4 -6 -7 -8 -9 -10 -11
leaf_value=-0.044431675799581426 0.06799772493127311 -0.045409605821902524 0.072810012782090192 -0.044855293302876083 -0.046355914271632256 -0.046047196741984375 -0.045950567754082378 -0.045459950091993898 -0.045008408878614632 -0.044715957355715132
leaf_weight=0.34702397137880325 1.4054743647575381 0.53056392818689324 1.4618236720561979 0.63312510401010536 0.43123596161603894 0.49724818766117085 0.50422056764364254 0.73191779106855392 0.49384178221225739 0.38041386008262668
leaf_count=5 5 6 5 8 4 5 5 8 6 5
internal_value=-0.000603097 0.030255 0.0704512 -0.0453315 -0.045569 -0.0454878 -0.0453875 -0.0451795 -0.0452162 -0.0445803
internal_weight=7.41689 4.38895 2.8673 3.02794 2.3005 1.52165 1.86926 1.36504 1.02441 0.727438
internal_count=62 27 10 35 25 17 21 16 12 10
is_linear=0
shrinkage=0.05


Tree=80
num_leaves=11
num_cat=0
split_feature=2 0 8 5 2 6 2 6 0 9
split_gain=3.64017 5.92009e-06 6.31332e-06 9.538e-06 3.61329e-06 1.52129e-06 1.31389e-06 1.8356e-06 5.68472e-07 1.77907e-07
threshold=3050.0000000000005 1.8743000000000003 0.80625269229011354 -0.24999999999999994 1450.0000000000002 0.6830127018922193 2537.5000000000005 -0.68301270189221952 6.2124500000000014 -0.49524719222984687
decision_type=2 2 2 2 2 2 2 2 2 2
left_child=1 9 3 -3 8 6 7 -4 -5 -1
right_child=-2 2 5 4 -6 -7 -8 -9 -10 -11
leaf_value=-0.042520260587565716 0.081366669202798281 -0.043226516567334505 -0.042695488599438149 -0.04277344998383404 -0.042985832793844013 -0.042623944682145809 -0.042641016059113773 -0.042912846297698537 -0.04263723659134324 -0.042605407857495912
leaf_weight=0.11697941087186337 0.89504167437553395 0.20297238975763321 0.16675424203276634 0.17980316653847672 0.20398303680121899 0.23484300635755062 0.13370667584240437 0.23265193589031696 0.13344408012926579 0.12899495102465186
leaf_count=5 3 5 6 6 6 9 5 7 5 5
internal_value=-0.00052515 -0.0427921 -0.0428297 -0.0429361 -0.0428221 -0.04273 -0.0427767 -0.0428221 -0.0427154 -0.0425649
internal_weight=2.62917 1.73413 1.48816 0.720203 0.51723 0.767956 0.533113 0.399406 0.313247 0.245974
internal_count=62 59 49 22 17 27 18 13 11 10
is_linear=0
shrinkage=0.05


Tree=81
num_leaves=10
num_cat=0
split_feature=0 2 9 0 8 2 3 10 12
split_gain=6.59766 1.28335 0.00014194 5.95551e-05 3.39412e-05 3.40946e-05 3.30148e-05 1.06065e-05 4.88748e-06
threshold=10.654750000000002 1855.0000000000002 -0.24825246871434689 1.8743000000000003 0.73233588278529871 2300.0000000000005 5.5000000000000009 4.5000000000000009 41.500000000000007
decision_type=2 2 2 2 2 2 2 2 2
left_child=2 -2 3 8 6 7 -5 -6 -1
right_child=1 -3 -4 4 5 -7 -8 -9 -10
leaf_value=-0.044254412854797552 0.0097918972449701786 0.069877556153185014 -0.045726841937419882 -0.044786629284992323 -0.044697023218106528 -0.045054609280865826 -0.045330158427852416 -0.044310715495449085 -0.044521425109083426
leaf_weight=0.32738279178738672 1.3578891828656199 2.5718250572681427 0.48249730467796315 0.46249995380640052 0.37828771024942376 0.49824657291173935 0.7056523934006691 0.33506364375352859 0.35965742915868759
leaf_count=5 8 9 5 6 5 6 8 5 5
internal_value=0.00448466 0.0491153 -0.0449297 -0.0448043 -0.0449227 -0.0447372 -0.045115 -0.0445156 -0.0443942
internal_weight=7.479 3.92971 3.54929 3.06679 2.37975 1.2116 1.16815 0.713351 0.68704
internal_count=62 17 45 40 30 16 14 10 10
is_linear=0
shrinkage=0.05


Tree=82
num_leaves=10
num_cat=0
split_feature=0 12 0 9 3 2 4 11 12
split_gain=9.12024 0.00898135 9.91955e-05 7.34238e-05 7.02212e-05 7.89408e-05 8.09336e-05 4.39145e-05 1.22381e-05
threshold=1.8743000000000003 41.500000000000007 6.2124500000000014 -0.47805445239240252 10.500000000000002 1000.0000000000001 46.000000000000007 3.5000000000000004 36.500000000000007
decision_type=2 2 2 2 2 2 2 2 2
left_child=1 -1 3 7 5 -4 -7 -2 -8
right_child=2 -3 4 -5 -6 6 8 -9 -10
leaf_value=0.071114638808063249 -0.045165965666112716 0.065458502752026207 -0.045002993093615155 -0.046280292232005464 -0.044799644844176173 -0.045167602969484182 -0.046071897081060638 -0.045783716164085317 -0.045722054692829465
leaf_weight=1.428723216056824 0.42854975908994652 1.3795246481895445 0.73922234028577882 0.52642657607793797 0.54414464533328999 0.59806186705827702 0.51703739911317803 0.87524477392435074 0.4839828759431839
leaf_count=5 5 5 9 5 7 7 5 9 5
internal_value=-0.0029908 0.0683361 -0.045494 -0.0457819 -0.0453112 -0.0454303 -0.0456278 -0.0455807 -0.0459028
internal_weight=7.52092 2.80825 4.71267 1.83022 2.88245 2.3383 1.59908 1.30379 1.00102
internal_count=62 10 52 19 33 26 17 14 10
is_linear=0
shrinkage=0.05


Tree=83
num_leaves=10
num_cat=0
split_feature=2 12 12 7 11 6 8 10 3
split_gain=6.19202 1.74523 0.831378 0.799973 0.389405 0.000820375 0.000424096 0.000221471 2.01092e-05
threshold=1000.0000000000001 11.500000000000002 33.500000000000007 13.458333333333334 1.5000000000000002 0.25000000000000017 0.73233588278529871 4.5000000000000009 10.500000000000002
decision_type=2 2 2 2 2 2 2 2 2
left_child=1 -1 -3 5 -4 6 -2 -7 -9
right_child=3 2 4 -5 -6 7 -8 8 -10
leaf_value=-0.016896099089954167 -0.047260572067757092 0.07600695228598553 0.0081643896959487268 0.0087039327826110759 0.049362156053343077 -0.047360337903040499 -0.048787506559896061 -0.0466162031761677 -0.046240577265139401
leaf_weight=1.1847693324089048 0.73828071355819691 1.9281292259693144 1.0053363144397736 0.74010349810123433 1.3355688154697418 1.1153712049126625 1.1840477585792539 0.68234142661094666 0.74569676071405411
leaf_count=5 6 7 5 4 5 9 8 6 7
internal_value=-0.000437417 0.0367941 0.0516945 -0.0394423 0.0316692 -0.0474216 -0.0482011 -0.0468324 -0.0464201
internal_weight=10.6596 5.4538 4.26903 5.20584 2.34091 4.46574 1.92233 2.54341 1.42804
internal_count=62 22 17 40 10 36 14 22 13
is_linear=0
shrinkage=0.05


Tree=84
num_leaves=10
num_cat=0
split_feature=2 3 9 3 2 12 6 6 12
split_gain=2.68573 1.33444 1.85501 1.55637 1.30973 0.393757 0.000129211 1.89061e-05 4.24612e-06
threshold=1705.0000000000002 1.5000000000000002 -0.82968937203783677 8.5000000000000018 675.00000000000011 27.500000000000004 0.25000000000000017 -0.5 41.500000000000007
decision_type=2 2 2 2 2 2 2 2 2
left_child=1 -1 -3 4 -4 -6 7 -2 -8
right_child=6 2 3 -5 5 -7 8 -9 -10
leaf_value=-0.048416525761229449 -0.045926607852957824 -0.058801605793934501 0.0069521679567990215 -0.0073764548131449552 0.085721614396492146 0.047987355969440454 -0.045334986105906257 -0.046352615589626681 -0.045514716244599185
leaf_weight=0.73872379213571537 0.50046519190073013 0.63340474665164936 1.298326827585697 1.8057431280612943 1.4559928178787234 1.3164231926202772 0.80284103006124474 0.54303186386823676 0.55633562058210373
leaf_count=6 5 3 9 9 5 5 9 5 6
internal_value=8.31402e-05 0.0152686 0.0224954 0.0312581 0.0483961 0.0678043 -0.0457298 -0.0461483 -0.0454086
internal_weight=9.65129 7.24861 6.50989 5.87649 4.07074 2.77242 2.40267 1.0435 1.35918
internal_count=62 37 31 28 19 10 25 10 15
is_linear=0
shrinkage=0.05


Tree=85
num_leaves=10
num_cat=0
split_feature=0 0 12 9 0 3 4 11 9
split_gain=3.80007 4.83289 0.00511178 0.000220746 0.000119951 7.1501e-05 6.70096e-05 3.80955e-05 4.5273e-06
threshold=10.361300000000002 10.654750000000002 58.500000000000007 -0.24825246871434689 1.8743000000000003 8.5000000000000018 46.000000000000007 3.5000000000000004 -0.49524719222984687
decision_type=2 2 2 2 2 2 2 2 2
left_child=3 2 -2 4 8 7 -3 -6 -1
right_child=1 6 -4 -5 5 -7 -8 -9 -10
leaf_value=-0.044224805676056002 0.065441017603235715 -0.044886010860282405 0.069710967428978879 -0.04616883623932333 -0.04465655373477645 -0.045665165148399099 -0.045569778244339942 -0.045201630881062688 -0.044483236693223127
leaf_weight=0.32423093914985657 1.3677699565887453 0.71639516949653603 1.4376401901245115 0.41725230962038029 0.5989340543746946 0.47641454637050618 0.71684952080249786 0.6896606832742691 0.35504191368818361
leaf_count=5 5 9 5 4 8 5 8 8 5
internal_value=-0.000586947 0.029468 0.0676292 -0.0451059 -0.0449245 -0.0451418 -0.045228 -0.0449483 -0.0443599
internal_weight=7.10019 4.23865 2.80541 2.86153 2.44428 1.76501 1.43324 1.28859 0.679273
internal_count=62 27 10 35 31 21 17 16 10
is_linear=0
shrinkage=0.05


Tree=86
num_leaves=11
num_cat=0
split_feature=2 0 7 5 2 6 2 7 0 9
split_gain=3.29148 5.50946e-06 5.8782e-06 9.0032e-06 3.10044e-06 1.26189e-06 1.25887e-06 1.88576e-06 4.23847e-07 1.40236e-07
threshold=3050.0000000000005 1.8743000000000003 8.4166666666666696 -0.24999999999999994 1450.0000000000002 0.6830127018922193 2537.5000000000005 7.7666666666666675 6.2124500000000014 -0.49524719222984687
decision_type=2 2 2 2 2 2 2 2 2 2
left_child=1 9 5 -4 8 6 7 -3 -5 -1
right_child=-2 2 3 4 -6 -7 -8 -9 -10 -11
leaf_value=-0.04246049006950605 0.076827332050797933 -0.042835437234183316 -0.043159219573892627 -0.042706749856723958 -0.04291265706386771 -0.042566656551679974 -0.042572485272823396 -0.04259857999297266 -0.042585835320553406 -0.042538775461630179
leaf_weight=0.10914867557585239 0.88887867331504811 0.24989940412342526 0.19396905228495598 0.16938244551420212 0.19281448423862457 0.22050384245812893 0.12468266114592552 0.12660782411694527 0.12667925283312798 0.12020607292652163
leaf_count=5 3 8 5 6 6 9 5 5 5 5
internal_value=-0.000604107 -0.0427287 -0.0427658 -0.042871 -0.0427566 -0.0426663 -0.0427102 -0.0427558 -0.042655 -0.0425015
internal_weight=2.52277 1.63389 1.40454 0.682845 0.488876 0.721694 0.50119 0.376507 0.296062 0.229355
internal_count=62 59 49 22 17 27 18 13 11 10
is_linear=0
shrinkage=0.05


Tree=87
num_leaves=9
num_cat=0
split_feature=0 2 0 11 0 7 6 12
split_gain=5.98609 1.16221 9.03306e-05 5.5214e-05 4.36342e-05 1.92396e-05 1.72936e-05 3.91775e-06
threshold=10.654750000000002 1855.0000000000002 1.8743000000000003 1.5000000000000002 4.929450000000001 8.4166666666666696 0.25000000000000017 41.500000000000007
decision_type=2 2 2 2 2 2 2 2
left_child=2 -2 7 5 -5 -4 -6 -1
right_child=1 -3 3 4 6 -7 -8 -9
leaf_value=-0.044059607571961042 0.0092412172123850795 0.066835167794399186 -0.044211388118637285 -0.045312716472854078 -0.044962599061634773 -0.044701654928432893 -0.044562477675755253 -0.044307017090446647
leaf_weight=0.30560899153351817 1.3467574566602709 2.5055655837059021 0.32296268641948733 0.70212888717651356 0.72092917561531045 0.52606750279664993 0.43179160729050636 0.33585153520107269
leaf_count=5 8 9 5 8 9 7 6 5
internal_value=0.00420877 0.0467005 -0.0447226 -0.0448491 -0.045002 -0.0445152 -0.0448127 -0.0441891
internal_weight=7.19766 3.85232 3.34534 2.70388 1.85485 0.84903 1.15272 0.641461
internal_count=62 17 45 35 23 12 15 10
is_linear=0
shrinkage=0.05


Tree=88
num_leaves=10
num_cat=0
split_feature=0 3 0 9 3 2 4 11 12
split_gain=8.33843 0.00721545 9.43258e-05 0.000142189 6.63525e-05 6.79402e-05 6.27242e-05 4.96624e-05 1.22231e-05
threshold=1.8743000000000003 4.5000000000000009 6.2124500000000014 -0.41859597363157713 10.500000000000002 1000.0000000000001 46.000000000000007 3.5000000000000004 36.500000000000007
decision_type=2 2 2 2 2 2 2 2 2
left_child=1 -1 3 7 5 -4 -7 -2 -8
right_child=2 -3 4 -5 -6 6 8 -9 -10
leaf_value=0.063101340932471314 -0.044872145611317096 0.068242023863435294 -0.044776518668654952 -0.046325232138725463 -0.04455064599286486 -0.044957315221386386 -0.04579597314714285 -0.045512900858403892 -0.045436240939931774
leaf_weight=1.3355046510696413 0.47678495198488213 1.3962163925170896 0.69563364237546998 0.43199177831411351 0.50598939508199681 0.56608124077320077 0.49037861078977585 0.82679799944162369 0.45545751601457596
leaf_count=5 6 5 9 4 7 7 5 9 5
internal_value=-0.00303238 0.0657288 -0.0452512 -0.0455391 -0.0450671 -0.0451855 -0.0453736 -0.0452785 -0.0456227
internal_weight=7.18084 2.73172 4.44912 1.73557 2.71354 2.20755 1.51192 1.30358 0.945836
internal_count=62 10 52 19 33 26 17 15 10
is_linear=0
shrinkage=0.05


Tree=89
num_leaves=11
num_cat=0
split_feature=2 0 12 7 12 6 8 0 4 0
split_gain=5.59605 1.68114 0.890841 0.771442 0.290822 0.00064703 0.000339602 0.000210012 3.31848e-05 3.25147e-05
threshold=1000.0000000000001 4.4795500000000006 25.000000000000004 13.458333333333334 33.500000000000007 0.25000000000000017 0.73233588278529871 11.100500000000002 36.000000000000007 10.361300000000002
decision_type=2 2 2 2 2 2 2 2 2 2
left_child=1 2 -1 5 -3 6 -2 9 -9 -7
right_child=3 4 -4 -5 -6 7 -8 8 -10 -11
leaf_value=-0.028020926670748944 -0.046846718352054263 0.073373145370295503 0.03549330386592639 0.0085049085040093623 0.042947028313091988 -0.04624993462862468 -0.048253948759275654 -0.046666115330637942 -0.047198669580580672 -0.045733155987232627
leaf_weight=1.1802500635385516 0.69507093727588642 1.6111893653869631 1.0372700691223142 0.7354195937514304 1.5322662740945814 0.63782215863466285 1.1188316494226453 0.56739452481269814 0.60380630940198898 0.58221815526485443
leaf_count=5 6 6 5 4 6 6 8 5 5 6
internal_value=-0.000352303 0.0350251 0.00168857 -0.0387401 0.058542 -0.0470026 -0.0477147 -0.0464624 -0.0469407 -0.0460033
internal_weight=10.3015 5.36098 2.21752 4.94056 3.14346 4.20514 1.8139 2.39124 1.1712 1.22004
internal_count=62 22 10 40 12 36 14 22 10 12
is_linear=0
shrinkage=0.05


Tree=90
num_leaves=9
num_cat=0
split_feature=2 2 5 7 6 6 11 12
split_gain=3.96544 2.11671 1.29899 2.17413 1.10931 0.000107664 2.36697e-05 4.84119e-06
threshold=1705.0000000000002 300.00000000000006 0.68301270189221941 9.1416666666666675 0.25000000000000017 0.25000000000000017 3.5000000000000004 41.500000000000007
decision_type=2 2 2 2 2 2 2 2
left_child=1 -1 3 4 -3 6 -2 -7
right_child=5 2 -4 -5 -6 7 -8 -9
leaf_value=-0.045701472740410934 -0.046017291429664757 0.021770711938167056 0.066248476022212191 0.057337910137045194 -0.055104732951247119 -0.045018445635888187 -0.045523051922054393 -0.045196925764517809
leaf_weight=0.85833827406167973 0.5119353681802753 0.89613958448171638 2.4684807956218719 1.9004912376403806 0.98512424528598785 0.74374386668205239 0.45984478294849396 0.77672242373228073
leaf_count=9 5 5 9 8 5 9 5 9
internal_value=0.00889731 0.0279241 0.038035 0.0196191 -0.0184851 -0.0453723 -0.0457834 -0.0451096
internal_weight=9.60082 7.10857 6.25024 3.78176 1.88126 2.49225 0.97178 1.52047
internal_count=64 36 27 18 10 28 10 18
is_linear=0
shrinkage=0.05


Tree=91
num_leaves=11
num_cat=0
split_feature=2 14 3 3 6 9 14 6 8 9
split_gain=3.85072 0.758122 0.987014 0.564904 0.000345743 0.000101843 3.89546e-05 1.88713e-05 1.48509e-05 4.05787e-06
threshold=2300.0000000000005 1.0000000180025095e-35 11.500000000000002 10.500000000000002 -0.9330127018922193 -0.35824514579943006 1.0000000180025095e-35 0.25000000000000017 0.55438071450436055 -0.49524719222984687
decision_type=2 2 2 2 2 2 2 2 2 2
left_child=3 2 -2 4 -1 6 8 -7 -6 -10
right_child=1 -3 -4 -5 5 7 -8 -9 9 -11
leaf_value=-0.046016837788919192 -0.016305995856341248 0.070161272882744027 0.060047166119724021 0.0097367643448925123 -0.044034776410674534 -0.044888602670412281 -0.044840569762583112 -0.045364696534305249 -0.044565592503080398 -0.04436232782658564
leaf_weight=0.58280041068792376 0.94861757755279563 1.1562399566173551 0.76427099108695984 0.54967336356639851 0.30463058128953058 0.39262123405933369 0.54755190014839161 0.44297432154417038 0.36434356868267115 0.75297156721353453
leaf_count=6 9 4 3 4 5 5 7 5 5 11
internal_value=-0.0051782 0.0388785 0.0177619 -0.0372803 -0.0449087 -0.0446785 -0.0444822 -0.045141 -0.0443442 -0.0444286
internal_weight=6.8067 2.86913 1.71289 3.93757 3.38789 2.80509 1.9695 0.835596 1.42195 1.11732
internal_count=64 16 12 48 44 38 28 10 21 16
is_linear=0
shrinkage=0.05


Tree=92
num_leaves=10
num_cat=0
split_feature=2 3 13 12 0 4 9 3 0
split_gain=3.04786 8.15281e-06 5.95423e-06 3.37514e-06 2.18844e-06 1.37748e-06 1.24116e-06 2.7147e-07 2.20111e-07
threshold=3050.0000000000005 5.5000000000000009 1.0000000180025095e-35 53.500000000000007 10.361300000000002 46.000000000000007 -0.67993326682463484 3.5000000000000004 1.8743000000000003
decision_type=2 2 2 2 2 2 2 2 2
left_child=1 4 3 6 7 -6 -3 8 -1
right_child=-2 2 -4 -5 5 -7 -8 -9 -10
leaf_value=-0.042497598969481715 0.072960089288572436 -0.042883840978772882 -0.042568211067356219 -0.042736440756954791 -0.042569730152163442 -0.042761385978339186 -0.043073976437978362 -0.042451426368653039 -0.042575917238394968
leaf_weight=0.18402793258428596 0.8769746422767638 0.15833298675715923 0.19354398921132088 0.22012361325323582 0.17297392524778843 0.20470118150115013 0.18743780627846718 0.12988265603780746 0.17504851892590523
leaf_count=8 3 5 8 8 7 7 5 6 7
internal_value=-0.00216922 -0.042688 -0.0428076 -0.0428895 -0.0425832 -0.0426736 -0.0429869 -0.0425134 -0.0425358
internal_weight=2.50305 1.62607 0.759438 0.565894 0.866634 0.377675 0.345771 0.488959 0.359076
internal_count=64 61 26 18 35 14 10 21 15
is_linear=0
shrinkage=0.05


Tree=93
num_leaves=10
num_cat=0
split_feature=0 2 6 4 2 5 14 0 12
split_gain=4.93226 1.10416 0.000197444 7.12968e-05 3.00701e-05 1.76201e-05 7.67639e-06 1.45716e-06 1.06231e-06
threshold=10.654750000000002 1855.0000000000002 -0.9330127018922193 182.00000000000003 1250.0000000000002 -0.5 1.0000000180025095e-35 1.8743000000000003 140.00000000000003
decision_type=2 2 2 2 2 2 2 2 2
left_child=2 -2 -1 6 -5 -6 7 8 -4
right_child=1 -3 3 4 5 -7 -8 -9 -10
leaf_value=-0.045569100549684709 0.0065511048133856196 0.065189767181018224 -0.04401263299243352 -0.045017033687552888 -0.044335927891273358 -0.044730451801906164 -0.044383645182544215 -0.044203420872509704 -0.04414362909966494
leaf_weight=0.46284196525812182 1.3826857060194018 1.9141566753387449 0.30170475691556953 0.48427912592887867 0.53005674481391896 0.60721711814403523 0.4117942452430724 0.38778875023126602 0.31777732074260712
leaf_count=5 8 7 5 6 8 8 6 6 5
internal_value=-0.00329947 0.0405969 -0.044607 -0.0444606 -0.0446871 -0.0445466 -0.0442018 -0.0441274 -0.0440798
internal_weight=6.8003 3.29684 3.50346 3.04062 1.62155 1.13727 1.41907 1.00727 0.619482
internal_count=64 15 49 44 22 16 22 16 10
is_linear=0
shrinkage=0.05


Tree=94
num_leaves=10
num_cat=0
split_feature=0 11 6 2 2 12 5 6 0
split_gain=8.44738 0.00600905 0.000217384 5.71688e-05 8.24038e-05 5.22427e-05 5.79193e-05 2.90081e-05 9.37862e-07
threshold=1.8743000000000003 1.5000000000000002 -0.9330127018922193 400.00000000000006 2537.5000000000005 53.500000000000007 0.25000000000000011 0.25000000000000017 9.1832000000000011
decision_type=2 2 2 2 2 2 2 2 2
left_child=1 -1 -2 8 5 6 -5 -6 -4
right_child=2 -3 3 4 7 -7 -8 -9 -10
leaf_value=0.059532075117856055 -0.046010948699569357 0.063849874618956234 -0.044526206417768416 -0.045889586864987064 -0.045055354303765192 -0.044918589610738045 -0.045179951067609053 -0.044518875330148595 -0.04463940310117212
leaf_weight=2.0163131952285767 0.59347486495971669 1.3421629667282107 0.35935243964195285 0.49892964214086555 0.41324491053819634 0.63721332699060429 0.6786411851644516 0.64566036313772202 0.37282883375883102
leaf_count=8 6 5 5 5 5 8 8 9 5
internal_value=0.00214878 0.0612576 -0.0451242 -0.0449783 -0.0450788 -0.0452833 -0.0454806 -0.0447282 -0.0445838
internal_weight=7.55782 3.35848 4.19935 3.60587 2.87369 1.81478 1.17757 1.05891 0.732181
internal_count=64 13 51 45 35 21 13 14 10
is_linear=0
shrinkage=0.05


Tree=95
num_leaves=12
num_cat=0
split_feature=2 5 12 9 2 14 7 2 6 6 12
split_gain=6.46517 1.72364 0.678291 0.540836 0.02631 0.0154796 0.00193339 0.000740715 0.000193515 2.97437e-05 2.80027e-07
threshold=675.00000000000011 0.68301270189221941 10.500000000000002 -0.24825246871434689 115.00000000000001 1.5000000000000002 13.458333333333334 1250.0000000000002 0.6830127018922193 0.25000000000000017 116.00000000000001
decision_type=2 2 2 2 2 2 2 2 2 2 2
left_child=1 4 -2 5 -1 6 7 -4 9 -9 -10
right_child=2 -3 3 -5 -6 -7 -8 8 10 -11 -12
leaf_value=0.060960555058678693 0.0072988770184251005 -0.0064784478614500034 -0.04820407839173832 -0.0061848257713962851 0.070410540063300595 -0.054462298864271043 -0.049600377914299387 -0.046732114161572968 -0.045640446128609666 -0.046286955953302837 -0.045692271477107312
leaf_weight=1.5466661453247073 0.81580286473035801 1.1596246659755705 0.55492944270372468 0.90547131747007359 1.4061940610408781 0.86524315923452366 0.6198238432407378 0.90596114844083808 0.47442308068275429 0.64054086804389954 0.57845158874988556
leaf_count=6 5 5 4 5 5 5 4 8 5 6 6
internal_value=-0.00368067 0.0451756 -0.0352687 -0.0415316 0.0654608 -0.0484303 -0.0470474 -0.0465458 -0.0461918 -0.0465477 -0.0456689
internal_weight=10.4731 4.11248 6.36065 5.54484 2.95286 4.63937 3.77413 3.15431 2.59938 1.5465 1.05287
internal_count=64 16 48 43 11 38 33 29 25 14 11
is_linear=0
shrinkage=0.05


Tree=96
num_leaves=9
num_cat=0
split_feature=2 2 5 7 6 6 11 12
split_gain=3.59675 1.89922 1.20716 1.93281 1.03394 8.68005e-05 1.9315e-05 3.23277e-06
threshold=1705.0000000000002 300.00000000000006 0.68301270189221941 9.1416666666666675 0.25000000000000017 0.25000000000000017 3.5000000000000004 41.500000000000007
decision_type=2 2 2 2 2 2 2 2
left_child=1 -1 3 4 -3 6 -2 -7
right_child=5 2 -4 -5 -6 7 -8 -9
leaf_value=-0.045448018377068161 -0.045692853877356318 0.020613843681488105 0.06342596939814725 0.05329065339924282 -0.054481360436160788 -0.044772832657623551 -0.045231631641017567 -0.044923625100401321
leaf_weight=0.80922159552574147 0.48037549853324923 0.8812183737754824 2.4349672198295593 1.9212565571069715 0.95521396398544312 0.69694507867097832 0.43034911900758743 0.72534558176994324
leaf_count=9 5 5 9 8 5 9 5 9
internal_value=0.0086736 0.0265888 0.0360022 0.0182317 -0.0184467 -0.0450938 -0.0454749 -0.0448497
internal_weight=9.33489 7.00188 6.19266 3.75769 1.83643 2.33302 0.910725 1.42229
internal_count=64 36 27 18 10 28 10 18
is_linear=0
shrinkage=0.05


Tree=97
num_leaves=11
num_cat=0
split_feature=2 14 3 3 6 9 14 6 8 9
split_gain=3.53123 0.668291 0.895786 0.524736 0.000309211 9.2493e-05 3.19762e-05 1.80812e-05 1.20174e-05 4.64184e-06
threshold=2300.0000000000005 1.0000000180025095e-35 11.500000000000002 10.500000000000002 -0.9330127018922193 -0.35824514579943006 1.0000000180025095e-35 0.25000000000000017 0.55438071450436055 -0.49524719222984687
decision_type=2 2 2 2 2 2 2 2 2 2
left_child=3 2 -2 4 -1 6 8 -7 -6 -10
right_child=1 -3 -4 -5 5 7 -8 -9 9 -11
leaf_value=-0.045778562280323232 -0.015697803369697387 0.06713684874090263 0.058371013748178824 0.0082738387494634379 -0.043865001500394601 -0.044672938824802 -0.044617199276213715 -0.045151961897122408 -0.044381720494107421 -0.044157587579878116
leaf_weight=0.55099188908934671 0.91830615699291251 1.1285804510116575 0.73485353589057922 0.54777188599109639 0.28483521938324052 0.36941332742571775 0.51412456110119809 0.42206600308418274 0.34423835575580652 0.70226084068417471
leaf_count=6 9 4 3 4 5 5 7 5 5 11
internal_value=-0.00517448 0.0374759 0.0172269 -0.0369335 -0.0447013 -0.0444762 -0.0442823 -0.0449284 -0.0441529 -0.0442313
internal_weight=6.51744 2.78174 1.65316 3.7357 3.18793 2.63694 1.84546 0.791479 1.33133 1.0465
internal_count=64 16 12 48 44 38 28 10 21 16
is_linear=0
shrinkage=0.05


Tree=98
num_leaves=11
num_cat=0
split_feature=2 3 7 0 0 9 4 3 6 12
split_gain=2.77565 7.76067e-06 5.37705e-06 4.93662e-06 1.93224e-06 1.87131e-06 1.01671e-06 2.18777e-07 2.03975e-07 1.46658e-07
threshold=3050.0000000000005 5.5000000000000009 8.5833333333333339 4.4258500000000014 10.361300000000002 -0.70710678118654757 46.000000000000007 3.5000000000000004 0.6830127018922193 71.500000000000014
decision_type=2 2 2 2 2 2 2 2 2 2
left_child=1 4 9 -4 7 -5 -6 8 -1 -3
right_child=-2 2 3 5 6 -7 -8 -9 -10 -11
leaf_value=-0.04252931456785479 0.069633806001517112 -0.042592243480734121 -0.042605433578853331 -0.042820128944227515 -0.04251962917639672 -0.043058178970458522 -0.042689422789570754 -0.042398382416847222 -0.042447826013994688 -0.042513381718571989
leaf_weight=0.11895545758307002 0.85990142822265614 0.12116257473826408 0.14867459982633591 0.14926616474986076 0.16313181258738041 0.18472234532237053 0.19185146875679493 0.121399300172925 0.2166643813252449 0.11482296325266361
leaf_count=5 3 5 6 5 7 5 7 6 10 5
internal_value=-0.00224765 -0.0426298 -0.0427495 -0.0428451 -0.0425239 -0.0429518 -0.0426114 -0.0424559 -0.0424767 -0.0425539
internal_weight=2.39055 1.53065 0.718649 0.482663 0.812002 0.333989 0.354983 0.457019 0.33562 0.235986
internal_count=64 61 26 16 35 10 14 21 15 10
is_linear=0
shrinkage=0.05


Tree=99
num_leaves=10
num_cat=0
split_feature=0 2 6 3 2 5 14 2 12
split_gain=4.52475 1.00173 0.00017401 6.57225e-05 3.39613e-05 1.24458e-05 7.19524e-06 1.44264e-06 9.64937e-07
threshold=10.654750000000002 1855.0000000000002 -0.9330127018922193 6.5000000000000009 1250.0000000000002 -0.5 1.0000000180025095e-35 1000.0000000000001 140.00000000000003
decision_type=2 2 2 2 2 2 2 2 2
left_child=2 -2 -1 6 -5 -6 7 -4 -9
right_child=1 -3 3 4 5 -7 -8 8 -10
leaf_value=-0.045346981936790619 0.0064182639081133714 0.062850562705694391 -0.044022970921213107 -0.044856869343802057 -0.044163006599315879 -0.044505096028076653 -0.044200999911144706 -0.043829295366584149 -0.043958689243312282
leaf_weight=0.43832565844059024 1.3661375641822817 1.8530652374029157 0.36374954879283927 0.4650110751390456 0.49998972937464703 0.56783243268728245 0.38755850493907928 0.28025844320654869 0.29653074219822884
leaf_count=5 8 7 6 6 8 8 6 5 5
internal_value=-0.00327013 0.0389023 -0.0444193 -0.0442772 -0.0445002 -0.0443449 -0.0440197 -0.043945 -0.0438958
internal_weight=6.51846 3.2192 3.29926 2.86093 1.53283 1.06782 1.3281 0.940539 0.576789
internal_count=64 15 49 44 22 16 22 16 10
is_linear=0
shrinkage=0.05


Tree=100
num_leaves=10
num_cat=0
split_feature=0 3 6 0 2 2 12 6 4
split_gain=7.77624 0.00628427 0.000188602 5.44882e-05 2.74803e-05 6.10011e-05 2.91849e-05 2.17787e-05 9.1119e-06
threshold=1.8743000000000003 3.5000000000000004 -0.9330127018922193 4.929450000000001 1000.0000000000001 2537.5000000000005 36.500000000000007 1.0000000180025095e-35 205.00000000000003
decision_type=2 2 2 2 2 2 2 2 2
left_child=1 -1 -2 7 -5 6 -6 -4 -7
right_child=2 -3 3 4 5 8 -8 -9 -10
leaf_value=0.057762386010082725 -0.045754433299660162 0.062254973845572853 -0.044845833994223816 -0.044359696224203306 -0.0452654554766799 -0.04460528607483831 -0.044739971607218085 -0.045360502190374602 -0.044288001437758802
leaf_weight=1.929596543312073 0.56056073307991061 1.30472195148468 0.38827969133853946 0.61468312144279513 0.52473837882280328 0.43898718059062947 0.53222740441560745 0.43677084147930145 0.46700898557901382
leaf_count=8 6 5 5 9 6 6 7 5 7
internal_value=0.00204443 0.0595747 -0.0449046 -0.0447646 -0.0446514 -0.0447428 -0.0450009 -0.0451183 -0.0444417
internal_weight=7.19757 3.23432 3.96326 3.4027 2.57765 1.96296 1.05697 0.825051 0.905996
internal_count=64 13 51 45 35 26 13 10 13
is_linear=0
shrinkage=0.05


Tree=101
num_leaves=13
num_cat=0
split_feature=2 5 6 12 2 2 8 6 0 10 8 12
split_gain=5.85252 1.57448 0.767505 0.843751 0.0335233 0.0206106 0.00145442 0.000657211 0.000221159 0.000170558 4.94889e-05 2.0349e-06
threshold=675.00000000000011 0.68301270189221941 -0.9330127018922193 10.500000000000002 825.00000000000011 115.00000000000001 1.0000000180025095e-35 -0.68301270189221952 4.4795500000000006 4.5000000000000009 0.91228888591693746 116.00000000000001
decision_type=2 2 2 2 2 2 2 2 2 2 2 2
left_child=1 5 -2 -4 -5 -1 -6 -8 11 -10 -11 -9
right_child=2 -3 3 4 6 -7 7 8 9 10 -12 -13
leaf_value=0.059171955135416503 0.021764878279381821 -0.0062783678941953375 0.007039551978515868 -0.060291418009059218 -0.048961382620029192 0.067663260415605914 -0.047566845869664698 -0.045230384662905097 -0.046939637197599297 -0.046285542968428232 -0.045656725802497966 -0.045375714060285594
leaf_weight=1.4871593266725542 0.55338826775550831 1.1377653926610944 0.81335285305976857 0.50373652577400196 0.58329193294048298 1.3756981045007703 0.77136887609958638 0.4345387667417534 0.59405870735645261 0.53234186768531799 0.759031742811203 0.54042668640613556
leaf_count=6 2 5 5 2 4 5 6 5 5 5 8 6
internal_value=-0.00349671 0.043478 -0.0343778 -0.0399938 -0.0481007 0.0632523 -0.0466438 -0.0462716 -0.0459223 -0.0462385 -0.0459159 -0.0453109
internal_weight=10.0862 4.00062 6.08554 5.53215 4.7188 2.86286 4.21506 3.63177 2.8604 1.88543 1.29137 0.974965
internal_count=64 16 48 46 41 11 39 35 29 18 13 11
is_linear=0
shrinkage=0.05


Tree=102
num_leaves=11
num_cat=0
split_feature=4 13 9 8 9 5 9 9 7 0
split_gain=1.93267 2.31897 1.04277 1.06205 1.08641 1.71059 0.731874 0.00230073 0.000946522 1.7205e-06
threshold=36.000000000000007 1.0000000180025095e-35 -0.11318597237013776 0.55438071450436055 -0.70710678118654757 0.68301270189221941 -0.59116893267988335 -0.35824514579943006 11.250000000000002 9.1832000000000011
decision_type=2 2 2 2 2 2 2 2 2 2
left_child=7 2 3 -2 -5 6 -6 9 -3 -1
right_child=1 8 -4 4 5 -7 -8 -9 -10 -11
leaf_value=-0.044605166097455108 -0.019779532638549906 -0.044867225239067277 0.078219360766147647 0.073437673220604113 -0.052259623245531399 0.058302848538163345 0.013577827337005941 -0.0491334031514577 -0.047743632825085862 -0.044741163140482682
leaf_weight=0.59074634313583374 1.2080851942300785 0.7045321539044378 0.95607169717550355 1.2107903957366932 0.76817412674426933 1.4136605262756345 0.93699976801872464 0.40737053006887414 0.4814426600933075 0.38355670869350433
leaf_count=8 9 9 4 5 6 6 5 3 4 5
internal_value=0.00846236 0.0182568 0.0299985 0.0216733 0.0332398 0.0176343 -0.0160817 -0.045978 -0.0460349 -0.0446587
internal_weight=9.06143 7.67976 6.49378 5.53771 4.32962 3.11883 1.70517 1.38167 1.18597 0.974303
internal_count=64 48 35 31 22 17 11 16 13 13
is_linear=0
shrinkage=0.05


Tree=103
num_leaves=11
num_cat=0
split_feature=2 14 3 3 6 9 0 6 14 3
split_gain=3.23848 0.594936 0.812172 0.487488 0.000251431 8.61638e-05 2.85923e-05 1.63028e-05 1.33588e-05 4.02839e-06
threshold=2300.0000000000005 1.0000000180025095e-35 11.500000000000002 10.500000000000002 -0.9330127018922193 -0.35824514579943006 1.8743000000000003 0.25000000000000017 1.0000000180025095e-35 3.5000000000000004
decision_type=2 2 2 2 2 2 2 2 2 2
left_child=3 2 -2 4 -1 6 9 -7 -8 -6
right_child=1 -3 -4 -5 5 7 8 -9 -10 -11
leaf_value=-0.045504181038617177 -0.01509634873123597 0.064537143505101618 0.056818888446390547 0.0068920002528327076 -0.043949981878491196 -0.044488981841310567 -0.04411399436969609 -0.044956085893065406 -0.044485095364556054 -0.043706719699514493
leaf_weight=0.51710980013012964 0.88863436877727531 1.0965008139610288 0.70332260429859161 0.54540150612592686 0.47281756997108526 0.34864299744367544 0.56411746144294739 0.40240061283111572 0.42536282539367676 0.26588935032486916
leaf_count=6 9 4 3 4 8 5 9 5 6 5
internal_value=-0.00517965 0.0361962 0.0166756 -0.0365871 -0.0445013 -0.0442921 -0.0440978 -0.0447393 -0.0442735 -0.0438624
internal_weight=6.2302 2.68846 1.59196 3.54174 2.99634 2.47923 1.72819 0.751044 0.98948 0.738707
internal_count=64 16 12 48 44 38 28 10 15 13
is_linear=0
shrinkage=0.05


Tree=104
num_leaves=12
num_cat=0
split_feature=2 3 2 0 10 0 0 5 0 9 12
split_gain=2.53422 7.28346e-06 5.00876e-06 3.89879e-06 3.1942e-06 1.71183e-06 8.85788e-07 3.10359e-07 2.12284e-07 1.4265e-07 4.27726e-08
threshold=3050.0000000000005 5.5000000000000009 1250.0000000000002 4.4258500000000014 4.5000000000000009 10.361300000000002 11.105850000000002 -0.5 1.8743000000000003 -0.49524719222984687 140.00000000000003
decision_type=2 2 2 2 2 2 2 2 2 2 2
left_child=1 5 3 -3 -4 8 -7 -6 10 -10 -1
right_child=-2 2 4 -5 7 6 -8 -9 9 -11 -12
leaf_value=-0.042339205437632955 0.066754420779686921 -0.042657028041649038 -0.042776526084698854 -0.04300175974713788 -0.042389121727060247 -0.042608732196598345 -0.04243331079630891 -0.04250555532219432 -0.042475189275749475 -0.04239697588378516 -0.042386274191209293
leaf_weight=0.0931788180023434 0.83882954716682423 0.15949840843677521 0.11655630171298981 0.16883811540901661 0.09926879033446312 0.22860856354236603 0.10502110607922077 0.13515883684158325 0.11183502525091182 0.12177880480885495 0.10013478808104992
leaf_count=5 3 6 4 5 5 9 5 6 5 6 5
internal_value=-0.002329 -0.0425749 -0.0426939 -0.0428343 -0.0425626 -0.0424687 -0.0425535 -0.0424563 -0.0424023 -0.0424344 -0.0423636
internal_weight=2.27871 1.43988 0.67932 0.328337 0.350984 0.760557 0.33363 0.234428 0.426927 0.233614 0.193314
internal_count=64 61 26 11 15 35 14 11 21 11 10
is_linear=0
shrinkage=0.05


Tree=105
num_leaves=10
num_cat=0
split_feature=0 2 6 3 2 12 14 2 12
split_gain=4.14946 0.916489 0.000139863 6.14371e-05 3.83124e-05 6.78931e-06 6.70192e-06 1.45086e-06 8.58965e-07
threshold=10.654750000000002 1855.0000000000002 -0.9330127018922193 6.5000000000000009 1250.0000000000002 29.500000000000004 1.0000000180025095e-35 1000.0000000000001 140.00000000000003
decision_type=2 2 2 2 2 2 2 2 2
left_child=2 -2 -1 6 -5 -6 7 -4 -9
right_child=1 -3 3 4 5 -7 -8 8 -10
leaf_value=-0.045098772770385147 0.0061981430792306573 0.060794748380553543 -0.043857056087146476 -0.04471505028763248 -0.044268099781930886 -0.044003888985001412 -0.044031493136611692 -0.043659953204924058 -0.043786538585163563
leaf_weight=0.41179917007684741 1.348865404725075 1.7870000153779981 0.34107760712504409 0.44758777320384968 0.58696252480149247 0.41509415581822395 0.36447974294424057 0.26012904942035675 0.27641903609037399
leaf_count=5 8 7 6 6 9 7 6 5 5
internal_value=-0.00325387 0.0373105 -0.0442406 -0.0441093 -0.0443304 -0.0441587 -0.0438513 -0.0437764 -0.0437252
internal_weight=6.23941 3.13587 3.10355 2.69175 1.44964 1.00206 1.24211 0.877626 0.536548
internal_count=64 15 49 44 22 16 22 16 10
is_linear=0
shrinkage=0.05


Tree=106
num_leaves=11
num_cat=0
split_feature=0 6 0 6 3 2 3 2 11 3
split_gain=7.17012 0.0065124 0.000154547 9.83564e-05 6.75247e-05 2.29334e-05 4.15197e-05 2.388e-05 1.00098e-05 2.46639e-06
threshold=1.8743000000000003 0.6830127018922193 6.2124500000000014 -0.9330127018922193 8.5000000000000018 1000.0000000000001 8.5000000000000018 2537.5000000000005 1.5000000000000002 3.5000000000000004
decision_type=2 2 2 2 2 2 2 2 2 2
left_child=1 -1 3 -2 8 9 7 -7 -5 -4
right_child=2 -3 5 4 -6 6 -8 -9 -10 -11
leaf_value=0.060855943492614875 -0.045667032380134656 0.056197274476587844 -0.044250563773157253 -0.044298857067196815 -0.045250298641861003 -0.044870869731172436 -0.044061299545123139 -0.044380845803615065 -0.044675781240609252 -0.044053598136098909
leaf_weight=1.2663646042346954 0.46807698160409916 1.840344026684761 0.32960609346628222 0.3346155993640425 0.51447580009698868 0.63309983909130074 0.36901504546403874 0.40939303115010262 0.37190884351730347 0.30694345757365227
leaf_count=5 5 8 5 5 6 8 6 6 5 5
internal_value=0.00196533 0.0580963 -0.0446967 -0.0450508 -0.0448146 -0.0444047 -0.0445171 -0.0446784 -0.0444973 -0.0441556
internal_weight=6.84384 3.10671 3.73713 1.68908 1.221 2.04806 1.41151 1.04249 0.706524 0.63655
internal_count=64 13 51 21 16 30 20 14 10 10
is_linear=0
shrinkage=0.05


Tree=107
num_leaves=11
num_cat=0
split_feature=2 7 5 10 2 6 0 10 3 12
split_gain=5.37201 1.06729 1.011 0.701254 0.00765869 0.000988511 0.000224906 0.000238239 3.9096e-05 1.92277e-06
threshold=825.00000000000011 16.458333333333339 0.68301270189221941 4.5000000000000009 1250.0000000000002 -0.68301270189221952 4.4795500000000006 4.5000000000000009 10.500000000000002 116.00000000000001
decision_type=2 2 2 2 2 2 2 2 2 2
left_child=2 4 3 -1 -2 -6 9 -8 -9 -7
right_child=1 -3 -4 -5 5 6 7 8 -10 -11
leaf_value=0.02804987968074249 -0.050977402600354715 0.025956217361425778 -0.0060857639304545668 0.072728052158855569 -0.047825443395018256 -0.044937189042449345 -0.046819572600552535 -0.045794037061782741 -0.045212545762528422 -0.045083594185989534
leaf_weight=1.9186849594116211 1.0357300937175749 0.56082677841186512 1.1156965941190717 1.6196409165859222 0.65320052951574314 0.40383286774158555 0.57991496473550763 0.87416195124387741 0.4318627342581749 0.50433599948883057
leaf_count=8 7 3 5 6 5 5 5 9 5 6
internal_value=-0.00332567 -0.0390721 0.035415 0.048501 -0.0472071 -0.0460743 -0.0456649 -0.0459762 -0.0456018 -0.0450185
internal_weight=9.69789 5.04387 4.65402 3.53833 4.48304 3.44731 2.79411 1.88594 1.30602 0.908169
internal_count=64 45 19 14 42 35 30 19 14 11
is_linear=0
shrinkage=0.05


Tree=108
num_leaves=11
num_cat=0
split_feature=4 13 9 8 9 5 9 9 7 0
split_gain=1.79868 2.10827 0.925169 0.950126 0.947086 1.54628 0.665863 0.00215628 0.000726989 2.55865e-06
threshold=36.000000000000007 1.0000000180025095e-35 -0.11318597237013776 0.55438071450436055 -0.70710678118654757 0.68301270189221941 -0.59116893267988335 -0.35824514579943006 11.250000000000002 9.1832000000000011
decision_type=2 2 2 2 2 2 2 2 2 2
left_child=7 2 3 -2 -5 6 -6 9 -3 -1
right_child=1 8 -4 4 5 -7 -8 -9 -10 -11
leaf_value=-0.044376796425877593 -0.018798162686352246 -0.044641588698692926 0.074107806390611361 0.069309393581222165 -0.051558074815715352 0.05616980656806797 0.012467889351357819 -0.048872597824195035 -0.047244111524357632 -0.044547838819965574
leaf_weight=0.55045690387487411 1.1805479526519764 0.66116901487112023 0.96072071045637208 1.2100094333291043 0.72470715641975303 1.3720544502139089 0.92362072318792554 0.39340265095233895 0.45162997394800186 0.36272513866424561
leaf_count=8 9 9 4 5 6 6 5 3 4 5
internal_value=0.0083521 0.0178017 0.0288918 0.0208637 0.0319318 0.0169578 -0.0156819 -0.0457779 -0.0456978 -0.0444447
internal_weight=8.79104 7.48446 6.37166 5.41094 4.23039 3.02038 1.64833 1.30658 1.1128 0.913182
internal_count=64 48 35 31 22 17 11 16 13 13
is_linear=0
shrinkage=0.05


Tree=109
num_leaves=10
num_cat=0
split_feature=0 0 3 0 2 2 0 12 2
split_gain=3.00039 3.07895 0.00028094 0.000157855 5.92115e-05 3.06268e-05 2.18085e-05 1.83951e-05 2.0816e-07
threshold=10.361300000000002 10.654750000000002 5.5000000000000009 4.4795500000000006 825.00000000000011 2537.5000000000005 4.929450000000001 25.000000000000004 1705.0000000000002
decision_type=2 2 2 2 2 2 2 2 2
left_child=2 -2 6 4 -4 7 8 -3 -1
right_child=1 5 3 -5 -6 -7 -8 -9 -10
leaf_value=-0.043720339670279551 0.059777183970495411 -0.044540539923073628 -0.04479806830335277 -0.045441713991575927 -0.043842577394668458 -0.044865321706927225 -0.044184204198099444 -0.04400887430461764 -0.043776390586633691
leaf_weight=0.26552446186542533 2.2432773113250737 0.35970815271139123 0.38636247068643548 0.79169163107872009 0.27938954532146454 0.37732568383216858 0.5109117180109024 0.29703909531235695 0.44034186378121376
leaf_count=5 9 5 5 9 5 5 8 5 8
internal_value=-0.00519508 0.0268735 -0.0444963 -0.0449645 -0.0443971 -0.0445063 -0.0439354 -0.0443001 -0.0437553
internal_weight=5.95157 3.27735 2.67422 1.45744 0.665752 1.03407 1.21678 0.656747 0.705866
internal_count=64 24 40 19 10 15 21 10 13
is_linear=0
shrinkage=0.05


Tree=110
num_leaves=12
num_cat=0
split_feature=2 5 8 0 0 9 0 0 2 9 12
split_gain=2.32015 6.34327e-06 4.35237e-06 4.78072e-06 1.48706e-06 1.32126e-06 7.87851e-07 2.19047e-07 1.57161e-07 1.03958e-07 3.32649e-08
threshold=3050.0000000000005 0.25000000000000011 0.80625269229011354 4.4258500000000014 10.361300000000002 -0.70710678118654757 11.105850000000002 1.8743000000000003 2300.0000000000005 -0.49524719222984687 140.00000000000003
decision_type=2 2 2 2 2 2 2 2 2 2 2
left_child=1 2 3 -1 7 -5 -6 10 -4 -9 -3
right_child=-2 4 8 5 6 -7 -8 9 -10 -11 -12
leaf_value=-0.042469744236239781 0.064262181980257002 -0.042291461146108204 -0.042490022833412043 -0.042717863284935986 -0.042553576517001417 -0.042927872166290161 -0.042382782567614082 -0.042424082965174609 -0.04240328282089658 -0.042355273557518391 -0.042334483974863522
leaf_weight=0.12785746529698394 0.81482034921646107 0.086786352097988129 0.10826852545142174 0.13508378900587559 0.2154625691473484 0.16808833368122578 0.098337924107909203 0.10500532388687145 0.10087667405605316 0.11501495540142048 0.0931558758020401
leaf_count=6 3 5 5 5 9 5 5 5 5 6 5
internal_value=-0.00240172 -0.0425211 -0.0426353 -0.0427262 -0.0424186 -0.0428343 -0.0425001 -0.0423547 -0.0424482 -0.0423881 -0.0423137
internal_weight=2.16876 1.35394 0.640175 0.43103 0.713763 0.303172 0.3138 0.399963 0.209145 0.22002 0.179942
internal_count=64 61 26 16 35 10 14 21 10 11 10
is_linear=0
shrinkage=0.05


Tree=111
num_leaves=12
num_cat=0
split_feature=8 4 13 2 7 6 3 12 14 2 12
split_gain=2.77368 0.924442 1.27422 0.419517 0.000362875 0.000133851 3.64844e-05 2.54129e-05 4.10045e-06 2.26428e-06 6.53509e-07
threshold=0.91228888591693746 46.000000000000007 1.0000000180025095e-35 2590.0000000000005 8.1083333333333361 -0.9330127018922193 6.5000000000000009 41.500000000000007 1.0000000180025095e-35 1000.0000000000001 140.00000000000003
decision_type=2 2 2 2 2 2 2 2 2 2 2
left_child=3 -2 -3 4 -1 -6 8 -8 9 -7 -11
right_child=1 2 -4 -5 5 6 7 -9 -10 10 -12
leaf_value=-0.045678361564836796 0.064349153033931974 -0.046986825789357915 0.045460147883870872 0.0015014865277018005 -0.044903568557042133 -0.043750207403061153 -0.044413649585586419 -0.043791141474576224 -0.043856528792541087 -0.043512053512523373 -0.043626435559844114
leaf_weight=0.41737853363156396 1.2767877429723742 0.64141833782196023 0.88980718702077866 0.62122099101543415 0.38950160890817742 0.27200594171881565 0.40735094621777546 0.2743760421872139 0.28326300904154778 0.24252299219369888 0.25742162019014359
leaf_count=5 5 6 5 7 5 5 6 5 5 5 5
internal_value=-0.00324175 0.0329317 0.00673484 -0.0353347 -0.0443304 -0.0440659 -0.043878 -0.0441631 -0.0436938 -0.0436341 -0.0435709
internal_weight=5.97305 2.80801 1.53123 3.16504 2.54382 2.12644 1.73694 0.681727 1.05521 0.771951 0.499945
internal_count=64 16 11 48 41 36 31 11 20 15 10
is_linear=0
shrinkage=0.05


Tree=112
num_leaves=10
num_cat=0
split_feature=0 3 6 0 2 2 12 6 7
split_gain=6.58261 0.00532452 0.000129193 4.21616e-05 2.31917e-05 4.28472e-05 3.135e-05 1.31766e-05 5.40666e-06
threshold=1.8743000000000003 3.5000000000000004 -0.9330127018922193 4.929450000000001 2537.5000000000005 1000.0000000000001 36.500000000000007 1.0000000180025095e-35 7.1500000000000012
decision_type=2 2 2 2 2 2 2 2 2
left_child=1 -1 -2 7 5 -5 -7 -4 -6
right_child=2 -3 3 4 8 6 -8 -9 -10
leaf_value=0.054808067082085944 -0.045249751364330293 0.059113434045999752 -0.044485347359396465 -0.044038663002893164 -0.043881979885835282 -0.044879520285557001 -0.044303126347363386 -0.04490806697534961 -0.044153613876525638
leaf_weight=1.7498377263545992 0.49702491983771357 1.2179765254259107 0.34984672069549594 0.54902081936597846 0.28707206994295109 0.4765581488609314 0.46716003119945526 0.38969375565648079 0.50623198598623276
leaf_count=8 6 5 5 9 5 6 7 5 8
internal_value=0.00171615 0.056575 -0.0445027 -0.0443799 -0.0442738 -0.0443899 -0.0445942 -0.0447081 -0.0440553
internal_weight=6.49042 2.96781 3.52261 3.02558 2.28604 1.49274 0.943718 0.73954 0.793304
internal_count=64 13 51 45 35 22 13 10 13
is_linear=0
shrinkage=0.05


Tree=113
num_leaves=12
num_cat=0
split_feature=2 5 6 10 8 2 0 10 6 2 12
split_gain=4.91298 0.892843 0.877348 0.632261 0.00100191 0.000974326 0.000318868 0.000288614 9.50392e-05 1.61655e-05 2.58592e-07
threshold=825.00000000000011 0.68301270189221941 -0.9330127018922193 4.5000000000000009 1.0000000180025095e-35 1000.0000000000001 4.4795500000000006 4.5000000000000009 0.25000000000000017 2590.0000000000005 53.500000000000007
decision_type=2 2 2 2 2 2 2 2 2 2 2
left_child=1 3 -2 -1 -4 -6 10 -8 -9 -10 -7
right_child=2 -3 4 -5 5 6 7 8 9 -11 -12
leaf_value=0.026937490659006941 0.020893435901504262 -0.0052519396585196535 -0.048212798668096198 0.069856403629871597 -0.048169983412948279 -0.044862061172833811 -0.046696241505587349 -0.045953033074745478 -0.045375489642583561 -0.044937665522571148 -0.044808856718077397
leaf_weight=1.8802939206361771 0.55071404576301564 1.0966323763132093 0.53559450060129155 1.578455775976181 0.41888779401779208 0.39170407503843341 0.79431137442588817 0.70414959639310837 0.44174440950155258 0.40332021564245224 0.54773008078336716
leaf_count=8 2 5 4 6 3 5 7 7 5 5 7
internal_value=-0.00311139 0.03406 -0.0384757 0.0465242 -0.0461915 -0.0458991 -0.0456093 -0.0459213 -0.045524 -0.0451665 -0.044831
internal_weight=9.34354 4.55538 4.78816 3.45875 4.23744 3.70185 3.28296 2.34353 1.54921 0.845065 0.939434
internal_count=64 19 45 14 43 39 36 24 17 10 12
is_linear=0
shrinkage=0.05


Tree=114
num_leaves=12
num_cat=0
split_feature=2 5 7 11 3 8 2 0 4 11 12
split_gain=2.77424 0.903892 1.61819 0.97502 0.624327 0.406902 0.00767692 3.02845e-05 2.88131e-05 2.18744e-05 1.26664e-07
threshold=1705.0000000000002 0.68301270189221941 9.1416666666666675 1.5000000000000002 6.5000000000000009 0.87550652062374057 400.00000000000006 4.4795500000000006 266.50000000000006 3.5000000000000004 140.00000000000003
decision_type=2 2 2 2 2 2 2 2 2 2 2
left_child=1 2 3 -1 -4 -3 -5 10 9 -9 -2
right_child=7 5 4 6 -6 -7 -8 8 -10 -11 -12
leaf_value=0.021001433591872308 -0.044130089735618272 0.029346603946270394 0.0061760178646723994 -0.045277638839244821 0.062819429141704755 0.069975506643178503 -0.053262671342013949 -0.044957205862521804 -0.044213841689230184 -0.044464171598134518 -0.044174668749592617
leaf_weight=0.79265771061182055 0.31610428169369686 1.3839080929756167 0.79890706390142474 0.51204439252614953 1.2438943684101103 1.1109668910503385 0.7303268164396286 0.48476670682430245 0.38907970115542412 0.41977617889642715 0.32130800187587738
leaf_count=5 5 7 5 6 5 4 4 6 6 6 5
internal_value=0.00825367 0.0237333 0.00923001 -0.0223271 0.0406671 0.0474386 -0.0499716 -0.0444346 -0.0445736 -0.0447284 -0.0441526
internal_weight=8.50374 6.57271 4.07783 2.03503 2.0428 2.49487 1.24237 1.93103 1.29362 0.904543 0.637412
internal_count=64 36 25 15 10 11 10 28 18 12 10
is_linear=0
shrinkage=0.05


Tree=115
num_leaves=11
num_cat=0
split_feature=0 0 3 0 2 2 14 12 0 12
split_gain=2.78061 2.82118 0.000238002 0.00014289 4.18639e-05 2.4951e-05 2.48631e-05 1.57724e-05 2.76284e-06 7.96914e-07
threshold=10.361300000000002 10.654750000000002 5.5000000000000009 4.4795500000000006 825.00000000000011 2537.5000000000005 1.0000000180025095e-35 25.000000000000004 1.8743000000000003 140.00000000000003
decision_type=2 2 2 2 2 2 2 2 2 2
left_child=2 -2 6 4 -4 7 8 -3 9 -1
right_child=1 5 3 -5 -6 -7 -8 -9 -10 -11
leaf_value=-0.0434956685403462 0.058168353633216124 -0.044363072901528813 -0.044549241450569287 -0.045222449898464502 -0.043720033325498786 -0.044660294832885743 -0.044156174306777478 -0.043856284655732838 -0.043748454662790481 -0.04362234029172344
leaf_weight=0.24027722701430343 2.1582291126251225 0.34027467668056477 0.35947175323963143 0.75002629309892654 0.26400035619735718 0.3545350469648838 0.31745009869337082 0.27974357828497887 0.32580137252807617 0.25693228468298912
leaf_count=5 9 5 5 9 5 5 5 5 6 5
internal_value=-0.00514654 0.0262843 -0.0443142 -0.0447575 -0.0441981 -0.0443257 -0.0437803 -0.0441344 -0.0436353 -0.0435611
internal_weight=5.64674 3.13278 2.51396 1.3735 0.623472 0.974553 1.14046 0.620018 0.823011 0.49721
internal_count=64 24 40 19 10 15 21 10 16 10
is_linear=0
shrinkage=0.05


Tree=116
num_leaves=12
num_cat=0
split_feature=2 3 7 0 0 0 0 3 2 3 12
split_gain=2.1284 5.317e-06 3.70566e-06 4.30378e-06 1.28592e-06 5.6859e-07 2.24634e-07 1.61014e-07 1.59936e-07 9.73917e-08 2.59124e-08
threshold=3050.0000000000005 5.5000000000000009 8.5833333333333339 4.4258500000000014 10.361300000000002 11.105850000000002 1.8743000000000003 8.5000000000000018 2300.0000000000005 2.5000000000000004 140.00000000000003
decision_type=2 2 2 2 2 2 2 2 2 2 2
left_child=1 4 8 -4 6 -6 10 -5 -3 -8 -1
right_child=-2 2 3 7 5 -7 9 -9 -10 -11 -12
leaf_value=-0.042246629477557716 0.062098843436861707 -0.042441354603531073 -0.042409658084608177 -0.042803672864771852 -0.04249679412512259 -0.04234752688413386 -0.042380649288414424 -0.042728588190084113 -0.042350985215393933 -0.042312024744578063 -0.042286004175475331
leaf_weight=0.080750282853842004 0.78864261507987965 0.10233950242400169 0.11862276494503021 0.14963195100426674 0.20195033773779869 0.093260487541556358 0.099225878715515137 0.13656630180776119 0.093867095187306404 0.10794718749821186 0.086590861901640892
leaf_count=5 3 5 6 5 9 5 5 5 5 6 5
internal_value=-0.00242457 -0.0424685 -0.0425765 -0.0426629 -0.0423716 -0.0424496 -0.0423101 -0.0427678 -0.0423981 -0.0423449 -0.042267
internal_weight=2.0594 1.27075 0.601028 0.404821 0.669725 0.295211 0.374514 0.286198 0.196207 0.207173 0.167341
internal_count=64 61 26 16 35 14 21 10 10 11 10
is_linear=0
shrinkage=0.05


Tree=117
num_leaves=11
num_cat=0
split_feature=0 2 6 0 3 0 2 9 3 12
split_gain=3.54109 0.785201 9.7696e-05 5.51759e-05 3.14689e-05 2.21523e-05 7.67313e-06 2.78009e-06 1.95523e-06 1.20448e-07
threshold=10.654750000000002 1855.0000000000002 -0.9330127018922193 4.3650000000000011 8.5000000000000018 10.361300000000002 675.00000000000011 -0.59116893267988335 3.5000000000000004 140.00000000000003
decision_type=2 2 2 2 2 2 2 2 2 2
left_child=2 -2 -1 8 6 -6 -5 -8 9 -4
right_child=1 -3 3 4 5 -7 7 -9 -10 -11
leaf_value=-0.044695177232643997 0.0055737264502228843 0.057668593543946871 -0.043527545271958887 -0.043605877466766821 -0.044460965101842491 -0.043888165794511831 -0.043776624129262566 -0.043987977914650381 -0.043323149779462382 -0.043477688432292577
leaf_weight=0.36642905697226558 1.2842336148023608 1.6560727208852766 0.2451148517429832 0.35546905174851395 0.41808130219578743 0.28308110311627388 0.27512256056070372 0.35810934752225831 0.21992881596088409 0.23951424285769463
leaf_count=5 8 7 5 7 6 5 5 6 5 5
internal_value=-0.00326885 0.0349152 -0.0439349 -0.0438185 -0.0439735 -0.0442297 -0.0437918 -0.0438962 -0.0434468 -0.0435029
internal_weight=5.70116 2.94031 2.76085 2.39442 1.68986 0.701162 0.988701 0.633232 0.704558 0.484629
internal_count=64 15 49 44 29 11 18 11 15 10
is_linear=0
shrinkage=0.05


Tree=118
num_leaves=10
num_cat=0
split_feature=0 3 6 0 11 2 2 9 7
split_gain=6.04029 0.00418914 0.000105894 3.27216e-05 5.35632e-05 2.23139e-05 3.27919e-05 9.36058e-06 5.30447e-06
threshold=1.8743000000000003 3.5000000000000004 -0.9330127018922193 4.929450000000001 1.5000000000000002 2537.5000000000005 1000.0000000000001 -0.41859597363157713 7.1500000000000012
decision_type=2 2 2 2 2 2 2 2 2
left_child=1 -1 -2 4 -4 6 -5 -8 -7
right_child=2 -3 3 5 -6 8 7 -9 -10
leaf_value=0.053570503014234543 -0.045015428484272375 0.057481132039186471 -0.043996410458272371 -0.043909308784293534 -0.044882333033202153 -0.043706401166022278 -0.04419414299117258 -0.04453149560487437 -0.043985286297319799
leaf_weight=1.6591280251741412 0.46784995123744044 1.1661418825387952 0.29916343465447459 0.52161243557930015 0.39705836772918701 0.2662195898592471 0.32322572171688158 0.56515530869364661 0.47422328963875771
leaf_count=8 6 5 5 9 5 5 5 8 8
internal_value=0.0014688 0.0551846 -0.0443183 -0.0442037 -0.0445017 -0.0441073 -0.044224 -0.0444088 -0.043885
internal_weight=6.13978 2.82527 3.31451 2.84666 0.696222 2.15044 1.40999 0.888381 0.740443
internal_count=64 13 51 45 10 35 22 13 13
is_linear=0
shrinkage=0.05


Tree=119
num_leaves=13
num_cat=0
split_feature=2 5 6 12 2 2 7 2 0 6 11 12
split_gain=4.52336 1.19931 0.665948 0.774992 0.0287924 0.00811331 0.00108844 0.000449979 0.00014497 7.54503e-05 1.5616e-05 1.41263e-06
threshold=675.00000000000011 0.68301270189221941 -0.9330127018922193 10.500000000000002 825.00000000000011 115.00000000000001 13.458333333333334 1250.0000000000002 4.4795500000000006 0.25000000000000017 3.5000000000000004 116.00000000000001
decision_type=2 2 2 2 2 2 2 2 2 2 2 2
left_child=1 5 -2 -4 -5 -1 7 -6 11 -10 -11 -9
right_child=2 -3 3 4 6 -7 -8 8 9 10 -12 -13
leaf_value=0.055492832849282948 0.019553632479532478 -0.0045287846989545211 0.0076306951184622997 -0.058715095522675724 -0.046640103255798697 0.06109355102771228 -0.04785619043730361 -0.044430706729569183 -0.045694197684581106 -0.044774855429244344 -0.045197849344925441 -0.044565535539958047
leaf_weight=1.3286308646202094 0.55187648534774769 1.0789565593004224 0.7651611641049384 0.48511733114719424 0.55624606460332948 1.2596956044435499 0.50946480035781849 0.34919031709432635 0.76495608687400796 0.38051643222570419 0.51148904114961624 0.43787600100040436
leaf_count=6 2 5 5 2 5 5 4 5 8 5 6 6
internal_value=-0.0029529 0.0397576 -0.0324398 -0.038468 -0.0472976 0.0582186 -0.0457194 -0.0453566 -0.0450645 -0.0453299 -0.0450174 -0.0445057
internal_weight=8.97918 3.66728 5.31189 4.76002 3.99486 2.58833 3.50974 3.00027 2.44403 1.65696 0.892005 0.787066
internal_count=64 16 48 46 41 11 39 35 30 19 11 11
is_linear=0
shrinkage=0.05


Tree=120
num_leaves=11
num_cat=0
split_feature=2 5 7 3 8 10 7 6 6 0
split_gain=2.06163 0.955877 1.55774 1.5608 0.867763 0.588 0.478208 7.10824e-05 3.63408e-05 4.66721e-06
threshold=1705.0000000000002 0.68301270189221941 8.1083333333333361 6.5000000000000009 0.73233588278529871 4.5000000000000009 6.6500000000000012 0.25000000000000017 -0.5 11.100500000000002
decision_type=2 2 2 2 2 2 2 2 2 2
left_child=1 2 6 4 -4 -3 -1 8 -2 -9
right_child=7 5 3 -5 -6 -7 -8 9 -10 -11
leaf_value=-0.0070992038939768527 -0.044348724950512369 0.015825702020287498 -0.048415412242847899 0.05979563738587082 0.035165955131762502 0.064734026085675633 -0.061188748437044575 -0.043971781971152687 -0.04499131580109219 -0.044212252157758154
leaf_weight=0.76234089583158471 0.40213546901941299 1.1756312921643257 0.77780341356992744 1.5080830752849577 0.51693218946456909 1.2876280546188354 0.88070594519376755 0.53548808395862579 0.48584239929914452 0.32378479465842247
leaf_count=5 6 5 7 6 4 5 6 9 6 5
internal_value=0.00413571 0.0164065 0.00256333 0.0252237 -0.015045 0.0413917 -0.0360923 -0.0443866 -0.0447003 -0.0440624
internal_weight=8.65638 6.90912 4.44587 2.80282 1.29474 2.46326 1.64305 1.74725 0.887978 0.859273
internal_count=64 38 28 17 11 10 11 26 12 14
is_linear=0
shrinkage=0.05


Tree=121
num_leaves=9
num_cat=0
split_feature=0 0 14 0 2 6 11 7
split_gain=2.47379 2.95072 0.000194025 8.96995e-05 6.03532e-05 3.94089e-05 2.97519e-05 1.89153e-05
threshold=10.361300000000002 10.654750000000002 1.0000000180025095e-35 1.8743000000000003 1450.0000000000002 0.6830127018922193 1.5000000000000002 7.1500000000000012
decision_type=2 2 2 2 2 2 2 2
left_child=2 -2 3 -1 6 7 -5 -3
right_child=1 5 -4 4 -6 -7 -8 -9
leaf_value=-0.043394345380161806 0.057762126202905974 -0.043708690616323057 -0.045141553457023614 -0.043696012096191748 -0.044748309620633656 -0.044596130054981663 -0.044283724917332845 -0.044210222409211249
leaf_weight=0.36543173715472255 2.1272729039192204 0.47344571724534013 0.588740974664688 0.36978340148925759 0.45208318158984184 0.28288504481315613 0.51558817923069 0.31181800365447998
leaf_count=8 9 9 8 7 6 4 8 5
internal_value=-0.00471538 0.0237155 -0.0443591 -0.0440886 -0.0442783 -0.0440901 -0.0440383 -0.0439078
internal_weight=5.48705 3.19542 2.29163 1.70289 1.33745 1.06815 0.885372 0.785264
internal_count=64 27 37 29 21 18 15 14
is_linear=0
shrinkage=0.05


Tree=122
num_leaves=11
num_cat=0
split_feature=5 9 9 14 0 5 8 12 7 4
split_gain=0.923775 0.207075 0.384623 3.78465e-06 2.74644e-06 2.59793e-06 8.24549e-07 6.17577e-07 6.29362e-08 5.66364e-08
threshold=-0.24999999999999994 -0.59116893267988335 -0.47805445239240252 1.0000000180025095e-35 10.361300000000002 0.93301270189221952 0.73233588278529871 29.500000000000004 6.6500000000000012 102.50000000000001
decision_type=2 2 2 2 2 2 2 2 2 2
left_child=1 -1 -3 5 -4 6 -2 8 -8 -9
right_child=3 2 4 -5 -6 -7 7 9 -10 -11
leaf_value=0.046556371681543807 -0.042440543800126573 0.043447118532579994 -0.04269178627106042 -0.042637145959435949 -0.042354738345752853 -0.042594896041058553 -0.042396973034557535 -0.042264332799944931 -0.042338947974800499 -0.042211455316335959
leaf_weight=0.59454587381333113 0.14512776769697677 0.27935552224516869 0.13153766747564055 0.18726073764264584 0.11182073224335909 0.11944038048386574 0.097680269740521908 0.1501137763261795 0.089594750665128231 0.076419902965426445
leaf_count=6 7 3 5 8 6 5 5 9 5 5
internal_value=-0.0036667 0.0263729 0.00341578 -0.0424382 -0.0425369 -0.0423832 -0.042338 -0.042302 -0.0423692 -0.0422465
internal_weight=1.9829 1.11726 0.522714 0.865638 0.243358 0.678377 0.558936 0.413809 0.187275 0.226534
internal_count=64 20 14 44 11 36 31 24 10 14
is_linear=0
shrinkage=0.05


Tree=123
num_leaves=11
num_cat=0
split_feature=0 2 2 0 4 9 0 4 11 2
split_gain=3.6592 2.61656 0.0147674 8.20548e-05 9.74775e-05 3.96357e-05 1.6716e-05 2.95915e-05 1.99493e-05 1.21461e-05
threshold=10.654750000000002 1450.0000000000002 2537.5000000000005 1.8743000000000003 36.000000000000007 -0.24825246871434689 6.2124500000000014 205.00000000000003 3.5000000000000004 2300.0000000000005
decision_type=2 2 2 2 2 2 2 2 2 2
left_child=3 -2 -3 -1 -5 6 7 8 -6 -8
right_child=1 2 -4 4 5 -7 9 -9 -10 -11
leaf_value=-0.043285158074982288 -0.046530167893061553 0.062997674890140395 0.055484742425324557 -0.045103943983487917 -0.043559053043727897 -0.04444839327224049 -0.043353258671829438 -0.044365278481144507 -0.044096993683373838 -0.043829476860376519
leaf_weight=0.38789001852273974 0.75389545410871539 1.2902898639440539 1.3264893591403959 0.20801422372460399 0.39520129188895248 0.34808523207902853 0.2233515866100787 0.33443626761436462 0.30562812462449074 0.33430299535393715
leaf_count=9 7 5 6 3 8 5 5 5 5 6
internal_value=0.00140459 0.0355437 0.0591892 -0.0439545 -0.0440753 -0.0439651 -0.0438594 -0.0439783 -0.0437936 -0.0436387
internal_weight=5.90758 3.37067 2.61678 2.53691 2.14902 1.94101 1.59292 1.03527 0.700829 0.557655
internal_count=64 18 11 46 37 34 29 18 13 11
is_linear=0
shrinkage=0.05


Tree=124
num_leaves=10
num_cat=0
split_feature=0 0 2 2 3 2 11 8 0
split_gain=4.64664 0.000170954 0.000140521 2.63666e-05 3.50138e-05 3.04288e-05 1.44652e-05 1.15815e-05 1.72594e-06
threshold=1.8743000000000003 6.2124500000000014 1450.0000000000002 1000.0000000000001 8.5000000000000018 1855.0000000000002 3.5000000000000004 0.91228888591693746 10.654750000000002
decision_type=2 2 2 2 2 2 2 2 2
left_child=-1 2 6 8 5 -5 -2 -7 -3
right_child=1 3 -4 4 -6 7 -8 -9 -10
leaf_value=0.053993597358059336 -0.044128761306376746 -0.043732031257657296 -0.045293047006809299 -0.0445708370362402 -0.043588351784441502 -0.044193244586719832 -0.044517497630698649 -0.043788068327594319 -0.043548900495600229
leaf_weight=1.8555554896593092 0.55047352612018607 0.26947141811251629 0.55774915590882301 0.36206714063882806 0.3020736202597617 0.38503215461969376 0.42334608733654022 0.32543227449059486 0.24621698632836342
leaf_count=9 9 5 7 5 6 6 6 6 5
internal_value=-0.00971867 -0.0442676 -0.0446602 -0.0439495 -0.0440639 -0.0441978 -0.0442978 -0.0440077 -0.0436446
internal_weight=5.27742 3.42186 1.53157 1.89029 1.37461 1.07253 0.97382 0.710464 0.515688
internal_count=64 55 22 33 23 17 15 12 10
is_linear=0
shrinkage=0.05


Tree=125
num_leaves=10
num_cat=0
split_feature=2 6 11 3 0 0 14 2 6
split_gain=3.02948 1.17432 2.4804 0.749654 0.00629983 0.0038251 0.00331396 0.000574891 1.01857e-05
threshold=675.00000000000011 0.25000000000000017 3.5000000000000004 4.5000000000000009 4.5662000000000011 6.2124500000000014 1.0000000180025095e-35 1705.0000000000002 0.6830127018922193
decision_type=2 2 2 2 2 2 2 2 2
left_child=3 2 4 -1 -2 -5 7 -3 -9
right_child=1 6 -4 5 -6 -7 -8 8 -10
leaf_value=0.010879406418248085 -0.052484026050999867 -0.046342649602047654 0.046539700120670324 0.058905652717063932 -0.045463983215364073 0.054784944353450209 -0.049610405625681094 -0.044708993173522234 -0.044370952367502964
leaf_weight=1.449608236551285 0.64361393451690674 0.79468754678964637 1.4498736038804054 1.1874078363180163 0.63479524850845337 1.0712416768074033 0.62420597672462452 0.37547600269317627 0.54817037284374237
leaf_count=7 4 8 10 5 7 5 5 5 8
internal_value=0.00459452 -0.0205229 0.00177288 0.0389412 -0.0489982 0.0569513 -0.0464902 -0.0453567 -0.0445084
internal_weight=8.77908 5.07082 2.72828 3.70826 1.27841 2.25865 2.34254 1.71833 0.923646
internal_count=64 47 21 17 11 10 26 21 13
is_linear=0
shrinkage=0.05


Tree=126
num_leaves=11
num_cat=0
split_feature=2 5 8 3 8 10 9 6 6 0
split_gain=1.87703 0.84986 1.40691 1.38138 0.79102 0.572229 0.466933 5.7528e-05 2.8694e-05 3.79888e-06
threshold=1705.0000000000002 0.68301270189221941 0.85115577981609924 6.5000000000000009 0.73233588278529871 4.5000000000000009 -0.16708397168011488 0.25000000000000017 -0.5 11.100500000000002
decision_type=2 2 2 2 2 2 2 2 2 2
left_child=1 2 3 4 -1 -3 -4 8 -2 -9
right_child=7 5 6 -5 -6 -7 -8 9 -10 -11
leaf_value=-0.047998495106266997 -0.044143348551966478 0.014218835563504171 -0.060529374775060207 0.056937400599993283 0.032553439468120941 0.063013534901624188 -0.0062188060086866602 -0.043787234685587179 -0.044734824532611357 -0.04401231865890011
leaf_weight=0.73102040588855766 0.37451913207769394 1.1593707501888275 0.84141667932271957 1.4779732227325437 0.52268803864717484 1.24723020195961 0.74719146639108636 0.4967447929084301 0.45314594358205773 0.3010779581964016
leaf_count=7 6 5 6 6 4 5 5 9 6 5
internal_value=0.00404357 0.0156952 0.00243093 0.02419 -0.0144153 0.0395069 -0.0349848 -0.0441751 -0.0444672 -0.0438722
internal_weight=8.35238 6.72689 4.32029 2.73168 1.25371 2.4066 1.58861 1.62549 0.827665 0.797823
internal_count=64 38 28 17 11 10 11 26 12 14
is_linear=0
shrinkage=0.05


Tree=127
num_leaves=10
num_cat=0
split_feature=0 0 14 0 4 6 11 7 3
split_gain=2.29321 2.69243 0.000177734 8.00877e-05 8.43258e-05 3.16435e-05 1.7522e-05 1.55546e-05 1.09561e-05
threshold=10.361300000000002 10.654750000000002 1.0000000180025095e-35 1.8743000000000003 205.00000000000003 0.6830127018922193 3.5000000000000004 7.1500000000000012 6.5000000000000009
decision_type=2 2 2 2 2 2 2 2 2
left_child=2 -2 3 -1 6 7 8 -3 -5
right_child=1 5 -4 4 -6 -7 -8 -9 -10
leaf_value=-0.043257857630907726 0.056285398218000597 -0.043563845079618226 -0.044977038651012435 -0.043484363073987266 -0.044677109483866675 -0.044387400432247176 -0.044170839045396169 -0.044033964252912297 -0.043931295061352536
leaf_weight=0.33865975216031108 2.0318350940942769 0.44207698479294755 0.5577864535152911 0.3337004669010637 0.44549135118722916 0.266055878251791 0.24959724023938179 0.29227121919393539 0.23277508467435837
leaf_count=8 9 9 8 7 6 4 4 5 4
internal_value=-0.00481242 0.0232253 -0.0442085 -0.0439406 -0.0441238 -0.0439202 -0.0438218 -0.043751 -0.043668
internal_weight=5.19025 3.03224 2.15801 1.60022 1.26156 1.0004 0.816073 0.734348 0.566476
internal_count=64 27 37 29 21 18 15 14 11
is_linear=0
shrinkage=0.05


Tree=128
num_leaves=12
num_cat=0
split_feature=2 0 0 2 2 7 12 7 9 2 12
split_gain=1.82892 3.21724e-06 4.19826e-06 5.61237e-06 4.10009e-06 1.93223e-06 8.03297e-07 2.43295e-07 1.37506e-07 5.67312e-08 4.23757e-08
threshold=3050.0000000000005 1.8743000000000003 6.2124500000000014 1450.0000000000002 2850.0000000000005 9.1416666666666675 25.000000000000004 7.1500000000000012 -0.35824514579943006 825.00000000000011 41.500000000000007
decision_type=2 2 2 2 2 2 2 2 2 2 2
left_child=1 -1 3 5 6 9 7 -4 -8 -3 -10
right_child=-2 2 4 -5 -6 -7 8 -9 10 -11 -12
leaf_value=-0.042184189391318128 0.058522834622267518 -0.042389179464514509 -0.042421505636680776 -0.042851196807159465 -0.042688545083446175 -0.042632720731994748 -0.042291645245647977 -0.042314943640236219 -0.042248200799867498 -0.042336667956732632 -0.042195662632058754
leaf_weight=0.13023767340928305 0.73001301288604747 0.11509158927947261 0.14041766803711653 0.12377030216157436 0.083124596625566483 0.100471131503582 0.1382388863712547 0.086596095003187656 0.079769982956350072 0.09299270436167717 0.073969597928225994
leaf_count=9 3 6 7 4 3 4 8 5 5 5 5
internal_value=-0.00352639 -0.0424184 -0.0424479 -0.0425668 -0.0423625 -0.0424527 -0.0423103 -0.0423809 -0.0422555 -0.0423657 -0.0422229
internal_weight=1.89469 1.16468 1.03444 0.432326 0.602117 0.308555 0.518992 0.227014 0.291978 0.208084 0.15374
internal_count=64 61 52 19 33 15 30 12 18 11 10
is_linear=0
shrinkage=0.05


Tree=129
num_leaves=10
num_cat=0
split_feature=0 10 3 0 4 9 10 8 11
split_gain=3.36767 0.557045 0.0241988 7.41652e-05 9.53817e-05 3.68686e-05 1.74041e-05 1.27978e-05 1.09945e-05
threshold=10.654750000000002 4.5000000000000009 2.5000000000000004 1.8743000000000003 36.000000000000007 -0.24825246871434689 4.5000000000000009 0.73233588278529871 3.5000000000000004
decision_type=2 2 2 2 2 2 2 2 2
left_child=3 -2 -3 -1 -5 6 8 -8 -6
right_child=1 2 -4 4 5 -7 7 -9 -10
leaf_value=-0.043157566392878523 0.0061917240846677529 0.055134801287787472 0.044389184488033098 -0.044973188348507664 -0.043674075250934127 -0.044300623918485479 -0.043749472064576175 -0.043365844639423883 -0.044101567065670005
leaf_weight=0.35941965878009829 1.1242664828896525 1.0586013197898867 1.0373249575495718 0.20012024417519603 0.26045777648687385 0.33105857297778074 0.47572942450642586 0.40035044774413109 0.35595166683197021
leaf_count=9 8 5 5 3 5 5 9 9 6
internal_value=0.00123988 0.0345858 0.0498165 -0.0438194 -0.043937 -0.0438233 -0.0437174 -0.0435742 -0.0439209
internal_weight=5.60328 3.22019 2.09593 2.38309 2.02367 1.82355 1.49249 0.87608 0.616409
internal_count=64 18 10 46 37 34 29 18 11
is_linear=0
shrinkage=0.05


Tree=130
num_leaves=10
num_cat=0
split_feature=0 4 0 9 8 2 4 4 5
split_gain=4.30965 0.000192209 7.60383e-05 8.76966e-05 2.55456e-05 2.09858e-05 1.81841e-05 2.56818e-05 4.90144e-06
threshold=1.8743000000000003 6.5000000000000009 9.1832000000000011 -0.35824514579943006 0.73233588278529871 675.00000000000011 102.50000000000001 46.000000000000007 -0.24999999999999994
decision_type=2 2 2 2 2 2 2 2 2
left_child=-1 -2 3 4 5 -3 7 -4 -8
right_child=1 2 6 -5 -6 -7 8 -9 -10
leaf_value=0.053061667139859436 -0.045297830471294778 -0.043892606709408456 -0.043518082603440943 -0.044809322042587751 -0.043674416029078594 -0.044447086140745093 -0.043635712932063669 -0.04412351960119143 -0.043352952488364765
leaf_weight=1.7677815854549406 0.30885175615549121 0.33926416561007477 0.29143130034208276 0.45413998514413867 0.41595575213432312 0.34334177896380424 0.35825567319989204 0.43901445344090462 0.26783813536167145
leaf_count=9 4 6 6 6 8 5 7 7 6
internal_value=-0.00965821 -0.0441119 -0.043986 -0.0442249 -0.0439833 -0.0441715 -0.0437125 -0.043882 -0.0435148
internal_weight=4.98587 3.21809 2.90924 1.5527 1.09856 0.682606 1.35654 0.730446 0.626094
internal_count=64 55 51 25 19 11 26 13 13
is_linear=0
shrinkage=0.05


Tree=131
num_leaves=11
num_cat=0
split_feature=2 10 11 3 7 2 2 0 8 11
split_gain=2.70876 1.15283 2.06819 0.691047 0.608874 0.00732363 0.00282693 0.00102002 0.000245943 1.55224e-05
threshold=675.00000000000011 4.5000000000000009 3.5000000000000004 4.5000000000000009 10.250000000000002 1705.0000000000002 300.00000000000006 10.361300000000002 0.91228888591693746 3.5000000000000004
decision_type=2 2 2 2 2 2 2 2 2 2
left_child=3 2 5 -1 -4 -2 -5 -3 -9 -10
right_child=1 7 4 6 -6 -7 -8 8 9 -11
leaf_value=0.010634397929030827 -0.052832899021018336 -0.047195793461071833 0.011709358894617584 0.053630694215195396 0.075476683261191321 -0.044705179756774072 0.057259286654101321 -0.045835213796885516 -0.044161792195961995 -0.044638596046005903
leaf_weight=1.422065392136574 0.47779517620801926 1.0003437921404841 0.80944062024354935 1.0170047432184222 0.69641988351941109 0.66002765670418739 1.1366742551326749 0.55113606527447678 0.31908760964870453 0.36704397201538086
leaf_count=7 3 9 6 5 4 9 5 6 5 5
internal_value=0.00462253 -0.0195968 0.0027581 0.0376846 0.0412 -0.0481182 0.0555458 -0.0460086 -0.0450487 -0.0444169
internal_weight=8.45704 4.88129 2.64368 3.57574 1.50586 1.13782 2.15368 2.23761 1.23727 0.686132
internal_count=64 47 22 17 10 12 10 25 16 10
is_linear=0
shrinkage=0.05


Tree=132
num_leaves=11
num_cat=0
split_feature=2 5 7 3 12 7 7 6 6 0
split_gain=1.72371 0.781523 1.29926 1.22478 0.729542 0.546922 0.447059 5.01892e-05 2.5926e-05 3.16271e-06
threshold=1705.0000000000002 0.68301270189221941 8.1083333333333361 6.5000000000000009 67.000000000000014 8.4166666666666696 6.6500000000000012 0.25000000000000017 -0.5 11.100500000000002
decision_type=2 2 2 2 2 2 2 2 2 2
left_child=1 2 6 4 -4 -3 -1 8 -2 -9
right_child=7 5 3 -5 -6 -7 -8 9 -10 -11
leaf_value=-0.0061465202611626062 -0.043952755969956042 0.065018126375473662 -0.047504294108148021 0.054495493278740696 0.030859271389974519 0.016571178766461279 -0.060155225455739141 -0.0436166319465702 -0.04453375749894712 -0.04382974769872218
leaf_weight=0.73274112492799737 0.34865853190422058 1.0524518340826037 0.68838924169540427 1.4436686187982557 0.52238567918539047 1.3047502711415289 0.80311455205082893 0.46030418947339058 0.42735699564218499 0.27997415512800217
leaf_count=5 6 4 7 6 4 6 6 9 6 5
internal_value=0.00404553 0.0151702 0.00221394 0.0233919 -0.0136945 0.0382019 -0.0343882 -0.0439918 -0.0442727 -0.0436972
internal_weight=8.0638 6.5475 4.1903 2.65444 1.21077 2.3572 1.53586 1.51629 0.776016 0.740278
internal_count=64 38 28 17 11 10 11 26 12 14
is_linear=0
shrinkage=0.05


Tree=133
num_leaves=10
num_cat=0
split_feature=0 0 7 0 2 7 6 7 11
split_gain=2.11 2.46256 0.000178782 7.84124e-05 7.07625e-05 3.15548e-05 2.69971e-05 1.28424e-05 3.04223e-06
threshold=10.361300000000002 10.654750000000002 8.4166666666666696 1.8743000000000003 675.00000000000011 10.250000000000002 0.6830127018922193 7.1500000000000012 3.5000000000000004
decision_type=2 2 2 2 2 2 2 2 2
left_child=2 -2 -1 -4 8 -6 7 -3 -5
right_child=1 6 3 4 5 -7 -8 -9 -10
leaf_value=-0.044840429029946338 0.054878304621707952 -0.043441293667482672 -0.043128691922684585 -0.043390115167286386 -0.043927068272284465 -0.044628513378150485 -0.044221862953181007 -0.043882247982059114 -0.043641773887794569
leaf_weight=0.54296353831887278 1.9300712049007418 0.41399984061717976 0.35227597877383221 0.22675315663218476 0.28449428826570511 0.36736495792865753 0.25216225907206535 0.27467023208737373 0.255299162119627
leaf_count=8 9 9 9 5 5 5 4 5 5
internal_value=-0.00503715 0.0225469 -0.044064 -0.0437803 -0.0439827 -0.0443224 -0.0437792 -0.0436172 -0.0435234
internal_weight=4.90005 2.8709 2.02915 1.48619 1.13391 0.651859 0.940832 0.68867 0.482052
internal_count=64 27 37 29 20 10 18 14 10
is_linear=0
shrinkage=0.05


Tree=134
num_leaves=11
num_cat=0
split_feature=2 4 4 10 2 12 5 8 2 0
split_gain=1.67764 4.09534e-06 2.25573e-06 2.45218e-06 1.29487e-06 1.30674e-06 4.77042e-07 7.15326e-07 1.60522e-07 5.2519e-08
threshold=3050.0000000000005 6.5000000000000009 46.000000000000007 4.5000000000000009 1450.0000000000002 36.500000000000007 -0.6830127018922193 0.73233588278529871 2300.0000000000005 4.929450000000001
decision_type=2 2 2 2 2 2 2 2 2 2
left_child=1 -1 9 4 5 -4 -5 -8 -9 -3
right_child=-2 2 3 6 -6 -7 7 8 -10 -11
leaf_value=-0.042686720078381708 0.056881866225270319 -0.042155941845991765 -0.042480230271043723 -0.042412304782775051 -0.042591086834202208 -0.042230848595646221 -0.042347937334294608 -0.042151794180463033 -0.042247382010702356 -0.042210679623989333
leaf_weight=0.096796082332730071 0.69706787168979656 0.068826192989945412 0.16865731682628393 0.075191460549831279 0.1449895678088069 0.076289955526590347 0.16542795766145002 0.081560909748077393 0.09517004806548357 0.120616240426898
leaf_count=4 3 5 8 4 6 5 9 6 6 8
internal_value=-0.00373561 -0.0423762 -0.0423461 -0.0423825 -0.0424727 -0.0424026 -0.0422983 -0.0422732 -0.0422033 -0.0421908
internal_weight=1.79059 1.09353 0.99673 0.807287 0.389937 0.244947 0.41735 0.342159 0.176731 0.189442
internal_count=64 61 57 44 19 13 25 21 12 13
is_linear=0
shrinkage=0.05


Tree=135
num_leaves=10
num_cat=0
split_feature=0 2 2 11 12 0 12 9 2
split_gain=3.07963 2.31903 0.0120179 7.20988e-05 9.02569e-05 1.49406e-05 1.31227e-05 9.11496e-06 3.89236e-06
threshold=10.654750000000002 1450.0000000000002 2537.5000000000005 3.5000000000000004 67.000000000000014 4.3650000000000011 29.500000000000004 -0.41859597363157713 2300.0000000000005
decision_type=2 2 2 2 2 2 2 2 2
left_child=3 -2 -3 5 6 -1 -5 8 -7
right_child=1 2 -4 4 -6 7 -8 -9 -10
leaf_value=-0.043150060298266409 -0.046233376927775342 0.060141623747818132 0.053073856645134733 -0.04384039517903051 -0.044678576735229465 -0.043269186223997828 -0.04340219139947385 -0.043751724514074455 -0.043548485781453039
leaf_weight=0.35559319704771042 0.70943355560302768 1.2120682746171954 1.1938912421464918 0.47665318474173546 0.32853743433952332 0.25354177132248878 0.26629865169525146 0.31023130565881729 0.24555394798517227
leaf_count=9 7 5 6 9 5 6 6 6 5
internal_value=0.00107373 0.0332095 0.0566344 -0.0436925 -0.0439885 -0.0434202 -0.0436833 -0.0435389 -0.0434066
internal_weight=5.3518 3.11539 2.40596 2.23641 1.07149 1.16492 0.742952 0.809327 0.499096
internal_count=64 18 11 46 20 26 15 17 11
is_linear=0
shrinkage=0.05


Tree=136
num_leaves=10
num_cat=0
split_feature=0 4 0 9 7 4 4 6 5
split_gain=4.00467 0.000180691 6.69661e-05 9.11057e-05 2.0916e-05 1.76865e-05 2.2559e-05 9.32061e-06 4.12064e-06
threshold=1.8743000000000003 6.5000000000000009 9.1832000000000011 -0.35824514579943006 8.5833333333333339 102.50000000000001 46.000000000000007 1.0000000180025095e-35 -0.24999999999999994
decision_type=2 2 2 2 2 2 2 2 2
left_child=-1 -2 3 4 -3 6 -4 -6 -7
right_child=1 2 5 -5 7 8 -8 -9 -10
leaf_value=0.052243341725661155 -0.045143885668987749 -0.043526686907461525 -0.043396010517823304 -0.044679733239990596 -0.04380697106317772 -0.043489345091978472 -0.043980868239430093 -0.044189289387596198 -0.043220351207686691
leaf_weight=1.682440862059593 0.29581039026379619 0.38730331882834412 0.2731812074780462 0.43550703302025828 0.32858750596642494 0.33393556252121925 0.41587549075484276 0.30964192003011703 0.24817930534482002
leaf_count=9 4 8 6 6 6 7 7 5 6
internal_value=-0.00960541 -0.04397 -0.043843 -0.0440739 -0.0438166 -0.0435776 -0.043749 -0.0439925 -0.0433747
internal_weight=4.71046 3.02802 2.73221 1.46104 1.02553 1.27117 0.689057 0.638229 0.582115
internal_count=64 55 51 25 19 26 13 11 13
is_linear=0
shrinkage=0.05


Tree=137
num_leaves=11
num_cat=0
split_feature=2 10 11 3 7 2 2 0 8 11
split_gain=2.44664 1.10259 1.87108 0.634651 0.543085 0.00594393 0.00192833 0.000901206 0.000195732 1.21695e-05
threshold=675.00000000000011 4.5000000000000009 3.5000000000000004 4.5000000000000009 10.250000000000002 1705.0000000000002 300.00000000000006 10.361300000000002 0.91228888591693746 3.5000000000000004
decision_type=2 2 2 2 2 2 2 2 2 2
left_child=3 2 5 -1 -4 -2 -5 -3 -9 -10
right_child=1 7 4 6 -6 -7 -8 8 9 -11
leaf_value=0.010646475753094305 -0.052034184647091281 -0.046872839052044285 0.010834592254761289 0.052724271341300068 0.070677437662640022 -0.044490758862210079 0.055793145660802623 -0.045515563845594811 -0.043972364675348638 -0.044409695672420764
leaf_weight=1.3952843546867373 0.45272361487150192 0.94496393203735385 0.81784941256046295 0.96909408271312747 0.70674869418144226 0.61710059642791748 1.0849373787641523 0.51573031768202759 0.29733385145664215 0.34208188205957413
leaf_count=7 3 9 6 5 4 9 5 6 5 5
internal_value=0.00469661 -0.0187949 0.0030064 0.0366686 0.0385756 -0.047683 0.0543452 -0.0457277 -0.0447909 -0.0442063
internal_weight=8.14385 4.69453 2.59442 3.44932 1.5246 1.06982 2.05403 2.10011 1.15515 0.639416
internal_count=64 47 22 17 10 12 10 25 16 10
is_linear=0
shrinkage=0.05


Tree=138
num_leaves=11
num_cat=0
split_feature=2 5 7 3 7 10 7 6 6 0
split_gain=1.57443 0.705679 1.19608 1.08868 0.676786 0.549071 0.431866 4.06289e-05 2.06535e-05 2.5759e-06
threshold=1705.0000000000002 0.68301270189221941 8.1083333333333361 6.5000000000000009 8.5833333333333339 4.5000000000000009 6.6500000000000012 0.25000000000000017 -0.5 11.100500000000002
decision_type=2 2 2 2 2 2 2 2 2 2
left_child=1 2 6 4 -4 -3 -1 8 -2 -9
right_child=7 5 3 -5 -6 -7 -8 9 -10 -11
leaf_value=-0.0057758384764486515 -0.04377626828495243 0.011760468336080796 0.029482591289100857 0.052277824793782936 -0.04708393386103682 0.060551173428453453 -0.059806583095369806 -0.043459619069215118 -0.044313751797621072 -0.043659325298104172
leaf_weight=0.71431304514408089 0.32429744675755501 1.1288921982049942 0.51988531649112724 1.406359791755676 0.64877595379948616 1.1786851435899734 0.76688972488045692 0.42625005915760994 0.3981906324625013 0.25993331894278526
leaf_count=5 6 5 4 6 7 5 6 9 6 5
internal_value=0.00401974 0.0146074 0.00204901 0.0226414 -0.0130229 0.0366822 -0.0337501 -0.0438108 -0.0440725 -0.0435353
internal_weight=7.77247 6.3638 4.05622 2.57502 1.16866 2.30758 1.4812 1.40867 0.722488 0.686183
internal_count=64 38 28 17 11 10 11 26 12 14
is_linear=0
shrinkage=0.05


Tree=139
num_leaves=9
num_cat=0
split_feature=0 0 7 0 2 6 0 7
split_gain=1.95449 2.24014 0.000178095 6.68745e-05 6.12173e-05 2.24447e-05 1.30996e-05 1.0295e-05
threshold=10.361300000000002 10.654750000000002 8.4166666666666696 4.4258500000000014 675.00000000000011 0.6830127018922193 1.8743000000000003 7.1500000000000012
decision_type=2 2 2 2 2 2 2 2
left_child=2 -2 -1 6 -5 7 -4 -3
right_child=1 5 3 4 -6 -7 -8 -9
leaf_value=-0.044723562047848518 0.053624567939270042 -0.043302470865673764 -0.043012445512633973 -0.04328302244219652 -0.044212434624965685 -0.044036164463441108 -0.043499903755356895 -0.043712076134739403
leaf_weight=0.51853537186980236 1.8281620442867281 0.38410856202244748 0.32597865909337975 0.2568264864385128 0.57125836610794067 0.23647791147232056 0.23878020793199539 0.25540797039866447
leaf_count=8 9 9 9 6 9 4 5 5
internal_value=-0.00523194 0.0221228 -0.0439325 -0.0436381 -0.0439242 -0.04362 -0.0432185 -0.0434661
internal_weight=4.61554 2.70416 1.91138 1.39284 0.828085 0.875994 0.564759 0.639517
internal_count=64 27 37 29 15 18 14 14
is_linear=0
shrinkage=0.05


Tree=140
num_leaves=12
num_cat=0
split_feature=2 4 0 10 2 0 0 3 11 12 0
split_gain=1.5396 3.84925e-06 1.96502e-06 2.47218e-06 1.97663e-06 1.67188e-06 5.76861e-07 5.83027e-07 2.50949e-07 1.26582e-07 1.20752e-07
threshold=3050.0000000000005 6.5000000000000009 1.8743000000000003 4.5000000000000009 1450.0000000000002 4.929450000000001 10.381750000000002 7.5000000000000009 3.5000000000000004 53.500000000000007 11.102200000000002
decision_type=2 2 2 2 2 2 2 2 2 2 2
left_child=1 -1 -3 4 5 -4 7 8 -5 -7 -8
right_child=-2 2 3 6 -6 9 10 -9 -10 -11 -12
leaf_value=-0.042643752243637562 0.055424572330745353 -0.042107674536144703 -0.042495244817382705 -0.042187430368189727 -0.042587661208492625 -0.042282721805277902 -0.042126978747909244 -0.042394231129620916 -0.042303594209413459 -0.042192360730527012 -0.042216090009081754
leaf_weight=0.091997993178665416 0.66347163915634166 0.11137569230049849 0.10982035659253597 0.10098093748092651 0.12398026324808598 0.08290098886936903 0.077406460419297218 0.092733141034841537 0.086162840947508812 0.072783967480063438 0.074706220999360085
leaf_count=4 3 9 5 7 5 5 6 5 5 5 5
internal_value=-0.00391782 -0.0423352 -0.0423048 -0.0423315 -0.0424228 -0.0423459 -0.0422491 -0.0422917 -0.0422409 -0.0422405 -0.0421707
internal_weight=1.68832 1.02485 0.932851 0.821475 0.389486 0.265505 0.43199 0.279877 0.187144 0.155685 0.152113
internal_count=64 61 57 48 20 15 28 17 12 10 11
is_linear=0
shrinkage=0.05


Tree=141
num_leaves=11
num_cat=0
split_feature=0 2 2 11 8 0 0 0 9 2
split_gain=2.85382 2.11185 0.0100482 6.96502e-05 0.000208044 1.25367e-05 1.16261e-05 1.55299e-05 9.41325e-06 2.98551e-06
threshold=10.654750000000002 1450.0000000000002 2537.5000000000005 3.5000000000000004 0.80625269229011354 1.8743000000000003 6.2124500000000014 4.4258500000000014 -0.41859597363157713 825.00000000000011
decision_type=2 2 2 2 2 2 2 2 2 2
left_child=3 -2 -3 5 6 -1 7 -5 9 -7
right_child=1 2 -4 4 -6 8 -8 -9 -10 -11
leaf_value=-0.042950616336810354 -0.045877008616040653 0.058651710198353892 0.052028807580866081 -0.043226300867029277 -0.045138813603760188 -0.043127655575939186 -0.043136459472247757 -0.043773847145510462 -0.043614532727248544 -0.043357867332365137
leaf_weight=0.20841098576784134 0.66399440169334445 1.1636609584093096 1.1277231276035307 0.19878581538796425 0.24651866406202316 0.23267844319343567 0.19580841436982155 0.37153967097401619 0.2910393513739109 0.3567810095846653
leaf_count=6 7 5 6 5 3 6 5 7 6 8
internal_value=0.000965626 0.0326397 0.0553922 -0.0435769 -0.0438754 -0.0432993 -0.0434689 -0.043583 -0.0433819 -0.043267
internal_weight=5.05694 2.95538 2.29138 2.10156 1.01265 1.08891 0.766134 0.570325 0.880499 0.589459
internal_count=64 18 11 46 20 26 17 12 20 14
is_linear=0
shrinkage=0.05


Tree=142
num_leaves=11
num_cat=0
split_feature=7 2 3 9 12 3 4 2 2 2
split_gain=1.12222 1.05465 0.290315 0.42729 0.37012 0.000157704 4.34829e-05 1.38458e-05 8.08438e-06 1.38181e-05
threshold=8.4166666666666696 1000.0000000000001 1.5000000000000002 -0.89495246814786256 71.500000000000014 1.5000000000000002 205.00000000000003 400.00000000000006 2537.5000000000005 1000.0000000000001
decision_type=2 2 2 2 2 2 2 2 2 2
left_child=5 7 -3 -4 -5 -1 8 -2 9 -7
right_child=1 2 3 4 -6 6 -8 -9 -10 -11
leaf_value=-0.044979998627708018 -0.04352709932107228 0.049746893807089708 0.043354302503634173 -0.043833882286768343 0.02660495382382095 -0.043257806458977727 -0.044073947468069072 -0.04397633436928429 -0.043183019913772512 -0.043738121004100877
leaf_weight=0.28118331357836712 0.43485633283853564 0.81622925400733981 0.60554973408579849 0.42581282183527902 0.3318142481148243 0.24905580282211282 0.43750632181763649 0.28323131799697876 0.20247503742575645 0.37550250813364983
leaf_count=4 9 5 4 8 3 6 8 5 5 7
internal_value=-0.00950521 0.00884814 0.0261635 0.0120425 -0.0129841 -0.043909 -0.0436708 -0.0437043 -0.0434576 -0.0435466
internal_weight=4.44322 2.89749 2.17941 1.36318 0.757627 1.54572 1.26454 0.718088 0.827033 0.624558
internal_count=64 34 20 15 11 30 26 14 18 13
is_linear=0
shrinkage=0.05


Tree=143
num_leaves=11
num_cat=0
split_feature=2 6 11 9 3 0 14 2 2 6
split_gain=2.1822 1.12391 1.99694 0.619073 0.598488 0.00339957 0.00258369 0.00142031 0.000447601 4.80569e-06
threshold=675.00000000000011 0.25000000000000017 3.5000000000000004 -0.35824514579943006 4.5000000000000009 4.5662000000000011 1.0000000180025095e-35 300.00000000000006 1705.0000000000002 0.6830127018922193
decision_type=2 2 2 2 2 2 2 2 2 2
left_child=4 2 5 -4 -1 -2 8 -6 -3 -10
right_child=1 6 3 -5 7 -7 -8 -9 9 -11
leaf_value=0.010124278592825289 -0.050323971664818702 -0.045647582159890773 0.012659377469917139 0.078489405637908113 0.051820331443272208 -0.044668737467202894 -0.048703923067627816 0.05452281502522003 -0.044030562178494166 -0.043770977660131181
leaf_weight=1.3689427822828295 0.54455284029245377 0.69022599980235122 0.78032461181282997 0.65852892398834229 0.91931937634944905 0.51903515309095383 0.57391157746314991 1.0319021493196485 0.30074089765548706 0.4379102811217308
leaf_count=7 4 8 7 3 5 7 5 5 5 8
internal_value=0.00471159 -0.0179549 0.00438662 0.0427882 0.0354685 -0.0475642 -0.0458703 0.0532495 -0.0447321 -0.0438767
internal_weight=7.82539 4.50523 2.50244 1.43885 3.32016 1.06359 2.00279 1.95122 1.42888 0.738651
internal_count=64 47 21 10 17 11 26 10 21 13
is_linear=0
shrinkage=0.05


Tree=144
num_leaves=11
num_cat=0
split_feature=2 5 8 3 12 3 9 6 6 0
split_gain=1.43402 0.622063 1.06574 0.958997 0.630491 0.431565 0.221372 3.18592e-05 1.61478e-05 2.01008e-06
threshold=1705.0000000000002 0.68301270189221941 0.85115577981609924 6.5000000000000009 67.000000000000014 7.5000000000000009 -0.47805445239240252 0.25000000000000017 -0.5 11.100500000000002
decision_type=2 2 2 2 2 2 2 2 2 2
left_child=1 2 3 4 -1 -4 -3 8 -2 -9
right_child=7 6 5 -5 -6 -7 -8 9 -10 -11
leaf_value=-0.046641384680197739 -0.043610275695318647 0.019414018665826201 -0.059198164209718122 0.049894152581466199 0.028424051254994906 -0.0043001666268162441 0.050795353410362842 -0.043318950795455835 -0.04410354361846499 -0.043502115325703812
leaf_weight=0.61317664757371015 0.30097032710909843 1.1330224871635439 0.73258856683969475 1.3669421225786207 0.51439668238162994 0.70011666417121887 1.1150394529104231 0.39532998576760292 0.36974469944834687 0.24115823581814766
leaf_count=7 6 5 6 6 4 5 5 9 6 5
internal_value=0.00393351 0.0140044 0.00199778 0.0217374 -0.0123967 -0.0323713 0.0349792 -0.0436417 -0.0438822 -0.0433883
internal_weight=7.48249 6.17528 3.92722 2.49452 1.12757 1.43271 2.24806 1.3072 0.670715 0.636488
internal_count=64 38 28 17 11 11 10 26 12 14
is_linear=0
shrinkage=0.05


Tree=145
num_leaves=9
num_cat=0
split_feature=0 0 7 0 2 13 2 0
split_gain=1.81019 2.05199 0.000170266 5.77317e-05 4.94201e-05 1.17844e-05 1.05672e-05 1.01361e-05
threshold=10.361300000000002 10.654750000000002 8.4166666666666696 4.4258500000000014 675.00000000000011 1.0000000180025095e-35 1000.0000000000001 1.8743000000000003
decision_type=2 2 2 2 2 2 2 2
left_child=2 -2 -1 7 -5 6 -3 -4
right_child=1 5 3 4 -6 -7 -8 -9
leaf_value=-0.044595909433655358 0.052569134956523801 -0.043051188810133173 -0.042911535200016115 -0.043183982091449656 -0.044044922110599988 -0.043804157562286263 -0.043507552154852004 -0.043356555345697795
leaf_weight=0.49280278757214535 1.7313178330659869 0.1806774679571389 0.30311405844986417 0.2416163869202137 0.537481889128685 0.21265367791056633 0.42574035376310349 0.22142060101032257
leaf_count=8 9 5 9 6 9 4 9 5
internal_value=-0.00535884 0.0217212 -0.0438042 -0.0435049 -0.0437779 -0.0434839 -0.0433716 -0.0430994
internal_weight=4.34683 2.55039 1.79644 1.30363 0.779098 0.819071 0.606418 0.524535
internal_count=64 27 37 29 15 18 14 14
is_linear=0
shrinkage=0.05


Tree=146
num_leaves=12
num_cat=0
split_feature=2 4 0 10 2 0 0 9 8 5 11
split_gain=1.42942 3.63291e-06 1.69947e-06 2.29738e-06 1.61799e-06 1.39247e-06 4.98338e-07 8.76078e-07 4.85754e-07 1.66835e-07 1.61072e-09
threshold=3050.0000000000005 6.5000000000000009 1.8743000000000003 4.5000000000000009 1450.0000000000002 4.929450000000001 10.361300000000002 -0.41859597363157713 0.91228888591693746 0.68301270189221941 3.5000000000000004
decision_type=2 2 2 2 2 2 2 2 2 2 2
left_child=1 -1 -3 4 5 -4 7 -5 -8 -7 -10
right_child=-2 2 3 6 -6 9 8 -9 10 -11 -12
leaf_value=-0.042603746332405136 0.054378858974918259 -0.042075656445525786 -0.042450610734307032 -0.042178662177844398 -0.042535544671957026 -0.042163068653779667 -0.042241171910634943 -0.042397881719575342 -0.042083043737237244 -0.042269845595730868 -0.042094698282849452
leaf_weight=0.087540482170879841 0.63525348901748657 0.10349483974277973 0.10375802405178547 0.11204475723206997 0.11670238524675369 0.08053978718817234 0.093897316604852676 0.076822797767817974 0.058512619696557522 0.067027073353528976 0.06009348388761282
leaf_count=4 3 9 5 8 5 6 6 4 5 4 5
internal_value=-0.00380951 -0.0422967 -0.0422659 -0.0422915 -0.0423817 -0.0423103 -0.0422087 -0.0422678 -0.0421562 -0.0422116 -0.0420889
internal_weight=1.59569 0.960434 0.872893 0.769398 0.368027 0.251325 0.401371 0.188868 0.212503 0.147567 0.118606
internal_count=64 61 57 48 20 15 28 12 16 10 10
is_linear=0
shrinkage=0.05


Tree=147
num_leaves=11
num_cat=0
split_feature=0 2 2 11 8 0 0 0 9 0
split_gain=2.63055 1.94885 0.00815875 6.58614e-05 0.000197429 1.06565e-05 9.77358e-06 1.3537e-05 6.7167e-06 2.59563e-06
threshold=10.654750000000002 1450.0000000000002 2537.5000000000005 3.5000000000000004 0.80625269229011354 4.3650000000000011 6.2124500000000014 4.4258500000000014 -0.41859597363157713 9.1832000000000011
decision_type=2 2 2 2 2 2 2 2 2 2
left_child=3 -2 -3 5 6 -1 7 -5 9 -7
right_child=1 2 -4 4 -6 8 -8 -9 -10 -11
leaf_value=-0.042938157990262252 -0.045637037787701444 0.057250081046548752 0.051130756379812563 -0.043109593157882299 -0.045008019442146677 -0.043023310303568311 -0.043031520972253511 -0.043638580533914145 -0.043485161806306016 -0.043271285152485794
leaf_weight=0.30764690227806546 0.62908108159899745 1.1153824031352999 1.0645977854728697 0.18501536361873139 0.23858845978975296 0.18001979216933217 0.18245051056146622 0.34921608492732048 0.27274013683199916 0.25502325966954231
leaf_count=9 7 5 6 5 3 5 5 7 6 6
internal_value=0.000821193 0.0318897 0.0542617 -0.0434642 -0.0437622 -0.0431838 -0.0433475 -0.0434554 -0.0432906 -0.0431687
internal_weight=4.77976 2.80906 2.17998 1.9707 0.95527 1.01543 0.716682 0.534231 0.707783 0.435043
internal_count=64 18 11 46 20 26 17 12 17 11
is_linear=0
shrinkage=0.05


Tree=148
num_leaves=11
num_cat=0
split_feature=0 4 0 7 7 3 4 4 0 2
split_gain=3.47509 0.000148689 5.62534e-05 8.81304e-05 2.66931e-05 1.60155e-05 1.36073e-05 1.46726e-05 4.1319e-06 2.46305e-06
threshold=1.8743000000000003 6.5000000000000009 9.1832000000000011 7.7666666666666675 9.1416666666666675 5.5000000000000009 102.50000000000001 46.000000000000007 4.4258500000000014 2300.0000000000005
decision_type=2 2 2 2 2 2 2 2 2 2
left_child=-1 -2 3 -3 8 -6 7 -4 -5 -8
right_child=1 2 6 4 5 -7 9 -9 -10 -11
leaf_value=0.050904977807553292 -0.044828812323758238 -0.044710960470331226 -0.043181291002172092 -0.043498219015581673 -0.043554532307513022 -0.044103340548260921 -0.043006012730128718 -0.043684015257578396 -0.043218517343818118 -0.043229178820792177
leaf_weight=1.5218122303485868 0.26757322251796756 0.22448016703128848 0.24025940895080544 0.28781936690211274 0.23250904306769371 0.31040782481431961 0.2161155678331852 0.3666042797267437 0.24395279586315155 0.28894404321908951
leaf_count=9 4 3 6 6 5 5 6 7 6 7
internal_value=-0.00943183 -0.0437106 -0.0435865 -0.0438099 -0.0436217 -0.0438683 -0.0433254 -0.043485 -0.0433699 -0.0431337
internal_weight=4.20048 2.67867 2.41109 1.29917 1.07469 0.542917 1.11192 0.606864 0.531772 0.50506
internal_count=64 55 51 25 22 10 26 13 12 13
is_linear=0
shrinkage=0.05


Tree=149
num_leaves=10
num_cat=0
split_feature=2 2 9 11 9 12 2 3 3
split_gain=2.02324 1.03727 1.38377 1.99386 0.585994 1.56006 0.000198027 3.59154e-05 3.57463e-05
threshold=1705.0000000000002 300.00000000000006 -0.16708397168011488 1.5000000000000002 -0.35824514579943006 33.500000000000007 2850.0000000000005 2.5000000000000004 7.5000000000000009
decision_type=2 2 2 2 2 2 2 2 2
left_child=1 -1 3 -3 5 -5 7 -2 -9
right_child=6 2 -4 4 -6 -7 -8 8 -10
leaf_value=0.051893258770859541 -0.043634645358164408 -0.047194300460778854 -0.05122362827862538 0.074938347514771658 0.075181552877384497 -0.022567779572797843 -0.045178692228915053 -0.04449090115143587 -0.043754709158100119
leaf_weight=1.6628792434930799 0.46336661279201485 0.83392436802387226 0.86243987828493152 0.79223126173019387 0.87093465030193362 0.8507310226559639 0.48550117388367642 0.42211099341511726 0.27058669924736023
leaf_count=9 9 8 6 4 4 7 6 6 5
internal_value=0.00474182 0.0184579 0.00525237 0.0198013 0.0420254 0.0244494 -0.0443313 -0.0439754 -0.0442033
internal_weight=7.51471 5.87314 4.21026 3.34782 2.5139 1.64296 1.64157 1.15606 0.692698
internal_count=64 38 29 23 15 11 26 20 11
is_linear=0
shrinkage=0.05


Tree=150
num_leaves=14
num_cat=0
split_feature=9 9 5 0 3 7 5 0 9 8 7 2 12
split_gain=1.21205 1.35373 1.06912 0.694546 0.489491 0.476528 0.496548 0.14208 0.50283 0.0418062 0.00117993 7.38947e-05 3.23441e-05
threshold=-0.82968937203783677 -0.70710678118654757 0.68301270189221941 4.4795500000000006 7.5000000000000009 8.4166666666666696 -0.24999999999999994 6.2124500000000014 -0.11318597237013776 0.91228888591693746 16.458333333333339 1705.0000000000002 25.000000000000004
decision_type=2 2 2 2 2 2 2 2 2 2 2 2 2
left_child=-1 -2 3 5 9 -3 -7 -4 -9 10 12 -8 -5
right_child=1 2 7 4 -6 6 11 8 -10 -11 -12 -13 -14
leaf_value=-0.057892568022583003 0.069802603033632685 0.046463639886715431 0.051962557031698269 -0.043352756299180388 -0.008575222022056201 0.028949351712545215 -0.044389086425686571 -0.0073035184169006895 0.056666181712633316 -0.063610469201567363 -0.047817017109035742 -0.043186489678703262 -0.044143408230216952
leaf_weight=0.79758547246456135 0.76733176410198201 0.6008317172527311 0.56890144944190968 0.22340145334601424 1.2650663815438745 0.43253163993358612 0.26753078773617744 0.67570145800709713 0.56327631324529637 0.49705909192562103 0.28112655133008957 0.24445319548249245 0.30724379047751427
leaf_count=8 4 3 3 5 9 2 4 8 3 3 3 6 5
internal_value=0.00037129 0.00731292 -0.000777066 -0.0148452 -0.0307537 0.0116516 -0.0104932 0.0312771 0.021779 -0.0521906 -0.045198 -0.0438149 -0.0438105
internal_weight=7.49204 6.69446 5.92712 4.11924 2.5739 1.54535 0.944516 1.80788 1.23898 1.30883 0.811772 0.511984 0.530645
internal_count=66 58 54 40 25 15 12 14 11 16 13 10 10
is_linear=0
shrinkage=0.05


Tree=151
num_leaves=11
num_cat=0
split_feature=0 0 14 7 0 3 6 12 8 12
split_gain=1.83054 1.81124 0.000213572 7.73581e-05 4.41879e-05 3.37188e-05 1.47113e-05 7.2242e-06 3.74873e-06 2.39999e-07
threshold=10.361300000000002 10.654750000000002 1.0000000180025095e-35 7.7666666666666675 1.8743000000000003 8.5000000000000018 0.6830127018922193 27.500000000000004 0.99342052987049467 89.500000000000014
decision_type=2 2 2 2 2 2 2 2 2 2
left_child=2 -2 3 -1 9 7 8 -6 -3 -5
right_child=1 6 -4 4 5 -7 -8 -9 -10 -11
leaf_value=-0.044371113624875745 0.051619337974748526 -0.043316158999448205 -0.04468394257615866 -0.042747140282440012 -0.043491589335394369 -0.044006893128063732 -0.043715444670764644 -0.043150838189574894 -0.04303287813387361 -0.042835832464431484
leaf_weight=0.20132215321063984 1.6398714631795885 0.33575548790395249 0.48818759061396111 0.14683783054351784 0.28070368990302086 0.23293629661202431 0.20850929245352745 0.34885141998529434 0.17907262034714222 0.15872148796916008
leaf_count=3 9 8 8 5 6 4 4 9 5 5
internal_value=-0.0066459 0.0225475 -0.043786 -0.0434659 -0.0433099 -0.0434929 -0.0433611 -0.0433028 -0.0432176 -0.0427932
internal_weight=4.22077 2.36321 1.85756 1.36937 1.16805 0.862491 0.723337 0.629555 0.514828 0.305559
internal_count=66 26 40 32 29 19 17 15 13 10
is_linear=0
shrinkage=0.05


Tree=152
num_leaves=12
num_cat=0
split_feature=2 0 0 12 12 5 9 4 2 3 5
split_gain=1.56837 3.58953e-06 6.61163e-06 4.04458e-06 1.90772e-06 1.10221e-06 1.00607e-06 4.1603e-07 1.27595e-07 2.91563e-08 2.55154e-08
threshold=3050.0000000000005 1.8743000000000003 6.2124500000000014 71.500000000000014 29.500000000000004 -0.6830127018922193 -0.52414661475995694 102.50000000000001 1855.0000000000002 3.5000000000000004 -0.24999999999999994
decision_type=2 2 2 2 2 2 2 2 2 2 2
left_child=1 9 3 4 -3 -4 -7 8 -8 -1 -9
right_child=-2 2 5 -5 -6 6 7 10 -10 -11 -12
leaf_value=-0.042051935185960239 0.053089046209329686 -0.042505478224035664 -0.042400841733697091 -0.042751189046084159 -0.042239224259710141 -0.042343309754186154 -0.042209961541480205 -0.042083754005832676 -0.042126816432951915 -0.042000185752333795 -0.042037761036978372
leaf_weight=0.065356464125216007 0.80096305906772614 0.1485414057970047 0.060121839866042137 0.10431172233074903 0.12297170329838991 0.069198692217469215 0.11996531020849943 0.058117375709116459 0.07498378399759531 0.046643257141113281 0.062674660235643387
leaf_count=6 4 7 3 4 8 4 8 5 6 5 6
internal_value=0.0017678 -0.0422959 -0.0423321 -0.0424866 -0.0423849 -0.0422017 -0.0421706 -0.0421328 -0.042178 -0.0420304 -0.0420599
internal_weight=1.73385 0.932886 0.820886 0.375825 0.271513 0.445062 0.38494 0.315741 0.194949 0.112 0.120792
internal_count=66 62 51 19 15 32 29 25 14 11 11
is_linear=0
shrinkage=0.05


Tree=153
num_leaves=11
num_cat=0
split_feature=0 2 14 12 0 11 9 6 7 12
split_gain=1.96744 1.87137 7.90357e-05 0.000130514 3.7536e-05 2.10329e-05 1.95667e-05 8.73171e-06 4.62598e-06 2.90972e-07
threshold=10.654750000000002 1450.0000000000002 1.0000000180025095e-35 78.500000000000014 1.8743000000000003 1.5000000000000002 -0.35824514579943006 -0.5 8.4166666666666696 89.500000000000014
decision_type=2 2 2 2 2 2 2 2 2 2
left_child=2 -2 4 -4 9 8 7 -7 -6 -1
right_child=1 -3 3 -5 5 6 -8 -9 -10 -11
leaf_value=-0.042656839978350396 -0.045369700363223811 0.052987555159388217 -0.043233743439035396 -0.044883083498443381 -0.042860396381753471 -0.043074179023563891 -0.043815871141200745 -0.043513176677840763 -0.043197491732557207 -0.042758346000026093
leaf_weight=0.13418344780802716 0.68207710981369052 1.6619395911693571 0.27145446278154839 0.21489597111940384 0.16016525216400601 0.22031334415078119 0.30888177081942603 0.23312880843877792 0.2791643999516964 0.14899292029440403
leaf_count=5 8 9 7 3 5 6 6 5 7 5
internal_value=-0.00659323 0.0243669 -0.0434093 -0.0439625 -0.0432281 -0.0433502 -0.043509 -0.0432999 -0.0430746 -0.0427102
internal_weight=4.3152 2.34402 1.97118 0.48635 1.48483 1.20165 0.762324 0.453442 0.43933 0.283176
internal_count=66 17 49 10 39 29 17 11 12 10
is_linear=0
shrinkage=0.05


Tree=154
num_leaves=11
num_cat=0
split_feature=0 2 12 0 8 4 2 8 2 5
split_gain=4.21147 0.0239493 0.000248722 6.08443e-05 7.58132e-05 1.6094e-05 1.37338e-05 1.75612e-05 4.73902e-06 1.88783e-06
threshold=1.8743000000000003 1705.0000000000002 89.500000000000014 9.1832000000000011 0.91228888591693746 102.50000000000001 675.00000000000011 0.6377464691245277 1855.0000000000002 -0.24999999999999994
decision_type=2 2 2 2 2 2 2 2 2 2
left_child=1 -1 3 4 6 8 -2 -8 -5 -7
right_child=2 -3 -4 5 -6 9 7 -9 -10 -11
leaf_value=0.059468394263014403 -0.043257285768802174 0.048393064343088571 -0.044961590642896558 -0.043529560654538529 -0.044584729701079517 -0.043064829649850034 -0.043889968456866643 -0.043383286741040111 -0.04324244685518755 -0.04285242390151462
leaf_weight=0.9489588290452956 0.2869985997676856 1.0051003843545911 0.33042597770690907 0.29014888778328873 0.2150726318359375 0.29906324297189713 0.39111072197556496 0.30387992411851883 0.28478541225194931 0.16088605672121048
leaf_count=4 7 7 5 6 3 8 7 7 7 5
internal_value=-0.00151774 0.0537716 -0.0436813 -0.0434918 -0.0437345 -0.043211 -0.0435483 -0.0436684 -0.0433873 -0.0429905
internal_weight=4.51643 1.95406 2.56237 2.23195 1.19706 1.03488 0.981989 0.694991 0.574934 0.459949
internal_count=66 11 55 50 24 26 21 14 13 13
is_linear=0
shrinkage=0.05


Tree=155
num_leaves=10
num_cat=0
split_feature=2 6 4 2 2 0 2 6 11
split_gain=2.37002 1.14168 0.539841 0.569923 0.00080537 0.000263021 7.76703e-05 4.22555e-05 4.47541e-06
threshold=1000.0000000000001 -0.68301270189221952 102.50000000000001 400.00000000000006 1705.0000000000002 10.381750000000002 2850.0000000000005 0.25000000000000017 3.5000000000000004
decision_type=2 2 2 2 2 2 2 2 2
left_child=2 -2 -1 -4 5 -3 7 -6 -9
right_child=1 4 3 -5 6 -7 -8 8 -10
leaf_value=0.057932217668436273 0.015706272718534871 -0.046492320280272843 0.042250897077231044 -0.00056569087324769018 -0.044259078312237889 -0.044890945734578871 -0.044658437231287651 -0.043386804625592981 -0.043658287774927945
leaf_weight=1.3379843756556509 1.1900698579847815 0.6410893462598326 1.4926953911781313 1.6214177682995794 0.25908527523279168 0.42733591422438622 0.29557838290929794 0.36525842919945717 0.2597675509750843
leaf_count=7 8 7 9 8 4 6 4 8 5
internal_value=0.0072887 -0.0238943 0.0313701 0.0199577 -0.0448574 -0.0458518 -0.0439568 -0.0437222 -0.0434996
internal_weight=7.89028 3.43818 4.4521 3.11411 2.24811 1.06843 1.17969 0.884111 0.625026
internal_count=66 42 24 17 34 13 21 17 13
is_linear=0
shrinkage=0.05


Tree=156
num_leaves=12
num_cat=0
split_feature=9 9 9 4 9 4 9 9 4 6 2
split_gain=1.11691 1.23735 1.024 1.02861 0.759002 0.518651 0.383457 0.713633 0.155026 0.0315896 2.80922e-05
threshold=-0.82968937203783677 -0.70710678118654757 -0.16708397168011488 82.000000000000014 -0.52414661475995694 36.000000000000007 -0.35824514579943006 -0.59116893267988335 196.00000000000003 -0.5 1705.0000000000002
decision_type=2 2 2 2 2 2 2 2 2 2 2
left_child=-1 -2 3 4 -3 10 7 -5 -9 -8 -6
right_child=1 2 -4 6 5 -7 9 8 -10 -11 -12
leaf_value=-0.057075643488564004 0.067429256581291161 0.061904674425363404 0.036361713248767059 -0.05356606976221974 -0.043833816868885302 0.041687122124363138 -0.062633387188443801 -0.0095628272111176263 0.02800408771112442 -0.045372537517318276 -0.043063772345770357
leaf_weight=0.75546944513916958 0.7528318054974078 0.65012753009796143 1.4033589288592345 0.75224236771464292 0.21503527089953312 0.28605449199676514 0.51451856642961502 0.53724841773509957 0.56178577244281769 0.5467370934784419 0.26365918666124344
leaf_count=8 4 3 9 9 4 2 3 7 3 7 7
internal_value=0.000460058 0.00716412 -0.000752708 -0.0127887 0.0221862 -0.0115792 -0.0297792 -0.016043 0.00964 -0.053741 -0.0434097
internal_weight=7.23907 6.4836 5.73077 4.32741 1.41488 0.764749 2.91253 1.85128 1.09903 1.06126 0.478694
internal_count=66 58 54 45 16 13 29 19 10 10 11
is_linear=0
shrinkage=0.05


Tree=157
num_leaves=11
num_cat=0
split_feature=0 0 14 7 0 3 6 12 7 12
split_gain=1.71352 1.66602 0.000172677 8.08829e-05 3.94188e-05 3.28348e-05 1.1146e-05 7.07131e-06 3.2357e-06 1.79884e-07
threshold=10.361300000000002 10.654750000000002 1.0000000180025095e-35 7.7666666666666675 1.8743000000000003 8.5000000000000018 0.6830127018922193 27.500000000000004 6.6500000000000012 89.500000000000014
decision_type=2 2 2 2 2 2 2 2 2 2
left_child=2 -2 3 -1 9 7 8 -6 -3 -5
right_child=1 6 -4 4 5 -7 -8 -9 -10 -11
leaf_value=-0.044314345556193811 0.050855416916282606 -0.042932205721635162 -0.044509797028023892 -0.042663740834883085 -0.043387175379379112 -0.04390824061229634 -0.043559294335421023 -0.043038556025496034 -0.043204837760378922 -0.042743548282869304
leaf_weight=0.19685745611786876 1.5564328730106356 0.16669190675020207 0.45987212099134911 0.13606027886271455 0.26388407498598099 0.22240066528320312 0.19396829232573509 0.32411743327975273 0.31353543698787689 0.14677288383245468
leaf_count=3 9 5 8 5 6 4 4 9 8 5
internal_value=-0.00664062 0.0224158 -0.0436779 -0.0433814 -0.0432134 -0.0433907 -0.0432394 -0.043195 -0.0431102 -0.0427052
internal_weight=3.98059 2.23063 1.74996 1.29009 1.09324 0.810402 0.674196 0.588002 0.480227 0.282833
internal_count=66 26 40 32 29 19 17 15 13 10
is_linear=0
shrinkage=0.05


Tree=158
num_leaves=10
num_cat=0
split_feature=5 8 12 14 5 0 0 7 10
split_gain=0.692182 0.12043 0.333018 4.58219e-06 1.13632e-06 1.08881e-06 4.29888e-07 1.69726e-07 4.18594e-07
threshold=-0.24999999999999994 0.19467261866128652 21.000000000000004 1.0000000180025095e-35 0.93301270189221952 10.361300000000002 1.8743000000000003 8.5833333333333339 4.5000000000000009
decision_type=2 2 2 2 2 2 2 2 2
left_child=1 -1 -3 4 6 -4 -2 8 -8
right_child=3 2 5 -5 -6 -7 7 -9 -10
leaf_value=0.04580261383052231 -0.042002527026172881 0.036502667238233408 -0.042368750864540769 -0.042462739783472071 -0.042322420944645889 -0.042124660415522819 -0.042167249764126113 -0.042184265854332659 -0.042015340059047966
leaf_weight=0.43865664675831773 0.084696406032890192 0.42385132145136595 0.12386297527700663 0.14254057873040438 0.069039963185787201 0.072386831976473331 0.10696014575660229 0.097668919712305069 0.078726446256041527
leaf_count=4 9 5 7 8 4 6 8 7 8
internal_value=0.00170658 0.0257529 0.0115699 -0.0422166 -0.0421363 -0.0422787 -0.0421014 -0.0421309 -0.0421028
internal_weight=1.63839 1.05876 0.620101 0.579632 0.437092 0.19625 0.368052 0.283356 0.185687
internal_count=66 22 18 44 36 13 32 23 16
is_linear=0
shrinkage=0.05


Tree=159
num_leaves=11
num_cat=0
split_feature=0 2 11 12 9 6 9 0 5 9
split_gain=1.82567 1.71762 7.04731e-05 0.000174044 2.11019e-05 1.06056e-05 9.34529e-06 3.11253e-06 2.78367e-06 1.21768e-06
threshold=10.654750000000002 1450.0000000000002 3.5000000000000004 71.500000000000014 -0.24825246871434689 -0.24999999999999994 -0.41859597363157713 9.1832000000000011 0.25000000000000011 -0.49524719222984687
decision_type=2 2 2 2 2 2 2 2 2 2
left_child=2 -2 6 4 5 8 7 9 -4 -1
right_child=1 -3 3 -5 -6 -7 -8 -9 -10 -11
leaf_value=-0.042865267964616233 -0.045109622726981879 0.052012127484623139 -0.043010963275309344 -0.044689857180071721 -0.043734058446574894 -0.043288990684884628 -0.04323275913126029 -0.043005129061045651 -0.042712774676929161 -0.042679542712601222
leaf_weight=0.16155756264925003 0.64020912721753154 1.5755772441625593 0.17705710977315869 0.26649441756308079 0.15502322465181362 0.31409067660570145 0.22863913699984539 0.21389223448932171 0.14027253724634647 0.19450347498059273
leaf_count=5 8 9 5 4 3 8 6 6 5 7
internal_value=-0.00667099 0.0239507 -0.0433169 -0.0435856 -0.0432114 -0.043083 -0.0429627 -0.0428544 -0.0428792 -0.0427638
internal_weight=4.06732 2.21579 1.85153 1.05294 0.786444 0.63142 0.798592 0.569953 0.31733 0.356061
internal_count=66 17 49 25 21 18 24 18 10 12
is_linear=0
shrinkage=0.05


Tree=160
num_leaves=12
num_cat=0
split_feature=0 2 12 0 8 7 2 4 9 2 5
split_gain=3.90162 0.0200038 0.000203512 6.14894e-05 7.98338e-05 1.73823e-05 1.77759e-05 1.36831e-05 6.43379e-06 4.67825e-06 1.42785e-06
threshold=1.8743000000000003 1705.0000000000002 89.500000000000014 9.1832000000000011 0.91228888591693746 8.5833333333333339 675.00000000000011 102.50000000000001 -0.70710678118654757 1855.0000000000002 -0.24999999999999994
decision_type=2 2 2 2 2 2 2 2 2 2 2
left_child=1 -1 3 4 5 -2 -7 9 -8 -5 -9
right_child=2 -3 -4 7 -6 6 8 10 -10 -11 -12
leaf_value=0.05818906396168802 -0.042998838918584914 0.047801683887120874 -0.044765716807501854 -0.043413538977070704 -0.044522650895246929 -0.043192622227870389 -0.043520669991552789 -0.042955936360692608 -0.043877960695215303 -0.043118029202213443 -0.042764225792789094
leaf_weight=0.91471634805202462 0.17770089209079809 0.93957765400409698 0.31039805524051178 0.27239074930548657 0.21028555929660797 0.23819528892636299 0.23041867092251778 0.27719657681882381 0.27803186699748039 0.26348001509904861 0.14951146394014359
leaf_count=4 5 7 5 6 3 6 5 8 5 7 5
internal_value=-0.00158652 0.0529257 -0.0435708 -0.043394 -0.0436433 -0.0434433 -0.0435491 -0.0431 -0.043716 -0.0432682 -0.0428888
internal_weight=4.2619 1.85429 2.40761 2.09721 1.13463 0.924347 0.746646 0.962579 0.508451 0.535871 0.426708
internal_count=66 11 55 50 24 21 16 26 10 13 13
is_linear=0
shrinkage=0.05


Tree=161
num_leaves=10
num_cat=0
split_feature=2 6 4 10 2 0 2 6 11
split_gain=2.13987 1.07735 0.486704 0.557383 0.000750838 0.000244524 6.10701e-05 3.32942e-05 3.37106e-06
threshold=1000.0000000000001 -0.68301270189221952 102.50000000000001 4.5000000000000009 1705.0000000000002 10.381750000000002 2850.0000000000005 0.25000000000000017 3.5000000000000004
decision_type=2 2 2 2 2 2 2 2 2
left_child=2 -2 -1 -4 5 -3 7 -6 -9
right_child=1 4 3 -5 6 -7 -8 8 -10
leaf_value=0.056003265278235285 0.014946275356899574 -0.046293476742962636 -0.0045373377994679578 0.038681403151952259 -0.044050716031122997 -0.044706071503909116 -0.044417656870419167 -0.043248852153248085 -0.043493862922371708
leaf_weight=1.2915718778967855 1.1830265782773497 0.61003585159778617 1.3512470126152039 1.6655769795179367 0.24041931703686692 0.40277022495865822 0.27480965852737427 0.33808683231472969 0.24008454754948616
leaf_count=7 8 7 8 9 4 6 4 8 5
internal_value=0.00713404 -0.0232353 0.0303194 0.0193236 -0.0446813 -0.0456622 -0.0437727 -0.0435562 -0.0433506
internal_weight=7.59763 3.28923 4.3084 3.01682 2.10621 1.01281 1.0934 0.818591 0.578171
internal_count=66 42 24 17 34 13 21 17 13
is_linear=0
shrinkage=0.05


Tree=162
num_leaves=11
num_cat=0
split_feature=9 9 9 4 11 9 4 4 8 2
split_gain=1.03136 1.12901 0.927576 0.953823 1.18075 0.684175 0.472796 0.0330467 0.000772349 2.13998e-05
threshold=-0.82968937203783677 -0.70710678118654757 -0.16708397168011488 82.000000000000014 1.5000000000000002 -0.52414661475995694 36.000000000000007 205.00000000000003 -1.0000000180025095e-35 1705.0000000000002
decision_type=2 2 2 2 2 2 2 2 2 2
left_child=-1 -2 3 5 -5 -3 9 8 -6 -7
right_child=1 2 -4 4 7 6 -8 -9 -10 -11
leaf_value=-0.056276251820804014 0.065199722981094388 0.060205512390462561 0.034742298206706178 0.014985305575901865 -0.046900584383864796 -0.043651699305684334 0.04005473060902548 -0.058862644690831606 -0.04373320725626173 -0.042952776228109779
leaf_weight=0.7153746411204337 0.73757865652441967 0.62786807119846344 1.3867363855242736 0.98322997614741359 0.36215615272521906 0.19873435422778019 0.27665196731686592 1.0417383983731268 0.4107645563781267 0.24396533146500587
leaf_count=8 4 3 9 9 4 4 2 8 8 7
internal_value=0.000601753 0.00709184 -0.000655874 -0.0124982 -0.0291416 0.0220664 -0.0112224 -0.0530507 -0.0452173 -0.0432665
internal_weight=6.9848 6.26942 5.53185 4.14511 2.79789 1.34722 0.719352 1.81466 0.772921 0.4427
internal_count=66 58 54 45 29 16 13 20 12 11
is_linear=0
shrinkage=0.05


Tree=163
num_leaves=12
num_cat=0
split_feature=0 0 14 8 0 3 6 7 7 0 12
split_gain=1.59477 1.53274 0.000137598 7.80252e-05 3.47796e-05 2.97958e-05 8.24017e-06 7.72772e-06 2.22924e-06 1.17851e-06 1.34241e-07
threshold=10.361300000000002 10.654750000000002 1.0000000180025095e-35 0.91228888591693746 1.8743000000000003 8.5000000000000018 0.6830127018922193 9.1416666666666675 6.6500000000000012 4.4258500000000014 89.500000000000014
decision_type=2 2 2 2 2 2 2 2 2 2 2
left_child=2 -2 3 4 10 7 8 9 -3 -6 -1
right_child=1 6 -4 -5 5 -7 -8 -9 -10 -11 -12
leaf_value=-0.042586721783876048 0.050106066276387834 -0.042857999424797615 -0.044331807721227294 -0.044225395289338318 -0.043063617663546397 -0.043797019405654905 -0.043409992935235307 -0.043378494730605691 -0.043091325969640298 -0.042887564648415311 -0.042658393738701852
leaf_weight=0.12602644413709663 1.4706790745258334 0.15759240277111519 0.43328173272311676 0.18962196633219708 0.18496692925691605 0.21113034710288048 0.17985868826508522 0.17015275917947292 0.29213163442909718 0.19555660337209702 0.13565599359571934
leaf_count=5 9 5 8 3 5 4 4 4 8 6 5
internal_value=-0.00672293 0.0221591 -0.043567 -0.0432938 -0.0431212 -0.043292 -0.043124 -0.0430984 -0.0430096 -0.0429731 -0.0426239
internal_weight=3.74665 2.10026 1.64639 1.21311 1.02349 0.761807 0.629583 0.550676 0.449724 0.380524 0.261682
internal_count=66 26 40 32 29 19 17 15 13 11 10
is_linear=0
shrinkage=0.05


Tree=164
num_leaves=12
num_cat=0
split_feature=2 0 0 2 12 5 9 4 2 12 3
split_gain=1.36353 3.1643e-06 6.22196e-06 3.25668e-06 1.11301e-06 1.01958e-06 7.34742e-07 2.68677e-07 1.04779e-07 1.61054e-08 1.45646e-08
threshold=3050.0000000000005 6.2124500000000014 1.8743000000000003 675.00000000000011 58.500000000000007 -0.6830127018922193 -0.52414661475995694 102.50000000000001 1855.0000000000002 41.500000000000007 3.5000000000000004
decision_type=2 2 2 2 2 2 2 2 2 2 2
left_child=1 2 10 -4 -5 -3 -7 8 -8 -9 -1
right_child=-2 5 3 4 -6 6 7 9 -10 -11 -12
leaf_value=-0.041995534029976245 0.051423257214341857 -0.042337008838315676 -0.042143884030668981 -0.042437708868939709 -0.042649369722566513 -0.042262150522160771 -0.04214010481299596 -0.041984631484133846 -0.042058806281297011 -0.04202419903537008 -0.041956187563385233
leaf_weight=0.055938328616321087 0.73148861527442932 0.055167770013213158 0.075696202926337719 0.16925620753318071 0.098112945444881916 0.060824650339782238 0.1042145136743784 0.044959348626434803 0.063953044824302197 0.060090981423854828 0.040582467801868916
leaf_count=6 4 3 6 9 4 4 8 5 6 6 5
internal_value=0.00167005 -0.0422417 -0.0423336 -0.0424334 -0.0425154 -0.0421379 -0.042105 -0.04207 -0.0421092 -0.0420073 -0.041979
internal_weight=1.56029 0.828796 0.439586 0.343065 0.267369 0.38921 0.334043 0.273218 0.168168 0.10505 0.0965208
internal_count=66 62 30 19 13 32 29 25 14 11 11
is_linear=0
shrinkage=0.05


Tree=165
num_leaves=10
num_cat=0
split_feature=0 2 11 12 9 2 9 0 9
split_gain=1.69368 1.58993 6.39525e-05 0.000150595 1.88279e-05 1.0199e-05 8.57184e-06 2.29508e-06 9.92315e-07
threshold=10.654750000000002 1450.0000000000002 3.5000000000000004 71.500000000000014 -0.24825246871434689 1000.0000000000001 -0.41859597363157713 9.1832000000000011 -0.49524719222984687
decision_type=2 2 2 2 2 2 2 2 2
left_child=2 -2 6 4 5 -4 7 8 -1
right_child=1 -3 3 -5 -6 -7 -8 -9 -10
leaf_value=-0.042779463125806043 -0.044868304784264769 0.051248195936949903 -0.043182835996619019 -0.04453603913291463 -0.043631155747704882 -0.042764571355725395 -0.043139602392350457 -0.042899787746229545 -0.042605734264949797
leaf_weight=0.15054469741880894 0.6045610532164577 1.4922322332859037 0.33195737563073657 0.25414887629449368 0.14717058092355706 0.2598170917481184 0.214656447991729 0.19786775857210159 0.18104015849530697
leaf_count=5 8 9 9 4 3 9 6 6 7
internal_value=-0.00671349 0.0235353 -0.0432236 -0.0434862 -0.0431251 -0.0429992 -0.0428731 -0.042765 -0.0426846
internal_weight=3.834 2.09679 1.7372 0.993094 0.738945 0.591774 0.744109 0.529453 0.331585
internal_count=66 17 49 25 21 18 24 18 12
is_linear=0
shrinkage=0.05


Tree=166
num_leaves=11
num_cat=0
split_feature=0 2 12 0 7 2 8 3 10 3
split_gain=3.6159 0.0166943 0.000162113 5.95453e-05 7.69867e-05 1.24076e-05 1.44871e-05 9.1066e-06 8.68992e-06 6.01583e-07
threshold=1.8743000000000003 1705.0000000000002 89.500000000000014 9.1832000000000011 7.7666666666666675 675.00000000000011 0.6377464691245277 5.5000000000000009 4.5000000000000009 10.500000000000002
decision_type=2 2 2 2 2 2 2 2 2 2
left_child=1 -1 3 4 -2 -6 -7 8 -5 -9
right_child=2 -3 -4 7 5 6 -8 9 -10 -11
leaf_value=0.057012433525777596 -0.044425679099300446 0.047266351854668237 -0.044559007490481098 -0.043280359308771402 -0.043047658343190479 -0.043673766152563513 -0.043184711240422155 -0.042865700345441321 -0.042857586016936747 -0.042737759943896558
leaf_weight=0.88040889799594857 0.20255073159933112 0.87714541703462601 0.29188459925353516 0.33885400369763363 0.25200119987130165 0.35290341451764107 0.26523996703326702 0.19318333081901073 0.18952981010079384 0.17521277815103531
leaf_count=4 3 7 5 8 7 7 7 6 6 6
internal_value=-0.00164807 0.0521484 -0.0434593 -0.0432964 -0.0435477 -0.0433434 -0.0434639 -0.0429957 -0.0431287 -0.0428049
internal_weight=4.01891 1.75755 2.26136 1.96948 1.0727 0.870145 0.618143 0.89678 0.528384 0.368396
internal_count=66 11 55 50 24 21 14 26 14 12
is_linear=0
shrinkage=0.05


Tree=167
num_leaves=11
num_cat=0
split_feature=2 6 2 12 2 6 0 2 6 11
split_gain=1.905 1.00939 0.457291 0.38864 0.000631959 0.000322666 0.000208459 4.92504e-05 2.6352e-05 2.56263e-06
threshold=1000.0000000000001 -0.68301270189221952 300.00000000000006 33.500000000000007 1705.0000000000002 0.25000000000000017 10.381750000000002 2850.0000000000005 0.25000000000000017 3.5000000000000004
decision_type=2 2 2 2 2 2 2 2 2 2
left_child=2 -2 5 -4 6 -1 -3 8 -6 -10
right_child=1 4 3 -5 7 -7 -8 -9 9 -11
leaf_value=0.04916274299406969 0.014109385624462173 -0.046002814635691919 0.031629130121903701 -0.0080058791038583651 -0.043860803887857708 0.050583160698536883 -0.04448869933788302 -0.044206433929232326 -0.043121666500981204 -0.043343842313978753
leaf_weight=0.74919332563877084 1.175366669893265 0.5728345401585101 1.5642336681485178 1.0229533612728117 0.22311012074351289 0.85735617578029633 0.37688614055514336 0.25608161091804504 0.31271675601601601 0.22187064960598946
leaf_count=5 8 7 8 6 4 5 6 4 8 5
internal_value=0.00692013 -0.0225379 0.0289684 0.0159578 -0.0444752 0.0499208 -0.045402 -0.043607 -0.0434044 -0.0432139
internal_weight=7.3326 3.13887 4.19374 2.58719 1.9635 1.60655 0.949721 1.01378 0.757698 0.534587
internal_count=66 42 24 14 34 10 13 21 17 13
is_linear=0
shrinkage=0.05


Tree=168
num_leaves=11
num_cat=0
split_feature=9 9 9 3 11 2 0 4 2 4
split_gain=0.958071 1.03433 0.85358 0.888489 0.881044 0.83703 0.410129 0.025429 0.000643802 2.35979e-05
threshold=-0.82968937203783677 -0.70710678118654757 -0.16708397168011488 4.5000000000000009 1.5000000000000002 1705.0000000000002 6.2124500000000014 205.00000000000003 1450.0000000000002 36.000000000000007
decision_type=2 2 2 2 2 2 2 2 2 2
left_child=-1 -2 3 5 -5 6 -3 8 -6 -7
right_child=1 2 -4 4 7 9 -8 -9 -10 -11
leaf_value=-0.055721564186031747 0.063161398524373913 0.057054616283196594 0.033514491506281205 0.01703992539248441 -0.043668639383130807 -0.042850528833442564 -0.0005640575515153247 -0.058182998796302343 -0.047067620193580267 -0.043560158800678567
leaf_weight=0.67769113369286049 0.72132072970271099 0.79533280432224251 1.36235798150301 0.61822005361318622 0.34814470633864392 0.22563842684030522 0.50490200147032738 1.0011354610323904 0.2322525642812252 0.2436620332300663
leaf_count=8 4 4 9 5 7 7 6 8 3 5
internal_value=0.00065626 0.00696833 -0.000634055 -0.0123547 -0.0335716 0.0140206 0.0346804 -0.0533556 -0.0450288 -0.043219
internal_weight=6.73066 6.05297 5.33165 3.96929 2.19975 1.76954 1.30023 1.58153 0.580397 0.4693
internal_count=66 58 54 45 23 22 10 18 10 12
is_linear=0
shrinkage=0.05


Tree=169
num_leaves=11
num_cat=0
split_feature=0 0 0 12 4 7 2 0 11 3
split_gain=1.49838 1.41064 0.00010873 0.000170086 2.80484e-05 1.72649e-05 6.46712e-06 3.7656e-06 1.20767e-06 4.35012e-07
threshold=10.361300000000002 10.654750000000002 1.8743000000000003 71.500000000000014 220.00000000000003 10.250000000000002 1000.0000000000001 11.102200000000002 3.5000000000000004 3.5000000000000004
decision_type=2 2 2 2 2 2 2 2 2 2
left_child=2 -2 9 4 5 8 -3 -8 -4 -1
right_child=1 6 3 -5 -6 -7 7 -9 -10 -11
leaf_value=-0.042602506980438895 0.049497982159073896 -0.042759261925126774 -0.042820761531780688 -0.044681258021834175 -0.043687843778542693 -0.043445478396238288 -0.042970459407634637 -0.043273184379396437 -0.043003323398965482 -0.042472961533045556
leaf_weight=0.15467787533998523 1.3947013467550275 0.17391191981732834 0.18674959428608395 0.30879141576588154 0.35693242028355598 0.2562201265245676 0.20385529845952988 0.20707173086702824 0.17592289298772812 0.1115292739123106
leaf_count=6 9 6 6 5 7 6 6 5 5 5
internal_value=-0.00666586 0.0221658 -0.0434679 -0.0436585 -0.0433349 -0.0431313 -0.0430148 -0.043123 -0.0429093 -0.0425482
internal_weight=3.53036 1.97954 1.55082 1.28462 0.975825 0.618893 0.584839 0.410927 0.362672 0.266207
internal_count=66 26 40 29 24 17 17 11 11 11
is_linear=0
shrinkage=0.05


Tree=170
num_leaves=12
num_cat=0
split_feature=2 0 0 2 6 5 9 4 2 12 4
split_gain=1.26755 3.11471e-06 5.56488e-06 2.79994e-06 1.34068e-06 8.62265e-07 5.70759e-07 2.21396e-07 9.23601e-08 1.17601e-08 1.13853e-08
threshold=3050.0000000000005 6.2124500000000014 1.8743000000000003 675.00000000000011 0.6830127018922193 -0.6830127018922193 -0.52414661475995694 102.50000000000001 1855.0000000000002 41.500000000000007 102.50000000000001
decision_type=2 2 2 2 2 2 2 2 2 2 2
left_child=1 2 10 -4 -5 -3 -7 8 -8 -9 -1
right_child=-2 5 3 4 -6 6 7 9 -10 -11 -12
leaf_value=-0.041970357350530223 0.050673829799638671 -0.042293737613311157 -0.042126338500864044 -0.042389699536660379 -0.042626761709596228 -0.042216855813326695 -0.042107724807277577 -0.041961566057774097 -0.042028409878262375 -0.041996697377534711 -0.041934178948125594
leaf_weight=0.051717997528612614 0.69647021591663361 0.05153201799839735 0.072404282167553902 0.15873771440237761 0.09553392231464386 0.056294597685337067 0.097087152302265167 0.041709497105330229 0.059014863334596157 0.055542272515594959 0.037524469662457705
leaf_count=6 4 3 6 9 4 4 8 5 6 6 5
internal_value=0.00168984 -0.0422118 -0.0423051 -0.0424007 -0.0424788 -0.0421044 -0.0420728 -0.0420408 -0.0420777 -0.0419816 -0.0419551
internal_weight=1.47357 0.777099 0.415918 0.326676 0.254272 0.36118 0.309648 0.253354 0.156102 0.0972518 0.0892425
internal_count=66 62 30 19 13 32 29 25 14 11 11
is_linear=0
shrinkage=0.05


Tree=171
num_leaves=10
num_cat=0
split_feature=0 2 11 12 9 2 9 0 10
split_gain=1.58239 1.4645 5.74107e-05 0.000129097 1.62876e-05 1.06625e-05 8.65758e-06 1.77387e-06 7.88419e-07
threshold=10.654750000000002 1450.0000000000002 3.5000000000000004 71.500000000000014 -0.24825246871434689 1000.0000000000001 -0.41859597363157713 1.8743000000000003 4.5000000000000009
decision_type=2 2 2 2 2 2 2 2 2
left_child=2 -2 6 4 5 -4 7 -1 -9
right_child=1 -3 3 -5 -6 -7 -8 8 -10
leaf_value=-0.042535505631967667 -0.044641406791159716 0.050568202221959506 -0.043119463017744122 -0.044390377524661385 -0.043532418495181337 -0.042677029724944388 -0.043070994614767336 -0.042814510508000073 -0.04266358670131401
leaf_weight=0.14405733905732632 0.5654371604323386 1.4137382060289381 0.31500611081719398 0.24214847758412361 0.13959265872836113 0.23987611941993237 0.20323469676077388 0.18564507551491261 0.16208339855074883
leaf_count=6 8 9 9 4 3 9 6 6 6
internal_value=-0.00668605 0.0233675 -0.0431408 -0.0433963 -0.0430496 -0.0429282 -0.0427965 -0.042683 -0.0427442
internal_weight=3.61082 1.97918 1.63164 0.936623 0.694475 0.554882 0.695021 0.491786 0.347728
internal_count=66 17 49 25 21 18 24 18 12
is_linear=0
shrinkage=0.05


Tree=172
num_leaves=11
num_cat=0
split_feature=0 2 0 12 9 6 4 10 0 5
split_gain=3.35126 0.014222 0.000127981 0.000206451 3.09056e-05 1.99149e-05 9.45887e-06 3.51108e-06 3.27379e-06 7.28027e-07
threshold=1.8743000000000003 1705.0000000000002 9.1832000000000011 71.500000000000014 -0.24825246871434689 -0.24999999999999994 102.50000000000001 4.5000000000000009 4.5662000000000011 -0.24999999999999994
decision_type=2 2 2 2 2 2 2 2 2 2
left_child=1 -1 3 4 5 8 7 -4 -2 -8
right_child=2 -3 6 -5 -6 -7 9 -9 -10 -11
leaf_value=0.056038259763219626 -0.043064564244177983 0.046781232220381649 -0.043137513588733314 -0.044882789671377231 -0.043849029559167252 -0.043444384510178319 -0.04276688166607414 -0.042869456687572763 -0.042763182022956286 -0.042620083507814127
leaf_weight=0.84214048087596916 0.18162285163998604 0.81787120550870895 0.34891527518630017 0.28108946420252323 0.22440666705369972 0.3504266794770956 0.23870917409658432 0.1879698857665062 0.17882460914552212 0.13070441223680973
leaf_count=4 5 7 9 4 4 8 8 6 6 5
internal_value=-0.00174074 0.0514774 -0.0433595 -0.0436946 -0.0433375 -0.043176 -0.0429097 -0.0430437 -0.042915 -0.0427149
internal_weight=3.78268 1.66001 2.12267 1.21637 0.935281 0.710874 0.906299 0.536885 0.360447 0.369414
internal_count=66 11 55 27 23 19 28 15 11 13
is_linear=0
shrinkage=0.05


Tree=173
num_leaves=12
num_cat=0
split_feature=0 10 0 12 12 6 0 7 3 7 7
split_gain=0.886379 0.717592 0.9371 0.932386 0.838298 0.536518 0.273858 0.10899 0.00625544 0.00390807 4.72879e-05
threshold=1.8743000000000003 4.5000000000000009 4.929450000000001 67.000000000000014 25.000000000000004 0.25000000000000017 11.100500000000002 9.1416666666666675 8.5000000000000018 6.6500000000000012 7.7666666666666675
decision_type=2 2 2 2 2 2 2 2 2 2 2
left_child=8 4 3 -3 6 -6 -2 9 -1 -4 -11
right_child=1 2 7 -5 5 -7 -8 -9 -10 10 -12
leaf_value=-0.043435325219477447 -0.029027522637246686 0.047381482800468055 -0.050064462673428484 -0.026239188365497441 0.064561222989388989 0.012007127762415628 0.020238705068804541 -0.013864188790827153 -0.053133134544726381 -0.043101675257554872 -0.044064998103637593
leaf_weight=0.33732642605900753 0.60927876457572006 1.0909343883395197 0.42104552313685395 0.70993781089782704 1.4380534850060942 0.73326066136360157 0.52524884790182114 0.35267868638038635 0.32794178277254105 0.2686130665242672 0.24231370538473129
leaf_count=8 6 7 4 4 8 6 4 5 3 7 4
internal_value=0.00671036 0.0124275 -0.00491403 0.0183588 0.0286134 0.0468135 -0.00621888 -0.0375388 -0.0482158 -0.0464978 -0.0435585
internal_weight=7.05663 6.39136 3.08552 1.80087 3.30584 2.17131 1.13453 1.28465 0.665268 0.931972 0.510927
internal_count=66 55 31 11 24 14 10 20 11 15 11
is_linear=0
shrinkage=0.05


Tree=174
num_leaves=13
num_cat=0
split_feature=9 9 5 0 3 8 12 9 0 4 9 12
split_gain=0.88073 0.937032 0.840115 0.608177 0.391794 0.289989 0.628982 0.137372 0.323994 0.0381981 0.00119647 1.28526e-05
threshold=-0.82968937203783677 -0.70710678118654757 0.68301270189221941 4.4795500000000006 7.5000000000000009 0.80625269229011354 11.500000000000002 -0.11318597237013776 6.2124500000000014 205.00000000000003 -0.24825246871434689 29.500000000000004
decision_type=2 2 2 2 2 2 2 2 2 2 2 2
left_child=-1 -2 3 5 9 6 -3 8 -4 10 11 -5
right_child=1 2 7 4 -6 -7 -8 -9 -10 -11 -12 -13
leaf_value=-0.054855905102834002 0.060879696738936451 0.046927168576530627 0.049884582957170104 -0.043056355077417452 -0.0090035836524741449 0.04082875648838083 -0.044266647244436998 0.051404268696502414 -0.0058147614859224775 -0.06552672220668905 -0.047253008122044686 -0.043580080461734089
leaf_weight=0.64020896144211281 0.70714572072029103 0.32198518142104171 0.48290579020976998 0.2235734313726423 1.1331188753247259 0.54818780720233917 0.45808266289532185 0.50954249501228321 0.56837011314928532 0.31406563334167004 0.3317971415817742 0.24608424305915833
leaf_count=8 4 2 3 6 9 3 10 3 8 2 3 5
internal_value=0.000819095 0.00691738 -0.000509894 -0.0138659 -0.0297117 0.0129598 -0.00662498 0.0300978 0.0197708 -0.0507465 -0.0449546 -0.0433308
internal_weight=6.48507 5.84486 5.13771 3.57689 2.24864 1.32826 0.780068 1.56082 1.05128 1.11552 0.801455 0.469658
internal_count=66 58 54 40 25 15 12 14 11 16 14 11
is_linear=0
shrinkage=0.05


Tree=175
num_leaves=11
num_cat=0
split_feature=0 0 0 12 4 7 6 7 0 3
split_gain=1.39958 1.30676 9.27766e-05 0.000144053 2.39524e-05 1.42694e-05 4.86461e-06 1.33496e-06 1.14086e-06 3.20894e-07
threshold=10.361300000000002 10.654750000000002 1.8743000000000003 71.500000000000014 220.00000000000003 10.250000000000002 0.6830127018922193 6.6500000000000012 4.4795500000000006 3.5000000000000004
decision_type=2 2 2 2 2 2 2 2 2 2
left_child=2 -2 9 4 5 8 7 -3 -4 -1
right_child=1 6 3 -5 -6 -7 -8 -9 -10 -11
leaf_value=-0.042529069764791538 0.048932194226235785 -0.042702995029412473 -0.042926404792388642 -0.044509343517023188 -0.043571779147663671 -0.043335399194469978 -0.043158400023512289 -0.042896461749926999 -0.042742919788453321 -0.042413518845146769
leaf_weight=0.14303253777325187 1.3213928863406179 0.13745334185659874 0.16518114320933797 0.29314215481281281 0.33622409217059612 0.24119239486753941 0.15641028806567192 0.25381352752447128 0.17391120456159115 0.1036042682826519
leaf_count=6 9 5 5 5 7 6 4 8 6 5
internal_value=-0.00661587 0.0220168 -0.0433644 -0.0435446 -0.043236 -0.0430414 -0.0429227 -0.0428285 -0.0428323 -0.0424805
internal_weight=3.32536 1.86907 1.45629 1.20965 0.916509 0.580285 0.547677 0.391267 0.339092 0.246637
internal_count=66 26 40 29 24 17 17 13 11 11
is_linear=0
shrinkage=0.05


Tree=176
num_leaves=12
num_cat=0
split_feature=2 0 0 2 6 5 9 4 2 3 3
split_gain=1.17996 2.85237e-06 4.86091e-06 2.41516e-06 1.14078e-06 7.37409e-07 4.25959e-07 1.88894e-07 9.17698e-08 8.53912e-09 5.2735e-09
threshold=3050.0000000000005 6.2124500000000014 1.8743000000000003 675.00000000000011 0.6830127018922193 -0.6830127018922193 -0.52414661475995694 102.50000000000001 1855.0000000000002 3.5000000000000004 10.500000000000002
decision_type=2 2 2 2 2 2 2 2 2 2 2
left_child=1 2 9 -4 -5 -3 -7 8 -8 -1 -9
right_child=-2 5 3 4 -6 6 7 10 -10 -11 -12
leaf_value=-0.041947029990874234 0.050023094252331826 -0.042256085285172544 -0.042102323902166408 -0.042354922450822105 -0.042579693538676799 -0.042174758181087769 -0.04208256395392744 -0.041970781953358703 -0.042000631037074521 -0.041914478677911156 -0.041946485890513904
leaf_weight=0.047798588871955872 0.66239564120769501 0.048429680056869984 0.068124585784971714 0.14987511001527309 0.09055804181843996 0.052068433724343777 0.091644340194761753 0.05124497227370739 0.054500569589436054 0.034826929215341806 0.039587324019521475
leaf_count=6 4 3 6 9 4 4 8 6 6 5 5
internal_value=0.00172443 -0.042182 -0.0422739 -0.0423651 -0.0424396 -0.0420755 -0.0420453 -0.0420168 -0.042052 -0.0419333 -0.0419602
internal_weight=1.39105 0.728659 0.391183 0.308558 0.240433 0.337475 0.289046 0.236977 0.146145 0.0826255 0.0908323
internal_count=66 62 30 19 13 32 29 25 14 11 11
is_linear=0
shrinkage=0.05


Tree=177
num_leaves=10
num_cat=0
split_feature=0 2 11 12 9 2 9 0 12
split_gain=1.46302 1.36962 5.02721e-05 0.000110203 1.27836e-05 1.05353e-05 7.84474e-06 1.48662e-06 6.3665e-07
threshold=10.654750000000002 1450.0000000000002 3.5000000000000004 71.500000000000014 -0.24825246871434689 1000.0000000000001 -0.41859597363157713 1.8743000000000003 53.500000000000007
decision_type=2 2 2 2 2 2 2 2 2
left_child=2 -2 6 4 5 -4 7 -1 -9
right_child=1 -3 3 -5 -6 -7 -8 8 -10
leaf_value=-0.042467480385676742 -0.044479969435638214 0.049998952905189901 -0.043051154659584159 -0.044241888170058002 -0.04341046787306329 -0.042596022606900999 -0.042989711132064928 -0.04259124698044723 -0.042731814029207331
leaf_weight=0.1332039050757885 0.53815937414765347 1.3355753123760221 0.29857801459729671 0.22991738840937614 0.13071322441101074 0.22145593911409378 0.19093941897153877 0.15157130919396877 0.17191417329013348
leaf_count=6 8 9 9 4 3 9 6 6 6
internal_value=-0.00674909 0.0228635 -0.043055 -0.0433009 -0.0429684 -0.0428573 -0.0427206 -0.0426081 -0.042666
internal_weight=3.40203 1.87373 1.52829 0.880665 0.650747 0.520034 0.647629 0.456689 0.323485
internal_count=66 17 49 25 21 18 24 18 12
is_linear=0
shrinkage=0.05


Tree=178
num_leaves=13
num_cat=0
split_feature=0 2 0 14 9 6 3 2 2 11 7 4
split_gain=3.07956 0.0107519 0.000111229 6.64868e-05 4.74737e-05 1.52862e-05 7.78234e-06 8.68438e-06 2.01463e-05 2.57931e-06 2.02818e-06 1.44247e-06
threshold=1.8743000000000003 1705.0000000000002 6.2124500000000014 1.0000000180025095e-35 -0.41859597363157713 1.0000000180025095e-35 8.5000000000000018 1000.0000000000001 1855.0000000000002 3.5000000000000004 7.7666666666666675 102.50000000000001
decision_type=2 2 2 2 2 2 2 2 2 2 2 2
left_child=1 -1 3 4 5 9 7 11 -9 -2 -10 -4
right_child=2 -3 6 -5 -6 -7 -8 8 10 -11 -12 -13
leaf_value=0.054648268551870084 -0.04272990528778834 0.04633828664821138 -0.042839836233889331 -0.044268164025416501 -0.043972167477337114 -0.043476647587775731 -0.042611713447915665 -0.043492415560304622 -0.042690488057850459 -0.043016944637079696 -0.042948916647184927 -0.042615608467698123
leaf_weight=0.79635645449161552 0.142880879342556 0.76141005754470825 0.15978023782372475 0.29109050333499908 0.22425847873091675 0.16866998188197613 0.20670362934470177 0.18744776397943497 0.13578859716653824 0.17305580712854862 0.17220340482890606 0.1301473081111908
leaf_count=4 5 7 5 5 4 4 8 4 5 5 5 5
internal_value=-0.00207694 0.0505865 -0.0432598 -0.0436319 -0.0433707 -0.0430923 -0.0428847 -0.0429565 -0.0430837 -0.0428871 -0.042835 -0.0427392
internal_weight=3.54979 1.55777 1.99203 0.999956 0.708865 0.484607 0.992071 0.785367 0.49544 0.315937 0.307992 0.289928
internal_count=66 11 55 23 18 14 32 24 14 10 10 10
is_linear=0
shrinkage=0.05


Tree=179
num_leaves=12
num_cat=0
split_feature=2 9 0 2 9 2 14 0 7 0 12
split_gain=1.57173 0.921276 2.04381 0.439822 0.538991 0.0157601 0.000266448 0.000242616 0.000166011 9.79049e-05 5.28066e-05
threshold=1000.0000000000001 -0.35824514579943006 6.2124500000000014 300.00000000000006 -0.67993326682463484 1250.0000000000002 1.0000000180025095e-35 10.654750000000002 6.6500000000000012 4.4795500000000006 27.500000000000004
decision_type=2 2 2 2 2 2 2 2 2 2 2
left_child=3 5 -3 7 -5 -2 9 -1 -4 -7 -11
right_child=1 2 8 4 -6 6 -8 -9 -10 10 -12
leaf_value=0.048171395799302859 -0.056543184547079087 0.084208974741359119 -0.045048034081370661 0.032566282736067376 -0.015392410875745081 -0.043000397637952416 -0.045367685434052167 0.049464166596109839 -0.04353676447889962 -0.044545904808155373 -0.043629258201064253
leaf_weight=0.68235993385314964 0.32559508085250888 0.53817206621170022 0.34418199211359024 1.5345083922147753 0.94764591008424748 0.2854877673089502 0.36401129886507988 0.77525772154331207 0.3849632665514946 0.33525350689888 0.2956957183778286
leaf_count=5 2 2 5 8 6 8 5 5 9 5 6
internal_value=0.00654952 -0.0215711 0.0103006 0.0270585 0.0142564 -0.0467209 -0.0442233 0.048859 -0.0442501 -0.0437687 -0.0441163
internal_weight=6.81313 2.87336 1.26732 3.93977 2.48215 1.60604 1.28045 1.45762 0.729145 0.916437 0.630949
internal_count=66 42 16 24 14 26 24 10 14 19 11
is_linear=0
shrinkage=0.05


Tree=180
num_leaves=11
num_cat=0
split_feature=0 14 11 5 7 12 0 0 2 11
split_gain=0.709764 0.567198 1.36908 0.444899 0.418142 0.242062 0.0399096 0.000482482 0.000197173 6.13605e-06
threshold=9.1832000000000011 1.0000000180025095e-35 3.5000000000000004 -0.5 8.5833333333333339 11.500000000000002 4.4258500000000014 10.361300000000002 1855.0000000000002 1.5000000000000002
decision_type=2 2 2 2 2 2 2 2 2 2
left_child=1 2 4 -4 6 -2 -1 -7 -9 -10
right_child=5 -3 3 -5 -6 7 -8 8 9 -11
leaf_value=-0.0068612461813528734 -0.0020587907124463593 0.044503756152561053 -0.0048982942509680789 -0.058213600329158892 0.05583043166383489 -0.04638789232655352 0.018168681411370593 -0.044598520369578468 -0.04327303845516333 -0.042868969664329099
leaf_weight=0.40334945172071524 0.49456776678562153 0.87495392188429821 0.7229253426194191 0.8529624994844196 0.85657200217247009 0.24494167417287804 0.26316362991929054 0.42535968497395515 0.16148878261446953 0.22466558963060379
leaf_count=7 5 7 6 7 4 3 3 7 4 7
internal_value=-0.00224255 0.00895343 -0.00108374 -0.0337557 0.0327209 -0.0309281 0.00302148 -0.044443 -0.0438559 -0.043038
internal_weight=5.52495 3.97393 3.09897 1.57589 1.52309 1.55102 0.666513 1.05646 0.811514 0.386154
internal_count=60 34 27 13 14 26 10 21 18 11
is_linear=0
shrinkage=0.05


Tree=181
num_leaves=10
num_cat=0
split_feature=0 0 7 3 0 0 6 6 10
split_gain=1.25204 1.06732 0.000104014 3.14084e-05 1.02678e-05 8.14833e-06 4.41525e-06 2.11264e-06 1.27197e-06
threshold=10.361300000000002 10.654750000000002 8.4166666666666696 10.500000000000002 1.8743000000000003 4.4795500000000006 0.6830127018922193 -0.24999999999999994 4.5000000000000009
decision_type=2 2 2 2 2 2 2 2 2
left_child=2 -2 -1 4 -4 -6 8 -7 -3
right_child=1 6 3 -5 5 7 -8 -9 -10
leaf_value=-0.043949646634347105 0.048819341667019268 -0.042775543211526969 -0.042436458514239751 -0.043525828500089181 -0.043153906548583698 -0.04260396527025867 -0.042996767790135879 -0.042845449880663203 -0.042554733883598928
leaf_weight=0.33707850612700008 1.1629238352179525 0.13992138952016819 0.17050880566239357 0.17281652428209782 0.18243508599698544 0.15357578173279762 0.17533314228057861 0.2207650039345026 0.12216228805482388
leaf_count=7 8 5 8 4 5 6 5 7 5
internal_value=-0.00542591 0.0237766 -0.0432005 -0.0429199 -0.0427759 -0.0428799 -0.0428026 -0.0427464 -0.0426726
internal_weight=2.83752 1.60034 1.23718 0.900101 0.727285 0.556776 0.437417 0.374341 0.262084
internal_count=60 23 37 30 26 18 15 13 10
is_linear=0
shrinkage=0.05


Tree=182
num_leaves=10
num_cat=0
split_feature=2 5 0 4 2 5 8 2 2
split_gain=1.03633 2.20939e-06 1.7819e-06 1.51805e-06 7.12353e-07 5.17094e-07 1.96898e-07 7.18629e-08 1.10272e-08
threshold=3050.0000000000005 -0.24999999999999994 10.361300000000002 6.5000000000000009 825.00000000000011 0.93301270189221952 0.73233588278529871 1705.0000000000002 2537.5000000000005
decision_type=2 2 2 2 2 2 2 2 2
left_child=1 2 4 -3 -1 6 -5 -8 -9
right_child=-2 3 -4 5 -6 -7 7 8 -10
leaf_value=-0.042469961103444691 0.049324412785677813 -0.042287091423733672 -0.042067387893225346 -0.04206075159553202 -0.042258411276736685 -0.04217550372941288 -0.042003546577903617 -0.041952773166975772 -0.041917094393353629
leaf_weight=0.080429820343852043 0.62405528128147125 0.069575644098222256 0.073311447165906429 0.089614916127175093 0.078760920558124781 0.05040452117100358 0.081336956936866045 0.055640444625169039 0.035456782206892967
leaf_count=4 4 5 7 9 6 4 9 7 5
internal_value=0.00393897 -0.0421498 -0.0422714 -0.0420759 -0.0423653 -0.0420288 -0.0420006 -0.0419694 -0.0419389
internal_weight=1.23859 0.614531 0.232502 0.382029 0.159191 0.312454 0.262049 0.172434 0.0910972
internal_count=60 56 17 39 10 34 30 21 12
is_linear=0
shrinkage=0.05


Tree=183
num_leaves=9
num_cat=0
split_feature=7 5 4 2 12 2 3 6
split_gain=1.44618 0.430407 0.000179491 9.10487e-06 1.26132e-05 1.98204e-06 1.42521e-06 4.01548e-07
threshold=7.7666666666666675 0.25000000000000011 6.5000000000000009 1705.0000000000002 27.500000000000004 2300.0000000000005 5.5000000000000009 -0.24999999999999994
decision_type=2 2 2 2 2 2 2 2
left_child=1 -1 -2 4 -4 -5 -6 -7
right_child=2 -3 3 5 6 7 -8 -9
leaf_value=-0.015182277218703447 -0.044352909508113901 0.043276300986607702 -0.043087960847857057 -0.04239732545500223 -0.042570660991884522 -0.042564388778254379 -0.042773554289676774 -0.042689009544058958
leaf_weight=0.42530484497547183 0.20439334958791722 1.2125313356518743 0.30149051081389167 0.14220131933689117 0.22032158635556698 0.12346268072724342 0.14255720563232899 0.13566974923014641
leaf_count=8 3 9 9 7 9 5 5 5
internal_value=-0.00295463 0.0280961 -0.0429957 -0.0427354 -0.0428489 -0.0425473 -0.0426504 -0.0426296
internal_weight=2.90793 1.63784 1.2701 1.0657 0.664369 0.401334 0.362879 0.259132
internal_count=60 17 43 40 23 17 14 10
is_linear=0
shrinkage=0.05


Tree=184
num_leaves=9
num_cat=0
split_feature=0 0 12 4 0 10 3 2
split_gain=2.33317 7.08136e-05 0.000117444 2.02768e-05 1.45428e-05 4.30288e-06 3.46583e-06 4.23569e-07
threshold=1.8743000000000003 9.1832000000000011 71.500000000000014 220.00000000000003 4.4795500000000006 4.5000000000000009 3.5000000000000004 2537.5000000000005
decision_type=2 2 2 2 2 2 2 2
left_child=-1 2 3 4 -2 6 -3 -7
right_child=1 5 -4 -5 -6 7 -8 -9
leaf_value=0.050012269011566891 -0.043198915707561986 -0.042944732824389438 -0.044536177140673427 -0.043435604745634043 -0.042638879677125513 -0.042655353495007098 -0.042650374038619453 -0.042535731555312456
leaf_weight=1.1218672767281535 0.22600641474127747 0.27022612653672695 0.18078680522739887 0.30675067193806171 0.23798156902194023 0.13318377546966076 0.15874173492193222 0.16653488762676716
leaf_count=9 6 8 3 7 9 5 6 7
internal_value=-0.00582378 -0.0431052 -0.0433892 -0.0431202 -0.0429117 -0.0427342 -0.0428358 -0.0425889
internal_weight=2.80208 1.68021 0.951525 0.770739 0.463988 0.728687 0.428968 0.299719
internal_count=60 51 25 22 15 26 14 12
is_linear=0
shrinkage=0.05


Tree=185
num_leaves=10
num_cat=0
split_feature=2 0 12 8 2 6 4 2 3
split_gain=1.49756 0.762252 0.67786 0.144612 0.000212317 8.99309e-05 8.41471e-05 3.74623e-05 2.09919e-06
threshold=1000.0000000000001 4.4795500000000006 71.500000000000014 0.6377464691245277 1705.0000000000002 -0.68301270189221952 205.00000000000003 2850.0000000000005 3.5000000000000004
decision_type=2 2 2 2 2 2 2 2 2
left_child=1 -1 4 -3 6 -6 -2 8 -7
right_child=2 3 -4 -5 5 7 -8 -9 -10
leaf_value=0.00086008468907740386 -0.044244719062065979 0.028923140035470314 0.01607610116660382 0.056085573788119951 -0.044470242240577551 -0.042842225497880249 -0.045390211217113605 -0.043775229623202148 -0.043068707858608127
leaf_weight=1.5759033784270289 0.36863718554377578 0.75266689807176623 0.68607384711503971 1.4041740223765371 0.19618810713291179 0.19111100584268559 0.28371007740497589 0.21717618778347969 0.22018951922655106
leaf_count=9 6 5 8 9 3 6 4 4 6
internal_value=0.00811046 0.0272933 -0.0249925 0.0466068 -0.0440689 -0.0435357 -0.0447429 -0.043244 -0.0429635
internal_weight=5.89583 3.73274 2.16309 2.15684 1.47701 0.824665 0.652347 0.628477 0.411301
internal_count=60 23 37 14 29 19 10 16 12
is_linear=0
shrinkage=0.05


Tree=186
num_leaves=10
num_cat=0
split_feature=0 14 11 5 7 5 0 7 11
split_gain=0.636055 0.524627 1.27829 0.423755 0.388049 0.170212 0.037668 0.000418427 6.40046e-06
threshold=9.1832000000000011 1.0000000180025095e-35 3.5000000000000004 -0.5 8.5833333333333339 0.68301270189221941 4.4258500000000014 7.7666666666666675 3.5000000000000004
decision_type=2 2 2 2 2 2 2 2 2
left_child=1 2 4 -4 6 7 -1 -2 -9
right_child=5 -3 3 -5 -6 -7 -8 8 -10
leaf_value=-0.0065168365101030586 -0.045211286984077274 0.043277285469067728 -0.0048577251013567913 -0.057601691216963818 0.05482842983153946 -0.0097402943908342157 0.018072267145353191 -0.043178971929783989 -0.042735957553439889
leaf_weight=0.39478782564401693 0.53627878800034501 0.84880877658724774 0.70812889933586121 0.82385669089853741 0.82263891398906708 0.60334865562617779 0.25723148137331009 0.15312245488166809 0.17437561973929405
leaf_count=7 7 7 6 7 4 9 3 4 6
internal_value=-0.00209818 0.00856416 -0.00123575 -0.0332219 0.0319938 -0.0301177 0.00318394 -0.0443513 -0.0429431
internal_weight=5.32258 3.85545 3.00664 1.53199 1.47466 1.46713 0.652019 0.863777 0.327498
internal_count=60 34 27 13 14 26 10 17 10
is_linear=0
shrinkage=0.05


Tree=187
num_leaves=10
num_cat=0
split_feature=0 0 7 3 0 0 6 6 10
split_gain=1.16665 0.986562 9.36319e-05 2.44819e-05 9.28968e-06 8.52618e-06 3.90264e-06 1.57555e-06 1.23263e-06
threshold=10.361300000000002 10.654750000000002 8.4166666666666696 10.500000000000002 1.8743000000000003 4.4795500000000006 0.6830127018922193 -0.24999999999999994 4.5000000000000009
decision_type=2 2 2 2 2 2 2 2 2
left_child=2 -2 -1 4 -4 -6 8 -7 -3
right_child=1 6 3 -5 5 7 -8 -9 -10
leaf_value=-0.04384311970240088 0.048268657518355622 -0.042712663086066693 -0.042372535050729972 -0.043395156488094208 -0.043097753143802542 -0.042542046102038031 -0.042922972543376861 -0.042757893803631347 -0.042487321350602597
leaf_weight=0.32297478988766692 1.0963051840662954 0.13076006621122349 0.15685523487627506 0.16133870743215084 0.17349755764007568 0.1439136415719986 0.16488960757851601 0.20493192970752716 0.11324157007038593
leaf_count=7 8 5 8 4 5 6 5 7 5
internal_value=-0.00551836 0.0235472 -0.0431195 -0.0428415 -0.04271 -0.0428113 -0.0427351 -0.0426688 -0.0426081
internal_weight=2.66871 1.5052 1.16351 0.840537 0.679198 0.522343 0.408891 0.348846 0.244002
internal_count=60 23 37 30 26 18 15 13 10
is_linear=0
shrinkage=0.05


Tree=188
num_leaves=11
num_cat=0
split_feature=2 5 0 9 12 12 2 2 6 9
split_gain=0.960055 1.94671e-06 1.63446e-06 1.02352e-06 1.27784e-06 7.54758e-07 1.14789e-07 3.7996e-07 2.85948e-08 7.06726e-09
threshold=3050.0000000000005 -0.24999999999999994 10.361300000000002 -0.52414661475995694 58.500000000000007 33.500000000000007 1705.0000000000002 1000.0000000000001 0.6830127018922193 -0.47805445239240252
decision_type=2 2 2 2 2 2 2 2 2 2
left_child=1 2 5 4 -3 -1 7 9 -8 -5
right_child=-2 3 -4 6 -6 -7 8 -9 -10 -11
leaf_value=-0.042446494159170144 0.048701739803053049 -0.042018801104812077 -0.042037225844588771 -0.041959282073447707 -0.042323236743204137 -0.042223200707163629 -0.04196218422706869 -0.042121500899660436 -0.041903855470954599 -0.041929142343365637
leaf_weight=0.073874407447874546 0.58788909018039703 0.075741252396255732 0.068127734120935202 0.041029890533536673 0.063254900276660919 0.077592372894287109 0.055622574873268604 0.050053626298904419 0.033767648506909609 0.036979105789214373
leaf_count=4 4 9 7 5 4 6 7 4 5 5
internal_value=0.00375129 -0.0421235 -0.0422406 -0.0420514 -0.0421573 -0.0423321 -0.0419836 -0.042014 -0.0419402 -0.041945
internal_weight=1.16393 0.576044 0.219595 0.356449 0.138996 0.151467 0.217453 0.128063 0.0893902 0.078009
internal_count=60 56 17 39 13 10 26 14 12 10
is_linear=0
shrinkage=0.05


Tree=189
num_leaves=9
num_cat=0
split_feature=0 10 8 11 0 0 11 3
split_gain=1.38922 0.252996 5.71382e-05 7.71808e-05 9.63711e-06 1.04457e-05 2.62432e-06 2.75604e-07
threshold=10.654750000000002 4.5000000000000009 0.80625269229011354 3.5000000000000004 1.8743000000000003 4.929450000000001 3.5000000000000004 6.5000000000000009
decision_type=2 2 2 2 2 2 2 2
left_child=2 -2 4 -4 -1 -6 -7 -8
right_child=1 -3 3 -5 5 6 7 -9
leaf_value=-0.042314436900590432 0.0065344803512562225 0.047312087686343443 -0.04265273319072832 -0.044120699051458753 -0.042973460732282004 -0.042755916238538062 -0.042530312697123387 -0.042426844331094088
leaf_weight=0.16158203128725313 0.70243825018405892 0.829609714448452 0.17277175933122635 0.18586647137999535 0.28861198574304581 0.14119955897331238 0.16523559764027596 0.10542047396302223
leaf_count=9 8 7 7 3 9 5 7 5
internal_value=-0.00309013 0.0286157 -0.0428832 -0.0434135 -0.0426625 -0.0427428 -0.0425812 -0.04249
internal_weight=2.75274 1.53205 1.22069 0.358638 0.86205 0.700468 0.411856 0.270656
internal_count=60 15 45 10 35 26 17 12
is_linear=0
shrinkage=0.05


Tree=190
num_leaves=10
num_cat=0
split_feature=0 0 12 4 0 10 5 3 5
split_gain=2.17865 6.46653e-05 0.000102398 1.66539e-05 1.4173e-05 3.55361e-06 3.148e-06 1.80997e-06 3.38129e-07
threshold=1.8743000000000003 9.1832000000000011 71.500000000000014 220.00000000000003 4.4795500000000006 4.5000000000000009 0.68301270189221941 5.5000000000000009 0.68301270189221941
decision_type=2 2 2 2 2 2 2 2 2
left_child=-1 2 3 4 -2 6 7 -3 -7
right_child=1 5 -4 -5 -6 8 -8 -9 -10
leaf_value=0.049550768552342549 -0.043140704986224784 -0.042770505998234995 -0.044399490681036317 -0.04334051763595307 -0.042571586427279318 -0.042567000951002257 -0.042950739945896446 -0.042505979587611917 -0.042454091286030421
leaf_weight=1.0638151913881304 0.21548039093613602 0.14750713855028152 0.17310215532779694 0.28964847885072231 0.22220105677843094 0.17037380300462246 0.13622935302555561 0.11514308303594589 0.10855557397007942
leaf_count=9 6 5 3 7 9 7 4 5 5
internal_value=-0.00575197 -0.0430288 -0.0433065 -0.0430464 -0.0428518 -0.04266 -0.0427557 -0.0426545 -0.0425231
internal_weight=2.64206 1.57824 0.900432 0.72733 0.437681 0.677809 0.39888 0.26265 0.278929
internal_count=60 51 25 22 15 26 14 10 12
is_linear=0
shrinkage=0.05


Tree=191
num_leaves=9
num_cat=0
split_feature=2 0 6 8 2 2 0 3
split_gain=1.35096 0.709311 0.649823 0.142739 0.000474969 3.21011e-05 1.08009e-05 1.98148e-06
threshold=1000.0000000000001 4.4795500000000006 -0.68301270189221952 0.6377464691245277 1705.0000000000002 2850.0000000000005 6.2124500000000014 3.5000000000000004
decision_type=2 2 2 2 2 2 2 2
left_child=1 -1 -2 -3 6 7 -4 -6
right_child=2 3 4 -5 5 -7 -8 -9
leaf_value=0.00086822547936499976 0.015615529848349156 0.027844807478507524 -0.045136889812999986 0.055382019775071234 -0.042764030272477604 -0.043606850733435981 -0.04474515089303225 -0.042970250052117291
leaf_weight=1.5493757948279383 0.68245576322078738 0.72774738818407092 0.33796625956892945 1.331749841570854 0.26894566789269447 0.20133098214864731 0.36706388927996159 0.20548336580395699
leaf_count=9 7 5 5 9 9 4 6 6
internal_value=0.0079744 0.0264249 -0.0242979 0.0456514 -0.0440251 -0.0430778 -0.0449329 -0.0428533
internal_weight=5.67212 3.60887 2.06325 2.0595 1.38079 0.67576 0.70503 0.474429
internal_count=60 23 37 14 30 19 11 15
is_linear=0
shrinkage=0.05


Tree=192
num_leaves=10
num_cat=0
split_feature=0 11 14 5 7 12 0 7 2
split_gain=0.570176 0.496009 1.18084 0.403098 0.36118 0.238619 0.0357355 0.000444042 7.88816e-05
threshold=9.1832000000000011 3.5000000000000004 1.0000000180025095e-35 -0.5 8.5833333333333339 11.500000000000002 4.4258500000000014 9.4416666666666682 1855.0000000000002
decision_type=2 2 2 2 2 2 2 2 2
left_child=1 4 3 -3 6 -2 -1 8 -7
right_child=5 2 -4 -5 -6 7 -8 -9 -10
leaf_value=-0.0062082604038921274 -0.00027541200650013805 -0.0048643874741465393 0.041928803918544942 -0.057028811967551191 0.05391829460295651 -0.043981302195702815 0.01800713891994456 -0.04631412079248632 -0.042923194755611238
leaf_weight=0.3868110813200476 0.46762630157172658 0.69276101887226116 0.82145277969539154 0.79572669230401527 0.78907543420791626 0.45028269104659557 0.25135894119739532 0.18368516676127911 0.28931000828742981
leaf_count=7 5 6 7 7 4 9 3 3 9
internal_value=-0.00204645 0.00812477 -0.00619352 -0.0327508 0.0312984 -0.0293752 0.00332957 -0.0441139 -0.0435674
internal_weight=5.12809 3.73719 2.30994 1.48849 1.42725 1.3909 0.63817 0.923278 0.739593
internal_count=60 34 20 13 14 26 10 21 18
is_linear=0
shrinkage=0.05


Tree=193
num_leaves=10
num_cat=0
split_feature=0 0 7 3 0 0 6 10 6
split_gain=1.09062 0.912214 8.58308e-05 1.89264e-05 8.39507e-06 8.84251e-06 2.89325e-06 1.37098e-06 1.15997e-06
threshold=10.361300000000002 10.654750000000002 8.4166666666666696 10.500000000000002 1.8743000000000003 4.4795500000000006 0.6830127018922193 4.5000000000000009 -0.24999999999999994
decision_type=2 2 2 2 2 2 2 2 2
left_child=2 -2 -1 4 -4 -6 7 -3 -7
right_child=1 6 3 -5 5 8 -8 -9 -10
leaf_value=-0.043751634481234647 0.047787687742991601 -0.04266750912236749 -0.042314196817505839 -0.043273050571513302 -0.04304613891592874 -0.042484554411676007 -0.042835366732902898 -0.042421355188101389 -0.042676292739006187
leaf_weight=0.31002657115459464 1.0341524034738538 0.12337586842477311 0.14429841749370098 0.15052112750709057 0.16504731774330139 0.13483945839107037 0.15371757000684738 0.10446037165820599 0.19007016345858574
leaf_count=7 8 5 8 4 5 6 5 5 7
internal_value=-0.00557201 0.0234086 -0.0430473 -0.042769 -0.0426494 -0.0427481 -0.0426677 -0.0425547 -0.0425967
internal_weight=2.51051 1.41571 1.0948 0.784776 0.634255 0.489957 0.381554 0.227836 0.32491
internal_count=60 23 37 30 26 18 15 10 13
is_linear=0
shrinkage=0.05


Tree=194
num_leaves=11
num_cat=0
split_feature=2 0 11 8 12 10 2 2 10 12
split_gain=0.894405 1.7034e-06 1.83892e-06 1.64373e-06 1.88207e-06 2.61489e-07 2.78907e-07 6.93829e-08 4.99865e-08 2.23405e-08
threshold=3050.0000000000005 9.1832000000000011 1.5000000000000002 0.80625269229011354 27.500000000000004 4.5000000000000009 1000.0000000000001 1000.0000000000001 4.5000000000000009 41.500000000000007
decision_type=2 2 2 2 2 2 2 2 2 2
left_child=1 2 8 4 -4 6 -3 -6 -1 -7
right_child=-2 5 3 -5 7 9 -8 -9 -10 -11
leaf_value=-0.041920742185980145 0.048185904753366891 -0.041959875157163318 -0.042321532019496594 -0.042424986600347325 -0.042022407779301496 -0.0419002010090187 -0.042102928287246218 -0.04193019344605281 -0.042002691082542815 -0.041951814147363736
leaf_weight=0.041329619009047747 0.55717231333255768 0.06404569698497653 0.080375738441944122 0.080750891007483006 0.046419747173786163 0.045364957302808762 0.07280526589602232 0.036388880107551813 0.033848090097308159 0.038981398101896048
leaf_count=6 4 8 6 4 5 7 6 5 4 5
internal_value=0.00373657 -0.0420999 -0.0421738 -0.0422405 -0.0421492 -0.0419933 -0.042036 -0.0419819 -0.0419576 -0.0419241
internal_weight=1.09748 0.54031 0.319113 0.243935 0.163184 0.221197 0.136851 0.0828086 0.0751777 0.0843464
internal_count=60 56 30 20 16 26 14 10 10 12
is_linear=0
shrinkage=0.05


Tree=195
num_leaves=9
num_cat=0
split_feature=0 10 7 11 0 0 11 3
split_gain=1.2814 0.241383 5.34949e-05 6.86719e-05 8.41925e-06 9.93113e-06 1.92845e-06 2.32279e-07
threshold=10.654750000000002 4.5000000000000009 8.4166666666666696 3.5000000000000004 1.8743000000000003 4.929450000000001 3.5000000000000004 6.5000000000000009
decision_type=2 2 2 2 2 2 2 2
left_child=2 -2 3 -1 -4 -6 -7 -8
right_child=1 -3 4 -5 5 6 7 -9
leaf_value=-0.042604074686188126 0.0061474097009542143 0.046851340679326302 -0.042261349898088094 -0.044022066155485783 -0.042909080207827043 -0.042670119193731065 -0.042471583713137619 -0.042373229502948168
leaf_weight=0.16291267983615421 0.68522478267550446 0.7775123342871666 0.14878442510962486 0.17941537499427795 0.27192673645913601 0.13037748448550701 0.15438852645456791 0.098218662664294243
leaf_count=7 8 7 9 3 9 5 7 5
internal_value=-0.00323421 0.0277834 -0.0428238 -0.0433472 -0.0426009 -0.042678 -0.0425139 -0.0424333
internal_weight=2.60876 1.46274 1.14602 0.342328 0.803696 0.654911 0.382985 0.252607
internal_count=60 15 45 10 35 26 17 12
is_linear=0
shrinkage=0.05


Tree=196
num_leaves=9
num_cat=0
split_feature=0 0 12 4 0 12 3 2
split_gain=2.03501 5.90306e-05 9.11345e-05 1.36943e-05 1.37689e-05 3.74514e-06 1.09605e-06 4.90305e-07
threshold=1.8743000000000003 9.1832000000000011 71.500000000000014 220.00000000000003 4.4795500000000006 11.500000000000002 5.5000000000000009 2537.5000000000005
decision_type=2 2 2 2 2 2 2 2
left_child=-1 2 3 4 -2 -3 7 -7
right_child=1 5 -4 -5 -6 6 -8 -9
leaf_value=0.049138058970599904 -0.043086911716130417 -0.042819899376875088 -0.044283367112836113 -0.043252958371964807 -0.042509455507975913 -0.042627928455650665 -0.042424626031549853 -0.042498290824601333
leaf_weight=1.006943114101887 0.20549250952899434 0.14300938695669174 0.16623810306191444 0.27356899715960026 0.2074314784258604 0.20954312011599541 0.16611315310001373 0.11187801510095596
leaf_count=9 6 5 3 7 9 8 8 5
internal_value=-0.00572031 -0.0429617 -0.043233 -0.0429786 -0.0427968 -0.0425949 -0.0425289 -0.0425828
internal_weight=2.49022 1.48327 0.852731 0.686493 0.412924 0.630544 0.487534 0.321421
internal_count=60 51 25 22 15 26 21 13
is_linear=0
shrinkage=0.05


Tree=197
num_leaves=11
num_cat=0
split_feature=2 11 0 7 5 0 2 7 6 12
split_gain=1.22638 0.736858 0.874268 0.367766 0.607052 0.491861 0.00131115 0.00036874 0.000199502 4.5364e-05
threshold=300.00000000000006 1.5000000000000002 6.2124500000000014 8.4166666666666696 -1.0000000180025095e-35 4.5662000000000011 1450.0000000000002 9.4416666666666682 0.25000000000000017 33.500000000000007
decision_type=2 2 2 2 2 2 2 2 2 2
left_child=7 6 3 -3 5 -5 -2 -1 -4 -8
right_child=1 2 8 4 -6 -7 9 -9 -10 -11
leaf_value=0.047379507795732488 -0.047088364376552498 0.052984995212977497 -0.045264535087871496 -0.050887687888714818 0.044308829841074912 0.015845755901731613 -0.043830987460661268 0.049037846024583442 -0.043556520122791653 -0.042857657305828849
leaf_weight=0.86321751028299309 0.45123619586229313 0.61514862626791078 0.32867164909839619 0.51073967292904854 0.71249492838978734 0.60107391700148582 0.23379212245345116 0.54801478981971741 0.35629753768444061 0.24532575719058514
leaf_count=7 4 3 4 5 6 5 5 4 9 8
internal_value=0.00787854 -0.00609357 0.00553744 0.0195525 0.00827926 -0.0148099 -0.0451542 0.0480235 -0.0443761 -0.0433326
internal_weight=5.46601 4.05478 3.12443 2.43946 1.82431 1.11181 0.930354 1.41123 0.684969 0.479118
internal_count=60 49 32 19 16 10 17 11 13 13
is_linear=0
shrinkage=0.05


Tree=198
num_leaves=9
num_cat=0
split_feature=2 2 7 9 2 2 5 5
split_gain=0.521449 0.60973 0.681549 0.812392 0.000209223 4.8828e-06 3.17876e-06 2.58951e-07
threshold=1705.0000000000002 300.00000000000006 7.1500000000000012 -0.67993326682463484 115.00000000000001 2850.0000000000005 0.68301270189221941 -0.24999999999999994
decision_type=2 2 2 2 2 2 2 2
left_child=1 4 -3 -4 -1 6 7 -2
right_child=5 2 3 -5 -6 -7 -8 -9
leaf_value=-0.043469484378005019 -0.042609015658402465 -0.025590240396657089 -0.0043379489170747906 0.049815071603606521 -0.045415497338145427 -0.042953142416428697 -0.042827897048976285 -0.042510684052613545
leaf_weight=0.28877650573849667 0.12859593518078327 0.91357785463333163 1.3145340122282507 1.4637377299368379 0.26474904455244541 0.22370595671236515 0.18345021456480026 0.13967459835112084
leaf_count=7 5 7 9 9 4 7 6 6
internal_value=-0.00195582 0.00453634 0.0118735 0.0241927 -0.0444003 -0.0427621 -0.0426675 -0.0425578
internal_weight=4.9208 4.24538 3.69185 2.77827 0.553526 0.675427 0.451721 0.268271
internal_count=60 36 25 18 11 24 17 11
is_linear=0
shrinkage=0.05


Tree=199
num_leaves=10
num_cat=0
split_feature=0 0 8 3 0 0 6 10 6
split_gain=1.00657 0.841006 7.37805e-05 1.60822e-05 7.1342e-06 8.10078e-06 2.15778e-06 1.44119e-06 8.94279e-07
threshold=10.361300000000002 10.654750000000002 0.80625269229011354 10.500000000000002 1.8743000000000003 4.4795500000000006 0.6830127018922193 4.5000000000000009 -0.24999999999999994
decision_type=2 2 2 2 2 2 2 2 2
left_child=2 -2 3 4 -1 -6 7 -3 -7
right_child=1 6 -4 -5 5 8 -8 -9 -10
leaf_value=-0.042260637592886036 0.047264240423063666 -0.042622518039730189 -0.043635855316843865 -0.043176814858736812 -0.042970639401833405 -0.042423843026660586 -0.042755070082887973 -0.042361173975451326 -0.042598638400565159
leaf_weight=0.13270241487771295 0.96601480990648247 0.11650714837014675 0.29439476318657398 0.14157742541283369 0.15517560765147209 0.12525043822824955 0.14345072209835052 0.096399074420332909 0.17598939687013626
leaf_count=8 8 5 7 4 5 6 5 5 7
internal_value=-0.00578085 0.0230459 -0.0429676 -0.0426983 -0.0425833 -0.0426771 -0.0426052 -0.0425042 -0.042526
internal_weight=2.34746 1.32237 1.02509 0.730695 0.589118 0.456415 0.356357 0.212906 0.30124
internal_count=60 23 37 30 26 18 15 10 13
is_linear=0
shrinkage=0.05


Tree=200
num_leaves=11
num_cat=0
split_feature=5 7 12 4 7 5 4 6 12 12
split_gain=0.372238 0.0778173 0.202002 8.41461e-07 8.21645e-07 4.09034e-07 1.29583e-07 8.25208e-08 5.39834e-08 1.03294e-08
threshold=-0.24999999999999994 11.250000000000002 21.000000000000004 6.5000000000000009 7.7666666666666675 0.93301270189221952 46.000000000000007 0.25000000000000017 67.000000000000014 53.500000000000007
decision_type=2 2 2 2 2 2 2 2 2 2
left_child=1 2 -1 -2 -4 6 9 8 -8 -5
right_child=3 -3 4 5 -6 -7 7 -9 -10 -11
leaf_value=0.03270802628812193 -0.042180762066317885 0.042935554270492261 -0.042228203498652944 -0.041865771087989084 -0.041975706461465756 -0.042110072035568782 -0.041904894398008152 -0.042026675217517316 -0.041984160054198756 -0.04190321393770044
leaf_weight=0.29262325540184975 0.057042319793254137 0.29999594576656818 0.072244620881974697 0.02827907633036375 0.058153869118541479 0.042316824663430452 0.045482322108000517 0.043702815193682909 0.04070205194875598 0.05283078970387578
leaf_count=5 5 3 6 5 7 4 7 5 5 8
internal_value=0.00379591 0.023457 0.00964328 -0.0420073 -0.0421156 -0.0419682 -0.0419397 -0.0419707 -0.0419423 -0.0418902
internal_weight=1.03337 0.723018 0.423022 0.310356 0.130398 0.253314 0.210997 0.129887 0.0861844 0.0811099
internal_count=60 21 18 39 13 34 30 17 12 13
is_linear=0
shrinkage=0.05


Tree=201
num_leaves=9
num_cat=0
split_feature=0 10 8 11 0 0 11 12
split_gain=1.17833 0.228861 4.68261e-05 5.96615e-05 7.18585e-06 9.1012e-06 1.48382e-06 1.96973e-07
threshold=10.654750000000002 4.5000000000000009 0.80625269229011354 3.5000000000000004 1.8743000000000003 4.929450000000001 3.5000000000000004 36.500000000000007
decision_type=2 2 2 2 2 2 2 2
left_child=2 -2 4 -4 -1 -6 -7 -8
right_child=1 -3 3 -5 5 6 7 -9
leaf_value=-0.042212891670141861 0.0058956604945270066 0.046419200391102658 -0.042539974175129482 -0.043899677840943008 -0.042841030147646918 -0.04259218091935324 -0.042327628976837971 -0.042419478713834988
leaf_weight=0.1370896250009539 0.67039765790104844 0.7254311814904213 0.15238930098712444 0.17143601179122925 0.25550584681332111 0.12061335518956184 0.11005093716084957 0.12429586239159107
leaf_count=9 8 7 7 3 9 5 6 6
internal_value=-0.00331682 0.0269563 -0.0427576 -0.0432598 -0.04254 -0.0426135 -0.0424497 -0.0423763
internal_weight=2.46721 1.39583 1.07138 0.323825 0.747556 0.610466 0.35496 0.234347
internal_count=60 15 45 10 35 26 17 12
is_linear=0
shrinkage=0.05


Tree=202
num_leaves=9
num_cat=0
split_feature=0 0 12 3 0 12 3 10
split_gain=1.88634 5.08265e-05 7.63501e-05 8.4936e-06 1.1674e-05 3.80412e-06 9.30283e-07 8.12664e-07
threshold=1.8743000000000003 9.1832000000000011 71.500000000000014 7.5000000000000009 4.4795500000000006 11.500000000000002 5.5000000000000009 4.5000000000000009
decision_type=2 2 2 2 2 2 2 2
left_child=-1 2 3 4 -2 -3 7 -7
right_child=1 5 -4 -5 -6 6 -8 -9
leaf_value=0.048552401903312399 -0.043011412680039822 -0.042767331239767066 -0.044132532903825156 -0.043112609331139112 -0.042444209704271652 -0.042585362510509116 -0.042364933225832152 -0.042417676449747727
leaf_weight=0.94954058527946505 0.19411744922399499 0.13515963032841682 0.15781294368207455 0.27982872352004051 0.17030283994972706 0.17576134577393532 0.15342752635478973 0.12268921732902527
leaf_count=9 6 5 3 8 8 7 8 6
internal_value=-0.00576121 -0.0428881 -0.0431469 -0.0429054 -0.0427463 -0.0425346 -0.042465 -0.0425164
internal_weight=2.33864 1.3891 0.802062 0.644249 0.36442 0.587038 0.451878 0.298451
internal_count=60 51 25 22 14 26 21 13
is_linear=0
shrinkage=0.05


Tree=203
num_leaves=10
num_cat=0
split_feature=2 0 12 7 2 12 6 2 3
split_gain=1.15174 0.608931 0.596199 0.14301 0.000159114 7.41779e-05 5.88788e-05 1.87101e-05 1.55213e-06
threshold=1000.0000000000001 4.4795500000000006 71.500000000000014 9.1416666666666675 1705.0000000000002 25.000000000000004 -0.68301270189221952 2850.0000000000005 3.5000000000000004
decision_type=2 2 2 2 2 2 2 2 2
left_child=1 -1 4 -3 5 -2 -6 8 -8
right_child=2 3 -4 -5 6 -7 7 -9 -10
leaf_value=0.0011563907633007691 -0.044898514782450751 0.054456927980518779 0.015405345142550281 0.025730826868518387 -0.044002690638431624 -0.043757553777684734 -0.0425787744621915 -0.043337582014701857 -0.042797269594586684
leaf_weight=1.455114394426346 0.28464097157120682 1.2134746238589285 0.65010973066091526 0.67386178672313679 0.16749859973788228 0.28517353348433971 0.15007046051323447 0.17497492954134941 0.17731740884482861
leaf_count=9 4 9 8 5 3 6 6 4 6
internal_value=0.00782239 0.0254615 -0.0233758 0.0442005 -0.0437133 -0.0443275 -0.0431909 -0.0429202 -0.0426971
internal_weight=5.23224 3.34245 1.88979 1.88734 1.23968 0.569815 0.669861 0.502363 0.327388
internal_count=60 23 37 14 29 10 19 16 12
is_linear=0
shrinkage=0.05


Tree=204
num_leaves=9
num_cat=0
split_feature=2 2 7 9 2 0 10 12
split_gain=0.480783 0.556895 0.633417 0.760791 0.000180287 4.08391e-06 6.39747e-06 5.00673e-07
threshold=1705.0000000000002 300.00000000000006 7.1500000000000012 -0.67993326682463484 115.00000000000001 4.4795500000000006 4.5000000000000009 29.500000000000004
decision_type=2 2 2 2 2 2 2 2
left_child=1 4 -3 -4 -1 -2 -7 -8
right_child=5 2 3 -5 -6 6 7 -9
leaf_value=-0.043321457072886038 -0.042456181347365909 -0.025188597825644289 -0.0041128475899262443 0.048967570578695337 -0.045192011545292426 -0.042968686622178759 -0.042666552920546788 -0.042531155145451346
leaf_weight=0.26720122061669815 0.15288230031728733 0.89285433292388949 1.3031457327306273 1.4005683846771715 0.24871724471449852 0.19957336038351059 0.13171329163014889 0.1417621485888958
leaf_count=7 7 7 9 9 4 6 5 6
internal_value=-0.0018567 0.00435684 0.0113255 0.0233837 -0.0442232 -0.0426808 -0.0427534 -0.0425964
internal_weight=4.73842 4.11249 3.59657 2.70371 0.515918 0.625931 0.473049 0.273475
internal_count=60 36 25 18 11 24 17 11
is_linear=0
shrinkage=0.05


Tree=205
num_leaves=10
num_cat=0
split_feature=0 0 7 3 0 0 6 10 6
split_gain=0.94291 0.775733 6.52701e-05 1.2817e-05 6.35714e-06 7.73892e-06 1.7796e-06 1.23815e-06 6.26611e-07
threshold=10.361300000000002 10.654750000000002 8.4166666666666696 10.500000000000002 1.8743000000000003 4.4795500000000006 0.6830127018922193 4.5000000000000009 -0.24999999999999994
decision_type=2 2 2 2 2 2 2 2 2
left_child=2 -2 -1 4 -4 -6 7 -3 -7
right_child=1 6 3 -5 5 8 -8 -9 -10
leaf_value=-0.043541985053200109 0.046855167088353876 -0.042557575435137988 -0.04221184355959362 -0.043077037167858434 -0.042912736493423094 -0.042378600864671795 -0.042680443868033976 -0.042305893180523642 -0.042529899803310678
leaf_weight=0.28053354658186469 0.90942413359880425 0.10842813830822706 0.12209495343267918 0.13299386017024517 0.14845310710370541 0.11784996837377559 0.13362006656825542 0.088956581428647041 0.16320024803280819
leaf_count=7 8 5 8 4 5 6 5 5 7
internal_value=-0.00583669 0.0230005 -0.0428997 -0.0426364 -0.0425302 -0.0426207 -0.0425395 -0.0424441 -0.0424665
internal_weight=2.20555 1.24043 0.965126 0.684592 0.551598 0.429503 0.331005 0.197385 0.28105
internal_count=60 23 37 30 26 18 15 10 13
is_linear=0
shrinkage=0.05


Tree=206
num_leaves=11
num_cat=0
split_feature=2 5 0 4 5 9 4 2 9 0
split_gain=0.777195 1.73779e-06 1.39369e-06 6.75936e-07 3.74086e-07 1.59982e-07 1.17046e-07 7.61514e-08 6.85588e-08 7.58466e-09
threshold=3050.0000000000005 -0.24999999999999994 10.361300000000002 6.5000000000000009 0.93301270189221952 -0.35824514579943006 46.000000000000007 300.00000000000006 -0.41859597363157713 4.929450000000001
decision_type=2 2 2 2 2 2 2 2 2 2
left_child=1 2 5 -3 6 -1 9 -8 -9 -5
right_child=-2 3 -4 4 -6 -7 7 8 -10 -11
leaf_value=-0.04221075806804063 0.04724608713710253 -0.042147081624229109 -0.041969769137008908 -0.041850424771570693 -0.042088570985943437 -0.042320349946201576 -0.041892156633047885 -0.041936691796334004 -0.04202737581321786 -0.041883812927369819
leaf_weight=0.0632165870629251 0.49650681763887405 0.053260475862771273 0.055172987282276154 0.026228033471852541 0.04032920440658927 0.070369629189372063 0.037246541120111942 0.045702241361141205 0.0383156668394804 0.048394259996712208
leaf_count=6 4 5 7 5 4 4 6 7 4 8
internal_value=0.00342851 -0.0420631 -0.0421812 -0.0419862 -0.0419499 -0.0422685 -0.0419213 -0.0419517 -0.041978 -0.0418721
internal_weight=0.974742 0.478236 0.188759 0.289476 0.236216 0.133586 0.195887 0.121264 0.0840179 0.0746223
internal_count=60 56 17 39 34 10 30 17 11 13
is_linear=0
shrinkage=0.05


Tree=207
num_leaves=9
num_cat=0
split_feature=0 10 7 11 0 0 11 12
split_gain=1.09128 0.213724 4.23759e-05 5.21287e-05 6.25919e-06 8.38668e-06 1.07795e-06 1.67443e-07
threshold=10.654750000000002 4.5000000000000009 8.4166666666666696 3.5000000000000004 1.8743000000000003 4.929450000000001 3.5000000000000004 36.500000000000007
decision_type=2 2 2 2 2 2 2 2
left_child=2 -2 3 -1 -4 -6 -7 -8
right_child=1 -3 4 -5 5 6 7 -9
leaf_value=-0.042491080905941302 0.0058815047419697409 0.046034907060162465 -0.042168324066946691 -0.043797171304866003 -0.042780681399864601 -0.042520110986605811 -0.042282517101990068 -0.042370111067831437
leaf_weight=0.14243425615131877 0.65002880990505196 0.67607323080301285 0.12621561530977488 0.1647740863263607 0.24237424694001675 0.11135867238044739 0.10267671011388302 0.1164171751588583
leaf_count=7 8 7 9 3 9 5 6 6
internal_value=-0.00343986 0.0263525 -0.0427022 -0.0431916 -0.0424871 -0.0425573 -0.0423934 -0.0423291
internal_weight=2.33235 1.3261 1.00625 0.307208 0.699042 0.572827 0.330453 0.219094
internal_count=60 15 45 10 35 26 17 12
is_linear=0
shrinkage=0.05


Tree=208
num_leaves=9
num_cat=0
split_feature=0 0 12 4 0 12 3 0
split_gain=1.76167 4.58742e-05 6.40598e-05 1.08406e-05 1.11319e-05 3.32461e-06 8.07387e-07 4.52044e-07
threshold=1.8743000000000003 9.1832000000000011 71.500000000000014 220.00000000000003 4.4795500000000006 11.500000000000002 4.5000000000000009 11.100500000000002
decision_type=2 2 2 2 2 2 2 2
left_child=-1 2 3 4 -2 -3 7 -7
right_child=1 5 -4 -5 -6 6 -8 -9
leaf_value=0.048227464469534305 -0.042947366502077908 -0.042698171879662759 -0.044002390299762023 -0.043104466482921842 -0.042394941006428426 -0.042521583222676608 -0.04231784212604324 -0.042388460615866326
leaf_weight=0.89634887874126468 0.18472927808761574 0.12636797688901424 0.14948463253676891 0.24536945857107639 0.18010236695408821 0.13913901150226593 0.16130520403385162 0.11772632785141468
leaf_count=9 6 5 3 7 9 6 9 6
internal_value=-0.00573626 -0.0428237 -0.0430747 -0.0428475 -0.0426747 -0.0424734 -0.0424055 -0.0424606
internal_weight=2.20057 1.30422 0.759686 0.610201 0.364832 0.544539 0.418171 0.256865
internal_count=60 51 25 22 15 26 21 12
is_linear=0
shrinkage=0.05


Tree=209
num_leaves=12
num_cat=0
split_feature=2 11 0 8 5 0 2 3 2 6 0
split_gain=1.03746 0.673642 0.774853 0.293501 0.535929 0.43158 0.00114481 0.000189806 0.000164032 0.00015586 6.13517e-06
threshold=300.00000000000006 1.5000000000000002 6.2124500000000014 0.80625269229011354 1.0000000180025095e-35 4.5662000000000011 825.00000000000011 4.5000000000000009 1705.0000000000002 0.25000000000000017 4.5662000000000011
decision_type=2 2 2 2 2 2 2 2 2 2 2
left_child=7 6 3 4 5 -3 -2 -1 -8 -4 -10
right_child=1 2 9 -5 -6 -7 8 -9 10 -11 -12
leaf_value=0.047642510937835225 -0.047658259252506593 -0.049856348503859213 -0.044953575327829662 0.049013482364789487 0.043236755865858671 0.014595798578119143 -0.04449423933145949 0.046394552794370242 -0.042542476449858563 -0.043358156290649756 -0.043006033733289623
leaf_weight=0.73448211699724175 0.25541521608829532 0.46351633034646578 0.30003503337502468 0.60507941991090763 0.67819412797689427 0.59077366441488266 0.2876550666987896 0.52067457139492035 0.12049422785639763 0.31255093775689602 0.17510348372161388
leaf_count=6 2 5 4 3 6 5 5 5 5 9 5
internal_value=0.00772705 -0.00532462 0.0059164 0.0190342 0.00856371 -0.0137404 -0.0448667 0.0471248 -0.0436442 -0.0441396 -0.0428171
internal_weight=5.04397 3.78882 2.95015 2.33756 1.73248 1.05429 0.838668 1.25516 0.583253 0.612586 0.295598
internal_count=60 49 32 19 16 10 17 11 15 13 10
is_linear=0
shrinkage=0.05


Tree=210
num_leaves=12
num_cat=0
split_feature=14 6 12 0 11 6 6 8 7 2 12
split_gain=0.795342 0.660411 0.712911 0.63521 0.441602 0.295395 0.0948478 0.0173848 0.000366451 6.5924e-05 7.51643e-08
threshold=1.0000000180025095e-35 0.6830127018922193 25.000000000000004 4.929450000000001 1.5000000000000002 0.25000000000000017 -0.5 0.73233588278529871 6.4333333333333345 1705.0000000000002 53.500000000000007
decision_type=2 2 2 2 2 2 2 2 2 2 2
left_child=1 2 6 -2 -4 -6 -1 -3 -9 -10 -11
right_child=3 7 4 -5 5 -7 -8 8 9 10 -12
leaf_value=0.04476762654413511 0.061518541361630485 -0.058304807382141402 0.027074747314582218 -0.010472000379975657 -0.054395267965375853 -0.004017480975380028 0.016806440949431557 -0.045627759975959026 -0.043587800430284054 -0.042450572985157697 -0.042395098168676114
leaf_weight=0.49227683804929256 0.77997681125998475 0.29430662095546711 0.35255081579089154 0.50467189215123653 0.8066053371876476 0.45519036985933781 0.79000568762421675 0.18009775876998901 0.2339685745537281 0.10721182078123093 0.14184603095054626
leaf_count=4 4 2 5 9 9 5 9 2 5 5 7
internal_value=-0.000833974 -0.0121907 -0.00029129 0.0332372 -0.0223985 -0.0362216 0.0275409 -0.0481914 -0.0437028 -0.0429851 -0.042419
internal_weight=5.13871 3.85406 2.89663 1.28465 1.61435 1.2618 1.28228 0.957431 0.663124 0.483026 0.249058
internal_count=66 53 32 13 19 14 13 21 19 17 12
is_linear=0
shrinkage=0.05


Tree=211
num_leaves=11
num_cat=0
split_feature=0 0 12 11 12 12 7 4 4 0
split_gain=1.04199 0.829136 0.000172263 5.49492e-05 6.45143e-05 5.86798e-06 8.24021e-06 4.82509e-06 7.64505e-07 3.25469e-07
threshold=10.361300000000002 10.654750000000002 58.500000000000007 3.5000000000000004 71.500000000000014 33.500000000000007 11.250000000000002 196.00000000000003 46.000000000000007 1.8743000000000003
decision_type=2 2 2 2 2 2 2 2 2 2
left_child=3 2 -2 7 5 6 -5 9 -3 -1
right_child=1 8 -4 4 -6 -7 -8 -9 -10 -11
leaf_value=-0.042183048892940153 0.045230530176513323 -0.042442969000089342 0.046524237279677132 -0.04320144229984911 -0.0439705615319535 -0.042564024984689898 -0.042679309863985299 -0.042632899673183476 -0.042593362837604239 -0.042304242601539949
leaf_weight=0.11607480514794621 0.41966713219881036 0.14307553507387627 0.6651165708899498 0.16527474392205477 0.17826062068343163 0.13242486491799355 0.13921332731842995 0.12141958717256784 0.2064021322876215 0.1059742234647274
leaf_count=8 5 7 6 5 3 6 6 5 9 6
internal_value=-0.00252852 0.024446 0.0460237 -0.0428861 -0.0431689 -0.0428419 -0.0429627 -0.0423795 -0.0425318 -0.0422409
internal_weight=2.3929 1.43426 1.08478 0.958642 0.615174 0.436913 0.304488 0.343469 0.349478 0.222049
internal_count=66 27 11 39 20 17 11 19 16 14
is_linear=0
shrinkage=0.05


Tree=212
num_leaves=12
num_cat=0
split_feature=2 2 2 0 4 12 2 0 6 12 12
split_gain=0.657321 1.89076e-06 1.51789e-06 1.01339e-06 8.41183e-07 2.21001e-07 2.07685e-07 1.21471e-07 4.85601e-08 7.83528e-09 1.64851e-09
threshold=3050.0000000000005 1705.0000000000002 675.00000000000011 10.381750000000002 205.00000000000003 58.500000000000007 2850.0000000000005 4.4795500000000006 0.25000000000000017 27.500000000000004 41.500000000000007
decision_type=2 2 2 2 2 2 2 2 2 2 2
left_child=1 2 7 4 5 -4 8 -1 -3 -9 -10
right_child=-2 6 3 -5 -6 -7 -8 9 10 -11 -12
leaf_value=-0.042008356649373538 0.046938661172324134 -0.041905228695954325 -0.042083133182643923 -0.041973668533948461 -0.042347018347741502 -0.042217580082182848 -0.042010057236371641 -0.041905687653627621 -0.041828385803974376 -0.041869579791751682 -0.041843179098503262
leaf_weight=0.032680462813004851 0.35660029947757721 0.039331706240773201 0.075058493763208389 0.053967969492077827 0.077515877783298492 0.05156337097287178 0.02872280590236187 0.03184223361313343 0.032303336542099714 0.028445860836654902 0.045159478206187487
leaf_count=4 3 6 8 7 5 4 3 5 7 5 9
internal_value=-0.00485112 -0.0420411 -0.042104 -0.0421664 -0.0422173 -0.0421379 -0.0418896 -0.0419307 -0.04186 -0.0418887 -0.041837
internal_weight=0.853192 0.496592 0.351074 0.258106 0.204138 0.126622 0.145517 0.0929686 0.116795 0.0602881 0.0774628
internal_count=66 63 38 24 17 12 25 14 22 10 16
is_linear=0
shrinkage=0.05


Tree=213
num_leaves=11
num_cat=0
split_feature=0 2 2 2 9 6 0 0 4 12
split_gain=0.993357 0.960647 3.29513e-05 2.95241e-05 7.27131e-06 5.16429e-06 2.30535e-06 1.00837e-06 1.6542e-07 1.19797e-09
threshold=10.654750000000002 1450.0000000000002 1705.0000000000002 1450.0000000000002 -0.67993326682463484 -0.9330127018922193 4.4795500000000006 4.4795500000000006 266.50000000000006 140.00000000000003
decision_type=2 2 2 2 2 2 2 2 2 2
left_child=2 -2 3 4 5 -1 -6 9 -9 -4
right_child=1 -3 7 -5 6 -7 -8 8 -10 -11
leaf_value=-0.043157511068069442 -0.044264150817265396 0.047693567943560201 -0.042138720522442857 -0.043311827804485663 -0.042585110322847272 -0.042662882409950829 -0.042270094745294057 -0.042360362559391851 -0.042267643259358605 -0.042148169588975277
leaf_weight=0.076558051630854607 0.39565958082675923 1.0064145997166631 0.066425580531358719 0.23482003435492516 0.11547114141285442 0.16983835026621819 0.11684997566044331 0.11383773013949394 0.083308886736631393 0.067761526443064213
leaf_count=2 7 9 5 7 5 8 7 6 5 5
internal_value=-0.00575802 0.0217435 -0.0426613 -0.0428526 -0.0426274 -0.0428166 -0.0424267 -0.0422492 -0.0423212 -0.0421435
internal_weight=2.44695 1.40207 1.04487 0.713538 0.478718 0.246396 0.232321 0.331334 0.197147 0.134187
internal_count=66 16 50 29 22 10 12 21 11 10
is_linear=0
shrinkage=0.05


Tree=214
num_leaves=11
num_cat=0
split_feature=0 2 0 12 9 9 3 10 12 5
split_gain=2.1554 0.00517695 6.09063e-05 5.40898e-05 1.32217e-05 8.28725e-06 4.64165e-06 2.55255e-06 4.6638e-07 1.70271e-07
threshold=1.8743000000000003 1705.0000000000002 9.1832000000000011 71.500000000000014 -0.24825246871434689 -0.67993326682463484 4.5000000000000009 4.5000000000000009 140.00000000000003 -0.24999999999999994
decision_type=2 2 2 2 2 2 2 2 2 2
left_child=1 -1 3 4 5 -2 7 -4 -3 -8
right_child=2 8 6 -5 -6 -7 9 -9 -10 -11
leaf_value=0.050727793977634397 -0.042876455698251451 0.044472873084679315 -0.04265011481949068 -0.043818092755885094 -0.043236369051439301 -0.042384293615394066 -0.042298721168951142 -0.042357745531704905 0.044553472058139622 -0.042210754749235462
leaf_weight=0.62855503708124183 0.22920722514390945 0.35446768999099731 0.2289821058511734 0.2039567232131958 0.16117994859814622 0.13645312190055847 0.13990145642310381 0.11076614540070295 0.36357559263706207 0.090658689849078655
leaf_count=4 8 5 9 4 4 7 8 6 5 6
internal_value=0.0030701 0.0474143 -0.0428245 -0.0431267 -0.0428591 -0.0426928 -0.0424373 -0.0425548 0.0445137 -0.0422641
internal_weight=2.6477 1.3466 1.30111 0.730797 0.52684 0.36566 0.570308 0.339748 0.718043 0.23056
internal_count=66 14 52 23 19 15 29 15 10 14
is_linear=0
shrinkage=0.05


Tree=215
num_leaves=13
num_cat=0
split_feature=2 4 3 0 5 3 12 4 4 4 11 3
split_gain=0.893778 0.800768 0.930052 0.62752 0.251204 0.0217582 0.0190071 0.000303589 0.000183719 7.97459e-05 5.30672e-06 4.8012e-06
threshold=1000.0000000000001 170.00000000000003 7.5000000000000009 4.4258500000000014 -1.0000000180025095e-35 5.5000000000000009 27.500000000000004 6.5000000000000009 266.50000000000006 46.000000000000007 3.5000000000000004 10.500000000000002
decision_type=2 2 2 2 2 2 2 2 2 2 2 2
left_child=3 5 -3 -1 -5 7 -6 -2 -4 10 -9 -10
right_child=1 2 8 4 6 -7 -8 9 11 -11 -12 -13
leaf_value=-0.011928749223783 -0.045367154551675115 0.04969056789556589 -0.04479159268565526 0.016444993127110268 0.058732784829861419 -0.060133138296015853 0.04580918813226003 -0.04247422170420162 -0.04292209343750053 -0.043678535706889454 -0.042890825812041095 -0.04251246043030802
leaf_weight=0.8860568925738338 0.21199530735611938 0.65639871731400468 0.16304950974881649 0.75712469220161471 0.68797197937965326 0.25534430146217346 0.48512328416109085 0.20053770020604134 0.12832226045429707 0.41717219725251198 0.12352371402084827 0.16163232736289501
leaf_count=7 3 5 3 4 5 1 5 9 4 9 4 7
internal_value=0.00398029 -0.0190145 0.0116588 0.0229065 0.0388974 -0.0471709 0.0533883 -0.0436986 -0.0434488 -0.0432214 -0.042633 -0.0426937
internal_weight=5.13425 2.31798 1.1094 2.81628 1.93022 1.20857 1.1731 0.953229 0.453004 0.741234 0.324061 0.289955
internal_count=66 45 19 21 14 26 10 25 14 22 13 11
is_linear=0
shrinkage=0.05


Tree=216
num_leaves=12
num_cat=0
split_feature=14 6 12 0 11 6 4 8 7 0 0
split_gain=0.720284 0.620135 0.652517 0.569296 0.405671 0.273908 0.120588 0.0148996 0.000290023 4.91654e-05 1.95337e-06
threshold=1.0000000180025095e-35 0.6830127018922193 25.000000000000004 4.929450000000001 1.5000000000000002 0.25000000000000017 82.000000000000014 0.73233588278529871 6.4333333333333345 10.381750000000002 9.1832000000000011
decision_type=2 2 2 2 2 2 2 2 2 2 2
left_child=1 2 6 -2 -4 -6 -1 -3 -9 10 -10
right_child=3 7 4 -5 5 -7 -8 8 9 -11 -12
leaf_value=0.045111904870141328 0.05927706085469106 -0.057381780757586966 0.026374568145269436 -0.010037104376117666 -0.053481256121940539 -0.0041634463017678454 0.013577765916459809 -0.045316822924537939 -0.042335876845492705 -0.04353156235432544 -0.042605834849263557
leaf_weight=0.52049020491540499 0.7577627860009668 0.28480652347207058 0.34069729223847378 0.48637115582823753 0.76707260124385335 0.44478868879377842 0.72608218714594841 0.16795822232961655 0.14934385754168034 0.17535702511668205 0.12154439091682434
leaf_count=4 4 2 5 9 9 5 9 2 8 4 5
internal_value=-0.000729169 -0.0118005 -0.000196932 0.03218 -0.0218286 -0.0353802 0.0267444 -0.0479291 -0.0435458 -0.0428793 -0.042457
internal_weight=4.94227 3.69814 2.79913 1.24413 1.55256 1.21186 1.24657 0.89901 0.614203 0.446245 0.270888
internal_count=66 53 32 13 19 14 13 21 19 17 13
is_linear=0
shrinkage=0.05


Tree=217
num_leaves=11
num_cat=0
split_feature=0 0 12 11 12 12 7 4 4 0
split_gain=0.973853 0.766745 0.000149474 4.59912e-05 5.28631e-05 4.74296e-06 7.66064e-06 4.41194e-06 7.58599e-07 2.78966e-07
threshold=10.361300000000002 10.654750000000002 58.500000000000007 3.5000000000000004 71.500000000000014 33.500000000000007 11.250000000000002 196.00000000000003 46.000000000000007 1.8743000000000003
decision_type=2 2 2 2 2 2 2 2 2 2
left_child=3 2 -2 7 5 6 -5 9 -3 -1
right_child=1 8 -4 4 -6 -7 -8 -9 -10 -11
leaf_value=-0.042142236380925673 0.044942408944895734 -0.042382443942167725 0.046187937722491232 -0.043124958141056373 -0.043828923929464317 -0.042521625637783785 -0.042604377415797604 -0.042585073430089243 -0.042537983418440173 -0.042258770506833611
leaf_weight=0.1071078069508079 0.39054124429821946 0.13191254902631033 0.62856894731521606 0.15666126646101475 0.16849290579557419 0.1258110785856843 0.12874510511755943 0.11473117861896753 0.19321261066943407 0.098660385236144066
leaf_count=8 5 7 6 5 3 6 6 5 9 6
internal_value=-0.0025708 0.0243815 0.0457106 -0.0428173 -0.043083 -0.0427774 -0.0428901 -0.0423366 -0.0424749 -0.0421981
internal_weight=2.24445 1.34424 1.01911 0.90021 0.57971 0.411217 0.285406 0.320499 0.325125 0.205768
internal_count=66 27 11 39 20 17 11 19 16 14
is_linear=0
shrinkage=0.05


Tree=218
num_leaves=12
num_cat=0
split_feature=2 2 2 0 4 12 2 0 6 12 12
split_gain=0.614286 1.68598e-06 1.2702e-06 8.56125e-07 8.24811e-07 1.80204e-07 1.63451e-07 1.29827e-07 3.77781e-08 6.85019e-09 1.31506e-09
threshold=3050.0000000000005 1705.0000000000002 675.00000000000011 10.381750000000002 205.00000000000003 58.500000000000007 2850.0000000000005 4.4795500000000006 0.25000000000000017 27.500000000000004 41.500000000000007
decision_type=2 2 2 2 2 2 2 2 2 2 2
left_child=1 2 7 4 5 -4 8 -1 -3 -9 -10
right_child=-2 6 3 -5 -6 -7 -8 9 10 -11 -12
leaf_value=-0.041999521981972043 0.046571438443437647 -0.041886256070563656 -0.042056588110977088 -0.04195827310949822 -0.042320555595108743 -0.042181726986943807 -0.041983252811439803 -0.041889104626459908 -0.041815539314283612 -0.041853965402206539 -0.041829303035825327
leaf_weight=0.031515702605247498 0.33789791911840439 0.036225767806172371 0.070486874552443624 0.050809095147997141 0.07361968606710434 0.048607521690428257 0.026518899016082287 0.029376663733273745 0.029755900613963604 0.026273990515619516 0.041640737559646368
leaf_count=4 3 6 8 7 5 4 3 5 7 5 9
internal_value=-0.00472953 -0.0420216 -0.0420822 -0.0421409 -0.042189 -0.0421077 -0.0418721 -0.0419184 -0.0418447 -0.0418725 -0.0418236
internal_weight=0.802729 0.464831 0.33069 0.243523 0.192714 0.119094 0.134141 0.0871664 0.107622 0.0556507 0.0713966
internal_count=66 63 38 24 17 12 25 14 22 10 16
is_linear=0
shrinkage=0.05


Tree=219
num_leaves=12
num_cat=0
split_feature=2 8 3 2 7 14 2 12 2 6 12
split_gain=0.721147 0.515102 0.376724 0.102395 0.000192625 3.06025e-05 2.81809e-05 3.77562e-06 8.65597e-07 6.82529e-07 2.58345e-10
threshold=1450.0000000000002 0.85115577981609924 6.5000000000000009 2590.0000000000005 7.7666666666666675 1.5000000000000002 1705.0000000000002 27.500000000000004 2850.0000000000005 -0.5 116.00000000000001
decision_type=2 2 2 2 2 2 2 2 2 2 2
left_child=4 6 -3 -4 -1 7 -2 -6 10 -9 -8
right_child=1 2 3 -5 5 -7 8 9 -10 -11 -12
leaf_value=-0.044357157458371682 -0.043266603091382264 0.047406487709432732 -0.042999253664611575 0.0148609383648097 -0.042649647277600761 -0.043312347802282901 -0.042105850264693351 -0.042431195144591767 -0.042309536710812806 -0.042240917930402612 -0.042110214857419427
leaf_weight=0.27729572355747256 0.082675781100988277 0.85548692196607568 0.17018323764204979 0.13885075412690639 0.19530141446739435 0.1635491531342268 0.061848673969507217 0.094160524196922779 0.087573041208088398 0.0943554462864995 0.075039033778011799
leaf_count=5 2 8 7 4 9 4 5 5 5 6 6
internal_value=-0.00585255 0.0151224 0.030314 -0.0170023 -0.0432835 -0.0427396 -0.0424774 -0.0424956 -0.0421868 -0.042336 -0.0421082
internal_weight=2.29632 1.47166 1.16452 0.309034 0.824662 0.547367 0.307137 0.383817 0.224461 0.188516 0.136888
internal_count=66 37 19 11 29 24 18 20 16 11 11
is_linear=0
shrinkage=0.05


Tree=220
num_leaves=11
num_cat=0
split_feature=0 2 0 12 9 9 4 10 12 5
split_gain=2.00433 0.00432852 5.21003e-05 4.4685e-05 1.02896e-05 7.39852e-06 4.00619e-06 2.31172e-06 2.21414e-07 1.4037e-07
threshold=1.8743000000000003 1705.0000000000002 9.1832000000000011 71.500000000000014 -0.24825246871434689 -0.67993326682463484 121.50000000000001 4.5000000000000009 140.00000000000003 -0.24999999999999994
decision_type=2 2 2 2 2 2 2 2 2 2
left_child=1 -1 3 4 5 -2 7 -4 -3 -8
right_child=2 8 6 -5 -6 -7 9 -9 -10 -11
leaf_value=0.050140156453634614 -0.042821203630774407 0.04425570585110946 -0.042591598700239632 -0.043691020587829699 -0.043137370656186377 -0.042342333614947096 -0.042250274396313937 -0.042302438834547734 0.044313324163629229 -0.042167136784384496
leaf_weight=0.59913943707942985 0.21750448551028967 0.33005555719137192 0.21402818337082863 0.19275849498808384 0.15187422372400738 0.12819926720112562 0.12948663253337145 0.10208797454833984 0.33695261925458908 0.083519376814365387
leaf_count=4 8 5 9 4 4 7 8 6 5 6
internal_value=0.00299201 0.0470556 -0.0427586 -0.0430447 -0.0427943 -0.0426436 -0.0423853 -0.0424982 0.0442848 -0.0422177
internal_weight=2.48561 1.26615 1.21946 0.690336 0.497578 0.345704 0.529122 0.316116 0.667008 0.213006
internal_count=66 14 52 23 19 15 29 15 10 14
is_linear=0
shrinkage=0.05


Tree=221
num_leaves=11
num_cat=0
split_feature=2 0 14 9 7 4 8 6 3 12
split_gain=0.804667 0.661902 0.542218 0.638284 0.275326 0.277185 6.31066e-05 1.92486e-05 1.16602e-07 7.71345e-08
threshold=1705.0000000000002 4.3650000000000011 1.5000000000000002 -0.16708397168011488 8.5833333333333339 205.00000000000003 1.0000000180025095e-35 0.25000000000000017 8.5000000000000018 116.00000000000001
decision_type=2 2 2 2 2 2 2 2 2 2
left_child=1 -1 3 4 5 -3 -2 -8 9 -9
right_child=6 2 -4 -5 -6 -7 7 8 -10 -11
leaf_value=-0.029598536470161987 -0.043971899226103478 0.0042521498593213452 -0.020474321427966784 -0.013007139781654879 0.063543029406978035 0.053510962006458329 -0.042978385714666598 -0.04238305810187204 -0.042475311032947438 -0.042441702764688727
leaf_weight=0.7577628158032893 0.11127308011054982 0.60067045688629217 0.6126197576522826 0.62419643439352546 1.0039253756403921 0.54444616660475731 0.3036498948931694 0.099131204187870026 0.13169976510107517 0.12907952256500721
leaf_count=8 2 9 4 7 5 5 9 5 6 6
internal_value=0.00389811 0.0126435 0.0220973 0.0315016 0.0444293 0.0276723 -0.04287 -0.0426852 -0.0424378 -0.0424162
internal_weight=4.91845 4.14362 3.38586 2.77324 2.14904 1.14512 0.774833 0.66356 0.35991 0.228211
internal_count=66 38 30 26 19 14 28 26 17 11
is_linear=0
shrinkage=0.05


Tree=222
num_leaves=12
num_cat=0
split_feature=2 4 7 9 5 12 12 6 12 0 12
split_gain=0.508765 0.495003 0.730653 0.287059 0.60239 0.084571 0.0111807 7.33925e-06 4.18623e-06 1.7623e-06 5.31441e-08
threshold=1705.0000000000002 205.00000000000003 10.250000000000002 -0.52414661475995694 0.68301270189221941 89.500000000000014 33.500000000000007 0.6830127018922193 21.000000000000004 10.381750000000002 53.500000000000007
decision_type=2 2 2 2 2 2 2 2 2 2 2
left_child=1 2 3 5 -5 -1 -3 8 -2 -10 -9
right_child=7 6 -4 4 -6 -7 -8 10 9 -11 -12
leaf_value=0.035299887065904353 -0.042865625069960285 -0.013841443170450329 -0.02268151754534763 -0.043837190992439636 0.051115988389731117 0.060510375541529451 -0.023201888845075978 -0.042334229008851344 -0.042425535397919809 -0.042693913493869466 -0.042283750400831377
leaf_weight=0.69949000328779243 0.16165901161730278 0.53970515169203259 0.79881736449897278 0.31067543104290996 0.36125944554805756 0.63432763516902924 0.78019144386053085 0.091739739291369915 0.14435586426407099 0.1061449907720089 0.12079747766256332
leaf_count=7 5 4 7 8 2 3 7 5 7 4 7
internal_value=-0.000493881 0.00587511 0.0177581 0.0338638 0.00721349 0.0472893 -0.0193744 -0.0425442 -0.0426673 -0.0425393 -0.0423055
internal_weight=4.74916 4.12447 2.80457 2.00575 0.671935 1.33382 1.3199 0.624697 0.41216 0.250501 0.212537
internal_count=66 38 27 20 10 10 11 28 16 11 12
is_linear=0
shrinkage=0.05


Tree=223
num_leaves=12
num_cat=0
split_feature=0 0 12 11 12 7 4 6 2 10 0
split_gain=0.905109 0.71685 0.000118968 3.83952e-05 4.23121e-05 4.00016e-06 3.6054e-06 3.47168e-06 1.54753e-06 2.10897e-06 2.6525e-07
threshold=10.361300000000002 10.654750000000002 58.500000000000007 3.5000000000000004 71.500000000000014 11.250000000000002 196.00000000000003 0.25000000000000017 1000.0000000000001 4.5000000000000009 1.8743000000000003
decision_type=2 2 2 2 2 2 2 2 2 2 2
left_child=3 2 -2 6 5 7 10 -5 -3 -10 -1
right_child=1 8 -4 4 -6 -7 -8 -9 9 -11 -12
leaf_value=-0.042104611591903443 0.044713193473176309 -0.042232437744663259 0.04585991793415807 -0.043015559437968504 -0.043685117703790903 -0.042487129983059632 -0.042523457495914435 -0.042648346858984935 -0.042654658069761729 -0.042351128045647495 -0.042222302310232475
leaf_weight=0.098810174502432679 0.36619354784488656 0.076465538702905178 0.59154088795185089 0.12626502756029367 0.15831277519464493 0.12884273659437895 0.10744018200784922 0.13129007071256638 0.10683877393603325 0.12324139568954706 0.092874862253665924
leaf_count=8 5 5 6 4 3 7 5 6 4 7 6
internal_value=-0.00264474 0.0241211 0.0454215 -0.0427467 -0.0429967 -0.0427146 -0.0422916 -0.0428284 -0.0424273 -0.0424921 -0.0421616
internal_weight=2.10812 1.26428 0.957734 0.843836 0.544711 0.386398 0.299125 0.257555 0.306546 0.23008 0.191685
internal_count=66 27 11 39 20 17 19 10 16 11 14
is_linear=0
shrinkage=0.05


Tree=224
num_leaves=11
num_cat=0
split_feature=2 2 0 6 9 9 0 2 6 12
split_gain=0.571946 1.45556e-06 1.04059e-06 7.23203e-07 8.82696e-07 2.99295e-07 1.42238e-07 1.27883e-07 2.91345e-08 1.18948e-09
threshold=3050.0000000000005 1705.0000000000002 9.1832000000000011 0.6830127018922193 -0.35824514579943006 -0.67993326682463484 11.100500000000002 2850.0000000000005 0.25000000000000017 41.500000000000007
decision_type=2 2 2 2 2 2 2 2 2 2
left_child=1 2 3 4 5 -1 -4 8 -3 -10
right_child=-2 7 6 -5 -6 -7 -8 -9 9 -11
leaf_value=-0.042049418171872993 0.046203371428067595 -0.041868946582293662 -0.041826174523557469 -0.042280930377562725 -0.042201545992169062 -0.041877847899544234 -0.041959602082718872 -0.041958490650030954 -0.04180365977614043 -0.041817287155024967
leaf_weight=0.057099055033177137 0.31781542301177979 0.033394160680472851 0.031351717188954353 0.050981100415810943 0.071712201461195946 0.045813885983079672 0.0550384228117764 0.024476936087012291 0.027396707329899073 0.038537865504622459
leaf_count=7 3 6 7 4 5 8 7 3 7 9
internal_value=-0.00480357 -0.0420012 -0.0420587 -0.0421152 -0.0420669 -0.041973 -0.0419112 -0.0418561 -0.0418309 -0.0418116
internal_weight=0.753617 0.435802 0.311996 0.225606 0.174625 0.102913 0.0863901 0.123806 0.0993287 0.0659346
internal_count=66 63 38 24 20 15 14 25 22 16
is_linear=0
shrinkage=0.05


Tree=225
num_leaves=11
num_cat=0
split_feature=0 10 11 7 6 9 6 12 6 0
split_gain=0.849046 0.276168 2.49321e-05 2.13257e-05 8.77306e-06 3.55764e-06 3.40123e-06 2.77339e-06 6.29309e-07 1.27036e-07
threshold=10.654750000000002 4.5000000000000009 3.5000000000000004 8.4166666666666696 -0.9330127018922193 -0.24825246871434689 -0.24999999999999994 27.500000000000004 0.25000000000000017 9.1832000000000011
decision_type=2 2 2 2 2 2 2 2 2 2
left_child=2 -2 5 -4 -5 8 -6 -8 -1 -10
right_child=1 -3 3 4 6 -7 7 -9 9 -11
leaf_value=-0.042246418864286754 -0.0016419238985674247 0.045383479747620539 -0.043236625667588145 -0.042950225232344291 -0.04211550870990563 -0.042562836321129283 -0.042689494913908617 -0.042306457752850281 -0.042068775903760153 -0.042156961281368643
leaf_weight=0.14274422172456991 0.65476094931364037 0.59676939994096756 0.16776775289326906 0.10182210803031921 0.073691344819962978 0.070208255201578362 0.10403406713157892 0.08659113384783268 0.1020852355286479 0.068069844506680965
leaf_count=9 9 7 5 3 6 3 5 5 9 5
internal_value=-0.00599922 0.0207813 -0.042549 -0.0427698 -0.0425559 -0.0422412 -0.042404 -0.0425155 -0.042169 -0.0421041
internal_weight=2.16854 1.25153 0.917014 0.533906 0.366139 0.383108 0.264317 0.190625 0.312899 0.170155
internal_count=66 16 50 24 19 26 16 10 23 14
is_linear=0
shrinkage=0.05


Tree=226
num_leaves=11
num_cat=0
split_feature=0 2 0 12 11 12 3 10 3 12
split_gain=1.86463 0.00353371 4.33763e-05 3.60969e-05 4.80975e-06 6.5204e-06 3.38318e-06 2.11186e-06 1.12598e-07 7.73218e-08
threshold=1.8743000000000003 1705.0000000000002 9.1832000000000011 71.500000000000014 3.5000000000000004 27.500000000000004 4.5000000000000009 4.5000000000000009 10.500000000000002 140.00000000000003
decision_type=2 2 2 2 2 2 2 2 2 2
left_child=1 -1 3 4 -2 -6 7 -4 -8 -3
right_child=2 9 6 -5 5 -7 8 -9 -10 -11
leaf_value=0.04953162854497261 -0.042487521780583043 0.044058499795083243 -0.042537973651712593 -0.043560514867360817 -0.043070139386121725 -0.042621994296870386 -0.042215740927624465 -0.042251322591422773 -0.042140322081957456 0.044093831306139405
leaf_weight=0.56998904049396537 0.14283959195017792 0.30735242739319801 0.20286605879664421 0.18119675666093826 0.15506701730191708 0.17031369172036648 0.10662679001688957 0.094038241542875767 0.092353280633687973 0.31209263950586319
leaf_count=4 7 5 9 4 5 7 7 6 7 5
internal_value=0.00284386 0.0466905 -0.0426924 -0.0429613 -0.0427294 -0.0428356 -0.0423403 -0.0424472 -0.0421807 0.0440763
internal_weight=2.33474 1.18943 1.1453 0.649417 0.46822 0.325381 0.495884 0.296904 0.19898 0.619445
internal_count=66 14 52 23 19 12 29 15 14 10
is_linear=0
shrinkage=0.05


Tree=227
num_leaves=13
num_cat=0
split_feature=2 9 0 0 5 7 6 14 6 10 6 10
split_gain=0.745013 0.695507 1.21815 0.5251 0.231848 0.0225988 0.0148861 0.000172509 8.2033e-05 7.43206e-05 1.10657e-05 4.82855e-06
threshold=1000.0000000000001 -0.35824514579943006 6.2124500000000014 4.4258500000000014 -1.0000000180025095e-35 10.250000000000002 -0.9330127018922193 1.0000000180025095e-35 0.25000000000000017 4.5000000000000009 0.6830127018922193 4.5000000000000009
decision_type=2 2 2 2 2 2 2 2 2 2 2 2
left_child=3 6 -3 -1 -5 -6 -2 10 -4 -10 11 -8
right_child=1 2 8 4 5 -7 7 -9 9 -11 -12 -13
leaf_value=-0.011266492500856679 -0.057414590894631828 0.065393707973480833 -0.044536150343420455 0.015026171183825675 0.045293803741834719 0.059994466899116278 -0.043025066194821084 -0.044134065435064006 -0.043887471306045693 -0.042459971555773801 -0.042348708852299133 -0.042640607446532877
leaf_weight=0.83292054384946856 0.23886291682720184 0.5148116350173948 0.14601110853254795 0.72832180559635196 0.60704683512449198 0.45917253941297531 0.17489341087639354 0.34200943820178509 0.17281621322035789 0.19301706738770008 0.1702148225158453 0.1532150823622942
leaf_count=7 1 2 3 4 7 3 5 7 3 9 9 6
internal_value=0.00378401 -0.0183736 0.0110872 0.0215429 0.036771 0.0516247 -0.0464002 -0.0432693 -0.0435342 -0.0431343 -0.0426758 -0.0428455
internal_weight=4.73331 2.10585 1.02666 2.62746 1.79454 1.06622 1.0792 0.840333 0.511844 0.365833 0.498323 0.328108
internal_count=66 45 17 21 14 10 28 27 15 12 20 11
is_linear=0
shrinkage=0.05


Tree=228
num_leaves=14
num_cat=0
split_feature=14 3 2 3 12 7 0 5 12 0 2 3 12
split_gain=0.614822 0.5726 0.500073 0.584114 0.497684 0.7394 0.468183 0.00857924 0.00595717 0.000337601 0.000264396 6.2151e-06 6.6956e-07
threshold=1.0000000180025095e-35 8.5000000000000018 1250.0000000000002 7.5000000000000009 12.500000000000002 8.4166666666666696 4.929450000000001 0.25000000000000011 11.500000000000002 4.4795500000000006 1705.0000000000002 2.5000000000000004 116.00000000000001
decision_type=2 2 2 2 2 2 2 2 2 2 2 2 2
left_child=1 2 4 7 -1 -6 -2 -4 -3 -10 -9 12 -12
right_child=6 8 3 -5 5 -7 -8 10 9 -11 11 -13 -14
leaf_value=0.050858935298950997 0.056156269152686566 -0.052828410561079099 -0.054560865581544972 0.046460667606956947 0.039009368128677578 -0.050083712749881971 -0.0092706419116455243 -0.044760460895614439 -0.045727567214327663 -0.042961067701189327 -0.042420596224108861 -0.042788833834061457 -0.042235637972478562
leaf_weight=0.6632149443030364 0.71506058424711205 0.3524953220039605 0.25616323947906472 0.21174307633191347 0.46289734728634357 0.46865647472441196 0.44271529838442802 0.22084254771471024 0.19322680681943893 0.25688103679567575 0.10013733990490437 0.11862481199204922 0.095686953514814377
leaf_count=4 4 4 2 2 5 7 9 3 2 9 5 4 6
internal_value=-0.000332524 -0.0110472 0.000356741 -0.0273016 0.0177554 -0.00581257 0.031138 -0.0470357 -0.0479607 -0.0441487 -0.0434345 -0.0425032 -0.0423302
internal_weight=4.55835 3.40057 2.59797 1.0032 1.59477 0.931554 1.15778 0.791455 0.802603 0.450108 0.535292 0.314449 0.195824
internal_count=66 53 38 22 16 12 13 20 15 11 18 15 11
is_linear=0
shrinkage=0.05


Tree=229
num_leaves=12
num_cat=0
split_feature=0 0 3 11 7 6 2 4 2 10 0
split_gain=0.838749 0.662234 8.07995e-05 3.15491e-05 2.67212e-05 1.08023e-05 6.58268e-06 3.47279e-06 1.28648e-06 1.86914e-06 2.1535e-07
threshold=10.361300000000002 10.654750000000002 8.5000000000000018 3.5000000000000004 8.4166666666666696 -0.9330127018922193 1000.0000000000001 196.00000000000003 1000.0000000000001 4.5000000000000009 1.8743000000000003
decision_type=2 2 2 2 2 2 2 2 2 2 2
left_child=3 2 -2 7 -5 -6 -7 10 -3 -10 -1
right_child=1 8 -4 4 5 6 -8 -9 9 -11 -12
leaf_value=-0.042069929485796714 0.045668452950032974 -0.042190562924976915 0.04470591205696034 -0.043495451034313404 -0.043102256827487091 -0.042742075631309148 -0.042232553503918219 -0.042489632827507118 -0.042592919118781623 -0.042297265981317091 -0.042180233924601178
leaf_weight=0.091135398484766594 0.38014456629753091 0.07095218263566494 0.51124516874551773 0.14401029422879219 0.11175223067402829 0.14107340946793567 0.11511439736932516 0.10207748133689165 0.10082048363983631 0.11379791609942913 0.086007014848291874
leaf_count=8 4 5 7 3 3 6 8 5 4 7 6
internal_value=-0.00287369 0.023888 0.0451164 -0.0426849 -0.0429181 -0.0426921 -0.0425131 -0.0422573 -0.0423751 -0.0424362 -0.0421235
internal_weight=1.96813 1.17696 0.89139 0.79117 0.51195 0.36794 0.256188 0.27922 0.285571 0.214618 0.177142
internal_count=66 27 11 39 20 17 14 19 16 11 14
is_linear=0
shrinkage=0.05


Tree=230
num_leaves=11
num_cat=0
split_feature=5 9 3 9 12 5 9 7 0 9
split_gain=0.215095 0.162483 6.64765e-07 4.69644e-07 6.18083e-07 1.7388e-07 1.26313e-07 1.82572e-08 1.75655e-08 4.62104e-09
threshold=-0.24999999999999994 -0.47805445239240252 8.5000000000000018 -0.52414661475995694 67.000000000000014 0.93301270189221952 -0.35824514579943006 6.6500000000000012 6.2124500000000014 -0.49524719222984687
decision_type=2 2 2 2 2 2 2 2 2 2
left_child=1 -1 -3 4 5 -2 8 -8 -5 -10
right_child=3 2 -4 6 -6 -7 7 -9 9 -11
leaf_value=0.031293070556389087 -0.041819671498539775 -0.04216954275458909 -0.041901158321540635 -0.041799212058135631 -0.042161862258408962 -0.041990622218572443 -0.041896403240066687 -0.041946583465021718 -0.041861575996949472 -0.041831125984556766
leaf_weight=0.35422127321362495 0.028442408423870802 0.057320083491504192 0.038616162724792957 0.03034379449672997 0.040678285993635654 0.031182157341390848 0.038273970130831003 0.034434076398611069 0.026800602208822966 0.023284694645553827
leaf_count=10 7 5 7 8 3 4 7 5 5 5
internal_value=-0.00508338 0.01566 -0.0420615 -0.0419275 -0.0420116 -0.0419091 -0.0418724 -0.0419202 -0.0418292 -0.0418474
internal_weight=0.703598 0.450158 0.0959362 0.25344 0.100303 0.0596246 0.153137 0.072708 0.0804291 0.0500853
internal_count=66 22 12 44 14 11 30 12 18 10
is_linear=0
shrinkage=0.05


Tree=231
num_leaves=11
num_cat=0
split_feature=0 2 2 2 6 5 7 0 4 12
split_gain=0.782381 0.803309 2.0925e-05 1.55397e-05 4.26881e-06 2.52119e-06 1.61781e-06 5.42292e-07 6.02055e-08 6.20828e-10
threshold=10.654750000000002 1450.0000000000002 1705.0000000000002 1450.0000000000002 -0.9330127018922193 -0.5 10.250000000000002 4.4795500000000006 266.50000000000006 140.00000000000003
decision_type=2 2 2 2 2 2 2 2 2 2
left_child=2 -2 3 4 -1 -6 -7 9 -9 -4
right_child=1 -3 7 -5 5 6 -8 8 -10 -11
leaf_value=-0.042816019461698586 -0.043925679232901756 0.046538509960264388 -0.04203516551718979 -0.043030784023460278 -0.042627499569617942 -0.042200610113892728 -0.042466939863124033 -0.042212282152570918 -0.042149731460705997 -0.042042843969375923
leaf_weight=0.078482295386493317 0.34636240825057008 0.84183715283870697 0.052105996757745743 0.19347470533102751 0.091248207725584618 0.13024572469294082 0.10142070706933737 0.090324019081890583 0.067007784731686115 0.053204372525215149
leaf_count=3 7 9 5 7 4 9 6 6 5 5
internal_value=-0.0061003 0.020168 -0.0424986 -0.0426627 -0.0424853 -0.0424049 -0.0423172 -0.0421269 -0.0421856 -0.042039
internal_weight=2.04571 1.1882 0.857514 0.594872 0.401397 0.322915 0.231666 0.262642 0.157332 0.10531
internal_count=66 16 50 29 22 19 15 21 11 10
is_linear=0
shrinkage=0.05


Tree=232
num_leaves=11
num_cat=0
split_feature=0 2 0 12 9 9 3 10 3 12
split_gain=1.73184 0.00295605 3.71295e-05 2.73742e-05 7.74988e-06 5.74547e-06 2.82569e-06 1.80661e-06 9.58121e-08 6.17838e-08
threshold=1.8743000000000003 1705.0000000000002 9.1832000000000011 71.500000000000014 -0.24825246871434689 -0.67993326682463484 4.5000000000000009 4.5000000000000009 10.500000000000002 140.00000000000003
decision_type=2 2 2 2 2 2 2 2 2 2
left_child=1 -1 3 4 5 -2 7 -4 -8 -3
right_child=2 9 6 -5 -6 -7 8 -9 -10 -11
leaf_value=0.049030382868792383 -0.042705304185120384 0.043860330483207956 -0.04248109968032332 -0.043429097401843267 -0.042993433573805806 -0.042254974122450425 -0.042175246649976794 -0.042205724950413463 -0.042102897914205809 0.043893158069214858
leaf_weight=0.5406320393085482 0.1943628890439868 0.28444064781069756 0.18962564878165722 0.16908537410199642 0.13725521601736523 0.111436209641397 0.09885887149721384 0.086834568530321121 0.0851999307051301 0.28891328722238541
leaf_count=4 8 5 9 4 4 7 7 6 7 5
internal_value=0.00271376 0.0463779 -0.0426327 -0.0428879 -0.0426813 -0.0425412 -0.0422935 -0.0423946 -0.0421418 0.0438769
internal_weight=2.18664 1.11399 1.07266 0.61214 0.443054 0.305799 0.460519 0.27646 0.184059 0.573354
internal_count=66 14 52 23 19 15 29 15 14 10
is_linear=0
shrinkage=0.05


Tree=233
num_leaves=12
num_cat=0
split_feature=2 0 12 12 6 2 7 8 6 3 12
split_gain=0.670575 0.53078 0.509418 0.725369 0.368097 0.769539 6.59737e-05 3.79888e-05 1.19492e-05 8.38443e-08 5.00136e-08
threshold=1705.0000000000002 4.5662000000000011 25.000000000000004 53.500000000000007 -0.68301270189221952 1000.0000000000001 6.6500000000000012 -1.0000000180025095e-35 0.25000000000000017 8.5000000000000018 116.00000000000001
decision_type=2 2 2 2 2 2 2 2 2 2 2
left_child=1 2 -1 -4 -3 -6 -7 -2 -9 10 -10
right_child=7 4 3 -5 5 6 -8 8 9 -11 -12
leaf_value=-0.048293641086246709 -0.043610654512748551 0.057653438084338184 0.050332080376219016 -0.027857412382744501 0.037345261633959174 -0.044303388845569801 -0.043034804431890707 -0.042781210685384888 -0.042271639384384309 -0.04235488023928187 -0.042322856825436711
leaf_weight=0.55446885526180301 0.095360394567251205 0.71738456934690509 0.57145471125841119 0.61675686948001385 1.0033749490976331 0.22515646182000626 0.18811497837305069 0.26023957692086686 0.08416812215000391 0.1126021035015583 0.1099006924778223
leaf_count=5 2 5 4 6 8 4 6 9 5 6 6
internal_value=0.00381003 0.0117533 -0.00871994 0.00974679 0.0284721 0.0136947 -0.0437259 -0.0426873 -0.042532 -0.0423206 -0.0423006
internal_weight=4.53898 3.87671 1.74268 1.18821 2.13403 1.41665 0.413271 0.662271 0.56691 0.306671 0.194069
internal_count=66 38 15 10 23 18 10 28 26 17 11
is_linear=0
shrinkage=0.05


Tree=234
num_leaves=13
num_cat=0
split_feature=14 4 2 5 12 7 0 4 9 2 0 0
split_gain=0.572411 0.51242 0.465914 0.47972 0.455355 0.679386 0.427105 0.00809015 0.00535476 0.000211407 0.000200461 5.06988e-06
threshold=1.0000000180025095e-35 266.50000000000006 1250.0000000000002 -0.5 12.500000000000002 8.4166666666666696 4.929450000000001 205.00000000000003 -0.67993326682463484 1705.0000000000002 10.361300000000002 4.5662000000000011
decision_type=2 2 2 2 2 2 2 2 2 2 2 2
left_child=1 2 4 -4 -1 -6 -2 9 -3 -5 -10 -11
right_child=6 8 3 7 5 -7 -8 -9 10 11 -12 -13
leaf_value=0.050033411757896155 0.054764198137000057 -0.052782405604159192 0.037209363684593516 -0.044511143044452382 0.038200286118372666 -0.049479494622838308 -0.0088342982524004764 -0.054732253855863736 -0.045379060746620382 -0.042188320794518591 -0.043185847323050391 -0.042603048915139552
leaf_weight=0.62249547988176412 0.69361770339310147 0.30420052260160446 0.22174367774277948 0.20501535013318029 0.44029426760971546 0.44344309717416763 0.42619093880057335 0.21807822585105896 0.17939616739749897 0.11722986306995153 0.24850893579423428 0.19841125793755054
leaf_count=4 4 4 3 3 5 7 9 1 2 8 8 8
internal_value=-0.000207128 -0.0109774 -7.51995e-05 -0.0272875 0.0172773 -0.00579581 0.0305591 -0.0466474 -0.0477108 -0.043261 -0.0441053 -0.042449
internal_weight=4.31863 3.19882 2.46671 0.960478 1.50623 0.883737 1.11981 0.738735 0.732106 0.520656 0.427905 0.315641
internal_count=66 53 39 23 16 12 13 20 14 19 10 16
is_linear=0
shrinkage=0.05


Tree=235
num_leaves=12
num_cat=0
split_feature=2 3 12 3 11 12 9 9 14 7 2
split_gain=0.48657 0.414277 0.0729049 0.112899 2.20752e-05 2.5938e-05 4.44976e-06 2.83148e-06 1.77059e-06 7.0744e-07 1.53613e-07
threshold=2300.0000000000005 10.500000000000002 58.500000000000007 11.500000000000002 3.5000000000000004 71.500000000000014 -0.24825246871434689 -0.24825246871434689 1.0000000180025095e-35 8.4166666666666696 1250.0000000000002
decision_type=2 2 2 2 2 2 2 2 2 2 2
left_child=1 4 3 -2 7 6 8 9 -6 -1 -11
right_child=2 -3 -4 -5 5 -7 -8 -9 -10 10 -12
leaf_value=-0.042269149742732215 -0.012585230551220709 0.025082888921402181 0.045347093225508568 0.043786587737885414 -0.042513013518362924 -0.043317283769677611 -0.042761822083047962 -0.042506667064808858 -0.042229580807906654 -0.042132517679918428 -0.042032376568556837
leaf_weight=0.065429876558482647 0.19303059857338678 0.31469258852303028 0.35469373315572739 0.16452006995677948 0.14105203468352545 0.14924835506826639 0.1369958044961096 0.064623408019542472 0.090423996560275555 0.065145074389874935 0.092913846485316753
leaf_count=4 9 6 4 3 8 4 5 3 6 5 9
internal_value=-0.00302759 -0.0235672 0.029286 0.0133532 -0.042566 -0.0427612 -0.042536 -0.0422152 -0.0424023 -0.0421309 -0.0420737
internal_weight=1.83277 1.12052 0.712244 0.357551 0.805832 0.51772 0.368472 0.288112 0.231476 0.223489 0.158059
internal_count=66 50 16 12 44 23 19 21 14 18 14
is_linear=0
shrinkage=0.05


Tree=236
num_leaves=11
num_cat=0
split_feature=2 2 0 4 12 8 0 2 6 12
split_gain=0.49366 1.15925e-06 8.61563e-07 7.72881e-07 2.59991e-07 1.71533e-07 9.79187e-08 8.67748e-08 2.05111e-08 5.51065e-10
threshold=3050.0000000000005 1705.0000000000002 9.1832000000000011 205.00000000000003 67.000000000000014 0.55438071450436055 11.100500000000002 2850.0000000000005 0.25000000000000017 41.500000000000007
decision_type=2 2 2 2 2 2 2 2 2 2
left_child=1 2 3 4 5 -1 -4 8 -3 -10
right_child=-2 7 6 -5 -6 -7 -8 -9 9 -11
leaf_value=-0.042004991797177781 0.045518472925682466 -0.041842124030820514 -0.041802348200896122 -0.042202438231212315 -0.042097115717843331 -0.041854650424163982 -0.041921910087278552 -0.041920599970926661 -0.041784506133445934 -0.041794536743820027
leaf_weight=0.049469286808744073 0.27795177698135376 0.028967885999009013 0.026653813663870096 0.077203617198392749 0.045340962707996368 0.030776254599913955 0.0478985495865345 0.021377434488385916 0.023529078112915158 0.032753469422459602
leaf_count=7 3 6 7 7 4 6 7 3 7 9
internal_value=-0.00523255 -0.0419706 -0.0420245 -0.0420779 -0.0420014 -0.0419473 -0.0418792 -0.0418305 -0.0418079 -0.0417903
internal_weight=0.661922 0.38397 0.277342 0.20279 0.125587 0.0802455 0.0745524 0.106628 0.0852504 0.0562825
internal_count=66 63 38 24 17 13 14 25 22 16
is_linear=0
shrinkage=0.05


Tree=237
num_leaves=10
num_cat=0
split_feature=0 2 11 7 2 9 2 0 10
split_gain=0.723006 0.737354 1.76136e-05 1.39216e-05 5.17989e-06 2.87622e-06 8.69457e-07 3.88917e-07 1.81352e-07
threshold=10.654750000000002 1450.0000000000002 3.5000000000000004 8.4166666666666696 1250.0000000000002 -0.24825246871434689 1855.0000000000002 1.8743000000000003 4.5000000000000009
decision_type=2 2 2 2 2 2 2 2 2
left_child=2 -2 5 -4 -5 7 -6 -1 -9
right_child=1 -3 3 4 6 -7 -8 8 -10
leaf_value=-0.042007730653828471 -0.043758800691665524 0.046138268085599878 -0.04304511612257178 -0.042629510270520234 -0.042354046328452362 -0.042470971081854929 -0.042100753104459404 -0.042181663708591249 -0.04208085103287728
leaf_weight=0.086844327859580406 0.32178369909524895 0.78347213193774223 0.14751635957509279 0.18673753459006548 0.065753931179642677 0.062689921818673833 0.069891567341983318 0.099609319120645523 0.080792865715920925
leaf_count=9 7 9 5 9 4 3 6 7 7
internal_value=-0.00623739 0.0199657 -0.0424462 -0.0426428 -0.0424587 -0.0421662 -0.0422235 -0.0420947 -0.0421365
internal_weight=1.90509 1.10526 0.799836 0.469899 0.322383 0.329936 0.135645 0.267247 0.180402
internal_count=66 16 50 24 19 26 10 23 14
is_linear=0
shrinkage=0.05


Tree=238
num_leaves=11
num_cat=0
split_feature=0 2 0 12 9 9 3 10 5 12
split_gain=1.60137 0.00228225 3.11077e-05 2.19175e-05 5.55632e-06 5.04246e-06 2.2898e-06 1.47734e-06 7.83772e-08 2.77961e-12
threshold=1.8743000000000003 1705.0000000000002 9.1832000000000011 71.500000000000014 -0.24825246871434689 -0.67993326682463484 4.5000000000000009 4.5000000000000009 -0.24999999999999994 140.00000000000003
decision_type=2 2 2 2 2 2 2 2 2 2
left_child=1 -1 3 4 5 -2 7 -4 -8 -3
right_child=2 9 6 -5 -6 -7 8 -9 -10 -11
leaf_value=0.048390637836163382 -0.042656440437492435 0.043709326952707128 -0.04242195881800262 -0.043311294670389529 -0.042894919619794289 -0.042221833517877637 -0.0421314458347989 -0.042162930349160355 -0.042061793521312812 0.043709555167462139
leaf_weight=0.50839000940322898 0.18379332311451435 0.26638077571988106 0.17621396854519844 0.15831824392080307 0.12753478810191132 0.10479424893856049 0.10343630984425545 0.080053077079355717 0.066261596046388149 0.26732027530670166
leaf_count=4 8 5 9 4 4 7 8 6 6 5
internal_value=0.0026151 0.0459932 -0.0425705 -0.0428106 -0.0426201 -0.0424986 -0.0422467 -0.042341 -0.0421042 0.0437094
internal_weight=2.0425 1.04209 1.00041 0.574441 0.416122 0.288588 0.425965 0.256267 0.169698 0.533701
internal_count=66 14 52 23 19 15 29 15 14 10
is_linear=0
shrinkage=0.05


Tree=239
num_leaves=12
num_cat=0
split_feature=2 12 12 9 12 9 9 8 6 3 12
split_gain=0.615558 0.481006 0.372074 0.642746 0.229837 0.455415 0.0532322 2.97802e-05 9.47992e-06 6.4926e-08 4.00666e-08
threshold=1705.0000000000002 89.500000000000014 7.5000000000000009 -0.16708397168011488 33.500000000000007 -0.49524719222984687 -0.67993326682463484 -1.0000000180025095e-35 0.25000000000000017 8.5000000000000018 116.00000000000001
decision_type=2 2 2 2 2 2 2 2 2 2 2
left_child=1 2 -1 4 6 -6 -4 -2 -9 10 -10
right_child=7 -3 3 -5 5 -7 -8 8 9 -11 -12
leaf_value=-0.022871209500419036 -0.043455390595243081 -0.036150093674664138 0.061277672802620954 -0.030126544229533616 -0.018356462058321098 0.048395836871348866 0.040837778576715125 -0.042694795632352615 -0.042222685104751273 -0.042299448460661367 -0.042270433420015102
leaf_weight=0.46810481697321016 0.088642340153455734 0.46287022158503521 0.57140747830271721 0.43929637223482076 0.46620264276862233 0.56539166159927734 0.71978179737925641 0.24101777374744404 0.077540487982332706 0.10379765834659338 0.10137207992374897
leaf_count=4 2 5 3 6 6 6 8 9 5 6 6
internal_value=0.00382039 0.011519 0.0183497 0.0253357 0.0358249 0.0182288 0.0498833 -0.0426079 -0.0424644 -0.042268 -0.0422497
internal_weight=4.30543 3.69305 3.23018 2.76208 2.32278 1.03159 1.29119 0.61237 0.523728 0.28271 0.178913
internal_count=66 38 33 29 23 12 11 28 26 17 11
is_linear=0
shrinkage=0.05


end of trees

feature_importances:
Column_0=482
Column_2=392
Column_12=221
Column_6=203
Column_9=154
Column_3=143
Column_7=129
Column_4=115
Column_11=108
Column_5=89
Column_10=70
Column_8=65
Column_14=40
Column_13=9

parameters:
[boosting: gbdt]
[objective: multiclass]
[metric: multi_logloss]
[tree_learner: serial]
[device_type: cpu]
[data_sample_strategy: bagging]
[data: ]
[valid: ]
[num_iterations: 1000]
[learning_rate: 0.05]
[num_leaves: 31]
[num_threads: -1]
[seed: 42]
[deterministic: 0]
[force_col_wise: 0]
[force_row_wise: 0]
[histogram_pool_size: -1]
[max_depth: -1]
[min_data_in_leaf: 5]
[min_sum_hessian_in_leaf: 0.001]
[bagging_fraction: 0.8]
[pos_bagging_fraction: 1]
[neg_bagging_fraction: 1]
[bagging_freq: 5]
[bagging_seed: 400]
[bagging_by_query: 0]
[feature_fraction: 0.9]
[feature_fraction_bynode: 1]
[feature_fraction_seed: 30056]
[extra_trees: 0]
[extra_seed: 12879]
[early_stopping_round: 0]
[early_stopping_min_delta: 0]
[first_metric_only: 0]
[max_delta_step: 0]
[lambda_l1: 0]
[lambda_l2: 0]
[linear_lambda: 0]
[min_gain_to_split: 0]
[drop_rate: 0.1]
[max_drop: 50]
[skip_drop: 0.5]
[xgboost_dart_mode: 0]
[uniform_drop: 0]
[drop_seed: 17869]
[top_rate: 0.2]
[other_rate: 0.1]
[min_data_per_group: 100]
[max_cat_threshold: 32]
[cat_l2: 10]
[cat_smooth: 10]
[max_cat_to_onehot: 4]
[top_k: 20]
[monotone_constraints: ]
[monotone_constraints_method: basic]
[monotone_penalty: 0]
[feature_contri: ]
[forcedsplits_filename: ]
[refit_decay_rate: 0.9]
[cegb_tradeoff: 1]
[cegb_penalty_split: 0]
[cegb_penalty_feature_lazy: ]
[cegb_penalty_feature_coupled: ]
[path_smooth: 0]
[interaction_constraints: ]
[verbosity: -1]
[saved_feature_importance_type: 0]
[use_quantized_grad: 0]
[num_grad_quant_bins: 4]
[quant_train_renew_leaf: 0]
[stochastic_rounding: 1]
[linear_tree: 0]
[max_bin: 255]
[max_bin_by_feature: ]
[min_data_in_bin: 3]
[bin_construct_sample_cnt: 200000]
[data_random_seed: 175]
[is_enable_sparse: 1]
[enable_bundle: 1]
[use_missing: 1]
[zero_as_missing: 0]
[feature_pre_filter: 1]
[pre_partition: 0]
[two_round: 0]
[header: 0]
[label_column: ]
[weight_column: ]
[group_column: ]
[ignore_column: ]
[categorical_feature: ]
[forcedbins_filename: ]
[precise_float_parser: 0]
[parser_config_file: ]
[objective_seed: 16083]
[num_class: 6]
[is_unbalance: 0]
[scale_pos_weight: 1]
[sigmoid: 1]
[boost_from_average: 1]
[reg_sqrt: 0]
[alpha: 0.9]
[fair_c: 1]
[poisson_max_delta_step: 0.7]
[tweedie_variance_power: 1.5]
[lambdarank_truncation_level: 30]
[lambdarank_norm: 1]
[label_gain: ]
[lambdarank_position_bias_regularization: 0]
[eval_at: ]
[multi_error_top_k: 1]
[auc_mu_weights: ]
[num_machines: 1]
[local_listen_port: 12400]
[time_out: 120]
[machine_list_filename: ]
[machines: ]
[gpu_platform_id: -1]
[gpu_device_id: -1]
[gpu_use_dp: 0]
[num_gpu: 1]

end of parameters

pandas_categorical:null
