tree
version=v4
num_class=6
num_tree_per_iteration=6
label_index=0
max_feature_idx=14
objective=multiclass num_class:6
feature_names=Column_0 Column_1 Column_2 Column_3 Column_4 Column_5 Column_6 Column_7 Column_8 Column_9 Column_10 Column_11 Column_12 Column_13 Column_14
feature_infos=[1.2703:11.2902] none [10:3700] [1:12] [3:361] [-1:1] [-1:1] [6:17.216666666666665] [-0.97904547248458373:1] [-0.99976202707990913:6.123233995736766e-17] [4:5] [0:9] [4:637] [0:1] [0:7]
tree_sizes=836 650 445 540 451 743 1175 980 1104 1089 990 1069 1174 1088 984 981 1176 1182 1177 1087 1215 1088 1182 969 1177 978 1207 982 1092 971 1077 977 1205 1085 1198 1293 1082 982 1210 1094 1090 1168 1083 1088 1205 988 1202 975 1080 1197 1205 1077 1095 1074 1082 1201 1099 1080 1198 1078 1276 1191 1321 1177 1205 1068 1281 1192 1322 1307 1299 1072 1280 1194 1312 1208 1199 1071 1285 1199 1306 1206 1207 1182 1288 1208 1319 1101 1194 1180 1177 1208 1415 1205 1304 1291 1178 1302 1307 1209 1311 1398 1297 1303 1323 1201 1314 1393 1298 1417 1322 1309 1313 1383 1076 1415 1310 1208 1204 1491 1394 1195 1315 1208 1205 1399 1397 1303 1211 1211 1426 1180 1397 1302 1218 1202 1425 1076 1404 1295 1331 1205 1308 1300 1403 1316 1331 1208 1433 1186 1193 1416 1334 1305 1313 1387 1296 1299 1323 1309 1312 1280 1182 1190 1338 1310 1312 1386 1615 1295 1337 1311 1315 1596 1717 1309 1337 1310 1423 1285 1192 1311 1120 1392 1111 1195 1199 1316 1227 1213 1110 1197 1201 1205 1336 1217 1213 1194 1094 1201 1662 1215 1215 1197 1092 1425 1119 1215 1110 1305 1504 1420 1225 1320 1430 1407 1604 1420 1229 1415 1426 1405 1503 1423 1228 1321 1421 1304

Tree=0
num_leaves=7
num_cat=0
split_feature=2 6 7 6 12 0
split_gain=9.28059 8.93274 9.58672 3.30032 2.32389 0.612895
threshold=1650.0000000000002 0.6830127018922193 10.325000000000001 -0.9330127018922193 26.500000000000004 9.1832000000000011
decision_type=2 2 2 2 2 2
left_child=1 2 3 -1 -5 -3
right_child=-2 5 -4 4 -6 -7
leaf_value=-1.5021279491897259 -1.6017233440381187 -1.5519256466139224 -1.6017233440381187 -1.4523302517655297 -1.3527348569171369 -1.6017233440381187
leaf_weight=1.0040625184774401 4.4178750813007355 1.0040625184774401 1.0040625184774397 1.0040625184774401 1.4056875258684156 1.6065000295639036
leaf_count=5 22 5 5 5 7 8
internal_value=-1.54494 -1.50924 -1.46591 -1.42597 -1.39423 -1.58257
internal_weight=11.4463 7.02844 4.41788 3.41381 2.40975 2.61056
internal_count=57 35 22 17 12 13
is_linear=0
shrinkage=1


Tree=1
num_leaves=5
num_cat=0
split_feature=13 0 4 0
split_gain=27.8869 3.11448 6.78265 8.88178e-16
threshold=1.0000000180025095e-35 10.363450000000002 99.500000000000014 4.1838500000000005
decision_type=2 2 2 2
left_child=1 3 -3 -1
right_child=-2 2 -4 -5
leaf_value=-1.8668285207664663 -1.5989372074787864 -1.8668285207664661 -1.6831316202263429 -1.8668285207664661
leaf_weight=1.6331249475479106 1.3064999580383307 1.3064999580383303 0.81656247377395619 4.2461248636245728
leaf_count=10 8 8 5 26
internal_value=-1.81312 -1.84808 -1.79618 -1.86683
internal_weight=9.30881 8.00231 2.12306 5.87925
internal_count=57 49 13 36
is_linear=0
shrinkage=1


Tree=2
num_leaves=3
num_cat=0
split_feature=2 0
split_gain=1.8852 4.44089e-16
threshold=2590.0000000000005 10.363450000000002
decision_type=2 2
left_child=1 -1
right_child=-2 -3
leaf_value=-3.0395919233074258 -2.9299428017831626 -3.0395919233074258
leaf_weight=1.9950000010430819 0.45600000023841847 0.7980000004172324
leaf_count=35 8 14
internal_value=-3.0242 -3.03959
internal_weight=3.249 2.793
internal_count=57 49
is_linear=0
shrinkage=1


Tree=3
num_leaves=4
num_cat=0
split_feature=0 2 0
split_gain=24.8384 10.7735 8.88178e-16
threshold=10.381750000000002 2005.0000000000002 10.361300000000002
decision_type=2 2 2
left_child=2 -2 -1
right_child=1 -3 -4
leaf_value=-1.9461395955935248 -1.852768909458901 -1.6193421941223423 -1.9461395955935248
leaf_weight=5.5079998970031738 1.0709999799728391 0.91799998283386219 1.2239999771118162
leaf_count=36 7 6 8
internal_value=-1.90027 -1.74503 -1.94614
internal_weight=8.721 1.989 6.732
internal_count=57 13 44
is_linear=0
shrinkage=1


Tree=4
num_leaves=3
num_cat=0
split_feature=0 0
split_gain=50.4898 8.88178e-16
threshold=4.1838500000000005 10.381750000000002
decision_type=2 2
left_child=-1 -2
right_child=1 -3
leaf_value=-1.5606670198662604 -1.8668285207664661 -1.8668285207664661
leaf_weight=1.6331249475479124 5.5526248216629028 2.1230624318122864
leaf_count=10 34 13
internal_value=-1.81312 -1.86683
internal_weight=9.30881 7.67569
internal_count=57 47
is_linear=0
shrinkage=1


Tree=5
num_leaves=6
num_cat=0
split_feature=2 6 9 12 9
split_gain=18.65 7.53426 3.3969 0.741339 1.77636e-15
threshold=115.00000000000001 -0.9330127018922193 -0.69930991848440827 10.500000000000002 -0.43031030248784691
decision_type=2 2 2 2 2
left_child=-1 -2 -3 -4 -5
right_child=1 2 3 4 -6
leaf_value=-1.1787740359803947 -1.2505164804569389 -1.3132911193739152 -1.3509559027241009 -1.3940013694100275 -1.3940013694100275
leaf_weight=1.6261875033378608 1.3938750028610218 1.8585000038146944 1.1615625023841856 3.9493125081062281 3.2523750066757238
leaf_count=7 6 8 5 17 14
internal_value=-1.33736 -1.35956 -1.37444 -1.38802 -1.394
internal_weight=13.2418 11.6156 10.2218 8.36325 7.20169
internal_count=57 50 44 36 31
is_linear=0
shrinkage=1


Tree=6
num_leaves=10
num_cat=0
split_feature=2 6 7 12 2 12 0 6 12
split_gain=8.34174 7.56937 7.87477 2.63552 1.78452 0.593683 3.34798e-05 1.32032e-05 1.662e-07
threshold=1650.0000000000002 0.6830127018922193 10.325000000000001 23.500000000000004 750.00000000000011 29.500000000000004 10.381750000000002 1.0000000180025095e-35 46.000000000000007
decision_type=2 2 2 2 2 2 2 2 2
left_child=1 2 3 -1 -5 -3 7 -2 -9
right_child=6 5 -4 4 -6 -7 -8 8 -10
leaf_value=0.040728682706469455 -0.052329748478275928 -0.0028597857913508951 -0.052334611114292523 0.084669348279676759 0.16829451634233142 -0.052263190728050225 -0.051859948328258111 -0.052091834697104503 -0.052119986886679015
leaf_weight=1.0557076036930086 0.97314544022083316 1.0001851022243502 0.9734411984682082 1.0772615969181063 1.5643535703420637 1.5512822866439817 1.1367642581462858 0.9604083597660068 1.1544282138347624
leaf_count=5 5 5 5 5 7 8 6 5 6
internal_value=0.00371501 0.0363601 0.0741926 0.107505 0.134192 -0.0328969 -0.0520919 -0.0521773 -0.0521072
internal_weight=11.447 7.22223 4.67076 3.69732 2.64162 2.55147 4.22475 3.08798 2.11484
internal_count=57 35 22 17 12 13 22 16 11
is_linear=0
shrinkage=0.05


Tree=7
num_leaves=8
num_cat=0
split_feature=13 5 0 12 12 0 4
split_gain=21.7713 3.00851 4.45322 2.2485e-05 3.28686e-05 7.89257e-07 1.93548e-07
threshold=1.0000000180025095e-35 -0.24999999999999994 5.8354500000000007 29.500000000000004 20.500000000000004 9.1832000000000011 121.50000000000001
decision_type=2 2 2 2 2 2 2
left_child=1 2 -1 4 -3 6 -5
right_child=-2 3 -4 5 -6 -7 -8
leaf_value=-0.049361845341428789 0.17576689813176657 -0.049244418348850044 0.09515962062178171 -0.049238294654383195 -0.049594213783251295 -0.04916850368102095 -0.049207217312267411
leaf_weight=1.1047945916652682 1.5360596030950544 1.4058056622743609 1.0299391001462934 1.405385613441468 1.2858288139104841 0.77571415901184071 0.77854816615581501
leaf_count=7 8 9 6 9 8 5 5
internal_value=0.00373467 -0.0302046 0.020365 -0.0493069 -0.0494115 -0.0492118 -0.0492272
internal_weight=9.32208 7.78602 2.13473 5.65128 2.69163 2.95965 2.18393
internal_count=57 49 13 36 17 19 14
is_linear=0
shrinkage=0.05


Tree=8
num_leaves=9
num_cat=0
split_feature=5 12 13 8 8 12 0 0
split_gain=0.979893 2.26047 5.41305e-06 5.47127e-07 1.08688e-07 4.34173e-08 4.31589e-09 1.01802e-10
threshold=-0.24999999999999994 23.500000000000004 1.0000000180025095e-35 0.55438071450436055 0.9195955058153672 29.500000000000004 4.1838500000000005 4.7199000000000009
decision_type=2 2 2 2 2 2 2 2
left_child=1 -1 3 -2 5 -5 -7 -8
right_child=2 -3 -4 4 -6 6 7 -9
leaf_value=0.13413987112510128 -0.043817619101117415 -0.043751996693062359 -0.04395841969385491 -0.043724038210864721 -0.043768804682881739 -0.043750054760463911 -0.043743464095180734 -0.043742094238836592
leaf_weight=0.28093177080154452 0.33576608449220691 0.4901389516890049 0.41399353370070446 0.3227863200008867 0.43877151608467091 0.32653838396072388 0.27133572101593018 0.27117372676730156
leaf_count=5 6 9 7 6 8 6 5 5
internal_value=-0.0279258 0.0210611 -0.0437941 -0.0437595 -0.0437475 -0.0437397 -0.0437455 -0.0437428
internal_weight=3.15144 0.771071 2.38037 1.96637 1.63061 1.19183 0.869048 0.542509
internal_count=57 14 43 36 30 22 16 10
is_linear=0
shrinkage=0.05


Tree=9
num_leaves=9
num_cat=0
split_feature=0 4 12 12 3 14 0 0
split_gain=20.8821 5.98313 1.30912e-05 1.0653e-05 1.63631e-06 1.30496e-07 1.56965e-07 2.34637e-08
threshold=10.381750000000002 46.000000000000007 29.500000000000004 13.000000000000002 7.5000000000000009 1.0000000180025095e-35 4.1838500000000005 4.4795500000000006
decision_type=2 2 2 2 2 2 2 2
left_child=2 -2 3 -1 5 6 -4 -8
right_child=1 -3 4 -5 -6 -7 7 -9
leaf_value=-0.048591969984683854 0.22918445213637895 0.06199451577837848 -0.04856965194397167 -0.048811261281073368 -0.04847723267567379 -0.048573396460933081 -0.048549230993579252 -0.048536549691585419
leaf_weight=1.1729292124509814 0.89214000105857882 1.3371648639440534 0.87786591053009111 1.0492447465658186 0.72446414828300465 1.1709253489971159 0.73000353574752785 0.72904026508331299
leaf_count=8 5 8 6 7 5 8 5 5
internal_value=-0.00302957 0.128902 -0.0485972 -0.0486955 -0.0485456 -0.0485598 -0.0485529 -0.0485429
internal_weight=8.68378 2.2293 6.45447 2.22217 4.2323 3.50784 2.33691 1.45904
internal_count=57 13 44 15 29 24 16 10
is_linear=0
shrinkage=0.05


Tree=10
num_leaves=8
num_cat=0
split_feature=0 0 11 8 0 0 2
split_gain=38.8356 1.17974e-05 1.37506e-05 1.04848e-05 8.44694e-06 6.06626e-06 2.21765e-06
threshold=4.1838500000000005 7.8579000000000008 1.5000000000000002 0.6377464691245277 10.381750000000002 4.5574000000000012 2512.5000000000005
decision_type=2 2 2 2 2 2 2
left_child=-1 3 4 -2 -3 -5 -4
right_child=1 2 6 5 -6 -7 -8
leaf_value=0.20040545860223269 -0.04949275061317359 -0.049205102154154565 -0.049357328814868179 -0.049217007180560129 -0.049005073653639181 -0.049380714963433395 -0.049252821141036761
leaf_weight=1.9762022942304609 0.79854163527488742 1.2453910261392596 0.94670785963535342 1.4026460349559786 0.91595532000064839 0.94856014847755421 1.0944556444883344
leaf_count=10 5 8 6 9 6 6 7
internal_value=0.00362836 -0.0492631 -0.0492082 -0.0493362 -0.0491203 -0.0492831 -0.0493013
internal_weight=9.32846 7.35226 4.20251 3.14975 2.16135 2.35121 2.04116
internal_count=57 47 27 20 14 15 13
is_linear=0
shrinkage=0.05


Tree=11
num_leaves=9
num_cat=0
split_feature=2 0 8 6 0 0 12 12
split_gain=16.158 6.41478 4.69886 0.839363 2.01359 0.000125029 5.10948e-05 1.38246e-06
threshold=1150.0000000000002 4.5574000000000012 0.80873976445662543 0.25000000000000017 10.361300000000002 5.1314000000000011 26.500000000000004 122.00000000000001
decision_type=2 2 2 2 2 2 2 2
left_child=1 2 -1 4 -2 7 -7 -5
right_child=3 -3 -4 5 -6 6 -8 -9
leaf_value=0.072366539863671975 0.028911348993551557 0.13975793468504444 -0.055915160754230878 -0.055245648580976761 -0.055468968107595031 -0.055972811681380678 -0.055554908020015593 -0.0553244239120416
leaf_weight=1.9226274490356456 1.1675839126110061 2.008257657289505 1.135400593280792 1.1122469305992129 1.7923385500907896 1.5974320173263552 1.3491490632295606 1.1155411601066587
leaf_count=8 5 8 5 5 8 7 6 5
internal_value=0.000236876 0.0703312 0.0247374 -0.04342 -0.0221839 -0.0555678 -0.0557815 -0.0552851
internal_weight=13.2006 5.06629 3.05803 8.13429 2.95992 5.17437 2.94658 2.22779
internal_count=57 21 13 36 13 23 13 10
is_linear=0
shrinkage=0.05


Tree=12
num_leaves=10
num_cat=0
split_feature=2 6 7 6 8 0 6 12 3
split_gain=7.64632 6.47502 6.61924 2.12546 1.31544 0.598111 4.51434e-05 9.02247e-06 1.07829e-06
threshold=1650.0000000000002 0.6830127018922193 10.325000000000001 -0.9330127018922193 0.9195955058153672 9.1832000000000011 -0.68301270189221952 20.500000000000004 2.5000000000000004
decision_type=2 2 2 2 2 2 2 2 2
left_child=1 2 3 -1 -5 -3 -2 -8 -9
right_child=6 5 -4 4 -6 -7 7 8 -10
leaf_value=0.036768860062713897 -0.051748163806905591 -0.001398062860625153 -0.051725270676260975 0.14653487857706274 0.076964876760989995 -0.051670209093916647 -0.051220491007855522 -0.051377969820856573 -0.051448761659586589
leaf_weight=1.0920812189579012 0.94059368968009938 0.97849969565868411 0.93905642628669728 1.7080806791782381 1.1282901912927625 1.4965405762195585 0.9099322855472568 1.2876301854848864 0.92384244501590718
leaf_count=5 5 5 5 7 5 8 5 7 5
internal_value=0.00359958 0.0340507 0.0675322 0.0960395 0.11886 -0.0317953 -0.0514445 -0.051353 -0.0514075
internal_weight=11.4045 7.34255 4.86751 3.92845 2.83637 2.47504 4.062 3.1214 2.21147
internal_count=57 35 22 17 12 13 22 17 12
is_linear=0
shrinkage=0.05


Tree=13
num_leaves=9
num_cat=0
split_feature=13 0 5 2 0 5 6 6
split_gain=17.4556 2.91514 7.32957 3.90795e-05 0.000102887 1.12448e-05 2.95758e-06 1.6925e-06
threshold=1.0000000180025095e-35 10.363450000000002 0.25000000000000011 1450.0000000000002 4.7199000000000009 0.68301270189221941 0.6830127018922193 -0.9330127018922193
decision_type=2 2 2 2 2 2 2 2
left_child=1 3 -3 5 -5 6 7 -1
right_child=-2 2 -4 4 -6 -7 -8 -9
leaf_value=-0.048689250366349704 0.14619609481109072 0.14418931592468717 -0.049026676049133425 -0.048742897400358982 -0.049422753416512033 -0.048921139709169503 -0.048627328386016605 -0.048795884366085618
leaf_weight=0.74031990766525291 1.7421198040246961 0.76423366367816936 1.3720075339078903 1.3402464985847475 0.95165483653545369 0.75745822489261616 0.8825850337743758 0.74817869067192122
leaf_count=5 8 4 9 9 6 5 6 5
internal_value=0.00352007 -0.0293725 0.0200957 -0.0488683 -0.0490252 -0.0487534 -0.0486998 -0.0487428
internal_weight=9.2988 7.55668 2.13624 5.42044 2.2919 3.12854 2.37108 1.4885
internal_count=57 49 13 36 15 21 16 10
is_linear=0
shrinkage=0.05


Tree=14
num_leaves=8
num_cat=0
split_feature=2 5 12 7 9 10 0
split_gain=1.75071 2.9702e-06 7.16826e-06 7.00749e-07 2.24485e-07 2.03236e-07 2.08511e-08
threshold=2590.0000000000005 -0.24999999999999994 29.500000000000004 10.325000000000001 -0.5 4.5000000000000009 9.1832000000000011
decision_type=2 2 2 2 2 2 2
left_child=1 2 -1 4 -3 6 -6
right_child=-2 3 -4 -5 5 -7 -8
leaf_value=-0.043958257810702089 0.060428897984035015 -0.043604510405414625 -0.043635167241600714 -0.043723826773912157 -0.043642677145347496 -0.043678338524602463 -0.043626673472219275
leaf_weight=0.29366920515894968 0.47878187522292126 0.40748468786478076 0.41325868666172028 0.26858334615826596 0.36310699954628878 0.36896951496601105 0.46312098577618599
leaf_count=5 8 8 8 5 7 7 9
internal_value=-0.0273763 -0.0436821 -0.0437694 -0.0436491 -0.0436366 -0.0436475 -0.0436337
internal_weight=3.05698 2.57819 0.706928 1.87127 1.60268 1.1952 0.826228
internal_count=57 49 13 36 31 23 16
is_linear=0
shrinkage=0.05


Tree=15
num_leaves=8
num_cat=0
split_feature=0 2 12 12 9 7 2
split_gain=17.7863 5.73628 2.00561e-05 2.39589e-05 9.46308e-06 3.49061e-06 2.01335e-06
threshold=10.381750000000002 2005.0000000000002 29.500000000000004 13.000000000000002 -0.69930991848440827 8.1083333333333361 1650.0000000000002
decision_type=2 2 2 2 2 2 2
left_child=2 -2 3 -1 -4 -6 -7
right_child=1 -3 4 -5 5 6 -8
leaf_value=-0.048147395468027585 0.032897603116148616 0.18595713088647706 -0.047947795347049599 -0.048483111440005285 -0.048239751121599395 -0.048077353589493915 -0.04816693755673318
leaf_weight=1.117310479283333 1.1986771523952486 1.2509948611259458 0.68270464241504658 1.0135444700717924 0.84728805720806155 1.2480506300926211 1.2607684433460233
leaf_count=8 7 6 5 7 6 9 9
internal_value=-0.00292457 0.111062 -0.048183 -0.0483071 -0.0481175 -0.048152 -0.0481224
internal_weight=8.61934 2.44967 6.16967 2.13085 4.03881 3.35611 2.50882
internal_count=57 13 44 15 29 24 18
is_linear=0
shrinkage=0.05


Tree=16
num_leaves=10
num_cat=0
split_feature=0 12 7 2 9 0 6 0 0
split_gain=31.4775 0.00198694 3.16531e-05 2.25415e-05 1.26434e-05 1.31655e-05 1.33356e-05 5.49994e-06 2.83061e-06
threshold=4.1838500000000005 122.00000000000001 10.325000000000001 115.00000000000001 -0.5 5.8354500000000007 0.6830127018922193 10.363450000000002 4.4795500000000006
decision_type=2 2 2 2 2 2 2 2 2
left_child=1 -1 3 -2 7 -6 -7 8 -5
right_child=2 -3 -4 4 5 6 -8 -9 -10
leaf_value=0.16724675849177939 -0.048496244037000258 0.16428038079974652 -0.049036990259129963 -0.048717719296429263 -0.04904129626280971 -0.048703818235614232 -0.048966107824553164 -0.04881527672529698 -0.048579161525765233
leaf_weight=1.1223088055849078 0.72398893535137165 1.135815158486366 1.2246054261922834 0.74268990755081155 0.76620766520500261 1.334201514720917 0.76102718710899342 0.74977140128612507 0.7317994087934494
leaf_count=5 5 5 8 5 5 9 5 5 5
internal_value=0.00333382 0.165755 -0.048806 -0.0487573 -0.0487944 -0.0488639 -0.0487991 -0.048705 -0.048649
internal_weight=9.29242 2.25812 7.03429 5.80969 5.0857 2.86144 2.09523 2.22426 1.47449
internal_count=57 10 47 39 34 19 14 15 10
is_linear=0
shrinkage=0.05


Tree=17
num_leaves=10
num_cat=0
split_feature=0 0 0 6 12 9 12 9 11
split_gain=5.57454 7.79432 2.81786 2.23663 2.06067 0.636369 0.000567216 0.000223269 2.1228e-05
threshold=10.361300000000002 4.4356500000000008 7.8579000000000008 -0.68301270189221952 29.500000000000004 -0.097964660725097366 46.000000000000007 -0.58758383296677674 1.5000000000000002
decision_type=2 2 2 2 2 2 2 2 2
left_child=1 3 4 -1 -3 7 -5 -2 -9
right_child=5 2 -4 6 -6 -7 -8 8 -10
leaf_value=0.028287234168294303 -0.055228074030931079 0.070579948945481571 0.12027925146101492 -0.055720048435208405 -0.013672162287667992 -0.011356788912148294 -0.054232948859470581 -0.054230752057147037 -0.054531590951254628
leaf_weight=1.1699379682540896 1.1105196774005888 1.9409664273262026 1.6301662325859068 1.1226077675819381 1.1591784358024595 1.1238292157650001 1.4953527599573133 1.2808251082897193 1.0815197974443433
leaf_count=5 5 8 6 5 5 5 7 6 5
internal_value=0.000315146 0.0242616 0.0670611 -0.0291863 0.0390772 -0.0440604 -0.0548706 -0.0546434 -0.0543685
internal_weight=13.1149 8.51821 4.73031 3.7879 3.10014 4.59669 2.61796 3.47286 2.36234
internal_count=57 36 19 17 13 21 12 16 11
is_linear=0
shrinkage=0.05


Tree=18
num_leaves=10
num_cat=0
split_feature=2 6 8 12 8 0 6 12 3
split_gain=6.94596 5.57168 5.60439 1.80156 1.39624 0.582669 6.67488e-05 1.8678e-05 2.15862e-06
threshold=1650.0000000000002 0.6830127018922193 0.55438071450436055 23.500000000000004 0.80873976445662543 9.1832000000000011 -0.68301270189221952 20.500000000000004 2.5000000000000004
decision_type=2 2 2 2 2 2 2 2 2
left_child=1 2 -1 -4 -5 -3 -2 -8 -9
right_child=6 5 3 4 -6 -7 7 8 -10
leaf_value=-0.051138230020901135 -0.051138206089581889 -0.00091135007183395459 0.032502409166061993 0.065090311294632566 0.13456780094144147 -0.051050879872799118 -0.050451537064595355 -0.050684878849469067 -0.050787334497926696
leaf_weight=0.9039216786623 0.90462473034858737 0.9713329374790195 1.1308236867189405 1.2120463103055956 1.7926348000764845 1.4361249655485151 0.86169493198394809 1.2286516278982165 0.88396655023097981
leaf_count=5 5 5 5 5 7 8 5 7 5
internal_value=0.00349195 0.0317518 0.0616445 0.0862961 0.106542 -0.0308212 -0.0507621 -0.0506477 -0.0507277
internal_weight=11.3258 7.44688 5.03943 4.1355 3.00468 2.40746 3.87894 2.97431 2.11262
internal_count=57 35 22 17 12 13 22 17 12
is_linear=0
shrinkage=0.05


Tree=19
num_leaves=9
num_cat=0
split_feature=13 5 0 2 3 6 0 0
split_gain=14.5305 2.75808 6.10985 3.27816e-05 8.63801e-05 1.42565e-05 1.02831e-05 3.3066e-06
threshold=1.0000000180025095e-35 -0.24999999999999994 10.363450000000002 1450.0000000000002 2.5000000000000004 0.6830127018922193 4.4795500000000006 11.100500000000002
decision_type=2 2 2 2 2 2 2 2
left_child=1 2 -1 5 7 6 -3 -5
right_child=-2 3 -4 4 -6 -7 -8 -9
leaf_value=-0.048565184949485855 0.12634520175385758 -0.048485824706782171 0.12397307982310611 -0.048302576718420961 -0.04900189006611403 -0.048111252816090987 -0.048259333671992713 -0.048443198587948065
leaf_weight=1.3123757839202883 1.9052910357713697 1.0146240442991263 0.84248021245002735 0.99546933174133323 0.76012185215950001 0.69563181698322285 0.99024441838264454 0.72068317234516144
leaf_count=9 8 7 4 7 5 5 7 5
internal_value=0.00332784 -0.028641 0.0188918 -0.0484268 -0.0485582 -0.0483063 -0.048374 -0.0483616
internal_weight=9.23692 7.33163 2.15486 5.17677 2.47627 2.7005 2.00487 1.71615
internal_count=57 49 13 36 17 19 14 12
is_linear=0
shrinkage=0.05


Tree=20
num_leaves=10
num_cat=0
split_feature=2 2 7 5 2 11 5 6 2
split_gain=3.46343 1.77581e-05 3.01186e-06 5.01316e-06 8.35788e-07 2.91645e-07 1.57905e-07 1.24712e-07 3.52882e-08
threshold=2850.0000000000005 2590.0000000000005 8.5833333333333339 -0.24999999999999994 875.00000000000011 1.5000000000000002 0.68301270189221941 -1.0000000180025095e-35 1450.0000000000002
decision_type=2 2 2 2 2 2 2 2 2
left_child=1 2 5 -4 -5 7 -7 -1 -9
right_child=-2 -3 3 4 -6 6 -8 8 -10
leaf_value=-0.043491186321645975 0.14696195136679555 -0.044027540365013031 -0.043831139171533758 -0.043512413457258682 -0.04363591035223157 -0.04358523910454537 -0.043537148958997456 -0.04351771718659856 -0.043541367097608974
leaf_weight=0.24081431701779443 0.26147072762250889 0.24357313290238369 0.27697545289993286 0.29221714660525311 0.25792466104030609 0.40356357395648956 0.2958185002207756 0.24434562399983439 0.44494987651705742
leaf_count=5 4 4 5 6 5 8 6 5 9
internal_value=-0.0267947 -0.0436203 -0.0435799 -0.0436577 -0.0435703 -0.0435405 -0.0435649 -0.0435222 -0.043533
internal_weight=2.96165 2.70018 2.45661 0.827117 0.550142 1.62949 0.699382 0.93011 0.689296
internal_count=57 53 49 16 11 33 14 19 14
is_linear=0
shrinkage=0.05


Tree=21
num_leaves=9
num_cat=0
split_feature=0 2 12 12 4 7 2 12
split_gain=15.4429 4.21104 3.08162e-05 3.26836e-05 7.76656e-06 5.79309e-06 1.86566e-06 9.37927e-07
threshold=10.381750000000002 2005.0000000000002 29.500000000000004 13.000000000000002 197.50000000000003 8.1083333333333361 115.00000000000001 78.500000000000014
decision_type=2 2 2 2 2 2 2 2
left_child=2 -2 3 -1 5 -4 -7 -8
right_child=1 -3 4 -5 -6 6 7 -9
leaf_value=-0.047755948714151564 0.030380633402239923 0.15717086120413645 -0.047875003793464876 -0.048156167224152516 -0.04757979032261743 -0.047637367814239676 -0.047782519389146155 -0.047704887388587962
leaf_weight=1.0668212324380877 1.2295268326997759 1.4011673480272291 0.67710857093334276 0.97757209837436665 0.91359585523605336 0.65776352584362063 0.66963648796081521 0.92860421538352966
leaf_count=8 7 6 5 7 7 5 5 7
internal_value=-0.00281185 0.097912 -0.0477905 -0.0479473 -0.0477071 -0.0477467 -0.0477082 -0.0477374
internal_weight=8.5218 2.63069 5.8911 2.04439 3.84671 2.93311 2.256 1.59824
internal_count=57 13 44 15 29 22 17 12
is_linear=0
shrinkage=0.05


Tree=22
num_leaves=10
num_cat=0
split_feature=0 12 2 7 6 6 12 7 9
split_gain=26.3195 0.00205991 4.42428e-05 5.22976e-05 1.53245e-05 1.50355e-05 2.149e-05 1.18966e-05 9.13743e-06
threshold=4.1838500000000005 122.00000000000001 115.00000000000001 10.325000000000001 0.6830127018922193 -0.68301270189221952 56.500000000000007 7.0750000000000011 -0.5
decision_type=2 2 2 2 2 2 2 2 2
left_child=1 -1 -2 4 5 6 -4 -7 -9
right_child=2 -3 3 -5 -6 7 -8 8 -10
leaf_value=0.14343923316762219 -0.04805956614662283 0.14056168468012842 -0.04862606392644634 -0.048776356813201034 -0.048518771100728719 -0.048057305611843529 -0.048239812274563559 -0.048172199224037052 -0.048415261215873626
leaf_weight=1.2364596724510195 0.96605071425437916 1.2513549625873563 0.73513917624950387 0.8954738676548003 1.163627505302429 0.69097536802291948 0.70589388906955719 0.70016147196292866 0.86355367302894581
leaf_count=5 7 5 5 6 8 5 5 5 6
internal_value=0.0030561 0.141992 -0.0483727 -0.0484252 -0.0483605 -0.0483107 -0.0484369 -0.0482301 -0.0483064
internal_weight=9.20869 2.48781 6.72088 5.75482 4.85935 3.69572 1.44103 2.25469 1.56372
internal_count=57 10 47 40 34 26 10 16 11
is_linear=0
shrinkage=0.05


Tree=23
num_leaves=8
num_cat=0
split_feature=2 0 12 6 9 12 0
split_gain=13.2173 4.64618 1.72049 0.781897 2.01796 0.000694015 5.2776e-05
threshold=1150.0000000000002 4.4356500000000008 85.500000000000014 0.25000000000000017 -0.43031030248784691 26.500000000000004 4.7199000000000009
decision_type=2 2 2 2 2 2 2
left_child=1 -1 -3 4 -2 -5 -7
right_child=3 2 -4 5 -6 6 -8
leaf_value=-0.0028861837875576346 -0.054843550483681641 0.12286142993615415 0.050207768306445889 -0.054651716695632319 0.030790123075893291 -0.053204896864389443 -0.053619214499581291
leaf_weight=1.8512406349182127 1.7353624999523165 2.14482593536377 1.314091309905052 1.7286111414432523 1.1398291587829588 1.6302887797355654 1.4542243182659147
leaf_count=8 8 8 5 8 5 8 7
internal_value=0.000376022 0.0610436 0.0952593 -0.0415258 -0.0208953 -0.0538497 -0.0534002
internal_weight=12.9985 5.31016 3.45892 7.68832 2.87519 4.81312 3.08451
internal_count=57 21 13 36 13 23 15
is_linear=0
shrinkage=0.05


Tree=24
num_leaves=10
num_cat=0
split_feature=2 6 7 6 8 0 3 12 6
split_gain=6.33004 4.89759 4.79004 1.64103 0.842803 0.572089 0.000109371 2.35538e-05 2.16716e-07
threshold=1650.0000000000002 0.6830127018922193 10.325000000000001 -0.9330127018922193 0.9195955058153672 9.1832000000000011 6.5000000000000009 26.500000000000004 0.6830127018922193
decision_type=2 2 2 2 2 2 2 2 2
left_child=1 2 3 -1 -5 -3 7 -2 -9
right_child=6 5 -4 4 -6 -7 -8 8 -10
leaf_value=0.028190126730407133 -0.049744935792679357 -0.00045209425943350625 -0.050493734206206009 0.11816486188178349 0.064871770754105051 -0.05059230177872201 -0.050573292700310517 -0.05008666257246417 -0.050052234356503911
leaf_weight=1.1745799928903577 0.81374619901180345 0.96388928592205081 0.86312097311019886 1.9142375737428667 1.2113066315650938 1.3882454186677931 1.042531833052635 0.83899506926536527 1.0041683465242386
leaf_count=5 5 5 5 7 5 8 6 5 6
internal_value=0.00340147 0.0297569 0.0569999 0.0785761 0.0975111 -0.0300452 -0.0501393 -0.049969 -0.0500679
internal_weight=11.2148 7.51538 5.16325 4.30012 3.12554 2.35213 3.69944 2.65691 1.84316
internal_count=57 35 22 17 12 13 22 16 11
is_linear=0
shrinkage=0.05


Tree=25
num_leaves=8
num_cat=0
split_feature=13 5 0 12 12 0 0
split_gain=12.3889 2.6339 5.2233 6.18045e-05 7.5972e-05 1.65799e-06 1.48849e-06
threshold=1.0000000180025095e-35 -0.24999999999999994 10.363450000000002 29.500000000000004 20.500000000000004 4.4356500000000008 9.1832000000000011
decision_type=2 2 2 2 2 2 2
left_child=1 2 -1 4 -3 -5 -7
right_child=-2 3 -4 5 -6 6 -8
leaf_value=-0.048117126137581713 0.11197607009674344 -0.04794585704815927 0.10964280058602743 -0.047908748685078793 -0.048510858524072831 -0.047775439361876032 -0.047880579929729467
leaf_weight=1.2480839490890505 2.034449502825737 1.2255245149135592 0.90521574020385731 1.2236683368682864 1.1563603430986402 0.66904523968696572 0.67750531435012817
leaf_count=9 8 9 4 9 8 5 5
internal_value=0.00318641 -0.0279627 0.0182028 -0.0480367 -0.0482202 -0.0478666 -0.0478283
internal_weight=9.13985 7.1054 2.1533 4.9521 2.38188 2.57022 1.34655
internal_count=57 49 13 36 17 19 10
is_linear=0
shrinkage=0.05


Tree=26
num_leaves=10
num_cat=0
split_feature=2 2 7 5 2 4 7 0 0
split_gain=2.95057 1.58842e-05 3.34646e-06 3.68519e-06 1.05875e-06 7.214e-07 2.62617e-07 2.91636e-07 1.05391e-07
threshold=2850.0000000000005 2590.0000000000005 8.5833333333333339 -0.24999999999999994 875.00000000000011 9.5000000000000018 7.0750000000000011 5.1314000000000011 4.3650000000000011
decision_type=2 2 2 2 2 2 2 2 2
left_child=1 2 5 -4 -5 -1 -7 8 -8
right_child=-2 -3 3 4 -6 6 7 -9 -10
leaf_value=-0.043509480105375337 0.12237283838177844 -0.043914224284765609 -0.043717533529638655 -0.043421756622283786 -0.043563661932647997 -0.04338933119433129 -0.04343586973680795 -0.043484678230424761 -0.043392829649014197
leaf_weight=0.29118557274341705 0.29923095554113377 0.23308175057172764 0.26391321793198586 0.27872507646679867 0.24874727427959442 0.4106837064027784 0.37509316578507423 0.24022052809596062 0.22910827025771141
leaf_count=6 4 4 5 6 5 9 8 5 5
internal_value=-0.0262242 -0.0435206 -0.0434814 -0.043565 -0.0434887 -0.0434386 -0.0434221 -0.0434381 -0.0434195
internal_weight=2.86999 2.57076 2.33768 0.791386 0.527472 1.54629 1.25511 0.844422 0.604201
internal_count=57 53 49 16 11 33 27 18 13
is_linear=0
shrinkage=0.05


Tree=27
num_leaves=8
num_cat=0
split_feature=0 2 7 2 3 11 0
split_gain=13.5791 3.26046 2.62532e-05 3.02689e-05 2.36205e-05 2.33797e-06 7.19384e-07
threshold=10.381750000000002 2005.0000000000002 10.325000000000001 2512.5000000000005 6.5000000000000009 4.0000000000000009 4.4356500000000008
decision_type=2 2 2 2 2 2 2
left_child=2 -2 3 4 5 6 -1
right_child=1 -3 -4 -5 -6 -7 -8
leaf_value=-0.047369728575266896 0.028125354071309012 0.13694982667854391 -0.04763440351260792 -0.047624801167072274 -0.047073376183874999 -0.047441298105834161 -0.047305317445302988
leaf_weight=1.0165064185857779 1.2571637779474261 1.5210155993700025 1.178990304470062 0.91742564737796772 0.85335222631692875 0.89775964617729176 0.75580293685197819
leaf_count=8 7 6 9 7 7 7 6
internal_value=-0.00272182 0.0877053 -0.0474247 -0.047369 -0.0473024 -0.0473756 -0.0473423
internal_weight=8.39802 2.77818 5.61984 4.44085 3.52342 2.67007 1.77231
internal_count=57 13 44 35 28 21 14
is_linear=0
shrinkage=0.05


Tree=28
num_leaves=9
num_cat=0
split_feature=0 12 2 8 12 5 10 0
split_gain=22.5353 0.00261155 4.74584e-05 6.14592e-05 2.98333e-05 4.20112e-05 1.21354e-05 7.05347e-06
threshold=4.1838500000000005 122.00000000000001 115.00000000000001 0.42305852853874643 26.500000000000004 0.68301270189221941 4.5000000000000009 10.363450000000002
decision_type=2 2 2 2 2 2 2 2
left_child=1 -1 -2 -4 5 -5 -6 -8
right_child=2 -3 3 4 6 -7 7 -9
leaf_value=0.12653057960359151 -0.047643385168910417 0.12340109445061249 -0.048419693674855172 -0.04830574021316212 -0.047660924944386576 -0.047854007820744372 -0.047825475624939072 -0.048019685767452837
leaf_weight=1.324817627668381 0.91676120460033406 1.3418594002723692 0.86187215149402607 1.1343124061822893 0.65941908955574047 0.94220486283302296 1.0764443576335905 0.82646785676479351
leaf_count=5 7 5 6 8 5 7 8 6
internal_value=0.00278825 0.124956 -0.0479764 -0.048032 -0.0479599 -0.0481008 -0.0478458 -0.0479098
internal_weight=9.08416 2.66668 6.41748 5.50072 4.63885 2.07652 2.56233 1.90291
internal_count=57 10 47 40 34 15 19 14
is_linear=0
shrinkage=0.05


Tree=29
num_leaves=8
num_cat=0
split_feature=2 8 6 0 7 12 0
split_gain=11.8598 3.93375 0.764173 1.60463 0.685904 0.000954099 6.14986e-05
threshold=1150.0000000000002 0.80873976445662543 0.25000000000000017 10.361300000000002 9.1416666666666675 26.500000000000004 4.7199000000000009
decision_type=2 2 2 2 2 2 2
left_child=1 4 3 -2 -1 -4 -7
right_child=2 -3 5 -5 -6 6 -8
leaf_value=0.097886763420547765 0.023226518141913691 -0.017964747548008059 -0.053992692046059255 -0.052905297302896351 0.056061265965705868 -0.052281907814368117 -0.052739546195083802
leaf_weight=2.4430486410856247 1.2186081707477572 1.3281569629907606 1.6754899471998213 1.6019950509071348 1.6370369493961332 1.5531751215457918 1.3920718878507612
leaf_count=9 5 6 8 8 6 8 7
internal_value=0.000429747 0.0567756 -0.0405215 -0.0200134 0.0811053 -0.0530401 -0.0524982
internal_weight=12.8496 5.40824 7.44134 2.8206 4.08009 4.62074 2.94525
internal_count=57 21 36 13 15 23 15
is_linear=0
shrinkage=0.05


Tree=30
num_leaves=9
num_cat=0
split_feature=2 2 6 0 9 6 2 7
split_gain=6.43125 5.22334 2.87065 7.1614 0.643158 0.0078593 0.000634394 9.62301e-05
threshold=1450.0000000000002 750.00000000000011 -0.68301270189221952 9.1832000000000011 -0.62577451934762973 -0.68301270189221952 1650.0000000000002 7.0750000000000011
decision_type=2 2 2 2 2 2 2 2
left_child=1 2 -1 -4 -2 -6 -7 -8
right_child=4 -3 3 -5 5 6 7 -9
leaf_value=-0.053587929761481051 -0.0074984656832701212 0.094892064254685493 0.13033272093658885 -0.052979799980433985 -0.054423172103759465 -0.050693689155176969 -0.04869555807325681 -0.049375599474457993
leaf_weight=1.5686017721891405 1.0738955438137052 2.2105551213026047 1.0300040394067767 1.1036895811557768 1.1443382054567335 0.87379266321659121 0.88395635783672366 1.2641980350017545
leaf_count=8 6 9 4 6 6 5 6 8
internal_value=-0.00166916 0.0340743 -0.00223865 0.0355112 -0.0420009 -0.0508942 -0.0495578 -0.0490958
internal_weight=11.153 5.91285 3.7023 2.13369 5.24018 4.16629 3.02195 2.14815
internal_count=58 27 18 10 31 25 19 14
is_linear=0
shrinkage=0.05


Tree=31
num_leaves=8
num_cat=0
split_feature=0 0 4 3 4 5 0
split_gain=5.67413 7.37002 0.0110328 0.00506421 9.64822e-05 2.42551e-05 1.02732e-06
threshold=10.361300000000002 11.100500000000002 220.00000000000003 3.5000000000000004 170.00000000000003 0.68301270189221941 4.4795500000000006
decision_type=2 2 2 2 2 2 2
left_child=2 -2 4 -3 5 6 -1
right_child=1 3 -4 -5 -6 -7 -8
leaf_value=-0.047477778464563164 0.087856868792260928 -0.047611318784063328 -0.053322386054894422 -0.053183984491651029 -0.04787227447213576 -0.047138077967652049 -0.047404531986927782
leaf_weight=1.0310880988836291 2.34292083978653 0.91391819715499856 1.0129682496190069 0.73600932955741882 1.2091112136840818 0.9789249226450919 0.89357905089855183
leaf_count=8 9 7 6 4 9 8 7
internal_value=-0.0138367 0.0308514 -0.0486482 -0.0500972 -0.047497 -0.0473407 -0.0474438
internal_weight=9.11852 3.99285 5.12567 1.64993 4.1127 2.90359 1.92467
internal_count=58 20 38 11 32 23 15
is_linear=0
shrinkage=0.05


Tree=32
num_leaves=10
num_cat=0
split_feature=2 2 12 4 11 12 0 10 0
split_gain=39.6789 7.84788e-05 1.84436e-06 2.96047e-06 9.5007e-07 7.11742e-07 3.78008e-07 3.11469e-07 9.38109e-08
threshold=2950.0000000000005 2590.0000000000005 36.500000000000007 170.00000000000003 1.5000000000000002 56.500000000000007 4.4795500000000006 4.5000000000000009 9.1832000000000011
decision_type=2 2 2 2 2 2 2 2 2
left_child=1 2 3 4 -1 -4 -7 -6 -8
right_child=-2 -3 5 -5 7 6 8 -9 -10
leaf_value=-0.043248777865616789 0.52456250254012571 -0.044130925580409194 -0.043207910029402739 -0.043507146605653482 -0.043410742573454057 -0.043274273817871488 -0.043316225003845361 -0.043327658921742764 -0.04336022000068232
leaf_weight=0.2514881230890762 0.35087840259075154 0.3653232380747794 0.20535475760698296 0.33570747077465057 0.23030005022883415 0.38503287360072136 0.21975552290678024 0.2211027666926384 0.27008677273988724
leaf_count=6 4 6 5 7 5 9 5 5 6
internal_value=0.0268466 -0.0434541 -0.0433374 -0.043385 -0.0433267 -0.0432917 -0.0433113 -0.04337 -0.0433405
internal_weight=2.83503 2.48415 2.11883 1.0386 0.702891 1.08023 0.874875 0.451403 0.489842
internal_count=58 54 48 23 16 25 20 10 11
is_linear=0
shrinkage=0.05


Tree=33
num_leaves=9
num_cat=0
split_feature=2 5 12 12 7 12 3 14
split_gain=9.88401 3.79188 0.975605 0.136705 0.00248656 4.81348e-05 2.30025e-05 4.55104e-06
threshold=2005.0000000000002 0.68301270189221941 10.500000000000002 20.500000000000004 8.1083333333333361 36.500000000000007 6.5000000000000009 1.5000000000000002
decision_type=2 2 2 2 2 2 2 2
left_child=2 -2 -1 -3 -4 -6 7 -7
right_child=1 3 4 -5 5 6 -8 -9
leaf_value=0.011838187015421116 -0.0048574690585428074 0.11988426319292096 -0.049607912801460617 0.095778457513192888 -0.047217267138890018 -0.046961308384166213 -0.046520032538447838 -0.046784170742331543
leaf_weight=0.81978026032447804 1.1196053028106692 1.0833831876516344 1.2046334668993948 1.2865998670458791 0.99309749156236682 0.96021629869937919 0.55890721082687367 0.58260737359523773
leaf_count=6 8 4 8 6 8 8 5 5
internal_value=0.00608381 0.0709742 -0.0381494 0.106798 -0.0476806 -0.0469304 -0.0467949 -0.0468944
internal_weight=8.60883 3.48959 5.11924 2.36998 4.29946 3.09483 2.10173 1.54282
internal_count=58 18 40 10 34 26 18 13
is_linear=0
shrinkage=0.05


Tree=34
num_leaves=10
num_cat=0
split_feature=0 7 5 12 6 12 6 0 3
split_gain=14.8792 1.08604 0.0279284 5.05525e-05 7.49488e-05 6.1441e-05 6.14027e-05 1.43339e-05 3.29459e-06
threshold=1.8748330000000002 16.041666666666668 0.93301270189221952 36.500000000000007 -0.68301270189221952 56.500000000000007 0.6830127018922193 10.361300000000002 3.5000000000000004
decision_type=2 2 2 2 2 2 2 2 2
left_child=-1 2 3 4 -2 -5 -6 8 -7
right_child=1 -3 -4 5 6 7 -8 -9 -10
leaf_value=0.11429822666772471 -0.047998259076845858 0.017778789487596675 -0.057519307662762337 -0.046893908835690175 -0.047185402868316469 -0.047426362224724634 -0.047760591948816038 -0.047626361716992319 -0.047272027134796384
leaf_weight=1.9434683024883268 0.82008792459964786 0.6808582842350005 0.78678548336029042 0.70935589075088534 1.1065322607755659 0.64008279144763969 0.7990371286869048 0.65677632391452778 0.75208951532840729
leaf_count=7 6 4 4 6 9 5 6 5 6
internal_value=-0.00800521 -0.0421977 -0.0487098 -0.0474459 -0.0475986 -0.047295 -0.0474266 -0.0474338 -0.047343
internal_weight=8.89507 6.95161 6.27075 5.48396 2.72566 2.7583 1.90557 2.04895 1.39217
internal_count=58 51 47 43 21 22 15 16 11
is_linear=0
shrinkage=0.05


Tree=35
num_leaves=11
num_cat=0
split_feature=6 4 5 12 12 14 9 13 0 0
split_gain=5.43062 5.37877 2.3857 1.58578 1.16993 0.656189 0.00145478 0.000427893 0.000163857 8.28455e-05
threshold=-0.68301270189221952 9.5000000000000018 1.0000000180025095e-35 9.5000000000000018 40.000000000000007 2.5000000000000004 -0.62577451934762973 1.0000000180025095e-35 1.8748330000000002 11.100500000000002
decision_type=2 2 2 2 2 2 2 2 2 2
left_child=2 -2 -1 -3 -4 6 -5 8 -8 -10
right_child=1 3 4 5 -6 -7 7 -9 9 -11
leaf_value=0.0043666373458940248 0.074137603939275334 0.015076042868010243 0.11331261513018989 -0.053703441449911876 0.047455097492810121 -0.0064243422380371833 -0.051388130031925564 -0.050612381312233945 -0.052474652858662291 -0.051818144805079264
leaf_weight=1.6057119667530066 1.3846678733825664 1.3664793968200681 1.3886900246143343 1.0339066684246043 1.310960993170738 0.938814416527748 1.104079589247706 0.86458085477352131 0.97890065610408761 0.94389411807060242
leaf_count=7 5 6 5 5 5 4 6 5 5 5
internal_value=0.00677267 -0.0161424 0.0526273 -0.033431 0.0813319 -0.0447342 -0.0520363 -0.0515934 -0.0518736 -0.0521524
internal_weight=12.9207 8.61532 4.30536 7.23066 2.69965 5.86418 4.92536 3.89146 3.02687 1.92279
internal_count=58 41 17 36 10 30 26 21 16 10
is_linear=0
shrinkage=0.05


Tree=36
num_leaves=9
num_cat=0
split_feature=2 5 2 9 2 3 7 3
split_gain=5.83806 4.70888 3.86297 0.622535 0.00762895 0.00667452 0.000186272 8.36844e-05
threshold=1450.0000000000002 0.68301270189221941 400.00000000000006 -0.62577451934762973 1650.0000000000002 5.5000000000000009 7.0750000000000011 3.5000000000000004
decision_type=2 2 2 2 2 2 2 2
left_child=1 2 5 -2 -5 -1 -6 -8
right_child=3 -3 -4 4 6 -7 7 -9
leaf_value=-0.048890015939984405 -0.0072432746930032573 0.089641984286186152 0.050354632883460461 -0.053507147614396025 -0.04820274554461737 -0.054803103376336038 -0.048808052428935905 -0.049487992640831951
leaf_weight=1.0569458156824114 1.0625089854001997 2.2178963720798492 1.7967112958431242 1.2837298661470415 0.83875213563442264 0.87010499835014332 1.0487697273492811 0.79597395658493031
leaf_count=7 6 8 8 7 6 4 7 5
internal_value=-0.00159175 0.031966 -0.00238625 -0.0412337 -0.0503371 -0.0515599 -0.0488205 -0.0491014
internal_weight=10.9714 5.94166 3.72376 5.02973 3.96723 1.92705 2.6835 1.84474
internal_count=58 27 19 31 25 11 18 12
is_linear=0
shrinkage=0.05


Tree=37
num_leaves=8
num_cat=0
split_feature=0 0 4 3 4 5 0
split_gain=5.22803 6.48656 0.00855109 0.00492463 8.41894e-05 2.5749e-05 1.67347e-06
threshold=10.361300000000002 11.100500000000002 220.00000000000003 3.5000000000000004 170.00000000000003 0.68301270189221941 4.4795500000000006
decision_type=2 2 2 2 2 2 2
left_child=2 -2 4 -3 5 6 -1
right_child=1 3 -4 -5 -6 -7 -8
leaf_value=-0.047126009443818215 0.080227175944470888 -0.047246854160740454 -0.052377898577411514 -0.052845652360878709 -0.047481707843368914 -0.046758259633297605 -0.04703016339601971
leaf_weight=0.98306638002395696 2.4292173087596893 0.86997848004102685 0.9651094153523444 0.71600016206502914 1.1527304202318189 0.92745783179998387 0.84848631173372269
leaf_count=8 9 7 6 4 9 8 7
internal_value=-0.0133754 0.0288773 -0.0481628 -0.0497745 -0.0471228 -0.0469729 -0.0470816
internal_weight=8.89205 4.0152 4.87685 1.58598 3.91174 2.75901 1.83155
internal_count=58 20 38 11 32 23 15
is_linear=0
shrinkage=0.05


Tree=38
num_leaves=10
num_cat=0
split_feature=2 2 5 12 4 0 0 4 2
split_gain=23.3404 6.43375e-05 2.1935e-06 3.51751e-06 1.68765e-06 1.00586e-06 6.16223e-07 7.15316e-07 1.53119e-07
threshold=2950.0000000000005 2590.0000000000005 0.68301270189221941 29.500000000000004 144.00000000000003 11.100500000000002 4.5574000000000012 197.50000000000003 400.00000000000006
decision_type=2 2 2 2 2 2 2 2 2
left_child=1 2 3 4 -1 -4 7 -5 -8
right_child=-2 -3 5 6 -6 -7 8 -9 -10
leaf_value=-0.043299340431124704 0.32016510115541452 -0.043987878463520619 -0.043116631818639659 -0.04324128552730494 -0.043492259204579976 -0.043247619802173662 -0.043240559039526741 -0.043117720016377648 -0.043297893348716185
leaf_weight=0.21656163781881443 0.54295805096626271 0.34803384914994229 0.34842790290713299 0.29465003311634064 0.23789501935243607 0.25296609848737717 0.21040471270680428 0.19439547508955002 0.26078059524297714
leaf_count=5 4 6 9 7 5 6 5 5 6
internal_value=0.024536 -0.0433601 -0.0432517 -0.0432857 -0.0434003 -0.0431717 -0.0432315 -0.0431922 -0.0432723
internal_weight=2.90707 2.36412 2.01608 1.41469 0.454457 0.601394 0.960231 0.489046 0.471185
internal_count=58 54 48 33 10 15 23 12 11
is_linear=0
shrinkage=0.05


Tree=39
num_leaves=9
num_cat=0
split_feature=0 2 2 12 10 3 5 12
split_gain=13.1896 4.43005 0.000109102 3.23555e-05 3.79265e-05 1.21833e-05 6.20062e-06 2.96811e-07
threshold=10.381750000000002 2005.0000000000002 2512.5000000000005 36.500000000000007 4.5000000000000009 6.5000000000000009 0.68301270189221941 102.50000000000001
decision_type=2 2 2 2 2 2 2 2
left_child=2 -2 3 4 -1 6 7 -5
right_child=1 -3 -4 5 -6 -7 -8 -9
leaf_value=-0.047097258509724182 -0.0050001099967388329 0.11657353584823656 -0.047175388482975394 -0.046658654411864994 -0.04658710205854609 -0.046311653487983634 -0.046429092995565829 -0.046607664982002361
leaf_weight=0.61062419414520286 1.0769794881343844 2.4629740566015244 1.1097685024142263 0.57303421199321769 0.90316639095544815 0.64685568213462818 0.55155376344919194 0.56859776377677917
leaf_count=5 6 9 9 5 8 6 5 5
internal_value=0.00584944 0.0795865 -0.0467386 -0.0466128 -0.0467929 -0.0464962 -0.0465668 -0.0466333
internal_weight=8.50355 3.53995 4.9636 3.85383 1.51379 2.34004 1.69319 1.14163
internal_count=58 15 43 34 13 21 15 10
is_linear=0
shrinkage=0.05


Tree=40
num_leaves=9
num_cat=0
split_feature=0 7 0 13 2 12 10 4
split_gain=13.0463 1.04932 0.0135526 4.44743e-05 4.693e-05 4.77049e-05 3.1617e-05 1.70989e-05
threshold=1.8748330000000002 16.041666666666668 4.3650000000000011 1.0000000180025095e-35 400.00000000000006 26.500000000000004 4.5000000000000009 205.00000000000003
decision_type=2 2 2 2 2 2 2 2
left_child=-1 2 -2 4 -4 6 -6 -7
right_child=1 -3 3 -5 5 7 -8 -9
leaf_value=0.10365160204628812 -0.053177126980099056 0.017219843094800496 -0.046857303049108408 -0.04679566099101206 -0.047731176614188464 -0.046947776533647234 -0.047234638066966726 -0.047283601954360266
leaf_weight=2.0156465768814087 1.1239734217524526 0.68227392435073841 0.94108994305133853 1.0463526323437689 0.66216385364532493 0.95758130401372887 0.62149956822395325 0.62736503779888153
leaf_count=7 7 4 8 9 5 8 5 5
internal_value=-0.00780603 -0.041527 -0.0482295 -0.0470844 -0.0471637 -0.0472642 -0.0474908 -0.0470807
internal_weight=8.67795 6.6623 5.98003 4.85605 3.8097 2.86861 1.28366 1.58495
internal_count=58 51 47 40 31 23 10 13
is_linear=0
shrinkage=0.05


Tree=41
num_leaves=10
num_cat=0
split_feature=2 6 3 2 0 3 2 7 0
split_gain=13.9034 1.3991 1.72411 1.15004 1.42972 0.435795 0.00770936 0.000325559 0.000119203
threshold=750.00000000000011 -0.68301270189221952 1.5000000000000002 1650.0000000000002 4.5574000000000012 6.5000000000000009 2950.0000000000005 8.5833333333333339 10.381750000000002
decision_type=2 2 2 2 2 2 2 2 2
left_child=1 -1 -3 4 -2 -6 7 8 -5
right_child=3 2 -4 6 5 -7 -8 -9 -10
leaf_value=0.10068304050492152 -0.053737931473876455 0.091999541455812128 0.01040959624653741 -0.051101828776231428 -0.011075530102775231 0.033689930987714854 -0.056263442066902591 -0.051759796338718383 -0.050377583302687448
leaf_weight=2.3120562136173248 1.368681997060776 1.1815790832042696 1.4324567317962644 1.0820316374301917 1.0784282982349398 1.0964028388261793 0.9022601544857024 1.1292852163314817 1.196265712380409
leaf_count=8 7 4 6 6 5 5 4 6 7
internal_value=0.00650026 0.0723496 0.0472893 -0.0348044 -0.0137029 0.0114922 -0.0521538 -0.0510656 -0.0507215
internal_weight=12.7794 4.92609 2.61404 7.85336 3.54351 2.17483 4.30984 3.40758 2.2783
internal_count=58 18 10 40 17 10 23 19 13
is_linear=0
shrinkage=0.05


Tree=42
num_leaves=9
num_cat=0
split_feature=2 5 2 9 2 3 8 3
split_gain=5.33632 4.02553 3.47121 0.612445 0.00722257 0.00564699 0.000171617 6.40829e-05
threshold=1450.0000000000002 0.68301270189221941 400.00000000000006 -0.62577451934762973 1650.0000000000002 5.5000000000000009 0.95097503697614627 3.5000000000000004
decision_type=2 2 2 2 2 2 2 2
left_child=1 2 5 -2 -5 -1 7 -6
right_child=3 -3 -4 4 6 -7 -8 -9
leaf_value=-0.048294820686062057 -0.0066949369873252427 0.082534321731968271 0.046463629182232923 -0.052984047922096447 -0.048340119115682027 -0.053867918502667422 -0.047716178986133923 -0.048949805069231911
leaf_weight=0.99361330270767234 1.0502555221319196 2.2738363146781921 1.8345520645380018 1.237336799502373 0.99895441532135032 0.83777399361133575 0.79078713059425343 0.75804667174816132
leaf_count=7 6 8 8 7 7 4 6 5
internal_value=-0.001478 0.0302695 -0.00214831 -0.0404766 -0.0498499 -0.0508443 -0.0483279 -0.0486032
internal_weight=10.7752 5.93978 3.66594 4.83538 3.78513 1.83139 2.54779 1.757
internal_count=58 27 19 31 25 11 18 12
is_linear=0
shrinkage=0.05


Tree=43
num_leaves=9
num_cat=0
split_feature=0 0 4 5 3 0 4 0
split_gain=4.84711 5.71093 0.00687602 0.00425778 9.35782e-05 7.34037e-05 1.60896e-05 7.91238e-07
threshold=10.361300000000002 11.100500000000002 220.00000000000003 0.68301270189221941 5.5000000000000009 4.7199000000000009 46.000000000000007 4.7199000000000009
decision_type=2 2 2 2 2 2 2 2
left_child=2 -2 4 -3 6 -6 7 -1
right_child=1 3 -4 -5 5 -7 -8 -9
leaf_value=-0.046731423779040569 0.073762530396344381 -0.052218154086282512 -0.051602731778762005 -0.046893103042273704 -0.046787404211841611 -0.047481421265374579 -0.046415293447651274 -0.046648538956874937
leaf_weight=0.5795631259679801 2.4974947571754456 0.68889520317316033 0.92177037149667729 0.82484979182481766 0.93299140036106087 0.643958680331707 0.98889914155006398 0.5722300261259079
leaf_count=5 9 4 6 7 8 5 9 5
internal_value=-0.0129358 0.0273155 -0.047737 -0.0493165 -0.0467785 -0.0470708 -0.0465632 -0.0466902
internal_weight=8.65065 4.01124 4.63941 1.51374 3.71764 1.57695 2.14069 1.15179
internal_count=58 20 38 11 32 13 19 10
is_linear=0
shrinkage=0.05


Tree=44
num_leaves=10
num_cat=0
split_feature=2 2 5 12 4 0 0 4 2
split_gain=16.5054 5.67132e-05 2.65615e-06 3.55143e-06 1.30469e-06 8.60143e-07 5.20026e-07 5.99988e-07 3.921e-07
threshold=2950.0000000000005 2590.0000000000005 0.68301270189221941 29.500000000000004 144.00000000000003 11.100500000000002 4.5574000000000012 170.00000000000003 400.00000000000006
decision_type=2 2 2 2 2 2 2 2 2
left_child=1 2 3 4 -1 -4 7 -5 -8
right_child=-2 -3 5 6 -6 -7 8 -9 -10
leaf_value=-0.04323001395926359 0.23493160965724083 -0.043873028014532203 -0.043021500583089775 -0.0431648320819287 -0.043403330484258845 -0.04314648097037755 -0.043132905963153848 -0.043051087420743948 -0.043227199985263816
leaf_weight=0.20730892568826742 0.69929432868957508 0.33208907768130291 0.32697320356965054 0.24114277213811874 0.22801389917731285 0.23777817562222481 0.1969863623380661 0.22328996285796165 0.2503749243915081
leaf_count=5 4 6 9 6 5 6 5 6 6
internal_value=0.0228287 -0.0432699 -0.0431651 -0.0432033 -0.0433208 -0.0430741 -0.0431472 -0.0431101 -0.0431857
internal_weight=2.94325 2.24396 1.91187 1.34712 0.435323 0.564751 0.911794 0.464433 0.447361
internal_count=58 54 48 33 10 15 23 12 11
is_linear=0
shrinkage=0.05


Tree=45
num_leaves=8
num_cat=0
split_feature=0 2 2 12 7 9 0
split_gain=11.7998 3.73138 9.79268e-05 3.17379e-05 1.62524e-05 1.27079e-05 4.16971e-06
threshold=10.381750000000002 2005.0000000000002 2512.5000000000005 29.500000000000004 9.4416666666666682 -0.62577451934762973 4.7199000000000009
decision_type=2 2 2 2 2 2 2
left_child=2 -2 3 -1 5 -5 -7
right_child=1 -3 -4 4 -6 6 -8
leaf_value=-0.046547487496859614 -0.0047276181627762337 0.10648678034282198 -0.046854113813939537 -0.046483389085536383 -0.045962691390722149 -0.046138902271816495 -0.046303554113773453
leaf_weight=1.0064651295542719 1.0713741183280947 2.5476202070713043 1.0599730759859083 0.55674908310174998 0.50557598471641529 0.94502144306898117 0.64829505980014801
leaf_count=9 6 9 9 5 5 9 6
internal_value=0.00563147 0.0735627 -0.0464309 -0.0463084 -0.0462178 -0.0462778 -0.0462059
internal_weight=8.34107 3.61899 4.72208 3.66211 2.65564 2.15007 1.59332
internal_count=58 15 43 34 25 20 15
is_linear=0
shrinkage=0.05


Tree=46
num_leaves=10
num_cat=0
split_feature=0 7 5 5 12 0 12 12 2
split_gain=11.5412 1.23288 0.0184775 6.26585e-05 4.50487e-05 3.45345e-05 7.83653e-06 9.60114e-06 6.3819e-06
threshold=1.8748330000000002 16.750000000000004 0.93301270189221952 0.68301270189221941 27.500000000000004 11.100500000000002 67.000000000000014 40.000000000000007 1450.0000000000002
decision_type=2 2 2 2 2 2 2 2 2
left_child=-1 2 3 4 -2 -5 7 -6 -8
right_child=1 -3 -4 5 6 -7 8 -9 -10
leaf_value=0.095081060523153529 -0.04713839577113435 0.029599343369716452 -0.055283944666260354 -0.046245584018378215 -0.046789293853826484 -0.046717678151894676 -0.046726891019426425 -0.046511435500002758 -0.046959601636912374
leaf_weight=2.0628489553928375 1.0977018475532534 0.56412114202976216 0.72581012547016133 0.74418171495199181 0.70032608509063743 0.80795428156852722 0.57892839610576607 0.55909748375415802 0.59991259872913361
leaf_count=7 9 3 4 7 6 7 5 5 5
internal_value=-0.00772316 -0.0409732 -0.0478208 -0.0467562 -0.0468724 -0.0464913 -0.0467527 -0.0466659 -0.0468453
internal_weight=8.44088 6.37803 5.81391 5.0881 3.53597 1.55214 2.43826 1.25942 1.17884
internal_count=58 51 48 44 30 14 21 11 10
is_linear=0
shrinkage=0.05


Tree=47
num_leaves=8
num_cat=0
split_feature=2 0 6 6 9 2 0
split_gain=12.3815 1.88703 2.23439 1.45077 0.00182902 0.000706928 0.000192279
threshold=875.00000000000011 7.8579000000000008 -0.68301270189221952 -0.68301270189221952 -0.69930991848440827 1650.0000000000002 10.381750000000002
decision_type=2 2 2 2 2 2 2
left_child=1 2 -1 -2 -5 -6 -7
right_child=3 -3 -4 4 5 6 -8
leaf_value=0.068929608276908333 0.0028701066138654102 0.092301532650271689 -0.018980295479699816 -0.053069059436474365 -0.051521957493992222 -0.050608117297568159 -0.049762582998026668
leaf_weight=1.8374593555927279 1.6231795251369474 2.6192554831504822 1.1915222257375715 1.0003250986337651 1.6178403645753867 1.3914644718170168 1.3010593950748441
leaf_count=7 7 9 5 5 9 8 8
internal_value=0.0062673 0.0612229 0.0343481 -0.0384988 -0.0511429 -0.0506959 -0.0501995
internal_weight=12.5821 5.64824 3.02898 6.93387 5.31069 4.31036 2.69252
internal_count=58 21 12 37 30 25 16
is_linear=0
shrinkage=0.05


Tree=48
num_leaves=9
num_cat=0
split_feature=2 5 2 9 2 3 7 3
split_gain=4.90351 3.4356 3.15537 0.893729 0.00717113 0.00485433 0.00019582 6.51317e-05
threshold=1450.0000000000002 0.68301270189221941 400.00000000000006 -0.69930991848440827 1650.0000000000002 5.5000000000000009 7.8333333333333339 4.5000000000000009
decision_type=2 2 2 2 2 2 2 2
left_child=1 2 5 -2 -5 -1 -6 -8
right_child=3 -3 -4 4 6 -7 7 -9
leaf_value=-0.047742811397987736 0.010511295936524443 0.07639318434667032 0.04338904135780311 -0.052595046149777031 -0.047333422876255471 -0.053042798547400932 -0.047998494567202482 -0.048607326095694792
leaf_weight=0.93184468150138877 0.74135804176330555 2.3118910789489746 1.8700073510408399 1.1970969438552859 0.87711068242788348 0.80548802018165588 1.0980532765388487 0.73218907415866841
leaf_count=7 4 8 8 7 7 4 8 5
internal_value=-0.00136712 0.0288106 -0.00168445 -0.0398165 -0.0493726 -0.0502001 -0.0479477 -0.0482421
internal_weight=10.565 5.91923 3.60734 4.64581 3.90445 1.73733 2.70735 1.83024
internal_count=58 27 19 31 27 11 20 13
is_linear=0
shrinkage=0.05


Tree=49
num_leaves=10
num_cat=0
split_feature=0 0 5 5 3 0 9 2 2
split_gain=4.50028 5.03942 0.0101618 0.0036327 6.53022e-05 6.23413e-05 3.7808e-05 1.28048e-05 6.31781e-06
threshold=10.361300000000002 11.100500000000002 -0.6830127018922193 0.68301270189221941 5.5000000000000009 4.5574000000000012 -0.62577451934762973 1250.0000000000002 115.00000000000001
decision_type=2 2 2 2 2 2 2 2 2
left_child=2 -2 -1 -3 7 6 -6 8 -4
right_child=1 3 4 -5 5 -7 -8 -9 -10
leaf_value=-0.053561555067492085 0.068135881318702435 -0.051549679552346295 -0.046217215130075692 -0.04651267934627671 -0.046677319833793716 -0.046996147975810289 -0.04608898378740954 -0.046366621565323542 -0.045980983075927434
leaf_weight=0.57203257083892811 2.5519870519638066 0.66399818658828713 0.63881795108318395 0.77661763876676559 0.57447297126054753 0.72205188870429982 0.52046880871057499 0.87365230172872532 0.50817417353391647
leaf_count=3 9 4 6 7 5 6 5 8 5
internal_value=-0.0125257 0.0259306 -0.0473447 -0.0488343 -0.046418 -0.0466355 -0.0463977 -0.0462224 -0.0461126
internal_weight=8.40227 3.9926 4.40967 1.44062 3.83764 1.81699 1.09494 2.02064 1.14699
internal_count=58 20 38 11 35 16 10 19 11
is_linear=0
shrinkage=0.05


Tree=50
num_leaves=10
num_cat=0
split_feature=2 2 5 12 3 0 0 2 3
split_gain=12.8246 4.8157e-05 3.1308e-06 3.7863e-06 1.01815e-06 7.08467e-07 6.19069e-07 9.13168e-07 5.45756e-07
threshold=2950.0000000000005 2590.0000000000005 0.68301270189221941 29.500000000000004 5.5000000000000009 11.100500000000002 4.5574000000000012 400.00000000000006 6.5000000000000009
decision_type=2 2 2 2 2 2 2 2 2
left_child=1 2 3 4 -1 -4 8 -8 -5
right_child=-2 -3 5 6 -6 -7 7 -9 -10
leaf_value=-0.043170406251781292 0.18929769735050697 -0.043755427303930644 -0.042934959600499131 -0.043072560217951396 -0.043326708693744914 -0.04305200176262218 -0.043027847389036276 -0.04317560370298134 -0.042958634412266591
leaf_weight=0.19883352890610761 0.82224543392658223 0.31586317718029011 0.30696633085608471 0.26490718498826027 0.2188846617937088 0.22337931767106056 0.18375483155250549 0.24265191331505775 0.17428153567016125
leaf_count=5 4 6 9 7 5 6 5 6 5
internal_value=0.021575 -0.0431857 -0.0430864 -0.0431287 -0.0432523 -0.0429843 -0.043069 -0.0431119 -0.0430274
internal_weight=2.95177 2.12952 1.81366 1.28331 0.417718 0.530346 0.865595 0.426407 0.439189
internal_count=58 54 48 33 10 15 23 11 12
is_linear=0
shrinkage=0.05


Tree=51
num_leaves=9
num_cat=0
split_feature=0 2 2 0 9 9 10 2
split_gain=10.6014 3.22253 7.58321e-05 7.36881e-05 3.66804e-05 1.82875e-05 6.62414e-06 5.62855e-06
threshold=10.381750000000002 2005.0000000000002 1450.0000000000002 1.8748330000000002 -0.62577451934762973 -0.5 4.5000000000000009 400.00000000000006
decision_type=2 2 2 2 2 2 2 2
left_child=2 -2 4 -4 7 -5 -6 -1
right_child=1 -3 3 5 6 -7 -8 -9
leaf_value=-0.046053736422845375 -0.00467487446987496 0.098445945525817924 -0.045899417135296897 -0.046359743350674873 -0.045854901980154406 -0.046715374167013324 -0.045618670980762818 -0.046275341179402241
leaf_weight=0.6176923066377642 1.0687058717012408 2.6025950610637665 0.60263495147228274 0.65362650901079189 0.796436548233032 0.80879787355661359 0.47299020737409592 0.53446129709482193
leaf_count=6 6 9 6 6 8 7 5 5
internal_value=0.00541753 0.0684278 -0.0461421 -0.0463647 -0.0459523 -0.0465564 -0.0457669 -0.0461565
internal_weight=8.15794 3.6713 4.48664 2.06506 2.42158 1.46242 1.26943 1.15215
internal_count=58 15 43 19 24 13 13 11
is_linear=0
shrinkage=0.05


Tree=52
num_leaves=9
num_cat=0
split_feature=0 7 5 5 2 13 7 0
split_gain=10.2865 1.15016 0.0156109 7.84872e-05 3.49697e-05 5.79828e-05 4.91709e-05 3.03929e-05
threshold=1.8748330000000002 16.750000000000004 0.93301270189221952 0.68301270189221941 1450.0000000000002 1.0000000180025095e-35 8.9583333333333339 11.100500000000002
decision_type=2 2 2 2 2 2 2 2
left_child=-1 2 3 4 6 -6 -2 -5
right_child=1 -3 -4 7 5 -7 -8 -9
leaf_value=0.088141607163258279 -0.046142644302137881 0.026952040733232874 -0.054430199268639901 -0.045893189187911826 -0.047025045619281308 -0.046398854043059233 -0.046658204349236551 -0.046350403272112879
leaf_weight=2.0868778228759766 0.83919014036655459 0.57330639660358418 0.69963287562131871 0.6961773484945295 0.8440095782279966 0.6577952578663826 1.0302405282855032 0.76056326180696487
leaf_count=7 8 3 4 7 7 6 9 7
internal_value=-0.00768131 -0.0404585 -0.0474501 -0.0464386 -0.0465711 -0.0467508 -0.0464268 -0.0461319
internal_weight=8.18779 6.10092 5.52761 4.82798 3.37124 1.5018 1.86943 1.45674
internal_count=58 51 48 44 30 13 17 14
is_linear=0
shrinkage=0.05


Tree=53
num_leaves=9
num_cat=0
split_feature=2 0 6 6 12 7 2 0
split_gain=11.0865 1.67842 3.1015 1.39983 0.00155002 0.000724992 0.00030513 0.000188964
threshold=875.00000000000011 7.8579000000000008 -0.9330127018922193 -0.68301270189221952 10.500000000000002 9.1416666666666675 1650.0000000000002 10.381750000000002
decision_type=2 2 2 2 2 2 2 2
left_child=1 2 -1 -2 -5 6 -6 -8
right_child=3 -3 -4 4 5 -7 7 -9
leaf_value=0.095668569500941589 0.0028659358872172892 0.086730522425188916 -0.007876051047909307 -0.052368109114834055 -0.050433969203506318 -0.05125436796125038 -0.049804278015170955 -0.048835129261973448
leaf_weight=1.1797766983509066 1.6195415854454038 2.6265698373317719 1.8686990737915037 0.94194218516349781 1.0299132764339449 1.0497301071882246 1.1445158869028094 0.89728440344333638
leaf_count=4 7 9 8 5 6 6 7 6
internal_value=0.00604472 0.0574363 0.0321963 -0.0375962 -0.0505382 -0.05012 -0.0497323 -0.0493784
internal_weight=12.358 5.67505 3.04848 6.68293 5.06339 4.12144 3.07171 2.0418
internal_count=58 21 12 37 30 25 19 13
is_linear=0
shrinkage=0.05


Tree=54
num_leaves=9
num_cat=0
split_feature=2 2 6 0 9 2 7 12
split_gain=4.51166 3.00852 2.14892 1.95475 0.850938 0.00715015 0.000168091 4.98518e-05
threshold=1450.0000000000002 750.00000000000011 -0.68301270189221952 4.5574000000000012 -0.69930991848440827 1650.0000000000002 7.8333333333333339 32.500000000000007
decision_type=2 2 2 2 2 2 2 2
left_child=1 2 -1 -4 -2 -6 -7 -8
right_child=4 -3 3 -5 5 6 7 -9
leaf_value=-0.051369600528963257 0.0096475372071963689 0.070230345283324253 0.085356779910233896 -0.012332627283330224 -0.052233584590242292 -0.046909498574254985 -0.048017251573758989 -0.047477831871811253
leaf_weight=1.3608380109071734 0.74285542964935292 2.4215901643037796 0.89302742481231723 1.2004223167896269 1.1573183834552767 0.82451032847166095 0.96055956184864022 0.77300839126110077
leaf_count=8 4 9 3 7 7 7 7 6
internal_value=-0.00127739 0.0274997 -0.00245611 0.0293399 -0.039205 -0.0489725 -0.0474972 -0.0477767
internal_weight=10.3341 5.87588 3.45429 2.09345 4.45825 3.7154 2.55808 1.73357
internal_count=58 27 18 10 31 27 20 13
is_linear=0
shrinkage=0.05


Tree=55
num_leaves=10
num_cat=0
split_feature=0 0 5 5 5 0 9 4 0
split_gain=4.17871 4.4665 0.00807137 0.00308758 7.36899e-05 6.52832e-05 3.71991e-05 1.33798e-05 3.49649e-06
threshold=10.361300000000002 11.100500000000002 -0.6830127018922193 0.68301270189221941 0.25000000000000011 4.5574000000000012 -0.62577451934762973 46.000000000000007 4.7199000000000009
decision_type=2 2 2 2 2 2 2 2 2
left_child=2 -2 -1 -3 5 6 -4 8 -6
right_child=1 3 4 -5 7 -7 -8 -9 -10
leaf_value=-0.052623228265322355 0.063261869760380243 -0.050916993536368832 -0.046387542386380119 -0.046157625245089866 -0.046117513536965291 -0.046730615880277965 -0.045788337745151203 -0.045760843455531573 -0.045932989988779947
leaf_weight=0.54895704984664906 2.5919592976570134 0.63897100836038567 0.54768597334623326 0.73017778992652893 0.52181304246187188 0.6933964118361472 0.49141465872526202 0.87722451984882344 0.50535275042057037
leaf_count=3 9 4 5 7 5 6 5 9 5
internal_value=-0.0121374 0.0246735 -0.0469719 -0.0483788 -0.0461189 -0.0463549 -0.0461042 -0.0459043 -0.0460267
internal_weight=8.14695 3.96111 4.18584 1.36915 3.63689 1.7325 1.0391 1.90439 1.02717
internal_count=58 20 38 11 35 16 10 19 10
is_linear=0
shrinkage=0.05


Tree=56
num_leaves=9
num_cat=0
split_feature=2 2 5 12 2 11 0 2
split_gain=10.4274 4.05718e-05 3.5988e-06 4.31169e-06 1.04369e-06 9.3647e-07 5.85626e-07 3.7017e-07
threshold=2950.0000000000005 2590.0000000000005 0.68301270189221941 29.500000000000004 750.00000000000011 4.0000000000000009 11.100500000000002 1450.0000000000002
decision_type=2 2 2 2 2 2 2 2
left_child=1 2 3 4 -1 7 -4 -5
right_child=-2 -3 6 5 -6 -7 -8 -9
leaf_value=-0.043108090599698085 0.15977621589227387 -0.043642734153063939 -0.042852994871511847 -0.042914937549902089 -0.043269579306528035 -0.043057300889389888 -0.042962853059239102 -0.043005316386680419
leaf_weight=0.19002793729305334 0.92277365922927845 0.30009465664625157 0.28781739249825466 0.30380708910524845 0.21131082996726036 0.3356744572520256 0.20969034358859062 0.18066764250397682
leaf_count=5 4 6 9 9 5 9 6 5
internal_value=0.0205318 -0.0431063 -0.0430127 -0.0430588 -0.0431931 -0.0429931 -0.0428993 -0.0429486
internal_weight=2.94186 2.01909 1.719 1.22149 0.401339 0.820149 0.497508 0.484475
internal_count=58 54 48 33 10 23 15 14
is_linear=0
shrinkage=0.05


Tree=57
num_leaves=9
num_cat=0
split_feature=0 2 2 0 9 9 2 10
split_gain=9.56927 2.82176 7.64738e-05 7.93812e-05 4.30564e-05 2.10555e-05 1.26349e-05 6.70509e-06
threshold=10.381750000000002 2005.0000000000002 1450.0000000000002 1.8748330000000002 -0.62577451934762973 -0.5 400.00000000000006 4.5000000000000009
decision_type=2 2 2 2 2 2 2 2
left_child=2 -2 4 -4 6 -5 -1 -6
right_child=1 -3 3 5 7 -7 -8 -9
leaf_value=-0.045741475177225925 -0.0045846873416157249 0.091875639810057225 -0.045601522587663854 -0.046085864729134889 -0.045558478193916084 -0.046475873123561821 -0.04608146245215039 -0.045313034113697588
leaf_weight=0.58071010559797265 1.0650119781494143 2.6314471065998077 0.56757970899343479 0.6232457011938094 0.74976158887147926 0.77813586592674244 0.51615439355373383 0.44245842099189758
leaf_count=6 6 9 6 6 8 7 5 5
internal_value=0.00522452 0.0640838 -0.0458719 -0.0461004 -0.0456754 -0.0463024 -0.0459015 -0.0454674
internal_weight=7.9545 3.69646 4.25805 1.96896 2.28908 1.40138 1.09686 1.19222
internal_count=58 15 43 19 24 13 11 13
is_linear=0
shrinkage=0.05


Tree=58
num_leaves=10
num_cat=0
split_feature=0 7 5 5 2 12 0 0 2
split_gain=9.22085 1.0736 0.0131181 9.29444e-05 4.94312e-05 5.60025e-05 2.63061e-05 1.62223e-05 3.05083e-05
threshold=1.8748330000000002 16.750000000000004 0.93301270189221952 0.68301270189221941 115.00000000000001 27.500000000000004 11.100500000000002 4.5574000000000012 2512.5000000000005
decision_type=2 2 2 2 2 2 2 2 2
left_child=-1 2 3 4 -2 -6 -5 -7 -9
right_child=1 -3 -4 6 5 7 -8 8 -10
leaf_value=0.082425212174413842 -0.045920777872390656 0.024530048955467381 -0.053620326102575534 -0.045568437901014426 -0.046776791139640277 -0.046040571625342377 -0.046007840423954401 -0.046621137727934865 -0.046115344901176136
leaf_weight=2.0907789766788483 0.70403330773115191 0.58096167445182789 0.67300990223884571 0.6505610719323156 0.69425896555185351 0.6174464002251624 0.71495858579874039 0.56914293020963647 0.62610974907875061
leaf_count=7 7 3 4 7 6 6 7 5 6
internal_value=-0.00766062 -0.0399649 -0.0471025 -0.046144 -0.046291 -0.0463949 -0.0457985 -0.0462487 -0.0463562
internal_weight=7.92126 5.83048 5.24952 4.57651 3.21099 2.50696 1.36552 1.8127 1.19525
internal_count=58 51 48 44 30 23 14 17 11
is_linear=0
shrinkage=0.05


Tree=59
num_leaves=9
num_cat=0
split_feature=2 0 12 6 12 7 2 0
split_gain=9.96937 1.50417 2.69963 1.35101 0.00164463 0.000693084 0.000268318 0.000188452
threshold=875.00000000000011 7.8579000000000008 32.500000000000007 -0.68301270189221952 10.500000000000002 9.1416666666666675 1650.0000000000002 10.381750000000002
decision_type=2 2 2 2 2 2 2 2
left_child=1 2 -1 -2 -5 6 -6 -8
right_child=3 -3 -4 4 5 -7 7 -9
leaf_value=0.071887943494146372 0.00285639550426954 0.082071571086946196 -0.022969439223842196 -0.051895367821264318 -0.049816608342059178 -0.050667786069834832 -0.04923562996649699 -0.048239451320875301
leaf_weight=1.7140055894851687 1.6153389662504194 2.6141782104969025 1.3337268382310865 0.90810966491699208 0.98059625923633653 1.0018919259309766 1.0879950672388075 0.8422911912202834
leaf_count=6 7 9 6 5 6 6 7 6
internal_value=0.00585256 0.0542451 0.0303771 -0.0367181 -0.0499784 -0.0495335 -0.0491431 -0.0488009
internal_weight=12.0981 5.66191 3.04773 6.43622 4.82088 3.91277 2.91088 1.93029
internal_count=58 21 12 37 30 25 19 13
is_linear=0
shrinkage=0.05


Tree=60
num_leaves=11
num_cat=0
split_feature=2 7 3 0 2 12 2 8 0 0
split_gain=5.00156 4.79865 1.65145 2.25464 1.27285 2.39325 0.019887 0.000218219 8.3493e-05 2.6706e-05
threshold=1450.0000000000002 10.325000000000001 7.5000000000000009 10.363450000000002 750.00000000000011 32.500000000000007 1650.0000000000002 0.77969889170510687 10.381750000000002 1.8748330000000002
decision_type=2 2 2 2 2 2 2 2 2 2
left_child=1 4 6 -4 5 -1 -2 -8 9 -9
right_child=2 -3 3 -5 -6 -7 7 8 -10 -11
leaf_value=-0.015375452017142464 -0.056192722895869143 -0.052385203430314844 0.069837273712199402 -0.047837517877641719 0.087280582260326686 0.082947495005856256 -0.047987249779552404 -0.04692103617896274 -0.046416829624374635 -0.047386656192875888
leaf_weight=1.1858913004398348 0.82644748687744174 1.1583690121769903 0.82964448630809762 0.79913641512393951 2.3516192436218262 1.2944451868534086 0.68021748214960132 0.59665478020906426 0.54209420830011357 0.6364443376660347
leaf_count=6 4 7 5 6 8 6 5 5 5 5
internal_value=0.00834963 0.039014 -0.0290568 0.0121019 0.0609252 0.0359376 -0.0494839 -0.0472258 -0.046934 -0.0471614
internal_weight=10.901 5.99032 4.91064 1.62878 4.83196 2.48034 3.28186 2.45541 1.77519 1.2331
internal_count=62 27 35 11 20 12 24 20 15 10
is_linear=0
shrinkage=0.05


Tree=61
num_leaves=10
num_cat=0
split_feature=2 3 14 3 13 8 7 6 2
split_gain=7.06491 2.41418 1.10117 1.84995 0.045058 0.00106294 0.000162312 9.5473e-06 3.03828e-06
threshold=2512.5000000000005 10.500000000000002 1.0000000180025095e-35 11.500000000000002 1.0000000180025095e-35 0.9195955058153672 10.325000000000001 1.0000000180025095e-35 1250.0000000000002
decision_type=2 2 2 2 2 2 2 2 2
left_child=1 4 3 -2 5 6 7 -1 -9
right_child=2 -3 -4 -5 -6 -7 -8 8 -10
leaf_value=-0.045823458380147085 -0.01059001726062726 0.036045042216295529 0.089768080400863537 0.086151220900790762 -0.060021521264757342 -0.047819534665719671 -0.046515421501956776 -0.045505737764635242 -0.045672208378032
leaf_weight=0.88426236063242081 1.0975437313318255 1.0304631814360616 1.4902009367942808 0.89889985322952259 0.72296157479286183 1.0263844504952429 0.87549854815006245 0.46285481750965096 0.67207145690917969
leaf_count=9 8 6 5 3 3 8 8 5 7
internal_value=0.00122886 -0.0331894 0.0572444 0.0329678 -0.0485518 -0.046437 -0.0459468 -0.0457003 -0.0456043
internal_weight=9.16114 5.6745 3.48664 1.99644 4.64403 3.92107 2.89469 2.01919 1.13493
internal_count=62 46 16 11 40 37 29 21 12
is_linear=0
shrinkage=0.05


Tree=62
num_leaves=11
num_cat=0
split_feature=2 2 4 12 12 2 9 2 7 0
split_gain=7.077 6.99322e-05 1.11123e-05 1.04647e-05 4.40082e-06 2.48784e-06 2.4472e-06 7.17208e-07 5.33752e-07 8.94584e-08
threshold=2950.0000000000005 2850.0000000000005 170.00000000000003 40.000000000000007 10.500000000000002 1450.0000000000002 -0.62577451934762973 2005.0000000000002 7.8333333333333339 7.8579000000000008
decision_type=2 2 2 2 2 2 2 2 2 2
left_child=1 2 4 5 -1 -4 -6 8 -8 -10
right_child=-2 -3 3 -5 6 -7 7 -9 9 -11
leaf_value=-0.043169028114567159 0.13227670184943391 -0.043963812307488581 -0.043178317975258937 -0.042958355527559215 -0.043052497500376499 -0.043399099269380993 -0.042960968037093157 -0.042764018748301262 -0.042875252746371564 -0.042826385936101212
leaf_weight=0.19447619654238291 0.77460037171840657 0.23767776414751995 0.19799958914518345 0.31057757139205933 0.22163601964712176 0.35884488746523857 0.17298984900116887 0.14748876169323921 0.23010354116559029 0.15793882682919502
leaf_count=5 3 4 5 9 6 8 5 5 7 5
internal_value=0.00207752 -0.0431532 -0.0430564 -0.0431909 -0.0429527 -0.0433206 -0.0429075 -0.0428621 -0.0428879 -0.0428554
internal_weight=3.00433 2.22973 1.99206 0.867422 1.12463 0.556844 0.930157 0.708521 0.561032 0.388042
internal_count=62 59 55 22 33 13 28 22 17 12
is_linear=0
shrinkage=0.05


Tree=63
num_leaves=10
num_cat=0
split_feature=2 5 8 12 7 6 12 7 9
split_gain=4.46451 2.36011 1.46117 0.667225 0.00236844 0.00115927 0.00023607 0.000192888 3.05571e-06
threshold=2005.0000000000002 0.68301270189221941 0.99465189230620699 40.000000000000007 8.1083333333333361 0.25000000000000017 40.000000000000007 10.325000000000001 -0.5
decision_type=2 2 2 2 2 2 2 2 2
left_child=2 3 4 -2 5 -1 7 -6 -8
right_child=1 -3 -4 -5 6 -7 8 -9 -10
leaf_value=-0.046745306813830198 -0.045913382346565702 0.073895563519634014 0.041337199043225956 0.026277276761212793 -0.045568467698952675 -0.049601937676255398 -0.045370539754218758 -0.046729469389018702 -0.045215678762403344
leaf_weight=0.66476569324731805 0.70462450385093711 1.9654844552278516 0.53218278288841236 0.58648125827312469 0.65297066420316718 0.76254860311746597 0.53919958323240247 0.79127193242311478 0.7783956527709962
leaf_count=6 7 8 3 4 7 5 6 7 9
internal_value=-0.00563927 0.039397 -0.0367035 -0.013121 -0.0466177 -0.0482715 -0.045763 -0.0462046 -0.0452791
internal_weight=7.97793 3.25659 4.72133 1.29111 4.18915 1.42731 2.76184 1.44424 1.3176
internal_count=62 19 43 11 40 11 29 14 15
is_linear=0
shrinkage=0.05


Tree=64
num_leaves=10
num_cat=0
split_feature=0 7 5 8 11 5 10 4 2
split_gain=9.48868 1.02225 0.00754986 0.000518305 0.000205699 0.000143989 0.000209039 4.04633e-05 1.51495e-05
threshold=1.8748330000000002 16.750000000000004 0.93301270189221952 -0.49827579800224508 4.0000000000000009 0.68301270189221941 4.5000000000000009 99.500000000000014 1450.0000000000002
decision_type=2 2 2 2 2 2 2 2 2
left_child=-1 2 3 -2 7 6 -6 -5 -9
right_child=1 -3 -4 4 5 -7 -8 8 -10
leaf_value=0.07733508493915163 -0.047615871992403414 0.022310808770514251 -0.051283932593516851 -0.045302995531877777 -0.047261365110902169 -0.045718557693284922 -0.046100124876703563 -0.045670217138028615 -0.046003836549352785
leaf_weight=2.3730958998203278 0.61251406371593464 0.58718583732843388 0.89134947955608357 0.52448619157075871 0.72663020342588447 0.57910211384296406 0.83048005402088165 0.76267098635435082 0.61440622061491013
leaf_count=8 5 3 6 6 6 6 8 8 6
internal_value=-0.00755274 -0.0404215 -0.0470686 -0.0462606 -0.046055 -0.0463917 -0.046642 -0.0456767 -0.0458191
internal_weight=8.50192 6.12883 5.54164 4.65029 4.03778 2.13621 1.55711 1.90156 1.37708
internal_count=62 54 51 45 40 20 14 20 14
is_linear=0
shrinkage=0.05


Tree=65
num_leaves=9
num_cat=0
split_feature=2 3 8 0 6 5 7 2
split_gain=6.44107 3.37518 2.51057 2.71401 1.80008 0.00867175 0.00073095 0.00022262
threshold=1650.0000000000002 10.500000000000002 0.55438071450436055 5.1314000000000011 -0.9330127018922193 -0.24999999999999994 9.4416666666666682 2512.5000000000005
decision_type=2 2 2 2 2 2 2 2
left_child=1 2 -1 4 -4 -2 7 -7
right_child=5 -3 3 -5 -6 6 -8 -9
leaf_value=0.084287755366503098 -0.053795638824407625 -0.05516707507811152 0.0269743824630439 0.061013696620756869 -0.051758026141272895 -0.047931053793821989 -0.050175116884446751 -0.048992611815726318
leaf_weight=2.0874723270535451 1.3592954128980634 1.1215327084064481 1.4461658596992482 2.2064545005559921 1.4577984213829052 1.0833539292216312 0.83815842866897572 0.90764726698398579
leaf_count=8 7 6 5 9 8 8 5 6
internal_value=5.46949e-05 0.0255135 0.0380846 0.0192119 -0.0125495 -0.0505134 -0.0489364 -0.048415
internal_weight=12.5079 8.31942 7.19789 5.11042 2.90396 4.18846 2.82916 1.991
internal_count=62 36 30 22 13 26 19 14
is_linear=0
shrinkage=0.05


Tree=66
num_leaves=11
num_cat=0
split_feature=2 8 4 0 2 12 2 7 0 0
split_gain=4.50524 4.25935 1.57006 1.99132 1.15421 2.11464 0.0173748 0.000197468 5.89438e-05 2.13368e-05
threshold=1450.0000000000002 0.55438071450436055 220.00000000000003 10.363450000000002 750.00000000000011 32.500000000000007 1650.0000000000002 8.5833333333333339 10.381750000000002 1.8748330000000002
decision_type=2 2 2 2 2 2 2 2 2 2
left_child=1 -1 6 -4 5 -3 -2 8 9 -8
right_child=2 4 3 -5 -6 -7 7 -9 -10 -11
leaf_value=-0.051713060910659192 -0.055385011732126337 -0.015183200977761281 0.063113972124227743 -0.047461234294397858 0.082465614676642707 0.077113103167860797 -0.046517716437220087 -0.047571053012619109 -0.046096089480721983 -0.046947008816377533
leaf_weight=1.0993432253599165 0.7972708493471149 1.1740836352109911 0.87183517217636086 0.76392623037099838 2.3479107916355133 1.3164345398545263 0.56044953316450141 0.64592667669057835 0.51391605287790287 0.59857729822397232
leaf_count=7 4 6 5 6 8 6 5 5 5 5
internal_value=0.0080902 0.0371283 -0.0281946 0.0114736 0.057314 0.0336026 -0.0490177 -0.0468285 -0.0465418 -0.0467394
internal_weight=10.6897 5.93777 4.7519 1.63576 4.83843 2.49052 3.11614 2.31887 1.67294 1.15903
internal_count=62 27 35 11 20 12 24 20 15 10
is_linear=0
shrinkage=0.05


Tree=67
num_leaves=10
num_cat=0
split_feature=0 0 12 3 3 11 14 12 12
split_gain=6.39859 4.67915 3.1289 0.0157621 0.00135973 0.000172399 0.000157137 1.72944e-05 3.72675e-07
threshold=10.361300000000002 10.381750000000002 72.500000000000014 3.5000000000000004 7.5000000000000009 4.0000000000000009 1.0000000180025095e-35 40.000000000000007 122.00000000000001
decision_type=2 2 2 2 2 2 2 2 2
left_child=4 -2 3 -3 5 7 -7 -1 -9
right_child=1 2 -4 -5 -6 6 -8 8 -10
leaf_value=-0.04561854202078322 0.083465172162797654 -0.04587187726469262 0.075417435455209569 -0.056204167966339237 -0.048137780565222194 -0.046552445272832803 -0.045552142888242907 -0.045247228278232215 -0.045312280413514719
leaf_weight=0.65991223603487059 2.6954417526721954 0.5828444063663486 0.68497486412525166 1.0065833553671835 0.7770676016807555 1.0026066079735754 0.64529234915971767 0.43701893836259842 0.44368842989206314
leaf_count=7 9 6 3 5 6 9 7 5 5
internal_value=0.00110426 0.0388994 -0.0139163 -0.0524153 -0.0462623 -0.0458053 -0.0461607 -0.045425 -0.04528
internal_weight=8.93543 4.96984 2.2744 1.58943 3.96559 3.18852 1.6479 1.54062 0.880707
internal_count=62 23 14 11 39 33 16 17 10
is_linear=0
shrinkage=0.05


Tree=68
num_leaves=11
num_cat=0
split_feature=2 2 5 0 0 11 2 14 7 5
split_gain=6.1399 5.60686e-05 1.06393e-05 6.81207e-06 7.01221e-06 4.36881e-06 4.47516e-06 2.05696e-06 7.25281e-07 2.1444e-07
threshold=2950.0000000000005 2850.0000000000005 1.0000000180025095e-35 4.4356500000000008 10.363450000000002 4.0000000000000009 1450.0000000000002 1.0000000180025095e-35 8.9583333333333339 0.68301270189221941
decision_type=2 2 2 2 2 2 2 2 2 2
left_child=1 2 3 -1 -5 8 7 -7 9 -4
right_child=-2 -3 5 4 -6 6 -8 -9 -10 -11
leaf_value=-0.042869100840409097 0.11825776335151648 -0.043820236263268864 -0.042775671341481469 -0.043429907664962485 -0.043071313137216613 -0.043008434834475091 -0.043175362847967587 -0.042778096999462938 -0.042873461833518742 -0.042697837717781857
leaf_weight=0.1886179521679886 0.81832903623580922 0.22425760701298703 0.24230446480214574 0.22856937348842621 0.3378184512257576 0.17851800099015236 0.19762218743562698 0.21206182613968849 0.16217638924717903 0.13940716721117496
leaf_count=6 3 4 8 5 9 5 5 7 5 5
internal_value=0.00199061 -0.0430728 -0.042984 -0.0431294 -0.043216 -0.042887 -0.0429815 -0.0428834 -0.0427849 -0.0427472
internal_weight=2.92968 2.11135 1.8871 0.755006 0.566388 1.13209 0.588202 0.39058 0.543888 0.381712
internal_count=62 59 55 20 14 35 17 12 18 13
is_linear=0
shrinkage=0.05


Tree=69
num_leaves=11
num_cat=0
split_feature=0 2 0 12 9 9 4 11 12 2
split_gain=6.99591 0.582838 0.115601 0.000322151 0.0002604 0.000181295 4.73089e-05 4.71851e-05 4.2502e-05 3.30948e-06
threshold=10.381750000000002 2512.5000000000005 11.100500000000002 40.000000000000007 -0.48574157668954127 -0.27768031003904575 131.00000000000003 4.0000000000000009 85.500000000000014 1250.0000000000002
decision_type=2 2 2 2 2 2 2 2 2 2
left_child=3 2 -2 4 7 -6 9 -1 -8 -5
right_child=1 -3 -4 6 5 -7 8 -9 -10 -11
leaf_value=-0.045407571396835211 0.04802173181843003 0.078721909903647636 0.02416001298344295 -0.044902258759437284 -0.047263611630880865 -0.045975587032696941 -0.045812682117593512 -0.045965988666095456 -0.045126501453651567 -0.045085529670307906
leaf_weight=0.81252574175596215 0.90128505229950029 1.1732183992862699 1.1619364470243452 0.48128356039524056 0.59995371848344803 0.50161857157945655 0.48937781900167465 0.70784924924373627 0.41878554970026016 0.5045747235417366
leaf_count=9 4 4 6 6 5 5 5 7 5 6
internal_value=-0.00552294 0.0505839 0.0345836 -0.0457328 -0.0460917 -0.0466771 -0.0452359 -0.0456676 -0.0454963 -0.0449961
internal_weight=7.75241 3.23644 2.06322 4.51597 2.62195 1.10157 1.89402 1.52037 0.908163 0.985858
internal_count=62 14 10 48 26 10 22 16 10 12
is_linear=0
shrinkage=0.05


Tree=70
num_leaves=11
num_cat=0
split_feature=0 7 5 8 11 5 5 7 4 2
split_gain=8.64896 0.969114 0.00601969 0.000460859 0.000189446 0.000170913 7.89466e-05 4.33506e-05 3.83255e-05 1.02404e-05
threshold=1.8748330000000002 16.750000000000004 0.93301270189221952 -0.49827579800224508 4.0000000000000009 -0.5 0.68301270189221941 8.1083333333333361 144.00000000000003 1450.0000000000002
decision_type=2 2 2 2 2 2 2 2 2 2
left_child=-1 2 3 -2 8 -6 7 -7 -5 -10
right_child=1 -3 -4 4 5 6 -8 -9 9 -11
leaf_value=0.073719865503150322 -0.047301757030380087 0.021003536334092805 -0.050575584747084103 -0.045149243969899958 -0.046977476074353097 -0.046440265900595551 -0.045386226971642837 -0.045792190647183997 -0.045467520641527794 -0.045782167452465272
leaf_weight=2.3440817892551422 0.58238743990659703 0.58685055375099171 0.85495153814554203 0.76184228807687793 0.45443498343229327 0.54309371113777138 0.53932398557662953 0.49161974340677261 0.5469526946544645 0.49047840386629105
leaf_count=8 5 3 6 9 4 5 6 5 6 5
internal_value=-0.00743489 -0.0399427 -0.0467358 -0.0459914 -0.045792 -0.0461233 -0.0458767 -0.0461323 -0.0454185 -0.0456163
internal_weight=8.19602 5.85194 5.26508 4.41013 3.82775 2.02847 1.57404 1.03471 1.79927 1.03743
internal_count=62 54 51 45 40 20 16 10 20 11
is_linear=0
shrinkage=0.05


Tree=71
num_leaves=9
num_cat=0
split_feature=2 4 8 0 12 5 7 2
split_gain=5.90367 3.05529 2.16526 2.38033 2.47335 0.00739969 0.000612577 0.00016111
threshold=1650.0000000000002 306.00000000000006 0.55438071450436055 5.1314000000000011 40.000000000000007 -0.24999999999999994 9.4416666666666682 2512.5000000000005
decision_type=2 2 2 2 2 2 2 2
left_child=1 2 -1 4 -4 -2 7 -7
right_child=5 -3 3 -5 -6 6 -8 -9
leaf_value=0.078839076344323078 -0.052981219016884289 -0.054305572274492675 0.038301234283556099 0.056976022672396369 -0.055448030058908131 -0.047470652164201113 -0.049548328523214558 -0.048400367393671248
leaf_weight=2.0953125357627851 1.3024519979953768 1.075099781155586 1.3097417503595354 2.2349037528038025 1.5200569331645963 1.0248331204056751 0.79597911238670338 0.85450749099254597
leaf_count=8 7 6 5 9 8 8 5 6
internal_value=0.000128732 0.0242893 0.0360906 0.0184051 -0.0120572 -0.0498905 -0.0483858 -0.0478934
internal_weight=12.2129 8.23511 7.16001 5.0647 2.8298 3.97777 2.67532 1.87934
internal_count=62 36 30 22 13 26 19 14
is_linear=0
shrinkage=0.05


Tree=72
num_leaves=11
num_cat=0
split_feature=2 8 3 0 2 12 2 8 8 6
split_gain=4.06232 3.79506 1.50961 1.76134 1.05652 1.82114 0.0151221 0.000166028 4.26704e-05 2.25837e-05
threshold=1450.0000000000002 0.55438071450436055 7.5000000000000009 10.363450000000002 750.00000000000011 32.500000000000007 1650.0000000000002 0.77969889170510687 0.9195955058153672 0.6830127018922193
decision_type=2 2 2 2 2 2 2 2 2 2
left_child=1 -1 6 -4 5 -3 -2 -8 9 -9
right_child=2 4 3 -5 -6 -7 7 8 -10 -11
leaf_value=-0.051079617161822813 -0.05462470863794721 -0.014377156286124224 0.057690251643181839 -0.047028131662193016 0.078365976942721724 0.071288913081496472 -0.047174480056895042 -0.046597198053657016 -0.04581636317706117 -0.046142304611396671
leaf_weight=1.041801795363426 0.76875124871730838 1.1574488207697871 0.90735578536987282 0.7203281968832016 2.3295112550258636 1.3370521664619444 0.61244025826454196 0.56746271997690179 0.48850355297327031 0.52552545815706253
leaf_count=7 4 6 5 6 8 6 5 5 5 5
internal_value=0.00789282 0.0354624 -0.027337 0.0113473 0.0541521 0.0315398 -0.0485901 -0.0464755 -0.0462048 -0.0463785
internal_weight=10.4562 5.86581 4.59037 1.62768 4.82401 2.4945 2.96268 2.19393 1.58149 1.09299
internal_count=62 27 35 11 20 12 24 20 15 10
is_linear=0
shrinkage=0.05


Tree=73
num_leaves=10
num_cat=0
split_feature=0 0 12 3 3 11 14 12 12
split_gain=5.86715 4.08735 2.85764 0.0131403 0.00118651 0.00017331 0.000170987 1.98716e-05 5.05474e-07
threshold=10.361300000000002 10.381750000000002 72.500000000000014 3.5000000000000004 7.5000000000000009 4.0000000000000009 1.0000000180025095e-35 40.000000000000007 122.00000000000001
decision_type=2 2 2 2 2 2 2 2 2
left_child=4 -2 3 -3 5 7 -7 -1 -9
right_child=1 2 -4 -5 -6 6 -8 8 -10
leaf_value=-0.045376018900810042 0.078511987944375417 -0.045568879894116912 0.070711913639809706 -0.055268788598943776 -0.04778856056813717 -0.046334689157955071 -0.045262120111520671 -0.04496262886852493 -0.045041004402152113
leaf_weight=0.625948086380959 2.6838746666908264 0.5452871769666674 0.69416689127683628 0.97067941725254059 0.74294666200876225 0.96578462421894073 0.60394729673862457 0.40733525156974792 0.4156305342912674
leaf_count=7 9 6 3 5 6 9 7 5 5
internal_value=0.00095636 0.0370465 -0.0133071 -0.0517798 -0.0459986 -0.045558 -0.045922 -0.0451637 -0.0450022
internal_weight=8.6556 4.89401 2.21013 1.51597 3.76159 3.01865 1.56973 1.44891 0.822966
internal_count=62 23 14 11 39 33 16 17 10
is_linear=0
shrinkage=0.05


Tree=74
num_leaves=11
num_cat=0
split_feature=2 2 3 12 12 0 7 4 7 0
split_gain=5.35231 4.31798e-05 9.97955e-06 9.92044e-06 5.14983e-06 3.15575e-06 2.0541e-06 6.0199e-07 1.14666e-07 1.10685e-08
threshold=2950.0000000000005 2850.0000000000005 6.5000000000000009 40.000000000000007 10.500000000000002 10.363450000000002 8.9583333333333339 99.500000000000014 7.8333333333333339 4.7199000000000009
decision_type=2 2 2 2 2 2 2 2 2 2
left_child=1 2 4 5 -1 -4 7 8 -6 -10
right_child=-2 -3 3 -5 6 -7 -8 -9 9 -11
leaf_value=-0.043061173478468405 0.10665319258817579 -0.043672607328043352 -0.043322601483941951 -0.042826094323248021 -0.042652578549483476 -0.043051042103103405 -0.042877950669275702 -0.042801535652109875 -0.042715198151732761 -0.042695475985586387
leaf_weight=0.18129744380712531 0.85285076498985279 0.21032524481415737 0.2529555745422839 0.27840510942041874 0.1604889202862978 0.18538894318044186 0.2898394912481308 0.15231204405426979 0.14366579055786133 0.14092524908483028
leaf_count=5 3 4 6 9 6 5 9 5 5 5
internal_value=0.0018109 -0.042995 -0.0429152 -0.0430595 -0.0428183 -0.0432078 -0.0427687 -0.0427157 -0.0426864 -0.0427054
internal_weight=2.84845 1.9956 1.78528 0.71675 1.06853 0.438345 0.887231 0.597392 0.44508 0.284591
internal_count=62 59 55 20 35 11 30 21 16 10
is_linear=0
shrinkage=0.05


Tree=75
num_leaves=10
num_cat=0
split_feature=0 2 12 9 9 6 11 2 2
split_gain=6.38693 2.45446 0.000311348 0.000255649 0.000196246 6.08075e-05 4.49849e-05 2.6547e-05 2.14627e-06
threshold=10.381750000000002 2005.0000000000002 40.000000000000007 -0.48574157668954127 -0.27768031003904575 -0.68301270189221952 4.0000000000000009 875.00000000000011 1450.0000000000002
decision_type=2 2 2 2 2 2 2 2 2
left_child=2 -2 3 6 -5 7 -1 -4 -7
right_child=1 -3 5 4 -6 8 -8 -9 -10
leaf_value=-0.045167073748911782 -0.009411931904265064 0.080870328936771083 -0.044997937988141862 -0.047069654325355037 -0.045698296159668091 -0.044643760535980292 -0.045726592676478425 -0.045552023348192777 -0.044798873865659908
leaf_weight=0.76830409467220284 1.1920415163040163 2.0431389510631561 0.40345637500286102 0.58014234155416489 0.47405131906271003 0.52083357423543908 0.6747012734413147 0.46569254249334335 0.39000128954648972
leaf_count=9 7 7 5 5 5 7 7 5 5
internal_value=-0.00540521 0.0476047 -0.0455009 -0.0458611 -0.046453 -0.0449957 -0.0454287 -0.0452948 -0.0447102
internal_weight=7.51236 3.23518 4.27718 2.4972 1.05419 1.77998 1.44301 0.869149 0.910835
internal_count=62 14 48 26 10 22 16 10 12
is_linear=0
shrinkage=0.05


Tree=76
num_leaves=10
num_cat=0
split_feature=0 7 5 4 0 5 7 3 0
split_gain=7.88785 0.919467 0.00481061 0.000440632 0.000511416 7.1906e-05 6.65959e-05 1.9287e-05 1.07098e-05
threshold=1.8748330000000002 16.750000000000004 0.93301270189221952 197.50000000000003 10.361300000000002 0.68301270189221941 8.1083333333333361 5.5000000000000009 11.100500000000002
decision_type=2 2 2 2 2 2 2 2 2
left_child=-1 2 3 5 -5 6 -2 -8 -7
right_child=1 -3 -4 4 -6 8 7 -9 -10
leaf_value=0.070523307787283648 -0.04601513618538805 0.019807476747213421 -0.049936041992845931 -0.047162473460139881 -0.04538146905733436 -0.044820574932679817 -0.045091765966147827 -0.045518776385923075 -0.045151847866448845
leaf_weight=2.3019972443580627 0.50126396119594607 0.58535721153020848 0.8175857439637183 0.9194279685616491 0.71771913021802902 0.46748394519090641 0.50416796654462792 0.55613913387060165 0.51030226796865463
leaf_count=8 5 3 6 8 8 6 6 6 6
internal_value=-0.00735018 -0.0394796 -0.0464287 -0.0457421 -0.0463817 -0.0453297 -0.0455402 -0.0453157 -0.0449935
internal_weight=7.88144 5.57945 4.99409 4.1765 1.63715 2.53936 1.56157 1.06031 0.977786
internal_count=62 54 51 45 16 29 17 12 12
is_linear=0
shrinkage=0.05


Tree=77
num_leaves=9
num_cat=0
split_feature=2 3 8 0 12 3 13 0
split_gain=5.42582 2.77007 1.88107 2.10212 2.23256 0.00426165 0.00627197 0.000126762
threshold=1650.0000000000002 10.500000000000002 0.55438071450436055 5.1314000000000011 40.000000000000007 4.5000000000000009 1.0000000180025095e-35 10.381750000000002
decision_type=2 2 2 2 2 2 2 2
left_child=1 2 -1 4 -4 7 -7 -2
right_child=5 -3 3 -5 -6 6 -8 -9
leaf_value=0.074146811994189002 -0.047911448240697513 -0.053602791038440095 0.035533851195040919 0.053485343344441466 -0.054518120465808728 -0.054267281101483447 -0.048556187789302256 -0.047055025153293191
leaf_weight=2.090397968888281 1.0701453015208255 1.0256256982684133 1.315452501177788 2.2563665807247162 1.4435671567916868 0.8226927965879437 1.156564362347126 0.72464219480752934
leaf_count=8 8 6 5 9 8 4 8 6
internal_value=0.000215959 0.0232118 0.034299 0.0176906 -0.0115829 -0.0493301 -0.05093 -0.0475657
internal_weight=11.9055 8.13141 7.10578 5.01539 2.75902 3.77404 1.97926 1.79479
internal_count=62 36 30 22 13 26 12 14
is_linear=0
shrinkage=0.05


Tree=78
num_leaves=11
num_cat=0
split_feature=2 8 3 0 2 12 2 7 7 0
split_gain=3.65514 3.38697 1.44691 2.45033 0.975606 1.57807 0.0132256 0.000144793 3.44207e-05 2.11445e-05
threshold=1450.0000000000002 0.55438071450436055 7.5000000000000009 10.361300000000002 750.00000000000011 32.500000000000007 1650.0000000000002 8.5833333333333339 7.8333333333333339 1.8748330000000002
decision_type=2 2 2 2 2 2 2 2 2 2
left_child=1 -1 6 -4 5 -3 -2 8 -8 -10
right_child=2 4 3 -5 -6 -7 7 -9 9 -11
leaf_value=-0.050484013895341462 -0.053914719139752737 -0.013638824334928504 0.075837485229729162 -0.047360374978110326 0.074769033814080121 0.066196472973712311 -0.045509923896357857 -0.046801501363145197 -0.045794034098695369 -0.046248108100674958
leaf_weight=0.98615916818380345 0.74165535718202624 1.142676077783108 0.76891659200191476 0.84952227026224136 2.2980599701404572 1.3505700081586836 0.45923729240894351 0.57953382283449162 0.49203069508075692 0.53531253337860107
leaf_count=7 4 6 4 7 8 6 5 5 5 5
internal_value=0.00770677 0.0339001 -0.026483 0.0111706 0.0512683 0.0296073 -0.0481871 -0.0461311 -0.0458698 -0.0460306
internal_weight=10.2037 5.77747 4.42621 1.61844 4.79131 2.49325 2.80777 2.06611 1.48658 1.02734
internal_count=62 27 35 11 20 12 24 20 15 10
is_linear=0
shrinkage=0.05


Tree=79
num_leaves=10
num_cat=0
split_feature=0 0 3 3 3 11 14 12 12
split_gain=5.39752 3.66003 0.893784 0.00125876 0.00104218 0.000170729 0.000178904 2.1779e-05 5.6769e-07
threshold=10.361300000000002 11.100500000000002 6.5000000000000009 3.5000000000000004 7.5000000000000009 4.0000000000000009 1.0000000180025095e-35 40.000000000000007 122.00000000000001
decision_type=2 2 2 2 2 2 2 2 2
left_child=4 2 -2 -3 5 7 -7 -1 -9
right_child=1 3 -4 -5 -6 6 -8 8 -10
leaf_value=-0.045148893929196944 0.0265546675102354 -0.045311704727758591 0.077237097878503275 -0.048778106531504835 -0.047466980373764685 -0.046122007693967897 -0.044993508216938899 -0.044702101360091534 -0.044788066172795848
leaf_weight=0.59328354895114943 1.3749050199985506 0.51145189255475976 2.3681778311729431 0.53673034161329269 0.70991952717304219 0.92907790839672089 0.56464250385761261 0.37947413325309753 0.38883204013109207
leaf_count=7 5 6 8 4 6 9 7 5 5
internal_value=0.000831394 0.035495 0.0586205 -0.0470867 -0.0457525 -0.0453263 -0.0456954 -0.0449213 -0.0447456
internal_weight=8.35649 4.79127 3.74308 1.04818 3.56523 2.85531 1.49372 1.36159 0.768306
internal_count=62 23 13 10 39 33 16 17 10
is_linear=0
shrinkage=0.05


Tree=80
num_leaves=11
num_cat=0
split_feature=2 2 3 12 12 0 3 9 9 2
split_gain=4.71239 3.2892e-05 9.3949e-06 9.28793e-06 5.64067e-06 3.74824e-06 2.15752e-06 1.69164e-06 4.26537e-07 1.6561e-07
threshold=2950.0000000000005 2850.0000000000005 6.5000000000000009 40.000000000000007 10.500000000000002 10.363450000000002 5.5000000000000009 -0.5 -0.27768031003904575 1150.0000000000002
decision_type=2 2 2 2 2 2 2 2 2 2
left_child=1 2 4 5 -1 -4 7 -6 9 -9
right_child=-2 -3 3 -5 6 -7 -8 8 -10 -11
leaf_value=-0.043011510446608864 0.097442394664789822 -0.043533044636864429 -0.043266993861536901 -0.042760663607000905 -0.042801776836068971 -0.042963330585187046 -0.042846642178331493 -0.042596634751726196 -0.042527580908167856 -0.042664386381624911
leaf_weight=0.17471532337367557 0.87597391009330738 0.19695976749062527 0.24335453286766995 0.26246605068445206 0.15045019984245289 0.17448153533041477 0.19073140248656273 0.15347606129944313 0.11863909289240859 0.2187577523291111
leaf_count=5 3 4 6 9 5 5 6 6 5 8
internal_value=0.00162729 -0.0429216 -0.0428502 -0.0429938 -0.0427532 -0.0431402 -0.042699 -0.0426551 -0.0426101 -0.0426365
internal_weight=2.76001 1.88403 1.68707 0.680302 1.00677 0.417836 0.832055 0.641323 0.490873 0.372234
internal_count=62 59 55 20 35 11 30 24 19 14
is_linear=0
shrinkage=0.05


Tree=81
num_leaves=10
num_cat=0
split_feature=0 2 12 9 9 6 11 2 2
split_gain=5.86832 2.12643 0.000298106 0.00025021 0.000206433 6.04456e-05 4.19455e-05 2.29526e-05 1.82142e-06
threshold=10.381750000000002 2005.0000000000002 40.000000000000007 -0.48574157668954127 -0.27768031003904575 -0.68301270189221952 4.0000000000000009 875.00000000000011 1450.0000000000002
decision_type=2 2 2 2 2 2 2 2 2
left_child=2 -2 3 6 -5 7 -1 -4 -7
right_child=1 -3 5 4 -6 8 -8 -9 -10
leaf_value=-0.044942493646229993 -0.008338199545556953 0.076405278872350157 -0.044792405057227452 -0.046880374567612106 -0.045440339193663776 -0.044412692875549609 -0.045497241918531897 -0.045322540777788793 -0.044560626235446932
leaf_weight=0.7258803918957708 1.167400658130646 2.0231066644191742 0.37951081246137619 0.56054534018039703 0.44759232550859473 0.48549182340502717 0.64222756028175354 0.44192076474428177 0.3641359731554985
leaf_count=9 7 7 5 5 5 7 7 5 5
internal_value=-0.00531018 0.0453978 -0.0452835 -0.0456433 -0.046241 -0.0447718 -0.0452029 -0.0450776 -0.0444761
internal_weight=7.23781 3.19051 4.0473 2.37625 1.00814 1.67106 1.36811 0.821432 0.849628
internal_count=62 14 48 26 10 22 16 10 12
is_linear=0
shrinkage=0.05


Tree=82
num_leaves=10
num_cat=0
split_feature=0 8 5 4 0 5 8 5 0
split_gain=7.21085 0.87301 0.00383074 0.000434268 0.000508571 7.38143e-05 6.71993e-05 2.15349e-05 6.65798e-06
threshold=1.8748330000000002 -0.94490267940017747 0.93301270189221952 197.50000000000003 10.361300000000002 0.68301270189221941 0.80873976445662543 0.25000000000000011 11.100500000000002
decision_type=2 2 2 2 2 2 2 2 2
left_child=-1 -2 3 5 -5 6 7 -3 -7
right_child=1 2 -4 4 -6 8 -8 -9 -10
leaf_value=0.0677645074991408 0.018711720621655697 -0.045290279604908862 -0.049343008323801237 -0.046948038281226845 -0.045126458866270848 -0.044592366293233959 -0.045792133737743657 -0.044825186149332667 -0.044862661659960057
leaf_weight=2.2499794363975525 0.58283054828643788 0.5287026762962348 0.78059315681457508 0.88418274372816064 0.67622578889131546 0.43882228434085835 0.47811450809240341 0.47026380151510239 0.47382934391498566
leaf_count=8 3 6 6 8 8 6 5 6 6
internal_value=-0.00726017 -0.0390287 -0.0461423 -0.0455098 -0.0461586 -0.0450862 -0.0453047 -0.0450713 -0.0447327
internal_weight=7.56354 5.31356 4.73073 3.95014 1.56041 2.38973 1.47708 0.998966 0.912652
internal_count=62 54 51 45 16 29 17 12 12
is_linear=0
shrinkage=0.05


Tree=83
num_leaves=10
num_cat=0
split_feature=2 2 6 12 11 12 5 7 10
split_gain=4.96821 2.12888 4.06101 2.77898 1.02443 0.0111359 0.00533175 0.000435078 9.29939e-05
threshold=1650.0000000000002 115.00000000000001 0.25000000000000017 40.000000000000007 4.0000000000000009 56.500000000000007 -0.24999999999999994 9.4416666666666682 4.5000000000000009
decision_type=2 2 2 2 2 2 2 2 2
left_child=1 -1 3 4 -3 -4 -2 8 -8
right_child=6 2 5 -5 -6 -7 7 -9 -10
leaf_value=0.068297715146516114 -0.051549329587668807 0.032463400867541847 -0.055268551385976999 -0.021855222564026777 0.093302893965356237 -0.04751330149810562 -0.046608468686984879 -0.048473684048771469 -0.047355190355267238
leaf_weight=1.9037816077470759 1.1807158216834071 1.3154230415821075 1.1643875390291212 1.40417905151844 1.4597175121307373 0.7683190032839774 0.79504935443401448 0.71515697985887516 0.87671376019716263
leaf_count=7 7 5 6 7 5 6 7 5 7
internal_value=0.000282342 0.0221281 0.00774718 0.0354628 0.0644648 -0.0521856 -0.0488011 -0.0474416 -0.0470001
internal_weight=11.5834 8.01581 6.11203 4.17932 2.77514 1.93271 3.56764 2.38692 1.67176
internal_count=62 36 29 17 10 12 26 19 14
is_linear=0
shrinkage=0.05


Tree=84
num_leaves=11
num_cat=0
split_feature=2 8 3 0 5 12 2 7 0 0
split_gain=3.32122 3.04471 1.39167 2.14565 0.916685 3.04094 0.0121848 0.000141718 3.05829e-05 2.11392e-05
threshold=1450.0000000000002 0.55438071450436055 7.5000000000000009 10.361300000000002 0.68301270189221941 32.500000000000007 1650.0000000000002 8.5833333333333339 10.381750000000002 1.8748330000000002
decision_type=2 2 2 2 2 2 2 2 2 2
left_child=1 -1 6 -4 5 -3 -2 8 9 -8
right_child=2 4 3 -5 -6 -7 7 -9 -10 -11
leaf_value=-0.049860860487892511 -0.053445121973969514 -0.050492373363170612 0.068782650114098176 -0.046929557157360163 0.072155830437925422 0.066859417121511375 -0.045470456753379219 -0.046505383572274017 -0.045208220586827004 -0.045938814640742232
leaf_weight=0.93397376686334599 0.71889501810073886 0.82447086274623904 0.80329072475433327 0.79922983795404434 2.2380243837833405 1.6706436425447462 0.45993288606405236 0.55362184345722187 0.42840789258480072 0.50594022125005722
leaf_count=7 4 5 4 7 8 7 5 5 5 5
internal_value=0.00755205 0.0326421 -0.0257526 0.0110732 0.0489221 0.0280824 -0.0478818 -0.0458286 -0.0455598 -0.0457158
internal_weight=9.93643 5.66711 4.26932 1.60252 4.73314 2.49511 2.6668 1.9479 1.39428 0.965873
internal_count=62 27 35 11 20 12 24 20 15 10
is_linear=0
shrinkage=0.05


Tree=85
num_leaves=10
num_cat=0
split_feature=0 0 12 13 3 11 14 12 12
split_gain=4.94045 3.25646 2.4044 0.0153236 0.000935706 0.000154205 0.000177967 2.5893e-05 7.04288e-07
threshold=10.361300000000002 10.381750000000002 72.500000000000014 1.0000000180025095e-35 7.5000000000000009 4.0000000000000009 1.0000000180025095e-35 40.000000000000007 122.00000000000001
decision_type=2 2 2 2 2 2 2 2 2
left_child=4 -2 3 -3 5 7 -7 -1 -9
right_child=1 2 -4 -5 -6 6 -8 8 -10
leaf_value=-0.044951564136554795 0.071035527400530027 -0.045787329438957983 0.063214904930069912 -0.056309774876535323 -0.047174887475322377 -0.045887871692540549 -0.044726893819818529 -0.044447868006211005 -0.044547179401543686
leaf_weight=0.56376131623983428 2.6108031570911407 0.71659745275974296 0.69277597963809956 0.66900961101055145 0.6777399256825446 0.88769801706075668 0.52549343556165695 0.35156970471143723 0.36269193142652512
leaf_count=7 9 8 3 3 6 9 7 5 5
internal_value=0.000674441 0.0338589 -0.0128413 -0.0508679 -0.0455144 -0.0450962 -0.0454562 -0.0446982 -0.0444983
internal_weight=8.05814 4.68919 2.07838 1.38561 3.36895 2.69121 1.41319 1.27802 0.714262
internal_count=62 23 14 11 39 33 16 17 10
is_linear=0
shrinkage=0.05


Tree=86
num_leaves=11
num_cat=0
split_feature=2 2 3 0 9 5 7 7 0 0
split_gain=4.18604 2.94453e-05 8.83675e-06 4.30515e-06 4.1835e-06 4.06707e-06 3.93779e-06 1.04976e-06 1.47805e-07 1.76216e-07
threshold=2950.0000000000005 2850.0000000000005 6.5000000000000009 4.4795500000000006 -0.23123039812134941 0.93301270189221952 7.0750000000000011 8.9583333333333339 11.100500000000002 4.7199000000000009
decision_type=2 2 2 2 2 2 2 2 2 2
left_child=1 2 4 -4 5 7 -5 8 9 -1
right_child=-2 -3 3 6 -6 -7 -8 -9 -10 -11
leaf_value=-0.042568744028366204 0.090020114284166078 -0.043447857440918607 -0.042731184272310041 -0.042840211787661078 -0.042949807288372034 -0.042904926878997718 -0.043138923996513007 -0.042688841453377188 -0.042601819760985919 -0.042495028124849649
leaf_weight=0.19894751161336899 0.88882681727409352 0.1886988766491412 0.19149355217814445 0.18971345759928226 0.13305752351880096 0.12893775478005409 0.26366120576858521 0.21956475824117661 0.12816988863050938 0.13682749681174755
leaf_count=8 3 4 7 6 4 4 7 8 5 6
internal_value=0.00141161 -0.0428573 -0.0427873 -0.04293 -0.0426899 -0.0426474 -0.0430139 -0.0425988 -0.0425561 -0.0425387
internal_weight=2.6679 1.77907 1.59037 0.644868 0.945505 0.812447 0.453375 0.68351 0.463945 0.335775
internal_count=62 59 55 20 35 31 13 27 19 14
is_linear=0
shrinkage=0.05


Tree=87
num_leaves=9
num_cat=0
split_feature=0 2 8 12 7 2 11 14
split_gain=5.41159 1.89674 0.000279963 0.000211792 0.000127767 2.44767e-05 2.2478e-05 2.29836e-06
threshold=10.381750000000002 2005.0000000000002 0.9195955058153672 40.000000000000007 10.325000000000001 1650.0000000000002 4.0000000000000009 1.0000000180025095e-35
decision_type=2 2 2 2 2 2 2 2
left_child=2 -2 3 4 6 7 -1 -5
right_child=1 -3 -4 5 -6 -7 -8 -9
leaf_value=-0.044705927398476668 -0.0076455515844261208 0.073069759972085674 -0.045997771760409645 -0.044168560193621774 -0.045790568504088497 -0.044681022899262568 -0.045156896562980775 -0.044332941628779196
leaf_weight=0.60449232906103201 1.1481012403964999 1.9883659482002256 0.67737487703561772 0.44771705567836739 0.65873359516262997 0.52330398559570312 0.50896178185939789 0.40499657765030861
leaf_count=8 7 7 7 7 7 7 6 6
internal_value=-0.00516069 0.043524 -0.0450756 -0.0448772 -0.0452386 -0.0444118 -0.0449121 -0.0442466
internal_weight=6.96205 3.13647 3.82558 3.14821 1.77219 1.37602 1.11345 0.852714
internal_count=62 14 48 41 21 20 14 13
is_linear=0
shrinkage=0.05


Tree=88
num_leaves=10
num_cat=0
split_feature=0 7 5 4 0 5 7 3 0
split_gain=6.59431 0.832569 0.0030131 0.000403707 0.00049268 7.76061e-05 7.2887e-05 1.9395e-05 5.82587e-06
threshold=1.8748330000000002 16.750000000000004 0.93301270189221952 197.50000000000003 10.361300000000002 0.68301270189221941 8.1083333333333361 5.5000000000000009 11.100500000000002
decision_type=2 2 2 2 2 2 2 2 2
left_child=-1 2 3 5 -5 6 -2 -8 -7
right_child=1 -3 -4 4 -6 8 7 -9 -10
leaf_value=0.06527764133266227 -0.045619535822118508 0.017898914714984896 -0.048780354456733149 -0.046723066706053598 -0.044882008921782159 -0.04435958832379381 -0.044608285436882479 -0.045063022619150329 -0.044621488868934779
leaf_weight=2.190569132566452 0.45703031122684545 0.57784914225339878 0.74345355480909336 0.8487138897180555 0.63547270745038986 0.40818583220243443 0.44115164875984192 0.50051764398813248 0.44255560636520386
leaf_count=8 5 3 6 8 8 6 6 6 6
internal_value=-0.0071826 -0.0385835 -0.0458735 -0.0452947 -0.0459348 -0.0448724 -0.0451014 -0.04485 -0.0444958
internal_weight=7.2455 5.05493 4.47708 3.73363 1.48419 2.24944 1.3987 0.941669 0.850741
internal_count=62 54 51 45 16 29 17 12 12
is_linear=0
shrinkage=0.05


Tree=89
num_leaves=10
num_cat=0
split_feature=2 2 6 2 12 12 5 7 2
split_gain=4.56876 1.96013 3.69385 2.48586 2.78483 0.0100384 0.00443614 0.000432878 8.588e-05
threshold=1650.0000000000002 115.00000000000001 0.25000000000000017 1150.0000000000002 40.000000000000007 56.500000000000007 -0.24999999999999994 9.4416666666666682 2512.5000000000005
decision_type=2 2 2 2 2 2 2 2 2
left_child=1 -1 3 4 -3 -4 -2 8 -8
right_child=6 2 5 -5 -6 -7 7 -9 -10
leaf_value=0.066129539223963765 -0.050898742474708131 0.045756024207264948 -0.05461481117606324 0.095275344704497097 -0.054572367909691326 -0.047046907656774689 -0.046254354574440805 -0.048099949237110355 -0.046997328445660499
leaf_weight=1.8567259460687635 1.1216983422636988 1.9017088711261751 1.1196692585945127 1.1685630381107328 1.0870055258274076 0.71992484480142582 0.85459923744201682 0.68388503044843663 0.71380771696567535
leaf_count=7 7 7 6 4 6 6 8 5 6
internal_value=0.000332148 0.0212378 0.0073386 0.0334424 0.00926625 -0.0516531 -0.0483297 -0.0470502 -0.0465925
internal_weight=11.2276 7.8536 5.99687 4.15728 2.98871 1.83959 3.37399 2.25229 1.56841
internal_count=62 36 29 17 13 12 26 19 14
is_linear=0
shrinkage=0.05


Tree=90
num_leaves=10
num_cat=0
split_feature=2 3 6 7 3 0 9 0 0
split_gain=2.66149 3.43895 1.56425 2.07881 1.27481 0.222612 0.00150044 0.00114674 4.32487e-05
threshold=2005.0000000000002 1.5000000000000002 -0.68301270189221952 8.9583333333333339 9.5000000000000018 4.7199000000000009 -0.69930991848440827 1.8748330000000002 10.381750000000002
decision_type=2 2 2 2 2 2 2 2 2
left_child=1 7 3 -3 5 -4 -2 -1 -8
right_child=6 2 4 -5 -6 -7 8 -9 -10
leaf_value=-0.045174191655741019 -0.048498029771229002 0.04850224486543598 0.085479924915817448 -0.051914480525741762 0.012422808320719248 0.057819351842504613 -0.045652604361138605 -0.047865352103584585 -0.045095617360302376
leaf_weight=0.68750724196433999 0.54853729903697956 1.0465921908617013 1.3631302416324627 1.0154703706502912 1.380786284804344 1.559640973806381 0.85912320762872674 0.93309552222490311 0.58639682829380035
leaf_count=8 4 4 5 7 7 6 9 7 7
internal_value=0.00540133 0.0183034 0.0348584 -0.000948345 0.0520153 0.0707198 -0.0462715 -0.0467237 -0.0454267
internal_weight=9.98028 7.98622 6.36562 2.06206 4.30356 2.92277 1.99406 1.6206 1.44552
internal_count=64 44 29 11 18 11 20 15 16
is_linear=0
shrinkage=0.05


Tree=91
num_leaves=10
num_cat=0
split_feature=13 3 9 8 10 2 8 2 12
split_gain=4.44964 0.559436 0.454375 0.000453121 0.000100106 9.50174e-05 6.56015e-05 2.08257e-06 1.16019e-07
threshold=1.0000000180025095e-35 10.500000000000002 -0.43031030248784691 0.95097503697614627 4.5000000000000009 1150.0000000000002 0.71473537162315171 1150.0000000000002 56.500000000000007
decision_type=2 2 2 2 2 2 2 2 2
left_child=1 3 -2 4 6 -6 -1 -8 -9
right_child=2 -3 -4 -5 5 -7 7 8 -10
leaf_value=-0.045121899449966391 0.056899293002657406 0.0023144813317180477 0.01904136627983824 -0.046058852277932848 -0.044624345899344747 -0.045571699724383206 -0.044236129383754867 -0.044396946163990189 -0.044359925601759047
leaf_weight=0.33039760962128695 1.8694240897893908 0.75622530281543721 1.3759230524301527 0.86277206987142552 0.50728766620159149 0.55343426764011383 0.39323331788182236 0.34502578526735306 0.54740229249000549
leaf_count=4 7 6 6 9 7 6 6 5 8
internal_value=-0.0033393 -0.0367222 0.0408487 -0.0450624 -0.0447412 -0.0451186 -0.0444935 -0.044332 -0.0443742
internal_weight=7.54113 4.29578 3.24535 3.53955 2.67678 1.06072 1.61606 1.28566 0.892428
internal_count=64 51 13 45 36 13 23 19 13
is_linear=0
shrinkage=0.05


Tree=92
num_leaves=12
num_cat=0
split_feature=2 2 12 5 2 7 9 9 2 9 2
split_gain=4.30148 2.19436e-05 9.78232e-06 9.14517e-06 5.26324e-06 4.32809e-06 2.10107e-06 1.79613e-06 1.01792e-06 5.93702e-07 2.56242e-07
threshold=2950.0000000000005 2850.0000000000005 40.000000000000007 0.68301270189221941 750.00000000000011 7.4000000000000012 -0.43031030248784691 -0.23123039812134941 2005.0000000000002 -0.5 1650.0000000000002
decision_type=2 2 2 2 2 2 2 2 2 2 2
left_child=1 2 3 4 -1 -4 -6 -8 -5 -7 -11
right_child=-2 -3 5 8 6 9 7 -9 -10 10 -12
leaf_value=-0.042689768098531353 0.092747732458673113 -0.043329257789106478 -0.042846691070226234 -0.042694901761594586 -0.04286646245344336 -0.042601612599680844 -0.04321573096064249 -0.042989609010294645 -0.04250096220045152 -0.042433333729422144 -0.042521074046448171
leaf_weight=0.15995329804718517 0.881028652191162 0.17710513994097699 0.12721486203372478 0.1338934451341629 0.15917683206498623 0.15127000957727432 0.15139536187052727 0.20912805944681168 0.13677039556205273 0.14875864051282406 0.18885579518973827
leaf_count=6 3 4 4 5 5 6 4 6 6 7 8
internal_value=0.00270053 -0.0428017 -0.0427421 -0.0428427 -0.0429406 -0.0425869 -0.0430178 -0.0430846 -0.0425969 -0.0425193 -0.0424824
internal_weight=2.62455 1.74352 1.56642 0.950317 0.679654 0.616099 0.5197 0.360523 0.270664 0.488884 0.337614
internal_count=64 61 57 32 21 25 15 10 11 21 15
is_linear=0
shrinkage=0.05


Tree=93
num_leaves=10
num_cat=0
split_feature=0 0 9 0 0 4 11 6 0
split_gain=7.10843 0.620075 0.000253957 0.000153446 0.000325757 7.45477e-05 1.81554e-05 4.57377e-06 1.74993e-06
threshold=10.381750000000002 11.102200000000002 -0.48574157668954127 5.8354500000000007 4.4795500000000006 58.500000000000007 1.5000000000000002 1.0000000180025095e-35 4.7199000000000009
decision_type=2 2 2 2 2 2 2 2 2
left_child=2 -2 5 4 -4 8 -7 -8 -1
right_child=1 -3 3 -5 -6 6 7 -9 -10
leaf_value=-0.044169320405384613 0.032539603230947144 0.076449008201665031 -0.044857682055238213 -0.044691588583884265 -0.046693028745665839 -0.0445032890233302 -0.044751734581683245 -0.044993937905800009 -0.044017774225528404
leaf_weight=0.51311544328928071 1.47849977016449 1.7624821960926054 0.51865849271416642 0.59121768176555634 0.45286687463521957 0.56668070703744866 0.38249595463275909 0.39746668934822083 0.3029615618288517
leaf_count=8 7 7 7 8 4 8 5 5 5
internal_value=0.00226745 0.056418 -0.0448411 -0.0453267 -0.0457132 -0.0444902 -0.0447187 -0.0448752 -0.0441131
internal_weight=6.96645 3.24098 3.72546 1.56274 0.971525 2.16272 1.34664 0.779963 0.816077
internal_count=64 14 50 19 11 31 18 10 13
is_linear=0
shrinkage=0.05


Tree=94
num_leaves=11
num_cat=0
split_feature=0 7 12 5 2 2 3 4 12 5
split_gain=7.43053 0.796412 0.0112739 0.00250859 0.000382704 0.000855989 0.000189698 2.28504e-05 2.55196e-06 3.91444e-07
threshold=1.8748330000000002 16.750000000000004 122.00000000000001 0.93301270189221952 2005.0000000000002 1450.0000000000002 5.5000000000000009 99.500000000000014 56.500000000000007 -0.24999999999999994
decision_type=2 2 2 2 2 2 2 2 2 2
left_child=2 3 -1 4 5 6 8 -6 -2 -9
right_child=1 -3 -4 -5 7 -7 -8 9 -10 -11
leaf_value=0.06650583310427445 -0.044398343976920211 0.01722626316088129 0.060272249328643258 -0.048662972472762231 -0.04416961204318464 -0.046902908697078624 -0.045415511089496839 -0.044591404291949868 -0.044211614731981652 -0.044658707198089974
leaf_weight=1.3739376068115237 0.34456655383110113 0.57141447067260731 1.5364900231361387 0.60696657747030247 0.38376230373978593 0.79296342283487309 0.78947185724973679 0.36710021644830704 0.3901592493057251 0.52503578364849091
leaf_count=5 5 3 6 5 6 7 9 5 6 7
internal_value=0.000250881 -0.0381552 0.063215 -0.0456899 -0.0451876 -0.0455706 -0.0448774 -0.0444922 -0.0442992 -0.044631
internal_weight=7.68187 4.77144 2.91043 4.20003 3.59306 2.31716 1.5242 1.2759 0.734726 0.892136
internal_count=64 53 11 50 45 27 20 18 11 12
is_linear=0
shrinkage=0.05


Tree=95
num_leaves=11
num_cat=0
split_feature=2 7 6 0 2 9 5 7 2 0
split_gain=3.78277 3.16501 1.96613 1.97181 0.911614 0.20926 0.00369883 0.000425521 0.000115042 1.18597e-06
threshold=1650.0000000000002 6.7500000000000009 -0.68301270189221952 4.5574000000000012 1150.0000000000002 -0.48574157668954127 -0.24999999999999994 9.4416666666666682 2590.0000000000005 10.381750000000002
decision_type=2 2 2 2 2 2 2 2 2 2
left_child=1 -1 5 -4 -5 -3 -2 8 9 -8
right_child=6 2 3 4 -6 -7 7 -9 -10 -11
leaf_value=-0.059837210632802756 -0.050271084259579969 0.048278358028202219 -0.051082132662409407 0.053583845757754989 -0.0074880293682275363 0.077293401938501871 -0.045940932115488858 -0.047655981245327411 -0.046703613441060332 -0.045842664738650792
leaf_weight=1.1686925739049909 0.88877999782562289 1.1447384804487231 1.0564278736710551 1.5837957113981249 0.99486298114061344 1.3592889606952665 0.81005784869194053 0.64626165479421604 0.68573037534952153 0.49445481598377228
leaf_count=5 6 5 7 6 6 5 8 5 6 5
internal_value=-0.00494186 0.0155793 0.0299362 0.00645149 0.0300219 0.0640289 -0.0474816 -0.0465413 -0.0461793 -0.0459037
internal_weight=10.8331 7.30781 6.13911 3.63509 2.57866 2.50403 3.52528 2.6365 1.99024 1.30451
internal_count=64 34 29 19 12 10 30 24 19 13
is_linear=0
shrinkage=0.05


Tree=96
num_leaves=10
num_cat=0
split_feature=2 3 6 7 12 0 9 0 0
split_gain=2.4604 3.13116 1.36495 1.90222 1.24418 0.848228 0.00115243 0.000997601 4.05405e-05
threshold=2005.0000000000002 1.5000000000000002 -0.68301270189221952 8.9583333333333339 10.500000000000002 4.4795500000000006 -0.69930991848440827 1.8748330000000002 10.381750000000002
decision_type=2 2 2 2 2 2 2 2 2
left_child=1 7 3 -3 -4 -6 -2 -1 -8
right_child=6 2 4 -5 5 -7 8 -9 -10
leaf_value=-0.044900047246281313 -0.047955712870810296 0.046066547749739242 0.0074465549019640869 -0.051312211094873987 0.020556473827719801 0.081938835129898885 -0.04540679621195555 -0.047487422737034914 -0.04485155170864636
leaf_weight=0.64152576774358727 0.51634036749601353 1.0459903031587594 1.252201288938523 0.96341177076101292 0.74824498593807254 2.2710592150688171 0.8149738162755964 0.88852550834417343 0.55101554840803146
leaf_count=8 4 4 5 7 4 9 9 7 7
internal_value=0.00537126 0.0177374 0.0333621 -0.000621889 0.0493488 0.066727 -0.0459435 -0.0464026 -0.0451828
internal_weight=9.69329 7.81096 6.28091 2.0094 4.27151 3.0193 1.88233 1.53005 1.36599
internal_count=64 44 29 11 18 13 20 15 16
is_linear=0
shrinkage=0.05


Tree=97
num_leaves=11
num_cat=0
split_feature=0 0 4 5 5 5 7 12 12 2
split_gain=4.17549 3.16856 0.154685 0.00217507 0.000988792 0.000293225 0.000207106 8.18892e-05 1.14002e-05 3.63022e-06
threshold=10.361300000000002 11.100500000000002 271.00000000000006 -0.6830127018922193 0.68301270189221941 0.25000000000000011 9.1416666666666675 40.000000000000007 46.000000000000007 1250.0000000000002
decision_type=2 2 2 2 2 2 2 2 2 2
left_child=3 2 -2 -1 -3 6 8 -7 -5 -9
right_child=1 4 -4 5 -6 7 -8 9 -10 -11
leaf_value=-0.048328659878008003 0.043865355575677258 -0.047575483807156399 0.066690259534865459 -0.04468148741107969 -0.044435210837581791 -0.044858012608377962 -0.04618879968947328 -0.043951349620552901 -0.04506699289809675 -0.04415482640878747
leaf_weight=0.53592295944690738 1.3402476757764819 0.46266951411962487 1.663729131221771 0.36654629930853866 0.54708593338727951 0.52584937959909417 0.50213325768709183 0.35454501956701279 0.4022088497877121 0.57421786710619926
leaf_count=4 5 4 6 5 8 7 5 6 5 9
internal_value=-0.00339511 0.0307503 0.0565068 -0.0454168 -0.0458741 -0.0448442 -0.045399 -0.0443594 -0.0448832 -0.0440772
internal_weight=7.27516 4.01373 3.00398 3.26142 1.00976 2.7255 1.27089 1.45461 0.768755 0.928763
internal_count=64 23 11 41 12 37 15 22 10 15
is_linear=0
shrinkage=0.05


Tree=98
num_leaves=11
num_cat=0
split_feature=2 2 12 5 9 7 0 2 9 2
split_gain=3.86626 1.84123e-05 9.45023e-06 8.44922e-06 5.14347e-06 3.87695e-06 2.19814e-06 9.76476e-07 5.68698e-07 2.31756e-07
threshold=2950.0000000000005 2850.0000000000005 40.000000000000007 0.68301270189221941 -0.48574157668954127 7.4000000000000012 5.8354500000000007 2005.0000000000002 -0.5 1650.0000000000002
decision_type=2 2 2 2 2 2 2 2 2 2
left_child=1 2 3 4 -1 -4 -6 -5 -7 -10
right_child=-2 -3 5 7 6 8 -8 -9 9 -11
leaf_value=-0.042703148279558401 0.086783861575744914 -0.043238276860215051 -0.042780197911532723 -0.042641969636899216 -0.043122871846864842 -0.042544301821404173 -0.04288752531798122 -0.042446271211642732 -0.042375089599762245 -0.042461647614381585
leaf_weight=0.2457632552832365 0.88644823431968678 0.16808452084660519 0.12039308622479439 0.12649786658585072 0.18074749223887943 0.14177237078547478 0.21995053812861443 0.12848632596433163 0.13783298805356026 0.17617450840771198
leaf_count=9 3 4 4 5 5 6 7 6 7 8
internal_value=0.00260178 -0.0427424 -0.042686 -0.0427871 -0.0428832 -0.0425278 -0.0429937 -0.0425434 -0.0424612 -0.0424237
internal_weight=2.53215 1.6457 1.47762 0.901445 0.646461 0.576173 0.400698 0.254984 0.45578 0.314007
internal_count=64 61 57 32 21 25 12 11 21 15
is_linear=0
shrinkage=0.05


Tree=99
num_leaves=10
num_cat=0
split_feature=0 0 9 0 0 3 11 6 0
split_gain=6.44684 0.542234 0.000242041 0.000138209 0.000284337 6.74197e-05 1.59166e-05 3.33494e-06 1.25739e-06
threshold=10.381750000000002 11.102200000000002 -0.48574157668954127 5.8354500000000007 4.4795500000000006 2.5000000000000004 1.5000000000000002 1.0000000180025095e-35 4.7199000000000009
decision_type=2 2 2 2 2 2 2 2 2
left_child=2 -2 5 4 -4 8 -7 -8 -1
right_child=1 -3 3 -5 -6 6 7 -9 -10
leaf_value=-0.043980194876303551 0.030793500184107016 0.072048328522331312 -0.04469284340958693 -0.044522750046831885 -0.046450197869814101 -0.044317710199708336 -0.044568053672290969 -0.044780834436032035 -0.04384727236217334
leaf_weight=0.47841946408152658 1.4585339576005938 1.7547031491994856 0.49004326760768868 0.55986388400197029 0.43404275923967361 0.53342141583561875 0.36191035062074661 0.37490552663803101 0.28324918076395988
leaf_count=8 7 7 7 8 4 8 5 5 5
internal_value=0.00212932 0.0533222 -0.0446572 -0.0451427 -0.0455183 -0.0443027 -0.0445257 -0.0446763 -0.0439308
internal_weight=6.72909 3.21324 3.51586 1.48395 0.924086 2.03191 1.27024 0.736816 0.761669
internal_count=64 14 50 19 11 31 18 10 13
is_linear=0
shrinkage=0.05


Tree=100
num_leaves=11
num_cat=0
split_feature=0 4 7 8 2 0 9 8 2 8
split_gain=6.84383 0.214545 0.00130308 0.000257516 0.000382134 5.73864e-05 5.59938e-05 2.43144e-05 1.34047e-05 1.17571e-07
threshold=4.1838500000000005 58.500000000000007 16.041666666666668 0.9195955058153672 2005.0000000000002 5.8354500000000007 -0.69930991848440827 0.55438071450436055 2005.0000000000002 0.80873976445662543
decision_type=2 2 2 2 2 2 2 2 2 2
left_child=1 -1 3 6 5 -5 7 -2 9 -8
right_child=2 -3 -4 4 -6 -7 8 -9 -10 -11
leaf_value=0.060542859594817491 -0.044455148279101062 0.034292663112965492 -0.04738428085010498 -0.046349561276024298 -0.044226809733936868 -0.045566346731322926 -0.044025300279992526 -0.045022717854744258 -0.044399517144983483 -0.044069104926143507
leaf_weight=2.2562201917171483 0.34986235201358828 1.1883606165647504 0.58364141732454289 0.422199986875057 0.5183447040617466 0.52432801574468613 0.30389315634965919 0.40962877124547958 0.48350425064563751 0.30886255577206612
leaf_count=9 5 5 5 4 8 6 5 5 7 5
internal_value=0.00011648 0.0514867 -0.0452055 -0.0448225 -0.0453181 -0.0459157 -0.0444313 -0.0447613 -0.0442027 -0.0440474
internal_weight=7.34885 3.44458 3.90427 3.32062 1.46487 0.946528 1.85575 0.759491 1.09626 0.612756
internal_count=64 14 50 45 18 10 27 10 17 10
is_linear=0
shrinkage=0.05


Tree=101
num_leaves=12
num_cat=0
split_feature=2 8 6 2 12 9 3 5 8 2 12
split_gain=3.51183 2.92579 1.71726 1.74114 1.42059 0.207616 0.00663648 0.00306637 0.000365575 0.000114494 3.09149e-07
threshold=1650.0000000000002 0.97868534383143946 -0.68301270189221952 115.00000000000001 10.500000000000002 -0.48574157668954127 10.500000000000002 -0.24999999999999994 0.71473537162315171 2590.0000000000005 122.00000000000001
decision_type=2 2 2 2 2 2 2 2 2 2 2
left_child=1 2 5 -4 -5 -1 -6 -2 -9 10 -10
right_child=7 -3 3 4 6 -7 -8 8 9 -11 -12
leaf_value=0.045237741330746387 -0.049708759505530109 -0.058649773514090689 0.061314486017655351 0.025361559868128988 -0.046859873986990763 0.074287232937655767 -0.05383105378421299 -0.047276750620279334 -0.045561587205000004 -0.046405252183976869 -0.045611970157897162
leaf_weight=1.1404357552528384 0.84093002974987063 1.1322280988097189 1.0300959795713427 1.1374246031045916 0.69507568329572655 1.3351601660251615 0.67095562070608139 0.61278942972421679 0.65501475334167458 0.65210667252540577 0.56891061365604401
leaf_count=5 6 5 4 5 6 5 4 5 7 6 6
internal_value=-0.00469268 0.0150795 0.0289714 0.00659882 -0.015915 0.060905 -0.0502839 -0.0470984 -0.0462165 -0.0458701 -0.045585
internal_weight=10.4711 7.14138 6.00915 3.53355 2.50346 2.4756 1.36603 3.32975 2.48882 1.87603 1.22393
internal_count=64 34 29 19 15 10 10 30 24 19 13
is_linear=0
shrinkage=0.05


Tree=102
num_leaves=11
num_cat=0
split_feature=4 13 6 8 12 10 5 4 9 12
split_gain=2.00253 2.27116 1.03756 1.80785 1.00956 0.548691 0.25836 0.00087651 0.000612478 1.49222e-05
threshold=36.000000000000007 1.0000000180025095e-35 -0.68301270189221952 0.80873976445662543 10.500000000000002 4.5000000000000009 -1.0000000180025095e-35 9.5000000000000018 -0.58758383296677674 122.00000000000001
decision_type=2 2 2 2 2 2 2 2 2 2
left_child=7 2 3 -2 -4 -6 -7 -1 -3 -9
right_child=1 8 4 -5 5 6 -8 9 -10 -11
leaf_value=-0.047210836980917013 -0.050270286199466968 -0.047497658587247971 0.0041421977809058194 0.043837605542044793 0.076937087680271785 0.054990686145212964 0.015184379964088807 -0.045072268281642271 -0.045227168289301914 -0.044653491909761034
leaf_weight=0.73105250298976876 0.99860588461160604 0.48638209700584412 1.3322503045201308 1.0437052398920057 1.5782530903816223 0.8361955210566514 0.795329429209233 0.40391519665718079 0.76293017715215661 0.4493865966796875
leaf_count=6 8 4 6 4 6 4 6 5 9 6
internal_value=0.00532647 0.0156952 0.0274223 -0.00217727 0.0407316 0.0559184 0.0355861 -0.0459403 -0.0461111 -0.0448517
internal_weight=9.41801 7.83365 6.58434 2.04231 4.54203 3.20978 1.63152 1.58435 1.24931 0.853302
internal_count=64 47 34 12 22 16 10 17 13 11
is_linear=0
shrinkage=0.05


Tree=103
num_leaves=11
num_cat=0
split_feature=0 0 3 5 5 3 7 12 12 0
split_gain=3.84351 2.85194 0.153501 0.0018124 0.000829383 0.000261294 0.000175409 7.56749e-05 1.01177e-05 2.23858e-06
threshold=10.361300000000002 11.100500000000002 9.5000000000000018 -0.6830127018922193 0.68301270189221941 5.5000000000000009 9.1416666666666675 40.000000000000007 46.000000000000007 4.1838500000000005
decision_type=2 2 2 2 2 2 2 2 2 2
left_child=3 2 -2 -1 -3 7 8 -5 -7 -9
right_child=1 4 -4 5 -6 6 -8 9 -10 -11
leaf_value=-0.047909665909799636 0.041372380220258485 -0.047186256176210507 0.06438724194124279 -0.044668706128200439 -0.044225204548207525 -0.044503516396017247 -0.045932348426374392 -0.04397743315727054 -0.044876709763755546 -0.043816517802521215
leaf_weight=0.5117818117141727 1.3146922439336781 0.44025732949376095 1.6138310730457306 0.49632871896028541 0.51093382388353348 0.34678642079234101 0.47719588875770569 0.41817504540085793 0.3813110888004303 0.4473310261964798
leaf_count=4 5 4 6 7 8 5 5 7 5 8
internal_value=-0.0034795 0.0296238 0.0540553 -0.0451927 -0.0455957 -0.0446511 -0.0451873 -0.0441765 -0.044699 -0.0438943
internal_weight=6.95862 3.87971 2.92852 3.07891 0.951191 2.56713 1.20529 1.36183 0.728098 0.865506
internal_count=64 23 11 41 12 37 15 22 10 15
is_linear=0
shrinkage=0.05


Tree=104
num_leaves=11
num_cat=0
split_feature=2 2 12 5 9 7 10 2 10 0
split_gain=3.48827 1.52388e-05 8.7062e-06 7.50721e-06 4.79909e-06 3.33008e-06 1.49033e-06 9.19334e-07 5.77387e-07 6.96588e-08
threshold=2950.0000000000005 2850.0000000000005 40.000000000000007 0.68301270189221941 -0.48574157668954127 7.4000000000000012 4.5000000000000009 2005.0000000000002 4.5000000000000009 4.7199000000000009
decision_type=2 2 2 2 2 2 2 2 2 2
left_child=1 2 3 4 -1 -4 -6 -5 9 -7
right_child=-2 -3 5 7 6 8 -8 -9 -10 -11
leaf_value=-0.042642965181285075 0.081699150817578489 -0.043146830216543738 -0.04271379963267171 -0.042590913848529782 -0.04305937566217536 -0.042388781647620999 -0.042855021276383243 -0.042395199773404564 -0.042495239876377128 -0.042338643338415312
leaf_weight=0.23144247010350227 0.88575655221939076 0.15896223857998837 0.11326232738792896 0.11940984055399895 0.14279068261384986 0.18081721477210522 0.23779945261776447 0.12060601264238358 0.13282154127955437 0.11229938827455044
leaf_count=9 3 4 4 5 4 9 8 6 6 6
internal_value=0.00254429 -0.0426831 -0.0426301 -0.0427296 -0.0428225 -0.0424728 -0.0429317 -0.0424926 -0.0424088 -0.0423696
internal_weight=2.43597 1.55021 1.39125 0.852048 0.612033 0.5392 0.38059 0.240016 0.425938 0.293117
internal_count=64 61 57 32 21 25 12 11 21 15
is_linear=0
shrinkage=0.05


Tree=105
num_leaves=10
num_cat=0
split_feature=0 0 9 0 0 3 11 2 0
split_gain=5.87828 0.45989 0.000217183 0.000127052 0.000243193 6.39472e-05 1.38141e-05 4.421e-06 1.23858e-06
threshold=10.381750000000002 11.102200000000002 -0.48574157668954127 5.8354500000000007 4.4795500000000006 2.5000000000000004 1.5000000000000002 2590.0000000000005 4.7199000000000009
decision_type=2 2 2 2 2 2 2 2 2
left_child=2 -2 5 4 -4 8 -7 -8 -1
right_child=1 -3 3 -5 -6 6 7 -9 -10
leaf_value=-0.043803197596433675 0.029775059496823561 0.068061138834071541 -0.044533347081952696 -0.044332749268189864 -0.046197280031881012 -0.044152085391229043 -0.044618257260936246 -0.044366375207710564 -0.043666188831470956
leaf_weight=0.44539450854063067 1.4298239648342135 1.7374739199876783 0.4673473387956617 0.52511592581868172 0.41422645747661591 0.50316443294286706 0.35840379819273949 0.33896692842245102 0.26198291033506393
leaf_count=8 7 7 7 8 4 8 5 5 5
internal_value=0.00206786 0.0507775 -0.0444771 -0.0449484 -0.0453152 -0.0441296 -0.0443518 -0.0444958 -0.0437525
internal_weight=6.4819 3.1673 3.3146 1.40669 0.881574 1.90791 1.20054 0.697371 0.707377
internal_count=64 14 50 19 11 31 18 10 13
is_linear=0
shrinkage=0.05


Tree=106
num_leaves=11
num_cat=0
split_feature=0 8 12 5 2 2 3 4 12 5
split_gain=6.31016 0.728809 0.0110847 0.00225143 0.000316069 0.000699211 0.000168447 1.46524e-05 1.08425e-06 4.28576e-07
threshold=1.8748330000000002 -0.94490267940017747 122.00000000000001 0.93301270189221952 2005.0000000000002 1450.0000000000002 5.5000000000000009 99.500000000000014 56.500000000000007 -0.24999999999999994
decision_type=2 2 2 2 2 2 2 2 2 2
left_child=2 -2 -1 4 5 6 8 -6 -3 -9
right_child=1 3 -4 -5 7 -7 -8 9 -10 -11
leaf_value=0.063144658879797796 0.016683298806925081 -0.043966528410831478 0.056742873192914815 -0.048208074407526627 -0.04384987916608838 -0.046412048202800982 -0.045016098695782734 -0.044198413081112803 -0.043835484737870911 -0.044273349014258362
leaf_weight=1.3037501424551012 0.54210968315601338 0.29585235938429943 1.4047228395938871 0.57007998228073109 0.33981575816869714 0.72851376980543125 0.71463104337453842 0.3234698511660099 0.33838674798607826 0.46522519737482071
leaf_count=5 3 5 6 5 6 7 9 5 6 7
internal_value=-3.25765e-06 -0.0375295 0.0598244 -0.0453128 -0.0447979 -0.0451639 -0.0444897 -0.0441244 -0.0438966 -0.0442426
internal_weight=7.02656 4.31808 2.70847 3.77597 3.20589 2.07738 1.34887 1.12851 0.634239 0.788695
internal_count=64 53 11 50 45 27 20 18 11 12
is_linear=0
shrinkage=0.05


Tree=107
num_leaves=12
num_cat=0
split_feature=2 7 6 8 2 12 3 5 8 3 12
split_gain=3.23692 2.68139 1.50968 1.60343 0.752097 0.978793 0.107531 0.0026164 0.000312376 8.7472e-05 5.73843e-07
threshold=1650.0000000000002 6.7500000000000009 -0.68301270189221952 0.6377464691245277 115.00000000000001 29.500000000000004 6.5000000000000009 -0.24999999999999994 0.71473537162315171 2.5000000000000004 122.00000000000001
decision_type=2 2 2 2 2 2 2 2 2 2 2
left_child=1 -1 6 -4 -5 -6 -3 -2 -9 10 -10
right_child=7 2 3 4 5 -7 -8 8 9 -11 -12
leaf_value=-0.057467589845794878 -0.049195396359791504 0.067959644203535494 -0.055505873150863583 0.059704093251546568 0.034056215624157525 -0.046021161122229128 0.046917361300418937 -0.046885961709692045 -0.045219789068458638 -0.045976860094574787 -0.045293688988366443
leaf_weight=1.091627277433872 0.79740390181541476 1.2808106690645218 0.79947065562009845 0.99229700863361392 1.0358491539955137 0.60417976230382908 1.1543065756559372 0.57834097743034396 0.52046656608581521 0.70547562837600697 0.53039087355136871
leaf_count=5 6 5 4 4 5 6 5 5 6 7 6
internal_value=-0.00451219 0.014487 0.0278752 0.00650998 0.025345 0.00455605 0.0579851 -0.0467226 -0.0458781 -0.0455462 -0.0452571
internal_weight=10.0906 6.95854 5.86691 3.4318 2.63233 1.64003 2.43512 3.13208 2.33467 1.75633 1.05086
internal_count=64 34 29 19 15 11 10 30 24 19 12
is_linear=0
shrinkage=0.05


Tree=108
num_leaves=11
num_cat=0
split_feature=4 13 6 8 12 10 5 4 9 12
split_gain=1.84807 2.06597 0.897777 1.64985 0.91635 0.513444 0.216187 0.000718835 0.000485833 1.6969e-05
threshold=36.000000000000007 1.0000000180025095e-35 -0.68301270189221952 0.80873976445662543 10.500000000000002 4.5000000000000009 -1.0000000180025095e-35 9.5000000000000018 -0.58758383296677674 122.00000000000001
decision_type=2 2 2 2 2 2 2 2 2 2
left_child=7 2 3 -2 -4 -6 -7 -1 -3 -9
right_child=1 8 4 -5 5 6 -8 9 -10 -11
leaf_value=-0.046843384875107953 -0.049700032874993326 -0.047068772389499254 0.0036954649714107191 0.041588506397969349 0.073780838383586844 0.050995322091385256 0.014467891499690867 -0.044882632501237092 -0.044984064037025942 -0.044421913961843605
leaf_weight=0.69012011587619759 0.94275076687335868 0.45731498301029205 1.3262603729963309 1.0419671684503553 1.54892498254776 0.84763238579034716 0.77582695335149854 0.38223778456449509 0.71864303573966004 0.41887812316417694
leaf_count=6 8 4 6 4 6 4 6 5 9 6
internal_value=0.0052639 0.0151787 0.0262381 -0.001774 0.0385965 0.0531874 0.0335394 -0.0456606 -0.0457948 -0.0446417
internal_weight=9.15056 7.65932 6.48336 1.98472 4.49864 3.17238 1.62346 1.49124 1.17596 0.801116
internal_count=64 47 34 12 22 16 10 17 13 11
is_linear=0
shrinkage=0.05


Tree=109
num_leaves=12
num_cat=0
split_feature=0 0 3 5 5 3 11 7 0 12 0
split_gain=3.54228 2.56858 0.153311 0.00147811 0.000698358 0.000231146 0.000115972 3.94328e-05 7.16096e-05 1.02528e-05 9.12887e-07
threshold=10.361300000000002 11.100500000000002 9.5000000000000018 -0.6830127018922193 0.68301270189221941 10.500000000000002 1.5000000000000002 8.1083333333333361 4.7199000000000009 56.500000000000007 4.3650000000000011
decision_type=2 2 2 2 2 2 2 2 2 2 2
left_child=3 2 -2 -1 -3 6 9 -8 -9 -5 -11
right_child=1 4 -4 5 -6 -7 7 8 -10 10 -12
leaf_value=-0.047497128386180261 0.039045634269889128 -0.046824522896782961 0.062362197267463441 -0.044098707001991394 -0.044023863119961003 -0.045558721219070515 -0.04508109538073253 -0.044876720117939944 -0.043881193689319725 -0.043805755509163845 -0.043687359450304095
leaf_weight=0.48747931420803103 1.2867736518383033 0.4184003360569476 1.5592977404594419 0.30666331574320871 0.47560273483395576 0.41152789816260327 0.32264574244618394 0.39106369018554688 0.33570043742656708 0.33441616594791412 0.31727654486894608
leaf_count=4 5 4 6 5 8 5 4 5 6 6 6
internal_value=-0.00358174 0.028597 0.0518202 -0.0449853 -0.0453346 -0.0444792 -0.0442579 -0.0446211 -0.0444169 -0.0438603 -0.0437481
internal_weight=6.64685 3.74007 2.84607 2.90677 0.894003 2.41929 2.00777 1.04941 0.726764 0.958356 0.651693
internal_count=64 23 11 41 12 37 32 15 11 17 12
is_linear=0
shrinkage=0.05


Tree=110
num_leaves=11
num_cat=0
split_feature=2 2 12 5 9 0 4 12 4 2
split_gain=3.14554 1.25267e-05 8.21916e-06 6.85519e-06 5.00962e-06 2.05677e-06 1.05854e-06 7.97247e-07 5.12491e-07 1.46157e-07
threshold=2950.0000000000005 2850.0000000000005 56.500000000000007 0.68301270189221941 -0.48574157668954127 5.8354500000000007 144.00000000000003 13.000000000000002 306.00000000000006 1650.0000000000002
decision_type=2 2 2 2 2 2 2 2 2 2
left_child=1 2 3 4 8 -6 9 -5 -1 -4
right_child=-2 -3 6 7 5 -7 -8 -9 -10 -11
leaf_value=-0.042483959904439372 0.077107031359465686 -0.043060427448398358 -0.042291902792714595 -0.042520208171813505 -0.042969773820440864 -0.042747386569386453 -0.042497292367798367 -0.042339053231640084 -0.042631899082679892 -0.042367273744068686
leaf_weight=0.108884546905756 0.87865224480628956 0.15026105567812909 0.12211989052593708 0.13327643647789955 0.19618967175483726 0.22118598595261574 0.15388171747326851 0.11158191785216331 0.1266139904037118 0.13589858822524548
leaf_count=5 3 4 7 6 6 8 7 6 5 7
internal_value=0.00235953 -0.042628 -0.0425784 -0.0426633 -0.0427479 -0.0428519 -0.0423935 -0.0424377 -0.0425635 -0.0423316
internal_weight=2.33855 1.45989 1.30963 0.897733 0.652874 0.417376 0.4119 0.244858 0.235499 0.258018
internal_count=64 61 57 36 24 14 21 12 10 14
is_linear=0
shrinkage=0.05


Tree=111
num_leaves=11
num_cat=0
split_feature=7 2 5 9 7 6 7 2 5 2
split_gain=2.76414 3.31152 0.918952 0.499979 0.00211565 0.00124575 0.000162091 7.89875e-05 7.65837e-06 9.88427e-07
threshold=6.041666666666667 2005.0000000000002 0.68301270189221941 -0.27768031003904575 8.1083333333333361 0.25000000000000017 8.9583333333333339 1150.0000000000002 1.0000000180025095e-35 1650.0000000000002
decision_type=2 2 2 2 2 2 2 2 2 2
left_child=-1 4 3 -3 5 -2 9 8 -8 -6
right_child=1 2 -4 -5 6 -7 7 -9 -10 -11
leaf_value=0.10697861387216208 -0.045121241740166185 -0.044071287168288932 0.051410162314711697 0.031260338901643661 -0.043524916389948085 -0.048379136005667761 -0.044406568866149548 -0.045113593601867195 -0.044051093295339599 -0.043639659853965909
leaf_weight=0.57064291834831227 0.54516109451651595 0.49357495084404956 1.8382785916328428 0.39776607975363754 0.34307202324271191 0.63543685153126717 0.26631088554859139 0.38937477767467499 0.35149642080068588 0.41437933593988419
leaf_count=2 7 8 9 3 7 5 4 5 6 8
internal_value=0.00208198 -0.00846606 0.0312088 -0.0104541 -0.0452364 -0.0468747 -0.0441403 -0.0445558 -0.0442043 -0.0435877
internal_weight=6.24549 5.67485 2.72962 0.891341 2.94523 1.1806 1.76463 1.00718 0.617807 0.757451
internal_count=64 62 20 11 42 12 30 15 10 15
is_linear=0
shrinkage=0.05


Tree=112
num_leaves=11
num_cat=0
split_feature=0 4 7 8 2 7 2 6 2 8
split_gain=5.80672 0.18429 0.00098152 0.000211176 0.000309872 5.17732e-05 3.26951e-05 1.84995e-05 6.61798e-06 6.51681e-07
threshold=4.1838500000000005 58.500000000000007 16.041666666666668 0.9195955058153672 2005.0000000000002 8.9583333333333339 2590.0000000000005 1.0000000180025095e-35 2005.0000000000002 0.80873976445662543
decision_type=2 2 2 2 2 2 2 2 2 2
left_child=1 -1 3 5 7 8 -7 -5 9 -2
right_child=2 -3 -4 4 -6 6 -8 -9 -10 -11
leaf_value=0.057265324322536927 -0.04364860373698265 0.032283269324857491 -0.046801369799854844 -0.045763640752675479 -0.043886326550644068 -0.044659170859265435 -0.044020318793814774 -0.045294985166119309 -0.043998806615452156 -0.043759205572070747
leaf_weight=2.0664358586072926 0.25993812829256124 1.1485178768634794 0.53044245019555081 0.3728729262948034 0.45668359473347664 0.44624385982751846 0.36333783715963364 0.48375295475125313 0.30013729631900787 0.27312207967042923
leaf_count=9 5 5 5 4 8 6 6 6 5 5
internal_value=-0.000127811 0.0483407 -0.0448209 -0.0444656 -0.0449382 -0.0440877 -0.0443725 -0.045499 -0.043811 -0.0437053
internal_weight=6.70148 3.21495 3.48653 2.95609 1.31331 1.64278 0.809582 0.856626 0.833198 0.53306
internal_count=64 14 50 45 18 27 12 10 15 10
is_linear=0
shrinkage=0.05


Tree=113
num_leaves=12
num_cat=0
split_feature=2 8 6 8 6 9 5 6 11 3 12
split_gain=2.99158 2.46928 1.34071 1.49688 0.705117 0.21913 0.00221726 0.00040365 0.000144225 2.999e-05 6.51398e-07
threshold=1650.0000000000002 0.97868534383143946 -0.68301270189221952 0.6377464691245277 0.6830127018922193 -0.48574157668954127 -0.5 -0.68301270189221952 4.0000000000000009 2.5000000000000004 146.50000000000003
decision_type=2 2 2 2 2 2 2 2 2 2 2
left_child=1 2 5 -4 -5 -1 -2 -8 9 10 -9
right_child=6 -3 3 4 -6 -7 7 8 -10 -11 -12
leaf_value=0.039340134473598236 -0.049391606066602346 -0.056434959053296235 -0.054670630558825151 -0.0079098029318576627 0.045831781338883729 0.069664976705898621 -0.047056000744532228 -0.04491701522678343 -0.046084844876750214 -0.045441980427456029 -0.045006455978917809
leaf_weight=1.1206920295953753 0.50728134065866504 1.0522322207689283 0.77115732431411776 1.003206863999367 1.5586107075214384 1.2717363536357877 0.48113945871591646 0.40220496058463984 0.60044047981500615 0.54310984909534454 0.41220102459192276
leaf_count=5 4 5 4 7 8 5 4 5 6 6 5
internal_value=-0.00432174 0.0139636 0.0269016 0.00640241 0.0247866 0.0554598 -0.046384 -0.0457585 -0.0454396 -0.0451542 -0.0449623
internal_weight=9.72401 6.77764 5.7254 3.33297 2.56182 2.39243 2.94638 2.4391 1.95796 1.35752 0.814406
internal_count=64 34 29 19 15 10 30 26 22 16 10
is_linear=0
shrinkage=0.05


Tree=114
num_leaves=9
num_cat=0
split_feature=2 3 7 11 10 0 9 7
split_gain=1.96892 2.33518 0.964982 1.51336 1.87254 0.000596213 0.000590888 1.32134e-05
threshold=2005.0000000000002 1.5000000000000002 6.7500000000000009 1.5000000000000002 4.5000000000000009 1.8748330000000002 -0.69930991848440827 7.8333333333333339
decision_type=2 2 2 2 2 2 2 2
left_child=1 5 -3 -4 -5 -1 -2 -8
right_child=6 2 3 4 -6 -7 7 -9
leaf_value=-0.044192288159581671 -0.046719753553461925 0.078768057142824727 0.05781626247310663 0.035966282520540613 -0.038858802565809439 -0.046398120764265291 -0.044385870365930995 -0.044724243327269458
leaf_weight=0.517263203859329 0.43838386982679356 0.84261822700500477 1.8184744715690611 1.7992258779704571 1.5620492026209831 0.751230388879776 0.54706890881061532 0.61044973134994507
leaf_count=8 4 3 8 9 9 7 8 8
internal_value=0.00514709 0.0161581 0.0291448 0.0210724 0.00119363 -0.0454986 -0.0451564 -0.0445643
internal_weight=8.88676 7.29086 6.02237 5.17975 3.36128 1.26849 1.5959 1.15752
internal_count=64 44 29 26 18 15 20 16
is_linear=0
shrinkage=0.05


Tree=115
num_leaves=12
num_cat=0
split_feature=0 0 12 5 5 3 9 2 7 2 12
split_gain=3.28076 2.32976 0.151274 0.00122519 0.000598356 0.000208509 0.000100316 5.86386e-05 4.63901e-05 3.18274e-06 1.03889e-06
threshold=10.361300000000002 11.100500000000002 32.500000000000007 -0.6830127018922193 0.68301270189221941 10.500000000000002 -0.48574157668954127 1150.0000000000002 8.9583333333333339 1650.0000000000002 146.50000000000003
decision_type=2 2 2 2 2 2 2 2 2 2 2
left_child=3 2 -2 -1 -3 6 8 -8 9 -5 -11
right_child=1 4 -4 5 -6 -7 7 -9 -10 10 -12
leaf_value=-0.047132832935342095 0.038868231660930716 -0.046517479967739139 0.062307296047274766 -0.043515946933033366 -0.043845980181818706 -0.045367998818667474 -0.044027639575917175 -0.044971151122992256 -0.044328796895001271 -0.043779409888253323 -0.04363970381744612
leaf_weight=0.465462647378445 1.4563162922859199 0.39777212217450131 1.3054245561361311 0.3415520600974562 0.443064134567976 0.39150897040963162 0.27865922451019276 0.40258719772100449 0.33271500468254089 0.27367719262838364 0.25900719687342644
leaf_count=4 6 4 5 7 8 5 5 5 5 5 5
internal_value=-0.00361677 0.0277612 0.0499475 -0.0447952 -0.0451098 -0.0443179 -0.0441001 -0.0445852 -0.0438263 -0.0436351 -0.0437115
internal_weight=6.34775 3.60258 2.76174 2.74517 0.840836 2.27971 1.8882 0.681246 1.20695 0.874236 0.532684
internal_count=64 23 11 41 12 37 32 10 22 17 10
is_linear=0
shrinkage=0.05


Tree=116
num_leaves=11
num_cat=0
split_feature=2 2 12 5 0 0 7 0 3 2
split_gain=2.8758 1.02187e-05 7.4965e-06 5.67448e-06 2.7298e-06 4.52029e-06 3.31947e-06 1.51341e-06 9.5646e-07 1.12305e-07
threshold=2950.0000000000005 2850.0000000000005 56.500000000000007 0.68301270189221941 4.4356500000000008 5.8354500000000007 6.7500000000000009 10.381750000000002 5.5000000000000009 1650.0000000000002
decision_type=2 2 2 2 2 2 2 2 2 2
left_child=1 2 3 4 -1 -6 -7 -5 9 -4
right_child=-2 -3 8 7 5 6 -8 -9 -10 -11
leaf_value=-0.042523162478410051 0.073711272797035321 -0.042976358375013769 -0.042247648628225103 -0.042557835126064605 -0.042960288866558366 -0.042791640664296839 -0.04244197751746942 -0.042296389153736923 -0.04244647633873487 -0.042316168418322857
leaf_weight=0.174934206530452 0.86712995171546925 0.14173455908894528 0.11361368745565414 0.091664582490921021 0.16841551102697849 0.14771459624171257 0.12557794619351625 0.13972563855350018 0.14471666235476732 0.12625617161393166
leaf_count=8 3 4 7 4 5 5 6 8 7 7
internal_value=0.0024114 -0.0425743 -0.0425281 -0.0426111 -0.0426903 -0.0427565 -0.042631 -0.0424 -0.042345 -0.0422837
internal_weight=2.24148 1.37435 1.23262 0.848032 0.616642 0.441708 0.273293 0.23139 0.384587 0.23987
internal_count=64 61 57 36 24 16 11 12 21 14
is_linear=0
shrinkage=0.05


Tree=117
num_leaves=10
num_cat=0
split_feature=0 0 9 6 3 14 4 4 0
split_gain=5.02558 0.315458 0.000190633 9.95983e-05 6.00763e-05 4.46993e-05 1.23463e-05 9.99434e-06 9.57231e-07
threshold=10.381750000000002 11.102200000000002 -0.48574157668954127 -0.24999999999999994 2.5000000000000004 1.0000000180025095e-35 197.50000000000003 306.00000000000006 4.7199000000000009
decision_type=2 2 2 2 2 2 2 2 2
left_child=2 -2 4 5 8 -4 -6 -8 -1
right_child=1 -3 3 -5 6 -7 7 -9 -10
leaf_value=-0.043487177888557972 0.029193193425179342 0.061660057247046811 -0.044543499794999719 -0.045062024941008777 -0.044236184950332602 -0.043671954878467055 -0.043671330588986895 -0.044094941256214298 -0.043357319691402788
leaf_weight=0.3850396312773231 1.3396978527307513 1.6944626569747923 0.35147633031010628 0.67595869675278641 0.51819869130849816 0.25302382186055183 0.26082791388034821 0.29868922755122185 0.22474412620067596
leaf_count=8 7 7 5 9 8 5 5 5 5
internal_value=0.00207452 0.0473247 -0.044185 -0.044645 -0.0438359 -0.0441787 -0.0440603 -0.0438975 -0.0434393
internal_weight=6.00212 3.03416 2.96796 1.28046 1.6875 0.6045 1.07772 0.559517 0.609784
internal_count=64 14 50 19 31 10 18 10 13
is_linear=0
shrinkage=0.05


Tree=118
num_leaves=10
num_cat=0
split_feature=0 8 5 2 2 3 4 7 3
split_gain=5.39918 0.663652 0.00204767 0.00025852 0.000537693 0.000140244 9.83972e-06 1.45428e-06 3.17317e-07
threshold=1.8748330000000002 -0.94490267940017747 0.93301270189221952 2005.0000000000002 1450.0000000000002 5.5000000000000009 99.500000000000014 8.1083333333333361 7.5000000000000009
decision_type=2 2 2 2 2 2 2 2 2
left_child=-1 -2 3 4 5 7 -5 -3 -8
right_child=1 2 -4 6 -6 -7 8 -9 -10
leaf_value=0.057196726403003731 0.016160200749424567 -0.043658212904035897 -0.047803422188855194 -0.043551784353269035 -0.045934808696919474 -0.04465922249911225 -0.043935094613272108 -0.043495343887295743 -0.04386663158906963
leaf_weight=2.4972067624330521 0.5107546299695972 0.25998561829328604 0.53979155421257008 0.29732651636004437 0.66272178292274464 0.64490743353962898 0.29345263540744781 0.2898811362683773 0.39986955374479294
leaf_count=11 3 5 5 6 7 9 5 6 7
internal_value=-0.000203706 -0.0369701 -0.0449798 -0.0444447 -0.0447926 -0.044159 -0.0437924 -0.0435724 -0.0438956
internal_weight=6.3959 3.89869 3.38794 2.84814 1.8575 1.19477 0.990649 0.549867 0.693322
internal_count=64 53 50 45 27 20 18 11 12
is_linear=0
shrinkage=0.05


Tree=119
num_leaves=13
num_cat=0
split_feature=2 7 6 3 12 9 3 5 6 11 3 12
split_gain=2.74548 2.24281 1.2068 1.31656 1.17794 0.216073 0.00339585 0.00193238 0.000335322 0.000113813 2.49011e-05 4.65661e-07
threshold=1650.0000000000002 6.7500000000000009 -0.68301270189221952 1.5000000000000002 10.500000000000002 -0.48574157668954127 10.500000000000002 -0.5 -0.68301270189221952 4.0000000000000009 2.5000000000000004 146.50000000000003
decision_type=2 2 2 2 2 2 2 2 2 2 2 2
left_child=1 -1 5 -4 -5 -3 -6 -2 -9 10 11 -10
right_child=7 2 3 4 6 -7 -8 8 9 -11 -12 -13
leaf_value=-0.055346968885649467 -0.048926304641876792 0.037030383605572363 0.056869133548281409 0.022198029823837805 -0.046035206111833045 0.0674633196758051 -0.051372052244126269 -0.046660267493455213 -0.044658312090153023 -0.045735440095548779 -0.045150559572338551 -0.044736698693600939
leaf_weight=1.0081989392638204 0.48294813930988345 1.1071646660566332 0.91485157608985934 1.1522771269083025 0.59844229370355584 1.2325432449579237 0.59385735541582108 0.45424529910087663 0.37447240948676996 0.56025919318199147 0.50733891874551773 0.38349077105522156
leaf_count=5 4 5 4 5 6 5 4 4 5 6 6 5
internal_value=-0.00419808 0.013303 0.0256644 0.00599737 -0.0138527 0.0530623 -0.0486934 -0.0460532 -0.0454446 -0.0451421 -0.0448794 -0.044698
internal_weight=9.37009 6.60734 5.59914 3.25943 2.34458 2.33971 1.1923 2.76275 2.27981 1.82556 1.2653 0.757963
internal_count=64 34 29 19 15 10 10 30 26 22 16 10
is_linear=0
shrinkage=0.05


Tree=120
num_leaves=12
num_cat=0
split_feature=0 14 5 11 10 8 14 0 5 3 2
split_gain=2.98325 1.39701 1.66745 3.4363 1.23875 0.313084 0.182784 0.0144416 0.000196888 0.000197987 3.04673e-05
threshold=7.8579000000000008 1.5000000000000002 -0.6830127018922193 1.5000000000000002 4.5000000000000009 0.99465189230620699 2.5000000000000004 4.4356500000000008 -0.24999999999999994 1.5000000000000002 2590.0000000000005
decision_type=2 2 2 2 2 2 2 2 2 2 2
left_child=1 2 -1 4 -4 6 8 -5 -2 -10 -11
right_child=5 -3 3 7 -6 -7 -8 -9 9 10 -12
leaf_value=0.064354949104854176 -0.04585994368486887 0.072531781524799319 -0.010093860720435702 -0.049464688140034518 0.07468204407089378 -0.013789502209540961 -0.081754830756699481 -0.058283915620737162 -0.045659171272942688 -0.043982241143863843 -0.044545325650520107
leaf_weight=1.0198841392993925 0.4798948615789419 1.0082826763391493 0.70734646916389454 0.79628142714500438 1.1025587469339371 0.71635270491242398 0.41389107331633557 1.1130215674638746 0.37600046396255493 0.4111219123005867 0.57793007791042328
leaf_count=4 5 4 8 6 4 5 3 6 4 7 8
internal_value=-0.0019499 0.0190886 0.00771815 -0.00781284 0.04155 -0.0425915 -0.0517255 -0.0546058 -0.0449888 -0.0446825 -0.0443113
internal_weight=8.72257 5.74738 4.73909 3.71921 1.80991 2.97519 2.25884 1.9093 1.84495 1.36505 0.989052
internal_count=64 32 28 24 12 32 27 12 24 19 15
is_linear=0
shrinkage=0.05


Tree=121
num_leaves=10
num_cat=0
split_feature=0 3 8 12 3 7 0 11 0
split_gain=3.43076 2.32437 0.401336 0.126732 0.000927803 5.1199e-05 4.37787e-05 1.4288e-05 1.48475e-07
threshold=10.361300000000002 4.5000000000000009 0.97868534383143946 67.000000000000014 7.5000000000000009 8.9583333333333339 4.4795500000000006 1.5000000000000002 4.3650000000000011
decision_type=2 2 2 2 2 2 2 2 2
left_child=4 2 -2 -3 5 7 -7 8 -1
right_child=1 3 -4 -5 -6 6 -8 -9 -10
leaf_value=-0.043472477624562689 -0.054409913946991462 0.042115702737775672 0.0032850509747911747 0.061946106667567502 -0.04601267083287703 -0.044431117499058058 -0.043678200654601824 -0.043867123122869028 -0.043418684016797549
leaf_weight=0.28663654997944854 0.69217586517333962 1.6887835934758189 0.53392782062292099 1.5407179743051527 0.73475359752774227 0.54091674089431763 0.30022585391998291 0.33547750860452652 0.23217007517814636
leaf_count=6 6 8 5 6 8 8 6 6 5
internal_value=0.00325975 0.0293245 -0.0292857 0.0515763 -0.0445286 -0.0438855 -0.0441624 -0.0436128 -0.0434484
internal_weight=6.88579 4.45561 1.2261 3.2295 2.43018 1.69543 0.841143 0.854284 0.518807
internal_count=64 25 11 14 39 31 14 17 11
is_linear=0
shrinkage=0.05


Tree=122
num_leaves=11
num_cat=0
split_feature=0 10 0 12 8 7 3 0 11 7
split_gain=1.0171 0.705146 0.14567 7.77468e-06 4.2664e-06 5.4527e-06 3.79049e-06 1.842e-06 4.18714e-07 7.17695e-09
threshold=5.1314000000000011 4.5000000000000009 4.5574000000000012 46.000000000000007 -0.49827579800224508 6.041666666666667 2.5000000000000004 10.363450000000002 4.0000000000000009 8.1083333333333361
decision_type=2 2 2 2 2 2 2 2 2 2
left_child=1 3 -3 -1 -2 -6 9 -8 -9 -7
right_child=4 2 -4 -5 5 6 7 8 -10 -11
leaf_value=-0.042774174632224445 -0.042769550500221028 0.026402039860490903 0.063339277579095229 -0.042236198721117064 -0.042849045354797062 -0.042239407546118879 -0.04265455081665244 -0.042361546085916843 -0.042497700252035718 -0.042218041038989185
leaf_weight=0.16845410317182552 0.18544520810246479 0.49062123149633408 0.58540541678667068 0.11168245784938335 0.093510953709482925 0.079944225028157234 0.15344362240284681 0.11222165171056986 0.11365607939660549 0.077307350002229214
leaf_count=6 7 11 3 7 3 5 6 6 5 5
internal_value=0.00156658 0.0281014 0.0464975 -0.0425597 -0.0425587 -0.0424967 -0.0424353 -0.0425209 -0.0424301 -0.0422289
internal_weight=2.17169 1.35616 1.07603 0.280137 0.815529 0.630084 0.536573 0.379321 0.225878 0.157252
internal_count=64 27 14 13 37 30 27 17 11 10
is_linear=0
shrinkage=0.05


Tree=123
num_leaves=10
num_cat=0
split_feature=0 2 9 9 3 11 2 8 0
split_gain=4.11876 0.77114 0.000114034 0.000113098 6.9945e-05 3.55188e-05 1.97038e-05 3.29958e-06 3.82534e-07
threshold=10.381750000000002 2005.0000000000002 -0.43031030248784691 -0.27768031003904575 2.5000000000000004 4.0000000000000009 1450.0000000000002 0.6377464691245277 4.7199000000000009
decision_type=2 2 2 2 2 2 2 2 2
left_child=2 -2 4 -4 8 7 -7 -6 -1
right_child=1 -3 3 -5 5 6 -8 -9 -10
leaf_value=-0.043341441142117708 0.011845449719874187 0.0624099853674017 -0.045312171416593515 -0.044091925050512126 -0.043826234911526818 -0.04445792845629145 -0.043969799114233654 -0.043605857615252999 -0.043251489309119553
leaf_weight=0.26744796708226237 1.3656047284603121 1.6836340576410291 0.29475538060069084 0.53373838961124409 0.38801874220371224 0.41646097227931023 0.41053271293640137 0.30208250507712364 0.21178657189011574
leaf_count=6 7 7 4 9 7 6 7 6 5
internal_value=-0.000533438 0.0397646 -0.0440329 -0.0445261 -0.0438283 -0.0439946 -0.0442156 -0.0437298 -0.0433017
internal_weight=5.87406 3.04924 2.82482 0.828494 1.99633 1.51709 0.826994 0.690101 0.479235
internal_count=64 14 50 13 37 26 13 13 11
is_linear=0
shrinkage=0.05


Tree=124
num_leaves=10
num_cat=0
split_feature=0 7 4 0 4 7 4 2 2
split_gain=3.55661 0.000729224 0.000164422 0.000146346 9.99463e-05 3.17466e-05 2.25866e-05 2.79211e-06 2.13883e-06
threshold=4.1838500000000005 16.041666666666668 6.5000000000000009 7.8579000000000008 220.00000000000003 8.9583333333333339 131.00000000000003 2512.5000000000005 2590.0000000000005
decision_type=2 2 2 2 2 2 2 2 2
left_child=-1 2 -2 4 5 -4 7 -5 -8
right_child=1 -3 3 6 -6 -7 8 -9 -10
leaf_value=0.039632938108136145 -0.045362577211098355 -0.046436068463051872 -0.04375544502083023 -0.043337281464501817 -0.045072146533849305 -0.044356277879893165 -0.043940818543909854 -0.043555818222857735 -0.04377028266507399
leaf_weight=2.029623419046402 0.24657141044735986 0.38705814629793156 0.37209144979715369 0.3552904315292833 0.38434243947267532 0.53734311461448669 0.2929513081908226 0.2483048103749752 0.49372666329145432
leaf_count=10 3 4 7 8 5 8 5 5 9
internal_value=-0.0125022 -0.0443963 -0.0441269 -0.0440134 -0.0443961 -0.0441104 -0.0436573 -0.0434272 -0.0438338
internal_weight=5.3473 3.31768 2.93062 2.68405 1.29378 0.909435 1.39027 0.603595 0.786678
internal_count=64 54 50 47 20 15 27 13 14
is_linear=0
shrinkage=0.05


Tree=125
num_leaves=12
num_cat=0
split_feature=2 9 0 6 6 12 2 7 5 7 2
split_gain=5.65711 1.40316 0.813112 0.799427 0.677187 0.486414 0.00998945 0.00250704 0.00220745 8.95072e-05 4.16766e-05
threshold=875.00000000000011 -0.95205858110577612 9.1832000000000011 -0.68301270189221952 -0.9330127018922193 32.500000000000007 1650.0000000000002 6.7500000000000009 -0.24999999999999994 8.5833333333333339 2512.5000000000005
decision_type=2 2 2 2 2 2 2 2 2 2 2
left_child=2 -2 4 -3 -1 -6 7 -5 -8 10 -10
right_child=1 3 -4 6 5 -7 8 -9 9 -11 -12
leaf_value=0.065407223839955939 0.06280086662511189 -0.0044464150292128661 0.079491221345645013 -0.053354765882812343 0.041078374575188606 -0.0098314980434338357 -0.049335513596922502 -0.049417272153573201 -0.04444198320315132 -0.045650394100923287 -0.045047133465525094
leaf_weight=1.0620027184486387 0.39342327415943135 1.4770709350705145 1.4280377775430677 0.72635504603385947 0.93185456097126029 0.94496937841176987 0.35805621743202198 0.9116453155875206 0.56190046668052651 0.36266717314720143 0.57634531706571579
leaf_count=4 2 9 6 4 4 6 3 7 8 4 7
internal_value=0.00628152 -0.0280992 0.04854 -0.0352889 0.0335002 0.0154456 -0.0483164 -0.0511633 -0.0458079 -0.0449663 -0.0447484
internal_weight=9.73433 5.36746 4.36686 4.97404 2.93883 1.87682 3.49697 1.638 1.85897 1.50091 1.13825
internal_count=64 44 20 42 14 10 33 11 22 19 15
is_linear=0
shrinkage=0.05


Tree=126
num_leaves=12
num_cat=0
split_feature=0 14 5 11 10 8 14 0 5 3 2
split_gain=2.72419 1.27549 1.45803 3.18485 1.12074 0.30458 0.145846 0.0124598 0.000167153 0.00012642 2.51471e-05
threshold=7.8579000000000008 1.5000000000000002 -0.6830127018922193 1.5000000000000002 4.5000000000000009 0.99465189230620699 2.5000000000000004 4.4356500000000008 -0.24999999999999994 1.5000000000000002 2590.0000000000005
decision_type=2 2 2 2 2 2 2 2 2 2 2
left_child=1 2 -1 4 -4 6 8 -5 -2 -10 -11
right_child=5 -3 3 7 -6 -7 -8 -9 9 10 -12
leaf_value=0.060368636254661934 -0.04555416458604112 0.07019356313628683 -0.0095588808462928956 -0.048864131511484693 0.071887935995744487 -0.013192255202833087 -0.077977538303979951 -0.057255209568461952 -0.045252026550485741 -0.043821276862987375 -0.044349190440473342
leaf_weight=1.0162271559238432 0.45004123821854625 0.98305808007717121 0.69118936732411373 0.75177781283855449 1.0860249996185303 0.70575787127017964 0.40783143416047085 1.0750251337885854 0.34390015900135062 0.38592267036437988 0.54294633120298386
leaf_count=4 5 4 8 6 4 5 3 6 4 7 8
internal_value=-0.00173402 0.0184769 0.00747311 -0.00744188 0.0402119 -0.0416607 -0.0510907 -0.0538021 -0.0447259 -0.0444331 -0.0441299
internal_weight=8.4397 5.6033 4.62024 3.60402 1.77721 2.8364 2.13064 1.8268 1.72281 1.27277 0.928869
internal_count=64 32 28 24 12 32 27 12 24 19 15
is_linear=0
shrinkage=0.05


Tree=127
num_leaves=11
num_cat=0
split_feature=0 3 8 0 4 3 11 14 9 0
split_gain=3.1579 2.11198 0.362695 0.15766 0.000785627 0.000772498 5.50529e-05 5.30128e-05 1.23767e-05 2.58341e-07
threshold=10.361300000000002 4.5000000000000009 0.97868534383143946 10.381750000000002 220.00000000000003 9.5000000000000018 4.0000000000000009 1.0000000180025095e-35 -0.58758383296677674 4.3650000000000011
decision_type=2 2 2 2 2 2 2 2 2 2
left_child=4 2 -2 5 6 -3 8 -8 -1 -10
right_child=1 3 -4 -5 -6 -7 7 -9 9 -11
leaf_value=-0.043718527480420738 -0.053401944321215145 0.057448781294277343 0.0022162549920425566 0.030985040337041116 -0.045851580896219803 0.055618322215328676 -0.044361980331580314 -0.043557312971265479 -0.043349160767123293 -0.04327556561669961
leaf_weight=0.31708743423223507 0.65484458953142144 1.1864011138677604 0.53065251931548119 0.81565275788307179 0.6268433891236781 1.1210177242755888 0.5304035022854805 0.33331400528550148 0.26858370751142513 0.21445588394999504
leaf_count=6 6 5 5 4 7 5 8 7 6 5
internal_value=0.00309271 0.0283123 -0.0285061 0.0498802 -0.044343 0.0565595 -0.0437746 -0.0440515 -0.0434758 -0.0433165
internal_weight=6.59926 4.30857 1.1855 3.12307 2.29069 2.30742 1.66384 0.863718 0.800127 0.48304
internal_count=64 25 11 14 39 10 32 15 17 11
is_linear=0
shrinkage=0.05


Tree=128
num_leaves=10
num_cat=0
split_feature=2 2 12 5 2 3 0 0 0
split_gain=2.48801 6.7278e-06 4.8846e-06 4.55255e-06 3.50867e-06 1.98041e-06 1.64174e-06 1.36473e-06 6.5028e-08
threshold=2950.0000000000005 2850.0000000000005 40.000000000000007 0.68301270189221941 750.00000000000011 5.5000000000000009 10.381750000000002 5.8354500000000007 4.7199000000000009
decision_type=2 2 2 2 2 2 2 2 2
left_child=1 2 3 4 -1 8 -5 -6 -4
right_child=-2 -3 5 6 7 -7 -8 -9 -10
leaf_value=-0.042406090823028791 0.068710038928372574 -0.042807497287562654 -0.042223854465439019 -0.042481718116584653 -0.042795785882597748 -0.042427429790123788 -0.042181695845790033 -0.042605422789512647 -0.042165325267977109
leaf_weight=0.15769665222615026 0.83673919737339009 0.1554872654378413 0.10908633098006248 0.083106627687811852 0.1633062893524766 0.18462633807212114 0.10102631896734238 0.22232595831155777 0.083998935297131538
leaf_count=8 3 5 7 4 6 9 7 9 6
internal_value=0.00186653 -0.0424996 -0.0424562 -0.042532 -0.0426048 -0.0423103 -0.0423171 -0.042686 -0.0421984
internal_weight=2.0974 1.26066 1.10517 0.727462 0.543329 0.377712 0.184133 0.385632 0.193085
internal_count=64 61 56 34 23 22 11 15 13
is_linear=0
shrinkage=0.05


Tree=129
num_leaves=10
num_cat=0
split_feature=0 4 9 6 3 11 6 7 0
split_gain=3.78733 0.423822 0.000107621 9.1593e-05 5.90239e-05 3.28648e-05 1.95021e-05 2.77274e-06 4.48956e-07
threshold=10.381750000000002 46.000000000000007 -0.43031030248784691 -0.24999999999999994 2.5000000000000004 4.0000000000000009 1.0000000180025095e-35 9.4416666666666682 4.7199000000000009
decision_type=2 2 2 2 2 2 2 2 2
left_child=2 -2 4 -4 8 7 -7 -6 -1
right_child=1 -3 3 -5 5 6 -8 -9 -10
leaf_value=-0.043227608716552242 0.056454469290437286 0.018709344624790163 -0.04368916455369859 -0.044799685722263505 -0.043460319909170701 -0.043844760737840695 -0.044350511492768675 -0.043669306536003406 -0.043126600129545112
leaf_weight=0.25058365985751185 1.5368483662605288 1.4410603418946264 0.2981967069208622 0.49204815551638592 0.28164646402001359 0.44673061370849609 0.33247029036283493 0.36361714825034142 0.19609737396240234
leaf_count=6 7 7 6 7 6 8 5 7 5
internal_value=-0.000547734 0.038189 -0.0438914 -0.0443806 -0.0436847 -0.043842 -0.0440606 -0.0435781 -0.0431833
internal_weight=5.6393 2.97791 2.66139 0.790245 1.87115 1.42446 0.779201 0.645264 0.446681
internal_count=64 14 50 13 37 26 13 13 11
is_linear=0
shrinkage=0.05


Tree=130
num_leaves=12
num_cat=0
split_feature=0 12 8 4 0 9 7 4 6 2 2
split_gain=3.2674 0.143874 0.000668107 0.000161883 0.000129574 9.02943e-05 3.98862e-05 1.69325e-05 3.93956e-06 1.89506e-06 1.66684e-06
threshold=4.1838500000000005 46.000000000000007 -0.90030314410939694 6.5000000000000009 7.8579000000000008 -0.43031030248784691 8.9583333333333339 131.00000000000003 -0.24999999999999994 2512.5000000000005 2590.0000000000005
decision_type=2 2 2 2 2 2 2 2 2 2 2
left_child=1 -1 -2 -4 5 6 -5 9 -8 -6 -9
right_child=2 -3 3 4 7 -7 8 10 -10 -11 -12
leaf_value=0.024884473270783934 -0.046238517584890081 0.051947201788677247 -0.045233135476774843 -0.043424498957460145 -0.043237244218436353 -0.044997267297058698 -0.044070660180147034 -0.043774691312725586 -0.044309703586600538 -0.043423176840811789 -0.043618883086771615
leaf_weight=1.0139957815408704 0.37256503850221667 0.95238015055656422 0.23660630360245738 0.23155416175723076 0.33550601452589013 0.29504970833659194 0.36813977733254433 0.27336485311388969 0.32409905269742012 0.23167009279131889 0.46134510636329651
leaf_count=5 4 5 3 5 8 4 6 5 5 5 9
internal_value=-0.0125181 0.0379918 -0.0442512 -0.0439827 -0.0438653 -0.0442358 -0.0439926 -0.0435184 -0.0441826 -0.0433132 -0.0436769
internal_weight=5.09628 1.96638 3.1299 2.75734 2.52073 1.21884 0.923793 1.30189 0.692239 0.567176 0.73471
internal_count=64 10 54 50 47 20 16 27 11 13 14
is_linear=0
shrinkage=0.05


Tree=131
num_leaves=10
num_cat=0
split_feature=2 9 0 11 10 2 2 11 0
split_gain=5.11144 1.26392 0.745601 0.62204 0.573307 0.99877 0.0166659 0.00191359 0.000168978
threshold=875.00000000000011 -0.95205858110577612 9.1832000000000011 1.5000000000000002 4.5000000000000009 1650.0000000000002 2005.0000000000002 4.0000000000000009 10.363450000000002
decision_type=2 2 2 2 2 2 2 2 2
left_child=2 -2 3 -1 5 -3 -6 -7 -8
right_child=1 4 -4 -5 6 7 8 -9 -10
leaf_value=-0.002599025044920654 0.057894748490272353 0.024534484026405477 0.076613224942355673 0.047704172933832417 -0.053072620600925352 -0.04434090636635557 -0.045871674022103973 -0.048520885310307738 -0.044715009207752905
leaf_weight=0.8928789794445039 0.40061377733945835 0.90807457268238101 1.3937136530876157 1.9716212898492813 1.4740962535142901 0.60956856608390786 0.5925670266151426 0.49708368629217148 0.67594713717699051
leaf_count=5 2 5 6 9 9 9 6 4 9
internal_value=0.00607407 -0.0273978 0.0466183 0.0320244 -0.0345802 -0.0143288 -0.049457 -0.0462185 -0.0452553
internal_weight=9.41616 5.15795 4.25821 2.8645 4.75734 2.01473 2.74261 1.10665 1.26851
internal_count=64 44 20 14 42 18 24 13 15
is_linear=0
shrinkage=0.05


Tree=132
num_leaves=12
num_cat=0
split_feature=0 14 5 11 10 8 14 0 5 3 2
split_gain=2.46788 1.17334 1.28619 2.93873 1.00994 0.306924 0.11618 0.0103868 0.00014718 7.95204e-05 1.88304e-05
threshold=7.8579000000000008 1.5000000000000002 -0.6830127018922193 1.5000000000000002 4.5000000000000009 0.99465189230620699 2.5000000000000004 4.4356500000000008 -0.24999999999999994 1.5000000000000002 2590.0000000000005
decision_type=2 2 2 2 2 2 2 2 2 2 2
left_child=1 2 -1 4 -4 6 8 -5 -2 -10 -11
right_child=5 -3 3 7 -6 -7 -8 -9 9 10 -12
leaf_value=0.056896134216372185 -0.045290102703028579 0.067936366798726666 -0.0090313231489307037 -0.048397416145538025 0.069095575262099793 -0.011866935519464973 -0.074632029093769356 -0.056238775908375817 -0.044887952209644234 -0.043685667990343374 -0.044156687586829287
leaf_weight=1.0069096237421034 0.42482218891382251 0.96271130442619313 0.67661287635564793 0.71343154460191738 1.0643490999937057 0.69211021065711964 0.39887017384171475 1.0349822603166101 0.31393479183316253 0.3643401637673378 0.50810166448354721
leaf_count=4 5 4 8 6 4 5 3 6 4 7 8
internal_value=-0.00150435 0.0178401 0.00711387 -0.00725152 0.0387321 -0.0405844 -0.0504725 -0.0530391 -0.0444915 -0.0442055 -0.04396
internal_weight=8.16118 5.459 4.49629 3.48938 1.74096 2.70218 2.01007 1.74841 1.6112 1.18638 0.872442
internal_count=64 32 28 24 12 32 27 12 24 19 15
is_linear=0
shrinkage=0.05


Tree=133
num_leaves=11
num_cat=0
split_feature=0 3 8 0 4 3 11 14 9 0
split_gain=2.88695 1.93318 0.339295 0.1548 0.000615355 0.0005692 5.07003e-05 4.6725e-05 1.19777e-05 2.48268e-07
threshold=10.361300000000002 4.5000000000000009 0.97868534383143946 10.381750000000002 220.00000000000003 9.5000000000000018 4.0000000000000009 1.0000000180025095e-35 -0.58758383296677674 4.3650000000000011
decision_type=2 2 2 2 2 2 2 2 2 2
left_child=4 2 -2 5 6 -3 8 -8 -1 -10
right_child=1 3 -4 -5 -6 -7 7 -9 9 -11
leaf_value=-0.043597921677948175 -0.052867117629246764 0.055908690924153737 0.0017294378658778689 0.02954583494505534 -0.045543872109703565 0.054297381910818537 -0.044221443768405699 -0.043443744485269442 -0.043222820075372398 -0.043147878253254238
leaf_weight=0.29995877668261539 0.62613090127706506 1.1297368258237845 0.52165491133928299 0.8095775470137595 0.59155410528182972 1.0645378679037092 0.50354301184415817 0.31330868229269981 0.24987800046801578 0.19814606755971909
leaf_count=6 6 5 5 4 7 5 8 7 6 5
internal_value=0.00276407 0.027142 -0.0280536 0.0482325 -0.0441701 0.055127 -0.0436508 -0.0439232 -0.0433534 -0.0431897
internal_weight=6.30803 4.15164 1.14779 3.00385 2.15639 2.19427 1.56483 0.816852 0.747983 0.448024
internal_count=64 25 11 14 39 10 32 15 17 11
is_linear=0
shrinkage=0.05


Tree=134
num_leaves=10
num_cat=0
split_feature=2 2 12 5 2 3 0 0 0
split_gain=2.30846 5.39106e-06 4.16106e-06 3.79334e-06 3.09377e-06 1.93729e-06 1.45682e-06 1.36888e-06 4.62178e-08
threshold=2950.0000000000005 2850.0000000000005 40.000000000000007 0.68301270189221941 750.00000000000011 5.5000000000000009 10.381750000000002 5.8354500000000007 4.7199000000000009
decision_type=2 2 2 2 2 2 2 2 2
left_child=1 2 3 4 -1 8 -5 -6 -4
right_child=-2 -3 5 6 7 -7 -8 -9 -10
leaf_value=-0.042358858597495379 0.066753736846171807 -0.042736161249681465 -0.042178641756115548 -0.042440837190289363 -0.042742334861934156 -0.04239026507020438 -0.042150217139983674 -0.042546510672931852 -0.042127272752372262
leaf_weight=0.14744473434984706 0.81751705706119526 0.14604830183088768 0.10052159335464239 0.078849807381629944 0.15596301201730967 0.17571840807795525 0.095166128128767014 0.20860903337597847 0.077581875957548618
leaf_count=8 3 5 7 4 6 9 7 9 6
internal_value=0.00211075 -0.0424517 -0.0424117 -0.0424836 -0.0425521 -0.0422725 -0.0422819 -0.0426303 -0.0421563
internal_weight=2.00342 1.1859 1.03985 0.686033 0.512017 0.353822 0.174016 0.364572 0.178103
internal_count=64 61 56 34 23 22 11 15 13
is_linear=0
shrinkage=0.05


Tree=135
num_leaves=10
num_cat=0
split_feature=0 2 9 6 4 11 2 7 0
split_gain=3.4734 0.70804 9.84334e-05 7.70969e-05 5.10305e-05 2.80117e-05 1.86798e-05 2.4007e-06 3.92175e-07
threshold=10.381750000000002 2005.0000000000002 -0.43031030248784691 -0.24999999999999994 58.500000000000007 4.0000000000000009 1450.0000000000002 9.4416666666666682 4.7199000000000009
decision_type=2 2 2 2 2 2 2 2 2
left_child=2 -2 4 -4 8 7 -7 -6 -1
right_child=1 -3 3 -5 5 6 -8 -9 -10
leaf_value=-0.043110887287448205 0.01011329910660503 0.059414477585247642 -0.043583890663737308 -0.044630947710408188 -0.04333817115412994 -0.044157739967868814 -0.043652703081147715 -0.043538860557994663 -0.043012837879418543
leaf_weight=0.23311024159193072 1.3623247444629671 1.5646834224462507 0.28165247663855553 0.46781946718692768 0.26394225656986214 0.3746521957218647 0.3580835722386837 0.34222732484340668 0.1813012920320034
leaf_count=6 7 7 6 7 6 6 7 7 5
internal_value=-0.000510928 0.0364681 -0.0437579 -0.0442375 -0.0435528 -0.0437029 -0.0439109 -0.0434515 -0.043068
internal_weight=5.4298 2.92701 2.50279 0.749472 1.75332 1.33891 0.732736 0.60617 0.414412
internal_count=64 14 50 13 37 26 13 13 11
is_linear=0
shrinkage=0.05


Tree=136
num_leaves=12
num_cat=0
split_feature=0 12 7 11 4 0 5 4 10 0 9
split_gain=3.01133 0.142588 0.000560995 0.000112926 8.30078e-05 0.00011651 3.39899e-05 7.86156e-06 2.9593e-06 2.17886e-06 1.00892e-06
threshold=4.1838500000000005 46.000000000000007 16.041666666666668 4.0000000000000009 14.500000000000002 4.5574000000000012 -0.24999999999999994 131.00000000000003 4.5000000000000009 5.8354500000000007 -0.58758383296677674
decision_type=2 2 2 2 2 2 2 2 2 2 2
left_child=1 -1 3 7 -5 -6 9 8 -2 -7 -9
right_child=2 -3 -4 4 5 6 -8 10 -10 -11 -12
leaf_value=0.023620838360078052 -0.043120221645949211 0.051093732420349106 -0.045966882711689874 -0.045001301074346682 -0.044664834360882817 -0.043998139515424028 -0.043294756399332265 -0.043620736006873141 -0.04338624078820668 -0.043801683872533304 -0.04348883512505318
leaf_weight=0.99052152037620522 0.19503700733184881 0.90273332595825195 0.35239362344145764 0.22184396535158146 0.40837846696376778 0.29062911495566368 0.38757976144552231 0.25467618182301521 0.22532507032155991 0.27438485994935036 0.33657949417829514
leaf_count=5 5 5 4 3 6 5 9 5 5 5 7
internal_value=-0.0124831 0.0367203 -0.044095 -0.0438407 -0.0441045 -0.0439583 -0.0436554 -0.0434281 -0.0432628 -0.0439027 -0.0435456
internal_weight=4.84008 1.89325 2.94683 2.59443 1.58282 1.36097 0.952594 1.01162 0.420362 0.565014 0.591256
internal_count=64 10 54 50 28 25 19 22 10 10 12
is_linear=0
shrinkage=0.05


Tree=137
num_leaves=9
num_cat=0
split_feature=2 10 2 0 11 2 11 0
split_gain=4.61077 1.15115 1.6242 0.700952 0.146423 0.0134885 0.00161377 0.000176236
threshold=875.00000000000011 4.5000000000000009 1650.0000000000002 7.8579000000000008 4.0000000000000009 2005.0000000000002 4.0000000000000009 10.363450000000002
decision_type=2 2 2 2 2 2 2 2
left_child=3 2 -2 4 -1 -3 -4 -7
right_child=1 5 6 -5 -6 7 -8 -9
leaf_value=0.014074764387418793 0.039421877321794918 -0.052161018164567044 -0.044144452741479698 0.06766693754834345 0.039272805464752147 -0.045652427277515811 -0.048098156014518709 -0.044485098871192764
leaf_weight=1.1839047148823738 1.1986522227525713 1.4019945822656157 0.56990867108106591 1.8483127206563947 1.1237473860383034 0.66171179711818673 0.47171597182750702 0.63228249922394753
leaf_count=6 6 9 9 9 5 7 4 9
internal_value=0.00591784 -0.0267529 -0.000265081 0.0447226 0.0263453 -0.0487633 -0.0459349 -0.045082
internal_weight=9.09223 4.93627 2.24028 4.15596 2.30765 2.69599 1.04162 1.29399
internal_count=64 44 19 20 11 25 13 16
is_linear=0
shrinkage=0.05


Tree=138
num_leaves=12
num_cat=0
split_feature=0 14 5 11 10 8 14 0 5 3 2
split_gain=2.23264 1.08268 1.13465 2.73248 0.910884 0.306532 0.0930942 0.00870791 0.000128446 5.35395e-05 1.65059e-05
threshold=7.8579000000000008 1.5000000000000002 -0.6830127018922193 1.5000000000000002 4.5000000000000009 0.99465189230620699 2.5000000000000004 4.4356500000000008 -0.24999999999999994 1.5000000000000002 2590.0000000000005
decision_type=2 2 2 2 2 2 2 2 2 2 2
left_child=1 2 -1 4 -4 6 8 -5 -2 -10 -11
right_child=5 -3 3 7 -6 -7 -8 -9 9 10 -12
leaf_value=0.05368971060105529 -0.045043779887134455 0.065861937577351246 -0.008293421766911455 -0.048000260023677965 0.066708341400011015 -0.010851561242495845 -0.07174446582636726 -0.055337779538358327 -0.044582637280470905 -0.043522026581734596 -0.043979329752643931
leaf_weight=0.99444863200187672 0.39947799965739239 0.94093903899192799 0.66244436800479878 0.6799754910171032 1.0409247279167175 0.68372368067502964 0.38827848061919201 0.99753132835030556 0.28819300979375861 0.33742677047848701 0.47521807998418808
leaf_count=4 5 4 8 6 4 5 3 6 4 7 8
internal_value=-0.00129757 0.0172053 0.00674142 -0.00706791 0.03754 -0.0395379 -0.0499231 -0.0523635 -0.0442758 -0.0439971 -0.0437894
internal_weight=7.88858 5.31626 4.37532 3.38088 1.70337 2.57232 1.88859 1.67751 1.50032 1.10084 0.812645
internal_count=64 32 28 24 12 32 27 12 24 19 15
is_linear=0
shrinkage=0.05


Tree=139
num_leaves=11
num_cat=0
split_feature=0 4 7 0 4 4 11 14 9 9
split_gain=2.65362 1.75694 0.308335 0.148932 0.000490992 0.000421625 4.69883e-05 3.43283e-05 7.77626e-06 5.56738e-06
threshold=10.361300000000002 131.00000000000003 6.7500000000000009 10.381750000000002 220.00000000000003 271.00000000000006 1.5000000000000002 1.0000000180025095e-35 -0.5 -0.62577451934762973
decision_type=2 2 2 2 2 2 2 2 2 2
left_child=4 2 -2 5 6 -3 8 9 -1 -8
right_child=1 3 -4 -5 -6 -7 7 -9 -10 -11
leaf_value=-0.043425619444873838 0.00093306697618376032 0.054542750250826194 -0.051971208081690257 0.028462777886749654 -0.045276148925774633 0.053118590004320392 -0.044140845253871214 -0.043329501536169657 -0.043054956329311028 -0.043829234145749671
leaf_weight=0.22780463472008705 0.51581006869673751 1.0725573301315314 0.59093167260289192 0.79949158430099476 0.55900441110134114 1.0082118511199949 0.30546262115240108 0.29263516329228878 0.37348495796322845 0.27007088437676419
leaf_count=5 5 5 6 4 7 5 5 7 10 5
internal_value=0.00254311 0.0262304 -0.0273145 0.0468051 -0.0440149 0.0538527 -0.0435351 -0.0437704 -0.0431954 -0.0439946
internal_weight=6.01547 3.987 1.10674 2.88026 2.02846 2.08077 1.46946 0.868169 0.60129 0.575534
internal_count=64 25 11 14 39 10 32 17 15 10
is_linear=0
shrinkage=0.05


Tree=140
num_leaves=11
num_cat=0
split_feature=2 11 2 5 6 3 7 7 0 10
split_gain=2.13375 4.36686e-06 3.31138e-06 3.38598e-06 2.58159e-06 3.18225e-06 2.85267e-06 1.50824e-06 3.73431e-07 8.00757e-09
threshold=2950.0000000000005 1.0000000180025095e-35 2850.0000000000005 0.68301270189221941 -0.24999999999999994 9.5000000000000018 8.9583333333333339 8.9583333333333339 5.8354500000000007 4.5000000000000009
decision_type=2 2 2 2 2 2 2 2 2 2
left_child=1 -1 3 4 8 -6 -7 9 -3 -5
right_child=-2 2 -4 7 5 6 -8 -9 -10 -11
leaf_value=-0.042113761319463386 0.064780321464868826 -0.042399208403682685 -0.0426697845962885 -0.042109478480823963 -0.042741871647810389 -0.042289900977052111 -0.042639476661390695 -0.042404859895214753 -0.042284851516092715 -0.042134500354570587
leaf_weight=0.11310490034520615 0.79566341638565075 0.15862205531448104 0.13712316937744617 0.062297957018017769 0.13410378061234951 0.13813222572207451 0.10105248726904392 0.074861552566289902 0.12980838678777218 0.065689047798514366
leaf_count=9 3 8 5 5 5 8 4 4 8 5
internal_value=0.00223339 -0.0424083 -0.0424415 -0.0424053 -0.0424601 -0.0425469 -0.0424376 -0.0422266 -0.0423477 -0.0421223
internal_weight=1.91046 1.1148 1.00169 0.864567 0.661719 0.373288 0.239185 0.202849 0.28843 0.127987
internal_count=64 61 52 47 33 17 12 14 16 10
is_linear=0
shrinkage=0.05


Tree=141
num_leaves=10
num_cat=0
split_feature=0 2 9 6 3 11 2 8 0
split_gain=3.1987 0.651644 8.76867e-05 6.58626e-05 4.41396e-05 2.46192e-05 1.91741e-05 1.49449e-06 2.98101e-07
threshold=10.381750000000002 2005.0000000000002 -0.43031030248784691 -0.24999999999999994 2.5000000000000004 4.0000000000000009 1450.0000000000002 0.6377464691245277 4.7199000000000009
decision_type=2 2 2 2 2 2 2 2 2
left_child=2 -2 4 -4 8 7 -7 -6 -1
right_child=1 -3 3 -5 5 6 -8 -9 -10
leaf_value=-0.043003134316082235 0.01001747122506298 0.057852065931605447 -0.043472723489104727 -0.044469948536484234 -0.043404205069227243 -0.04403183841757928 -0.043504409891081321 -0.043240785044227806 -0.042914415554749868
leaf_weight=0.21677600592374835 1.356806129217148 1.4980941265821455 0.26387719623744488 0.444454826414585 0.31900238618254639 0.35659001395106316 0.33345212787389755 0.24918178096413612 0.16810964047908783
leaf_count=6 7 7 6 7 7 6 7 6 5
internal_value=-0.000449821 0.0351184 -0.0436334 -0.0440984 -0.0434329 -0.0435763 -0.043777 -0.0433325 -0.0429644
internal_weight=5.20634 2.8549 2.35144 0.708332 1.64311 1.25823 0.690042 0.568184 0.384886
internal_count=64 14 50 13 37 26 13 13 11
is_linear=0
shrinkage=0.05


Tree=142
num_leaves=11
num_cat=0
split_feature=3 4 12 5 7 3 7 2 7 10
split_gain=2.07201 0.264024 0.0809598 0.001882 0.000285941 8.28473e-05 4.98521e-05 7.15211e-06 3.15621e-06 3.91947e-08
threshold=1.5000000000000002 318.00000000000006 122.00000000000001 0.93301270189221952 16.041666666666668 5.5000000000000009 7.8333333333333339 2512.5000000000005 9.4416666666666682 4.5000000000000009
decision_type=2 2 2 2 2 2 2 2 2 2
left_child=2 3 -1 4 5 8 -7 -8 9 -2
right_child=1 -3 -4 -5 -6 6 7 -9 -10 -11
leaf_value=0.023275635078775406 -0.04304432005940409 -0.0076852261656387109 0.045862789762351697 -0.047348364054285781 -0.045514707227863854 -0.044357006820634017 -0.043749059319744266 -0.043409270332173774 -0.043300139760156606 -0.043076637358652276
leaf_weight=0.88318888470530488 0.18550290167331773 0.60994952172040928 0.7202553004026413 0.48207322880625714 0.22699108347296704 0.36771696433424927 0.48081886023283005 0.22844526171684265 0.21721861883997917 0.18982811644673347
leaf_count=8 5 8 5 5 3 6 9 5 5 5
internal_value=-0.0124315 -0.037033 0.0334216 -0.0445588 -0.0438497 -0.0436233 -0.0438846 -0.0436396 -0.0431485 -0.0430607
internal_weight=4.59199 2.98854 1.60344 2.3786 1.89652 1.66953 1.07698 0.709264 0.59255 0.375331
internal_count=64 51 13 43 38 35 20 14 15 10
is_linear=0
shrinkage=0.05


Tree=143
num_leaves=11
num_cat=0
split_feature=2 9 6 0 6 2 8 5 7 3
split_gain=4.16462 1.08574 0.729321 0.67304 0.818183 0.00592485 0.00229505 0.00134792 5.57455e-05 3.05847e-05
threshold=875.00000000000011 -0.95205858110577612 -0.68301270189221952 7.8579000000000008 -0.9330127018922193 1650.0000000000002 0.97868534383143946 -0.24999999999999994 8.5833333333333339 2.5000000000000004
decision_type=2 2 2 2 2 2 2 2 2 2
left_child=3 -2 -3 4 -1 6 -4 -7 9 -9
right_child=1 2 5 -5 -6 7 -8 8 -10 -11
leaf_value=0.059849657759795651 0.052704900554623881 -0.0027057950609148374 -0.047654747886148735 0.065986390725508548 -0.00086274868941522195 -0.048043660971394696 -0.051649643797578165 -0.043891330724376731 -0.04493003569284789 -0.044466227041903755
leaf_weight=0.96390958130359639 0.39888569712638844 1.3293178454041479 0.7663434259593489 1.775521472096443 1.3078774660825732 0.30601717159151998 0.6772305816411972 0.51947128400206566 0.30049703642725945 0.41710789129137993
leaf_count=4 2 9 7 9 7 3 4 9 4 6
internal_value=0.00571756 -0.0262199 -0.0335141 0.0429227 0.0248973 -0.0472264 -0.0495289 -0.0450725 -0.0443375 -0.0441474
internal_weight=8.76218 4.71487 4.31599 4.04731 2.27179 2.98667 1.44357 1.54309 1.23708 0.936579
internal_count=64 44 42 20 11 33 11 22 19 15
is_linear=0
shrinkage=0.05


Tree=144
num_leaves=12
num_cat=0
split_feature=0 14 5 11 5 8 14 0 5 3 2
split_gain=2.01731 1.00619 1.01355 2.52862 0.324902 0.297822 0.0741782 0.00779361 0.00011159 3.5281e-05 1.42358e-05
threshold=7.8579000000000008 1.5000000000000002 -0.6830127018922193 1.5000000000000002 0.68301270189221941 0.99465189230620699 2.5000000000000004 4.4356500000000008 -0.24999999999999994 1.5000000000000002 2590.0000000000005
decision_type=2 2 2 2 2 2 2 2 2 2 2
left_child=1 2 -1 4 -4 6 8 -5 -2 -10 -11
right_child=5 -3 3 7 -6 -7 -8 -9 9 10 -12
leaf_value=0.050943534620800361 -0.044812943280433837 0.064157164369900696 0.016836232262283129 -0.047559220320669504 0.061446839012169019 -0.010339270962585191 -0.069077803513899805 -0.054665087922425394 -0.044302075244254245 -0.043371926431196514 -0.043812619585576557
leaf_weight=0.97747635841369618 0.37510393932461727 0.91191489994525898 0.9431726410984993 0.64402148500084877 0.71950234472751617 0.67383905500173558 0.37680380418896664 0.96266650408506393 0.26387119665741943 0.31227666512131691 0.4435218870639801
leaf_count=4 5 4 9 6 3 5 3 6 4 7 8
internal_value=-0.00122723 0.0165038 0.00627133 -0.0070848 0.0361409 -0.038632 -0.0493934 -0.0518168 -0.0440756 -0.0438043 -0.0436305
internal_weight=7.60417 5.15875 4.24684 3.26936 1.66267 2.44542 1.77158 1.60669 1.39477 1.01967 0.755799
internal_count=64 32 28 24 12 32 27 12 24 19 15
is_linear=0
shrinkage=0.05


Tree=145
num_leaves=11
num_cat=0
split_feature=0 3 7 0 4 14 11 14 5 12
split_gain=2.45325 1.60859 0.279509 0.144752 0.000388485 0.000383434 4.25907e-05 3.70387e-05 1.00115e-05 1.72954e-06
threshold=10.361300000000002 4.5000000000000009 6.7500000000000009 10.381750000000002 220.00000000000003 1.0000000180025095e-35 4.0000000000000009 1.0000000180025095e-35 0.25000000000000011 85.500000000000014
decision_type=2 2 2 2 2 2 2 2 2 2
left_child=4 2 -2 5 6 -3 8 -8 -1 -10
right_child=1 3 -4 -5 -6 -7 7 -9 9 -11
leaf_value=-0.043442610969215249 7.4359074176552593e-05 0.052109398035277379 -0.051144976913468615 0.027501404388942909 -0.045019502833933862 0.053502001989635499 -0.043966226392952758 -0.043230021728163807 -0.043122957810655969 -0.042927421515035112
leaf_weight=0.18578594177961327 0.51072331890463851 0.95546844601631198 0.55669265985488892 0.78889823704957951 0.52910345792770375 1.0240395963191984 0.45338437706232071 0.27414744161069393 0.19322239607572556 0.27268190309405327
leaf_count=4 5 5 6 4 7 5 8 7 5 8
internal_value=0.00245902 0.0255066 -0.0266382 0.0456121 -0.0438677 0.0528298 -0.0434258 -0.0436888 -0.0431323 -0.0430085
internal_weight=5.74415 3.83582 1.06742 2.76841 1.90833 1.97951 1.37922 0.727532 0.65169 0.465904
internal_count=64 25 11 14 39 10 32 15 17 13
is_linear=0
shrinkage=0.05


Tree=146
num_leaves=11
num_cat=0
split_feature=2 11 2 0 0 2 7 4 3 3
split_gain=1.97781 3.82203e-06 2.89788e-06 2.91875e-06 4.46266e-06 2.24375e-06 1.48498e-06 9.01655e-07 7.9246e-07 7.08041e-07
threshold=2950.0000000000005 1.0000000180025095e-35 400.00000000000006 10.363450000000002 11.102200000000002 1650.0000000000002 10.325000000000001 205.00000000000003 5.5000000000000009 6.5000000000000009
decision_type=2 2 2 2 2 2 2 2 2 2
left_child=1 -1 8 5 9 6 7 -4 -3 -5
right_child=-2 2 3 4 -6 -7 -8 -9 -10 -11
leaf_value=-0.04208137980796911 0.063044461306089317 -0.042122888544780024 -0.042212037051671612 -0.042086555275338056 -0.042647487292228663 -0.042653272668713979 -0.042589837329305991 -0.042434518777079329 -0.042339141535557442 -0.04227246924187672
leaf_weight=0.10492995195090749 0.77336296439170849 0.099673036485910416 0.073004652746021748 0.082924706861376762 0.075603166595101357 0.18548846431076527 0.097700342535972595 0.12105036620050669 0.073679139837622643 0.13391493353992701
leaf_count=9 3 8 5 7 3 7 4 6 4 8
internal_value=0.00239182 -0.0423676 -0.0423995 -0.0424411 -0.0423167 -0.0425173 -0.0424309 -0.0423508 -0.0422148 -0.0422014
internal_weight=1.82133 1.04797 0.943039 0.769687 0.292443 0.477244 0.291755 0.194055 0.173352 0.21684
internal_count=64 61 52 40 18 22 15 11 12 15
is_linear=0
shrinkage=0.05


Tree=147
num_leaves=10
num_cat=0
split_feature=0 2 9 0 3 11 2 7 0
split_gain=2.94331 0.60642 8.01111e-05 5.37949e-05 3.69996e-05 2.18242e-05 1.87474e-05 1.24861e-06 2.66989e-07
threshold=10.381750000000002 2005.0000000000002 -0.43031030248784691 5.8354500000000007 2.5000000000000004 4.0000000000000009 1450.0000000000002 9.4416666666666682 4.7199000000000009
decision_type=2 2 2 2 2 2 2 2 2
left_child=2 -2 4 -4 8 7 -7 -6 -1
right_child=1 -3 3 -5 5 6 -8 -9 -10
leaf_value=-0.042911250162637263 0.0097606679275826971 0.056460775503811338 -0.044384601454175644 -0.043487033354217934 -0.04312892922157649 -0.043905869717270979 -0.043367443668248434 -0.043283539698854755 -0.042824195952837728
leaf_weight=0.20271345973014865 1.3514043241739275 1.4314951598644254 0.36371295526623715 0.30855106562376022 0.23267529904842355 0.33789528161287308 0.30998603254556656 0.29761118814349174 0.15574274957180023
leaf_count=6 7 7 6 7 6 6 7 7 5
internal_value=-0.00042292 0.0337827 -0.0435174 -0.0439726 -0.0433182 -0.0434536 -0.0436483 -0.0432157 -0.0428734
internal_weight=4.99179 2.7829 2.20889 0.672264 1.53662 1.17817 0.647881 0.530286 0.358456
internal_count=64 14 50 13 37 26 13 13 11
is_linear=0
shrinkage=0.05


Tree=148
num_leaves=12
num_cat=0
split_feature=0 11 7 9 0 7 7 4 2 4 5
split_gain=2.63545 0.186162 0.000396875 0.000170352 9.50172e-05 9.41563e-05 3.33891e-05 7.13093e-06 5.04304e-06 1.41255e-06 4.61696e-07
threshold=4.1838500000000005 1.0000000180025095e-35 16.041666666666668 -1.0000000180025095e-35 7.8579000000000008 7.4000000000000012 8.9583333333333339 131.00000000000003 750.00000000000011 46.000000000000007 -0.24999999999999994
decision_type=2 2 2 2 2 2 2 2 2 2 2
left_child=1 -1 3 4 5 -2 -7 9 -8 -6 -9
right_child=2 -3 -4 -5 7 6 8 10 -10 -11 -12
leaf_value=0.049770701329148924 -0.044764776318840696 0.016834414284421721 -0.045527292161362913 -0.044952704227753278 -0.04295555436490206 -0.043073767495601913 -0.043650307035452314 -0.043337500244690394 -0.043943571265547966 -0.043122633235432091 -0.043246604479758061
leaf_weight=0.98119483888149239 0.21686521545052595 0.76236696541309357 0.31475589051842678 0.22194199636578593 0.27922606840729691 0.22474350593984127 0.30699824169278145 0.26490622758865356 0.28056468442082405 0.23128767311573029 0.2955891340970993
leaf_count=6 3 4 4 3 8 6 6 6 5 6 7
internal_value=-0.0123247 0.0353694 -0.0438612 -0.0436353 -0.0434961 -0.0438392 -0.0435921 -0.0431664 -0.0437903 -0.0430312 -0.0432896
internal_weight=4.38044 1.74356 2.63688 2.32212 2.10018 1.02917 0.812306 1.07101 0.587563 0.510514 0.560495
internal_count=64 10 54 50 47 20 17 27 11 14 13
is_linear=0
shrinkage=0.05


Tree=149
num_leaves=10
num_cat=0
split_feature=2 10 2 0 12 2 5 0 0
split_gain=3.78702 1.03839 1.37147 0.635138 0.141879 0.00911106 0.00110851 0.00015035 4.95661e-05
threshold=875.00000000000011 4.5000000000000009 1650.0000000000002 7.8579000000000008 29.500000000000004 2005.0000000000002 0.25000000000000011 10.363450000000002 1.8748330000000002
decision_type=2 2 2 2 2 2 2 2 2
left_child=3 2 -2 4 -1 -3 -4 -7 -8
right_child=1 5 6 -5 -6 7 8 -9 -10
leaf_value=0.03846080603216967 0.036018709084532564 -0.050808895445612547 -0.047752208292739629 0.064439042472937649 0.012857787073642516 -0.045216479805652063 -0.043724990163785483 -0.044070540854760185 -0.044644680926195092
leaf_weight=0.94760023057460863 1.1734382435679438 1.2768120989203455 0.33216311037540425 1.7085102945566175 1.2613486424088476 0.59957988560199715 0.3228975348174572 0.54769743606448174 0.26817368716001511
leaf_count=4 6 9 3 9 7 7 6 9 4
internal_value=0.00556394 -0.0256171 0.000149279 0.0415469 0.023841 -0.0479032 -0.0454411 -0.0446694 -0.0441423
internal_weight=8.43822 4.52076 2.09667 3.91746 2.20895 2.42409 0.923234 1.14728 0.591071
internal_count=64 44 19 20 11 25 13 16 10
is_linear=0
shrinkage=0.05


Tree=150
num_leaves=10
num_cat=0
split_feature=2 5 8 7 14 2 0 12 3
split_gain=1.27593 1.69333 1.33105 0.548676 1.61215 0.00714095 1.83924e-05 2.0813e-05 1.03883e-06
threshold=1450.0000000000002 -0.6830127018922193 0.80873976445662543 9.4416666666666682 1.0000000180025095e-35 1650.0000000000002 10.381750000000002 46.000000000000007 3.5000000000000004
decision_type=2 2 2 2 2 2 2 2 2
left_child=2 -2 3 4 -1 -3 7 -7 -8
right_child=1 5 -4 -5 -6 6 8 -9 -10
leaf_value=-0.02576765560856072 0.042545944663172013 -0.049073363872219583 0.056034663701180279 -0.029156002082696628 0.062549759588654594 -0.044030803779361548 -0.043331790747194336 -0.043554505874348691 -0.043482942890562856
leaf_weight=1.1814851537346847 0.68906983733177218 1.1020869389176371 1.3579724431037901 1.2336495667695997 0.91835229098796833 0.47041015699505784 0.22010788694024086 0.4475964792072773 0.23507387563586235
leaf_count=9 3 9 6 8 4 8 5 9 5
internal_value=-0.00224151 -0.0267773 0.0143077 -0.00269078 0.0128575 -0.0460756 -0.0436697 -0.0437986 -0.0434099
internal_weight=7.8558 3.16435 4.69146 3.33349 2.09984 2.47528 1.37319 0.918007 0.455182
internal_count=66 39 27 21 13 36 27 17 10
is_linear=0
shrinkage=0.05


Tree=151
num_leaves=12
num_cat=0
split_feature=0 0 6 5 5 8 7 2 3 3 12
split_gain=1.71428 1.56011 0.355537 0.000965072 0.000261026 0.000114929 9.67145e-05 3.24008e-05 4.38359e-06 1.61183e-06 1.50125e-07
threshold=10.361300000000002 11.100500000000002 1.0000000180025095e-35 0.68301270189221941 -0.6830127018922193 0.9195955058153672 8.9583333333333339 400.00000000000006 1.5000000000000002 6.5000000000000009 146.50000000000003
decision_type=2 2 2 2 2 2 2 2 2 2 2
left_child=4 2 -2 -3 -1 6 8 -8 10 -9 -6
right_child=1 3 -4 -5 5 -7 7 9 -10 -11 -12
leaf_value=-0.04515123436875601 0.017487107743785084 -0.046651179800948933 0.056922943643563775 -0.043120746577168106 -0.04279925147271018 -0.044558747051929387 -0.04330182059561067 -0.04390667624953265 -0.043106278745631631 -0.044075966361125714 -0.04286537754497996
leaf_weight=0.32574570924043689 1.1911907792091376 0.44790627807378758 1.0986877232789991 0.34090013429522514 0.15318273194134213 0.26594026014208783 0.24134950712323189 0.2717689648270607 0.26450867019593716 0.29132390767335892 0.1952159721404314
leaf_count=4 6 4 5 9 5 4 6 5 7 5 6
internal_value=-0.00792729 0.0155182 0.0364085 -0.0451254 -0.0438557 -0.043605 -0.043426 -0.0437865 -0.0429528 -0.0439943 -0.0428363
internal_weight=5.08772 3.07868 2.28988 0.788806 2.00904 1.68329 1.41735 0.804442 0.612907 0.563093 0.348399
internal_count=66 24 11 13 42 38 34 16 18 10 11
is_linear=0
shrinkage=0.05


Tree=152
num_leaves=11
num_cat=0
split_feature=2 11 14 0 0 6 4 3 10 0
split_gain=1.72619 5.12041e-06 5.63612e-06 3.34204e-06 3.32639e-06 3.00847e-06 9.09246e-07 3.46747e-07 1.11849e-07 2.38185e-08
threshold=2950.0000000000005 4.0000000000000009 1.0000000180025095e-35 5.8354500000000007 11.102200000000002 0.25000000000000017 131.00000000000003 5.5000000000000009 4.5000000000000009 9.1832000000000011
decision_type=2 2 2 2 2 2 2 2 2 2
left_child=1 2 7 5 6 -3 -5 8 9 -1
right_child=-2 3 -4 4 -6 -7 -8 -9 -10 -11
leaf_value=-0.042064746284372269 0.059208437432386879 -0.042659684836624981 -0.042546012023141296 -0.042096048324094824 -0.042606797871857088 -0.042344238636242371 -0.042303847346197868 -0.042191812923716071 -0.042118734230339558 -0.04202296886821736
leaf_weight=0.078721569851040618 0.70731058716773998 0.21058220230042934 0.095382791012525558 0.09264841303229332 0.072037884965538979 0.11790495272725821 0.1219115974381566 0.087336653843522072 0.087796172127127647 0.06021258607506752
leaf_count=7 3 8 4 8 3 7 7 6 7 6
internal_value=-0.000869941 -0.0423464 -0.0422094 -0.0424376 -0.0423128 -0.0425465 -0.0422141 -0.0421072 -0.0420746 -0.0420466
internal_weight=1.73185 1.02453 0.40945 0.615085 0.286598 0.328487 0.21456 0.314067 0.22673 0.138934
internal_count=66 63 30 33 18 15 15 26 20 13
is_linear=0
shrinkage=0.05


Tree=153
num_leaves=11
num_cat=0
split_feature=0 4 4 8 7 0 2 2 3 12
split_gain=3.0787 0.790196 0.18247 0.000184445 5.75154e-05 2.79109e-05 1.33405e-05 1.58377e-05 3.63271e-06 1.19311e-07
threshold=10.381750000000002 46.000000000000007 99.500000000000014 0.9195955058153672 8.5833333333333339 7.8579000000000008 1250.0000000000002 750.00000000000011 1.5000000000000002 146.50000000000003
decision_type=2 2 2 2 2 2 2 2 2 2
left_child=3 -2 -3 4 8 6 7 -6 9 -1
right_child=1 2 -4 -5 5 -7 -8 -9 -10 -11
leaf_value=-0.042718849793009529 0.063905283341492078 0.028266821980923285 -0.0031464370010144483 -0.044421413838055195 -0.043484270373822478 -0.043066731553525091 -0.043340649189264446 -0.044037013140536957 -0.043007369213567383 -0.042779898582390813
leaf_weight=0.14283574000000987 1.3441916257143023 0.98813869059085824 0.86867102980613708 0.43904365599155415 0.23774773254990555 0.28999230451881886 0.24863849021494389 0.28487950563430786 0.24733284674584866 0.18202156387269497
leaf_count=5 7 5 5 7 5 8 6 5 7 6
internal_value=0.00396736 0.0347077 0.0135708 -0.0435116 -0.043267 -0.0434849 -0.0436421 -0.0437856 -0.042863 -0.0427531
internal_weight=5.27349 3.201 1.85681 2.07249 1.63345 1.06126 0.771266 0.522627 0.57219 0.324857
internal_count=66 17 10 49 42 24 16 10 18 11
is_linear=0
shrinkage=0.05


Tree=154
num_leaves=11
num_cat=0
split_feature=0 9 11 2 2 0 4 3 3 8
split_gain=3.73173 0.0649882 0.000255847 0.000223019 0.000168253 8.09829e-05 1.32139e-05 7.81353e-06 2.2736e-06 6.53706e-07
threshold=4.1838500000000005 -0.43031030248784691 4.0000000000000009 2512.5000000000005 1450.0000000000002 4.4795500000000006 121.50000000000001 4.5000000000000009 2.5000000000000004 0.77969889170510687
decision_type=2 2 2 2 2 2 2 2 2 2
left_child=1 -1 7 4 5 -4 -7 8 -2 -5
right_child=2 -3 3 9 -6 6 -8 -9 -10 -11
leaf_value=0.03844907704870279 -0.042796793624374017 0.056133631207301499 -0.044598814605493281 -0.043125850652206532 -0.045060150992854833 -0.043224538254684614 -0.04376576176846448 -0.043241137870422386 -0.043027738406231912 -0.042992886996172625
leaf_weight=1.220697954297066 0.18467119149863753 0.90438626706600178 0.28823208063840844 0.1922965645790099 0.612666055560112 0.20035629346966743 0.25799940526485443 0.37543521076440811 0.25199101865291595 0.17801148444414139
leaf_count=8 6 4 4 5 8 5 5 9 7 5
internal_value=-0.00292252 0.0459752 -0.043806 -0.0441497 -0.0444461 -0.0439421 -0.0435292 -0.0430739 -0.0429301 -0.0430619
internal_weight=4.66674 2.12508 2.54166 1.72956 1.35925 0.746588 0.458356 0.812097 0.436662 0.370308
internal_count=66 12 54 32 22 14 10 22 13 10
is_linear=0
shrinkage=0.05


Tree=155
num_leaves=12
num_cat=0
split_feature=2 7 2 8 7 10 6 5 6 9 0
split_gain=2.56343 0.736421 0.966359 1.25139 0.615246 0.375477 0.135387 0.00099112 0.000219603 5.13588e-05 7.34576e-07
threshold=1650.0000000000002 10.325000000000001 115.00000000000001 0.97868534383143946 9.1416666666666675 4.5000000000000009 -0.68301270189221952 -0.5 -0.68301270189221952 -0.27768031003904575 10.363450000000002
decision_type=2 2 2 2 2 2 2 2 2 2 2
left_child=1 2 -1 4 5 -4 -7 -2 -9 10 -10
right_child=7 -3 3 -5 -6 6 -8 8 9 -11 -12
leaf_value=0.060368105776705976 -0.047410828389247428 0.053286141347757936 -0.00083282167727109422 -0.056443912149025589 -0.01583157503964569 0.058585698811173481 0.030017507247486669 -0.045163636457710488 -0.043554321082846577 -0.044290464812028425 -0.043665194865024237
leaf_weight=0.87023237347602833 0.30601691827178013 1.3896616399288175 0.74139667302370127 0.74270363152027119 1.1196532994508741 0.70409302413463559 1.0090697817504408 0.50975340604782093 0.34819903597235657 0.48710083961486794 0.26164241880178452
leaf_count=5 3 8 5 4 5 3 7 6 7 8 5
internal_value=0.00614453 0.0209614 0.0123014 0.00261184 0.0148833 0.028894 0.0417588 -0.0448029 -0.0443061 -0.0439077 -0.0436019
internal_weight=8.48952 6.57681 5.18715 4.31692 3.57421 2.45456 1.71316 1.91271 1.6067 1.09694 0.609841
internal_count=66 37 29 24 20 15 10 29 26 20 12
is_linear=0
shrinkage=0.05


Tree=156
num_leaves=11
num_cat=0
split_feature=2 5 8 8 2 8 2 0 12 3
split_gain=1.19129 1.56608 1.19798 0.697965 1.37887 0.790451 0.00624561 1.46292e-05 1.55764e-05 1.92402e-06
threshold=1450.0000000000002 -0.6830127018922193 0.80873976445662543 0.55438071450436055 875.00000000000011 0.6377464691245277 1650.0000000000002 10.381750000000002 46.000000000000007 3.5000000000000004
decision_type=2 2 2 2 2 2 2 2 2 2
left_child=2 -2 3 -1 5 -5 -3 8 -8 -9
right_child=1 6 -4 4 -6 -7 7 9 -10 -11
leaf_value=-0.049426906183089904 0.040434961206051646 -0.048733575121425593 0.053865250017656421 0.017654002854089784 0.060107815004719095 -0.050024280677909039 -0.043858876563037781 -0.043179856492483251 -0.043433251191826859 -0.043392751974838363
leaf_weight=0.63378411903977427 0.67861178517341647 1.0467533580958845 1.3385041952133176 0.84598758816719077 0.87771657109260548 0.88044348359107971 0.43884936347603776 0.2014084979891777 0.42133618146181107 0.22432419657707214
leaf_count=6 3 9 6 3 4 8 8 5 9 5
internal_value=-0.00199383 -0.0264175 0.0140769 -0.00237091 0.00908134 -0.0168605 -0.045866 -0.0435318 -0.0436504 -0.043292
internal_weight=7.58772 3.01128 4.57644 3.23793 2.60415 1.72643 2.33267 1.28592 0.860186 0.425733
internal_count=66 39 27 21 15 11 36 27 17 10
is_linear=0
shrinkage=0.05


Tree=157
num_leaves=11
num_cat=0
split_feature=0 0 0 5 11 14 5 0 9 2
split_gain=1.58533 1.4231 0.357708 0.000819218 0.000212318 0.000113461 5.94326e-05 2.77717e-05 7.37839e-06 1.6154e-06
threshold=10.361300000000002 11.100500000000002 10.381750000000002 0.68301270189221941 1.5000000000000002 1.0000000180025095e-35 -0.6830127018922193 4.3650000000000011 -0.5 1650.0000000000002
decision_type=2 2 2 2 2 2 2 2 2 2
left_child=4 2 -2 -3 8 6 -6 -8 -1 -10
right_child=1 3 -4 -5 5 -7 7 -9 9 -11
leaf_value=-0.043180414296991487 0.051838166372744646 -0.046371208765247605 0.011009540397268463 -0.043013727145697976 -0.04489667208364452 -0.043213940186747374 -0.043693066103598521 -0.044321565160060666 -0.042634670704966772 -0.042849455383601964
leaf_weight=0.15893608331680298 1.3023980408906943 0.42676399648189534 0.91220048069953907 0.31636502780020237 0.30557316169142679 0.30497276410460483 0.29632000252604507 0.43202664703130722 0.13290001079440084 0.25649469159543514
leaf_count=4 7 4 4 9 4 8 6 7 5 8
internal_value=-0.00791629 0.0149301 0.0350207 -0.0449419 -0.043722 -0.0440614 -0.0443114 -0.0440659 -0.0428933 -0.0427761
internal_weight=4.84495 2.95773 2.2146 0.743129 1.88722 1.33889 1.03392 0.728347 0.548331 0.389395
internal_count=66 24 11 13 42 25 17 13 17 13
is_linear=0
shrinkage=0.05


Tree=158
num_leaves=11
num_cat=0
split_feature=5 9 12 5 7 4 3 11 10 0
split_gain=0.801901 0.204283 0.410924 4.06077e-06 3.60852e-06 2.8675e-06 2.83259e-06 3.11307e-07 3.62848e-08 2.44352e-08
threshold=-0.24999999999999994 -0.95205858110577612 20.500000000000004 0.93301270189221952 6.7500000000000009 131.00000000000003 9.5000000000000018 4.0000000000000009 4.5000000000000009 9.1832000000000011
decision_type=2 2 2 2 2 2 2 2 2 2
left_child=1 -1 -3 4 -2 7 -4 8 9 -6
right_child=3 2 6 -5 5 -7 -8 -9 -10 -11
leaf_value=0.06492305771074075 -0.042478695632896163 0.04068212499774683 -0.042510293718013951 -0.042560787098977551 -0.042038165682259591 -0.042335031841130119 -0.042146783373859499 -0.042140541413638682 -0.042067445359251415 -0.041994191856195399
leaf_weight=0.27587631344795227 0.11622107867151499 0.46254371851682663 0.12711897119879723 0.11070217844098806 0.073557819239795208 0.16264266427606344 0.092650164850056171 0.10855410993099213 0.056122197769582272 0.055372394621372223
leaf_count=1 6 5 6 5 7 9 7 9 5 6
internal_value=-0.000894228 0.0286157 0.0139357 -0.0422836 -0.04223 -0.0421666 -0.042357 -0.0420733 -0.0420339 -0.0420193
internal_weight=1.64136 0.958189 0.682313 0.683172 0.57247 0.456249 0.219769 0.293607 0.185052 0.12893
internal_count=66 19 18 47 42 36 13 27 18 13
is_linear=0
shrinkage=0.05


Tree=159
num_leaves=11
num_cat=0
split_feature=0 4 4 8 7 0 0 2 5 0
split_gain=2.83505 0.715462 0.169352 0.000167087 5.05868e-05 2.21943e-05 1.47249e-05 2.73926e-06 2.54157e-06 1.65352e-06
threshold=10.381750000000002 46.000000000000007 99.500000000000014 0.9195955058153672 8.5833333333333339 5.8354500000000007 4.3650000000000011 400.00000000000006 0.25000000000000011 4.3650000000000011
decision_type=2 2 2 2 2 2 2 2 2 2
left_child=3 -2 -3 4 7 6 -6 -1 -7 -9
right_child=1 2 -4 -5 5 8 -8 9 -10 -11
leaf_value=-0.042563866066417738 0.062074207732433009 0.027575784850420733 -0.0030204601815951118 -0.044292705009455466 -0.043279402249501435 -0.043206368112849204 -0.043762638327474464 -0.042732355118569522 -0.042939599500185249 -0.042934139984084248
leaf_weight=0.1236222032457589 1.2862454503774645 0.97239731252193429 0.8455241471529007 0.41826765984296788 0.28064590506255604 0.16308140382170677 0.35968067869544029 0.20420784689486027 0.19730346463620663 0.20190548151731491
leaf_count=5 7 5 5 7 7 4 7 7 6 6
internal_value=0.00386223 0.0335367 0.0133453 -0.0434071 -0.043165 -0.0433742 -0.0435508 -0.0427699 -0.0430603 -0.0428327
internal_weight=5.05288 3.10417 1.81792 1.94871 1.53045 1.00071 0.640327 0.529736 0.360385 0.406113
internal_count=66 17 10 49 42 24 14 18 10 13
is_linear=0
shrinkage=0.05


Tree=160
num_leaves=11
num_cat=0
split_feature=0 9 11 2 2 0 4 3 3 7
split_gain=3.4214 0.0647545 0.000218423 0.000187934 0.00014359 6.99104e-05 1.09311e-05 6.83427e-06 1.83108e-06 6.45712e-07
threshold=4.1838500000000005 -0.43031030248784691 4.0000000000000009 2512.5000000000005 1450.0000000000002 4.4795500000000006 121.50000000000001 2.5000000000000004 5.5000000000000009 8.5833333333333339
decision_type=2 2 2 2 2 2 2 2 2 2
left_child=1 -1 7 4 5 -4 -7 -2 -9 -5
right_child=2 -3 3 9 -6 6 -8 8 -10 -11
leaf_value=0.036896849373639053 -0.042695940983236369 0.054946581472135415 -0.044425399066365501 -0.042897741180875922 -0.04486233588820035 -0.043115116751684807 -0.043624267537913833 -0.042973824916683112 -0.04315047136643646 -0.043034498742428262
leaf_weight=1.1657722294330599 0.16898141615092788 0.86604158580303181 0.2732281722128389 0.16565576568245877 0.58259231969714165 0.18714479543268681 0.24139128066599369 0.31286930665373802 0.27622022852301598 0.18020863272249699
leaf_count=8 6 4 4 5 8 5 5 9 7 5
internal_value=-0.0031029 0.0445904 -0.0436775 -0.0440035 -0.0442821 -0.0438004 -0.0434019 -0.0429762 -0.0430567 -0.042969
internal_weight=4.42011 2.03181 2.38829 1.63022 1.28436 0.701764 0.428536 0.758071 0.58909 0.345864
internal_count=66 12 54 32 22 14 10 22 16 10
is_linear=0
shrinkage=0.05


Tree=161
num_leaves=11
num_cat=0
split_feature=2 2 7 12 2 5 6 7 13 0
split_gain=2.35414 0.686089 1.0716 1.51405 0.32275 0.00083795 0.000186534 3.92442e-05 1.99494e-05 8.29918e-08
threshold=1650.0000000000002 115.00000000000001 7.4000000000000012 46.000000000000007 750.00000000000011 -0.5 -0.68301270189221952 8.5833333333333339 1.0000000180025095e-35 11.100500000000002
decision_type=2 2 2 2 2 2 2 2 2 2
left_child=1 -1 -3 4 -4 -2 -7 8 9 -8
right_child=5 2 3 -5 -6 6 7 -9 -10 -11
leaf_value=0.056882735455556943 -0.047053665308049962 -0.025914909949857862 0.027397667954679412 -0.02274473767626909 0.061082686795726239 -0.044933532666143514 -0.043421403239724432 -0.044298504170987081 -0.043959542779899899 -0.043381966764962338
leaf_weight=1.0627113208174703 0.29099740460515033 1.3342735990881918 1.3375934809446337 1.1451149024069307 1.5182512700557707 0.48187192529439915 0.3256631344556804 0.24070218205451965 0.23000782355666161 0.22597886994481087
leaf_count=7 3 9 6 9 6 6 7 4 4 5
internal_value=0.00599892 0.020196 0.0128885 0.0258289 0.0453056 -0.0445976 -0.0441225 -0.0437403 -0.0435684 -0.0434052
internal_weight=8.19317 6.39794 5.33523 4.00096 2.85584 1.79522 1.50422 1.02235 0.78165 0.551642
internal_count=66 37 30 21 12 29 26 20 16 12
is_linear=0
shrinkage=0.05


Tree=162
num_leaves=10
num_cat=0
split_feature=2 7 2 12 3 0 2 0 12
split_gain=1.12107 1.09658 0.87759 1.18288 0.687472 0.099755 0.0071683 1.17718e-05 1.77884e-05
threshold=1450.0000000000002 9.4416666666666682 875.00000000000011 32.500000000000007 7.5000000000000009 4.5574000000000012 1650.0000000000002 10.381750000000002 46.000000000000007
decision_type=2 2 2 2 2 2 2 2 2
left_child=1 2 3 -1 6 -6 -2 8 -8
right_child=4 -3 -4 -5 5 -7 7 -9 -10
leaf_value=-0.051231682628404676 -0.050047374831284991 -0.027561719591151886 0.059737351561208851 0.033524288130380622 0.021317550898889717 -0.0086535368324648799 -0.043806453919302074 -0.043179860683533008 -0.04330563379323478
leaf_weight=0.59761915355920825 0.65677003562450442 1.1679133307188747 1.3518309965729711 1.3229569382965563 0.48479306697845437 0.64970828965306282 0.32293533533811547 0.35653044655919075 0.39316003769636154
leaf_count=4 5 8 6 9 3 7 6 9 9
internal_value=-0.00170116 0.0140304 0.0288745 0.00715106 -0.026092 0.00415365 -0.0459335 -0.0434146 -0.0435315
internal_weight=7.30422 4.44032 3.27241 1.92058 2.8639 1.1345 1.7294 1.07263 0.716095
internal_count=66 27 19 13 39 10 29 24 15
is_linear=0
shrinkage=0.05


Tree=163
num_leaves=10
num_cat=0
split_feature=0 0 12 5 11 14 6 9 2
split_gain=1.46524 1.29829 0.361797 0.000691223 0.000177776 9.55107e-05 4.31249e-05 6.3408e-06 1.52145e-06
threshold=10.361300000000002 11.100500000000002 67.000000000000014 0.68301270189221941 1.5000000000000002 1.0000000180025095e-35 -0.24999999999999994 -0.5 1650.0000000000002
decision_type=2 2 2 2 2 2 2 2 2
left_child=4 2 -2 -3 7 6 -6 -1 -9
right_child=1 3 -4 -5 5 -7 -8 8 -10
leaf_value=-0.04308427584644689 0.013880274057820925 -0.046102211374653507 0.055105093044157297 -0.042916990953036256 -0.043755484045067565 -0.043107375579222201 -0.044428944722069222 -0.04255295503965454 -0.042769722515036836
leaf_weight=0.14883661642670631 1.1038626134395606 0.40532916784286488 1.027718588709831 0.2937728725373745 0.40675824508070912 0.28387922421097755 0.57195913791656527 0.12213559634983506 0.24004587903618813
leaf_count=4 6 4 5 9 8 8 9 5 8
internal_value=-0.00796281 0.014364 0.0337564 -0.0447637 -0.0435964 -0.0439148 -0.0441491 -0.0428095 -0.0426966
internal_weight=4.6043 2.83068 2.13158 0.699102 1.77361 1.2626 0.978717 0.511018 0.362181
internal_count=66 24 11 13 42 25 17 17 13
is_linear=0
shrinkage=0.05


Tree=164
num_leaves=11
num_cat=0
split_feature=2 11 14 0 0 12 4 3 2 0
split_gain=1.48944 4.28927e-06 3.66089e-06 2.82413e-06 2.48836e-06 1.59358e-06 7.04258e-07 3.04587e-07 1.28095e-07 2.18281e-08
threshold=2950.0000000000005 4.0000000000000009 1.0000000180025095e-35 5.8354500000000007 11.102200000000002 46.000000000000007 131.00000000000003 2.5000000000000004 750.00000000000011 9.1832000000000011
decision_type=2 2 2 2 2 2 2 2 2 2
left_child=1 2 7 5 6 -3 -5 9 -9 -1
right_child=-2 3 -4 4 -6 -7 -8 8 -10 -11
leaf_value=-0.042013566760278773 0.056732127759525366 -0.042561677344860556 -0.042432506816093049 -0.042036778124261209 -0.042508054041810378 -0.042323634691004558 -0.042232919075229122 -0.042153470151710649 -0.042061722212337206 -0.041970468591615892
leaf_weight=0.068767240270972252 0.65276892483234406 0.18229812290519476 0.083738632500171661 0.079427558928728104 0.065374654717743397 0.11444787960499525 0.10798461828380823 0.066799532622098923 0.088373248465359211 0.051292643882334232
leaf_count=7 3 8 4 8 3 7 7 5 8 6
internal_value=-0.000881501 -0.0422774 -0.042143 -0.0423653 -0.0422424 -0.0424699 -0.0421498 -0.042055 -0.0421012 -0.0419952
internal_weight=1.56127 0.908504 0.358971 0.549533 0.252787 0.296746 0.187412 0.275233 0.155173 0.12006
internal_count=66 63 30 33 18 15 15 26 13 13
is_linear=0
shrinkage=0.05


Tree=165
num_leaves=11
num_cat=0
split_feature=0 4 4 8 7 0 0 2 5 12
split_gain=2.60015 0.665662 0.162739 0.000146483 4.30219e-05 2.00298e-05 1.14322e-05 2.42243e-06 2.01992e-06 1.31281e-06
threshold=10.381750000000002 46.000000000000007 99.500000000000014 0.9195955058153672 8.5833333333333339 5.8354500000000007 4.3650000000000011 400.00000000000006 0.25000000000000011 78.500000000000014
decision_type=2 2 2 2 2 2 2 2 2 2
left_child=3 -2 -3 4 7 6 -6 -1 -7 -9
right_child=1 2 -4 -5 5 8 -8 9 -10 -11
leaf_value=-0.042488287332243108 0.060583207166343557 0.026838668448369025 -0.0034143590629711674 -0.044154142184487898 -0.043193666408720792 -0.043092498745010373 -0.043632059957267932 -0.042844241368524258 -0.042845818528523524 -0.042658175019260315
leaf_weight=0.11360064335167386 1.2288456186652186 0.9562924727797506 0.83063164353370667 0.39743513427674759 0.26496287249028683 0.15174007974565029 0.33893981948494911 0.19019475765526295 0.1831504050642252 0.18900579214096069
leaf_count=5 7 5 5 7 7 4 7 6 6 7
internal_value=0.00372998 0.0322561 0.0127759 -0.0433049 -0.0430691 -0.0432677 -0.0434397 -0.0426908 -0.0429576 -0.0427515
internal_weight=4.8448 3.01577 1.78692 1.82903 1.43159 0.938793 0.603903 0.492801 0.33489 0.379201
internal_count=66 17 10 49 42 24 14 18 10 13
is_linear=0
shrinkage=0.05


Tree=166
num_leaves=11
num_cat=0
split_feature=0 9 11 2 2 0 3 2 3 7
split_gain=3.1463 0.0595424 0.000181647 0.000157834 0.000117293 6.15753e-05 6.43946e-06 4.77426e-06 1.66434e-06 4.0037e-07
threshold=4.1838500000000005 -0.43031030248784691 4.0000000000000009 2512.5000000000005 1450.0000000000002 4.4795500000000006 2.5000000000000004 875.00000000000011 5.5000000000000009 8.5833333333333339
decision_type=2 2 2 2 2 2 2 2 2 2
left_child=1 -1 6 4 5 -4 -2 -7 -8 -5
right_child=2 -3 3 9 -6 7 8 -9 -10 -11
leaf_value=0.035959651859223771 -0.042606519073069844 0.053725478008364129 -0.044267727493282422 -0.042815915394058164 -0.044657131904802701 -0.04343810593643567 -0.042889538372785613 -0.043091036446452007 -0.043063087376256269 -0.042927597416447444
leaf_weight=1.1063730120658872 0.15494708158075843 0.82204417884349812 0.26069729030132271 0.15473117493093003 0.55298415571451187 0.21733235754072666 0.29391360469162464 0.18211737647652626 0.26066194474697113 0.16670794412493706
leaf_count=8 6 4 4 5 8 5 9 5 7 5
internal_value=-0.00330439 0.0435329 -0.0435531 -0.0438589 -0.04412 -0.04367 -0.0428915 -0.0432799 -0.0429711 -0.0428738
internal_weight=4.17251 1.92842 2.24409 1.53457 1.21313 0.660147 0.709523 0.39945 0.554576 0.321439
internal_count=66 12 54 32 22 14 22 10 16 10
is_linear=0
shrinkage=0.05


Tree=167
num_leaves=12
num_cat=0
split_feature=2 0 7 12 11 12 5 6 7 3 12
split_gain=2.15433 0.658436 1.15175 1.98879 0.605714 0.42589 0.000713318 0.000146479 3.04217e-05 1.65429e-05 3.0682e-07
threshold=1650.0000000000002 4.3650000000000011 9.4416666666666682 9.5000000000000018 4.0000000000000009 72.500000000000014 -0.5 -0.68301270189221952 8.5833333333333339 2.5000000000000004 46.000000000000007
decision_type=2 2 2 2 2 2 2 2 2 2 2
left_child=1 -1 3 -3 -5 -6 -2 -8 9 10 -9
right_child=6 2 -4 4 5 -7 7 8 -10 -11 -12
leaf_value=-0.013190230675072526 -0.046718819651235984 0.076365994777337673 0.064567127185803666 0.020853076361776666 -0.04949241385037062 0.0029309828497990709 -0.044683081119305731 -0.043206233144723043 -0.04409793645881506 -0.043747060863665622 -0.043288074915599266
leaf_weight=1.2386530227959154 0.27623286098241817 0.89183354377746615 1.4773879274725912 0.9824543520808221 0.98554524779319763 0.6383734717965126 0.44962186366319645 0.20492075383663144 0.22403703257441521 0.26497417315840721 0.25958345085382462
leaf_count=8 3 3 7 8 7 4 6 5 4 5 6
internal_value=0.00585051 0.0194295 0.02755 0.0119167 -0.0101362 -0.0288844 -0.0443963 -0.0439391 -0.0435883 -0.0434318 -0.043252
internal_weight=7.89362 6.21425 4.97559 3.49821 2.60637 1.62392 1.67937 1.40314 0.953515 0.729478 0.464504
internal_count=66 37 29 22 19 11 29 26 20 16 11
is_linear=0
shrinkage=0.05


Tree=168
num_leaves=14
num_cat=0
split_feature=8 0 6 2 2 7 12 8 6 0 0 2 6
split_gain=1.05547 1.33276 0.853689 0.462498 1.18708 0.475846 0.340213 0.337106 0.456624 0.0066562 0.00194842 0.000298527 2.71457e-06
threshold=0.55438071450436055 5.1314000000000011 0.6830127018922193 1150.0000000000002 1450.0000000000002 8.5833333333333339 32.500000000000007 0.87550652062374057 1.0000000180025095e-35 10.361300000000002 5.8354500000000007 2005.0000000000002 0.25000000000000017
decision_type=2 2 2 2 2 2 2 2 2 2 2 2 2
left_child=10 2 7 -3 -5 9 -4 8 -2 -6 -1 -11 -13
right_child=1 3 6 4 5 -7 -8 -9 -10 11 -12 12 -14
leaf_value=-0.048099733188294559 0.0072582600226922967 -0.056407361582086452 -0.051480543469375611 0.059622798288731349 -0.052246994236734658 0.018732718954318203 0.011491070976553856 0.071302536368957503 0.058115296508784525 -0.045177973374819325 -0.043143778957554696 -0.043273890692041773 -0.043004284686543603
leaf_weight=0.81920119374990441 0.95547829940915174 0.65558508038520846 0.36786583065986622 0.48846195638179768 0.38459153473377206 0.36862755939364422 0.51442978158593178 0.72039571404457081 0.82027004659175873 0.33042072504758835 0.26166794076561928 0.16600661724805832 0.21336215734481812
leaf_count=7 7 6 3 2 2 4 7 3 4 4 7 4 6
internal_value=-0.00142642 0.00678526 0.0275112 -0.0200731 -0.00786682 -0.0303999 -0.0147644 0.042454 0.0307506 -0.0469496 -0.0468999 -0.0440792 -0.0431223
internal_weight=7.06636 5.9855 3.37844 2.60706 1.95147 1.46301 0.882296 2.49614 1.77575 1.09438 1.08087 0.709789 0.379369
internal_count=66 52 24 28 22 20 10 14 11 16 14 14 10
is_linear=0
shrinkage=0.05


Tree=169
num_leaves=11
num_cat=0
split_feature=0 3 2 12 11 14 5 8 9 2
split_gain=1.36076 1.22175 0.313421 0.189079 0.000148421 8.02579e-05 3.48561e-05 1.96069e-05 5.46725e-06 1.14772e-06
threshold=10.361300000000002 4.5000000000000009 2512.5000000000005 67.000000000000014 1.5000000000000002 1.0000000180025095e-35 -0.6830127018922193 0.9195955058153672 -0.5 1650.0000000000002
decision_type=2 2 2 2 2 2 2 2 2 2
left_child=4 2 -2 -3 8 6 -6 -8 -1 -10
right_child=1 3 -4 -5 5 -7 7 -9 9 -11
leaf_value=-0.042998192266970645 -0.04919902774194438 0.020334781417094688 0.0087019698027320583 0.054235879633742323 -0.044472549092139532 -0.043008014222213425 -0.043595469460950047 -0.044167291399814804 -0.042498400383535001 -0.042692719768935676
leaf_weight=0.14006316289305687 0.6715490408241751 0.70765616744756676 0.35848418064415455 0.98211275041103363 0.27191005647182431 0.26367807015776634 0.42125158756971393 0.23272884450852871 0.11494402773678269 0.22420603036880493
leaf_count=4 7 5 7 5 4 8 9 4 5 8
internal_value=-0.00793424 0.0138744 -0.0290476 0.0400385 -0.0434783 -0.0437776 -0.0439968 -0.043799 -0.0427354 -0.0426269
internal_weight=4.38858 2.7198 1.03003 1.68977 1.66878 1.18957 0.92589 0.65398 0.479213 0.33915
internal_count=66 24 14 10 42 25 17 13 17 13
is_linear=0
shrinkage=0.05


Tree=170
num_leaves=11
num_cat=0
split_feature=2 11 14 0 0 6 4 4 2 0
split_gain=1.37523 3.68473e-06 2.93363e-06 2.40615e-06 2.14582e-06 1.81219e-06 6.20089e-07 2.88202e-07 1.36801e-07 1.92465e-08
threshold=2950.0000000000005 4.0000000000000009 1.0000000180025095e-35 5.8354500000000007 11.102200000000002 0.25000000000000017 131.00000000000003 58.500000000000007 750.00000000000011 9.1832000000000011
decision_type=2 2 2 2 2 2 2 2 2 2
left_child=1 2 7 5 6 -3 -5 9 -9 -1
right_child=-2 3 -4 4 -6 -7 -8 8 -10 -11
leaf_value=-0.041990639507438456 0.055489405092320976 -0.0425191079897176 -0.042382757899470901 -0.042008799069237823 -0.042461765616539367 -0.042252174834748531 -0.042199593224601741 -0.042134144751423783 -0.042036839679486175 -0.041948745641384025
leaf_weight=0.064292301423847675 0.62209127843379974 0.18215327803045511 0.078102517873048782 0.073162068147212267 0.062191721051931381 0.097678217105567455 0.10189761407673359 0.064000964164733887 0.082918261177837849 0.047796061728149652
leaf_count=7 3 8 4 8 3 7 7 5 8 6
internal_value=-0.00105942 -0.0422428 -0.0421142 -0.0423266 -0.0422095 -0.0424259 -0.0421199 -0.0420332 -0.0420792 -0.0419728
internal_weight=1.47628 0.854193 0.33711 0.517083 0.237251 0.279831 0.17506 0.259008 0.146919 0.112088
internal_count=66 63 30 33 18 15 15 26 13 13
is_linear=0
shrinkage=0.05


Tree=171
num_leaves=11
num_cat=0
split_feature=0 2 11 8 7 0 0 5 2 12
split_gain=2.40147 0.649594 0.00502857 0.000129829 3.6313e-05 1.64025e-05 7.81555e-06 2.18304e-06 1.84742e-06 1.02618e-06
threshold=10.381750000000002 2005.0000000000002 1.5000000000000002 0.9195955058153672 8.5833333333333339 5.8354500000000007 4.3650000000000011 0.25000000000000011 400.00000000000006 78.500000000000014
decision_type=2 2 2 2 2 2 2 2 2 2
left_child=3 -2 -3 4 8 6 -6 -7 -1 -10
right_child=1 2 -4 -5 5 7 -8 -9 9 -11
leaf_value=-0.042437877885100513 0.0049822901257710207 0.054812976681461116 0.049168396778154405 -0.044027632977654774 -0.043119889935809827 -0.043020297131030061 -0.043493059025783098 -0.042755691022305753 -0.042759989683774868 -0.042589644201488731
leaf_weight=0.10691007785499074 1.3039197623729708 0.93124449998140313 0.68465562164783478 0.37914272770285595 0.25178700312972069 0.1444478090852499 0.31690994836390018 0.16931299492716789 0.17734826356172562 0.17629559896886349
leaf_count=5 7 5 5 7 7 4 7 6 6 7
internal_value=0.00361677 0.0312362 0.0524214 -0.0432106 -0.0429799 -0.0431677 -0.0433278 -0.0428775 -0.04262 -0.0426751
internal_weight=4.64197 2.91982 1.6159 1.72215 1.34301 0.882458 0.568697 0.313761 0.460554 0.353644
internal_count=66 17 10 49 42 24 14 10 18 13
is_linear=0
shrinkage=0.05


Tree=172
num_leaves=11
num_cat=0
split_feature=0 9 11 2 2 0 4 3 12 5
split_gain=2.91014 0.0573009 0.00014894 0.000128974 9.77236e-05 5.27747e-05 7.43443e-06 5.64648e-06 1.83445e-06 1.04471e-06
threshold=4.1838500000000005 -0.43031030248784691 4.0000000000000009 2512.5000000000005 1450.0000000000002 4.4795500000000006 121.50000000000001 2.5000000000000004 36.500000000000007 -0.24999999999999994
decision_type=2 2 2 2 2 2 2 2 2 2
left_child=1 -1 7 4 5 -4 -7 -2 -9 -5
right_child=2 -3 3 9 -6 6 -8 8 -10 -11
leaf_value=0.034962511862513194 -0.042541327145793117 0.05280116712080795 -0.04410414111125556 -0.042906841340927537 -0.044465830524752697 -0.042905101267029594 -0.043356699622452331 -0.042970996217948046 -0.042780047435298618 -0.042719178535747152
leaf_weight=1.0505542457103727 0.14462682977318797 0.78771105408668551 0.24689096212387063 0.13157721981406212 0.52418621256947517 0.1609913744032383 0.21002766117453575 0.31308459118008614 0.21024531126022339 0.16995246335864056
leaf_count=8 6 4 4 4 8 5 5 9 7 6
internal_value=-0.00339125 0.0426065 -0.0434352 -0.0437208 -0.0439637 -0.0435377 -0.0431607 -0.0428179 -0.0428943 -0.0428011
internal_weight=3.94985 1.83827 2.11158 1.44363 1.1421 0.61791 0.371019 0.667957 0.52333 0.30153
internal_count=66 12 54 32 22 14 10 22 16 10
is_linear=0
shrinkage=0.05


Tree=173
num_leaves=14
num_cat=0
split_feature=0 0 5 8 7 7 9 3 9 3 6 10 12
split_gain=0.917209 1.57473 1.43833 0.955996 0.512994 1.22018 0.208953 0.119686 0.0178372 0.00352379 0.00063734 0.000123489 3.89235e-05
threshold=10.361300000000002 5.1314000000000011 -0.6830127018922193 0.77969889170510687 9.1416666666666675 10.325000000000001 -0.5 4.5000000000000009 -0.27768031003904575 1.5000000000000002 0.6830127018922193 4.5000000000000009 67.000000000000014
decision_type=2 2 2 2 2 2 2 2 2 2 2 2 2
left_child=1 3 -2 4 -1 -6 -5 -3 10 -4 -8 -11 -13
right_child=2 7 9 6 5 -7 8 -9 -10 11 -12 12 -14
leaf_value=0.046975418582085308 0.075091655975438404 0.063869421054256956 -0.050002722461723451 -0.010683822336274721 -0.054398623833778081 0.034089705953810272 -0.046499965876200346 0.03841731149555884 -0.059669006323559683 -0.044881331072995592 -0.043186337222341636 -0.04345283972461661 -0.044158244071484172
leaf_weight=0.86984178423881608 0.29638615250587474 1.0714021399617193 0.32977321743965116 0.54038146883249261 0.6401744484901426 0.99520459398627281 0.29552280157804467 0.81190127134323109 0.31375737115740798 0.38802936300635316 0.28511228784918785 0.40835554897785187 0.375273697078228
leaf_count=4 1 6 2 5 3 7 3 5 2 6 7 9 6
internal_value=0.00565136 0.0152893 -0.0255667 -0.00268703 0.0159518 -0.000549339 -0.0352318 0.0528969 -0.0500634 -0.0454369 -0.0448729 -0.0441519 -0.0437907
internal_weight=7.62112 5.8233 1.79782 3.93999 2.50522 1.63538 1.43477 1.8833 0.894392 1.50143 0.580635 1.17166 0.783629
internal_count=66 42 24 31 14 10 17 11 12 23 10 21 15
is_linear=0
shrinkage=0.05


Tree=174
num_leaves=15
num_cat=0
split_feature=8 0 6 2 2 7 12 8 5 0 7 5 2 6
split_gain=0.97944 1.18874 0.769477 0.424837 1.09108 0.457732 0.311926 0.297642 0.434906 0.00530008 0.0016221 0.000480441 0.000269825 2.57425e-06
threshold=0.55438071450436055 5.1314000000000011 0.6830127018922193 1150.0000000000002 1450.0000000000002 8.5833333333333339 32.500000000000007 0.87550652062374057 0.68301270189221941 10.361300000000002 12.208333333333334 1.0000000180025095e-35 2005.0000000000002 0.25000000000000017
decision_type=2 2 2 2 2 2 2 2 2 2 2 2 2 2
left_child=10 2 7 -3 -5 9 -4 8 -2 -6 -1 -12 -11 -14
right_child=1 3 6 4 5 -7 -8 -9 -10 12 11 -13 13 -15
leaf_value=-0.048779405778144595 0.0067052664327195118 -0.05534513054559137 -0.050796870864306447 0.05825023456219014 -0.051451952843789228 0.018401365427659695 0.010707070150425105 0.068293657208454789 0.056996432070570049 -0.045034186611322892 -0.046100668394936539 -0.043156812622851919 -0.043175812800744777 -0.042904235880729148
leaf_weight=0.45566122606396653 0.94169121608138151 0.61666123569011722 0.34837108850479115 0.47204145789146412 0.3663300573825834 0.36642319709062565 0.50497137755155563 0.70010624825954426 0.79095908999443054 0.31592481583356857 0.30430234223604202 0.25451264344155788 0.15608232468366623 0.1978874783962965
leaf_count=4 7 6 3 2 2 4 7 3 4 4 3 7 4 6
internal_value=-0.00125367 0.00670271 0.0264507 -0.0193449 -0.007503 -0.0296313 -0.0144015 0.0407805 0.0296633 -0.0466163 -0.0465653 -0.0447599 -0.043972 -0.043024
internal_weight=6.79193 5.77745 3.2861 2.49135 1.87469 1.40265 0.853342 2.43276 1.73265 1.03622 1.01448 0.558815 0.669895 0.35397
internal_count=66 52 24 28 22 20 10 14 11 16 14 10 14 10
is_linear=0
shrinkage=0.05


Tree=175
num_leaves=11
num_cat=0
split_feature=0 0 3 5 5 8 7 14 2 0
split_gain=1.26709 1.13665 0.332858 0.000556609 9.72168e-05 7.2798e-05 5.19662e-05 1.28794e-05 2.09741e-06 9.6789e-07
threshold=10.361300000000002 11.100500000000002 6.5000000000000009 0.68301270189221941 -0.6830127018922193 0.9195955058153672 8.9583333333333339 1.0000000180025095e-35 400.00000000000006 4.3650000000000011
decision_type=2 2 2 2 2 2 2 2 2 2
left_child=4 2 -2 -3 -1 6 8 -8 -6 -10
right_child=1 3 -4 -5 5 -7 7 -9 9 -11
leaf_value=-0.044259296868680978 0.012458894492934386 -0.045769209716146279 0.053595687084484089 -0.042758675897550835 -0.042421345079912562 -0.04402011833793909 -0.043490057971974937 -0.043023184831400302 -0.042594397502538656 -0.042759856444692483
leaf_weight=0.25410519167780865 1.0185627341270449 0.3777148202061652 0.95074656605720509 0.258683105930686 0.10468523949384667 0.22017969749867905 0.39845271594822407 0.23474914394319057 0.17891993932425976 0.17467656917870045
leaf_count=4 6 4 5 9 5 4 9 7 7 6
internal_value=-0.00781518 0.0135462 0.032319 -0.0445455 -0.0433642 -0.0431908 -0.0430235 -0.043317 -0.0426179 -0.0426761
internal_weight=4.17148 2.60571 1.96931 0.636398 1.56577 1.31166 1.09148 0.633202 0.458282 0.353597
internal_count=66 24 11 13 42 38 34 16 18 13
is_linear=0
shrinkage=0.05


Tree=176
num_leaves=11
num_cat=0
split_feature=2 11 14 0 3 6 4 3 2 0
split_gain=1.27631 3.26177e-06 2.4868e-06 1.91642e-06 2.81234e-06 1.50278e-06 5.09249e-07 2.42442e-07 1.18788e-07 2.00369e-08
threshold=2950.0000000000005 4.0000000000000009 1.0000000180025095e-35 5.8354500000000007 1.5000000000000002 0.25000000000000017 131.00000000000003 2.5000000000000004 750.00000000000011 9.1832000000000011
decision_type=2 2 2 2 2 2 2 2 2 2
left_child=1 2 7 5 -5 -3 -6 9 -9 -1
right_child=-2 3 -4 4 6 -7 -8 8 -10 -11
leaf_value=-0.041968842874670294 0.054425198254638818 -0.042470098773642835 -0.042340392318863176 -0.042526081283582241 -0.041985120060709508 -0.042219451477528154 -0.042159720339856564 -0.042104269706088319 -0.042010403759227342 -0.041924330975267265
leaf_weight=0.06002664752304554 0.59541429579257965 0.17257260158658028 0.073305971920490265 0.047436373308300972 0.067989015951752663 0.091512489598244429 0.10826008301228285 0.05987540353089571 0.077115275897085667 0.043679850175976753
leaf_count=7 3 8 4 2 8 7 8 5 8 6
internal_value=-0.00102937 -0.0422111 -0.0420854 -0.042292 -0.0421843 -0.0423832 -0.0420924 -0.0420078 -0.0420514 -0.0419501
internal_weight=1.39719 0.801774 0.314003 0.487771 0.223685 0.264085 0.176249 0.240697 0.136991 0.103706
internal_count=66 63 30 33 18 15 16 26 13 13
is_linear=0
shrinkage=0.05


Tree=177
num_leaves=11
num_cat=0
split_feature=0 2 6 8 7 0 0 5 2 0
split_gain=2.21446 0.607805 0.0060459 0.000107465 3.13017e-05 1.42699e-05 8.02558e-06 2.0564e-06 1.74885e-06 8.33483e-07
threshold=10.381750000000002 2005.0000000000002 0.25000000000000017 0.9195955058153672 8.5833333333333339 5.8354500000000007 4.3650000000000011 0.25000000000000011 400.00000000000006 4.3650000000000011
decision_type=2 2 2 2 2 2 2 2 2 2
left_child=3 -2 -3 4 8 6 -6 -7 -1 -10
right_child=1 2 -4 -5 5 7 -8 -9 9 -11
leaf_value=-0.042366581367305811 0.0048837313274242228 0.054659281994283652 0.048379167568494273 -0.04388135110567392 -0.043012862193621444 -0.042941382938461059 -0.043402909643440638 -0.042676257624913269 -0.042529026272689306 -0.042687818497027727
leaf_weight=0.097361970692872779 1.2807061150670054 0.7737297862768171 0.75934850424528122 0.35863567329943169 0.23394337669014931 0.13650555908679962 0.30229173228144646 0.1575543899089098 0.16682296060025692 0.16375640034675598
leaf_count=5 7 4 6 7 7 4 7 6 7 6
internal_value=0.00351342 0.0303089 0.0515487 -0.0431178 -0.0429002 -0.0430792 -0.0432327 -0.0427993 -0.0425528 -0.0426077
internal_weight=4.43066 2.81378 1.53308 1.61687 1.25824 0.830295 0.536235 0.29406 0.427941 0.330579
internal_count=66 17 10 49 42 24 14 10 18 13
is_linear=0
shrinkage=0.05


Tree=178
num_leaves=12
num_cat=0
split_feature=0 9 11 2 2 0 4 3 9 5 7
split_gain=2.69971 0.0537383 0.000128746 0.00011048 8.22e-05 4.46706e-05 7.12035e-06 5.10278e-06 1.50127e-06 8.65697e-07 2.44281e-07
threshold=4.1838500000000005 -0.43031030248784691 4.0000000000000009 2512.5000000000005 1450.0000000000002 4.4795500000000006 121.50000000000001 2.5000000000000004 -0.58758383296677674 -0.24999999999999994 7.4000000000000012
decision_type=2 2 2 2 2 2 2 2 2 2 2
left_child=1 -1 7 4 5 -4 -7 -2 -9 -5 -10
right_child=2 -3 3 9 -6 6 -8 8 10 -11 -12
leaf_value=0.034241207304531528 -0.042463153318611682 0.051930801188631359 -0.043968126692935816 -0.042823653397180111 -0.044308399632676514 -0.042814900460288276 -0.043271042475085571 -0.042933853398492205 -0.042795952534508228 -0.042646763436298252 -0.042708505363838641
leaf_weight=1.0054687708616254 0.13220512121915806 0.74925057590007815 0.23430965468287446 0.12281118147075176 0.4980475902557373 0.14955433458089828 0.19992125779390335 0.16893316432833672 0.15087485313415527 0.15834911540150631 0.16967456787824631
leaf_count=8 6 4 4 4 8 5 5 5 5 6 6
internal_value=-0.00338788 0.0417945 -0.0433351 -0.043607 -0.0438365 -0.043434 -0.0430758 -0.0427388 -0.0428132 -0.042724 -0.0427497
internal_weight=3.7394 1.75472 1.98468 1.36299 1.08183 0.583785 0.349476 0.621688 0.489483 0.28116 0.320549
internal_count=66 12 54 32 22 14 10 22 16 10 11
is_linear=0
shrinkage=0.05


Tree=179
num_leaves=11
num_cat=0
split_feature=2 2 7 12 2 5 5 7 13 2
split_gain=1.82109 0.579365 0.788574 1.12488 0.228959 0.000510102 7.54478e-05 8.45325e-05 1.35482e-05 9.19201e-07
threshold=1650.0000000000002 115.00000000000001 7.4000000000000012 46.000000000000007 750.00000000000011 -0.5 -0.24999999999999994 12.208333333333334 1.0000000180025095e-35 2512.5000000000005
decision_type=2 2 2 2 2 2 2 2 2 2
left_child=1 -1 -3 4 -4 -2 -7 8 9 -8
right_child=5 2 3 -5 -6 6 7 -9 -10 -11
leaf_value=0.054485727244617359 -0.046117090758292838 -0.02396197632230751 0.024334888314117287 -0.021054442713504609 0.053710032368154283 -0.044501001930339623 -0.043115862011560181 -0.044251642315686394 -0.043517330615137767 -0.042980755772115978
leaf_weight=0.91614087671041478 0.25219495221972454 1.2054279036819933 1.2520452141761786 1.0575730092823503 1.4107835441827772 0.21443473547697056 0.31077808886766412 0.25753264501690865 0.23639502748847008 0.21161523833870888
leaf_count=7 3 9 6 9 6 3 8 4 5 6
internal_value=0.00541381 0.0179746 0.011184 0.0225715 0.039898 -0.0440685 -0.0436487 -0.0434689 -0.0432033 -0.0430611
internal_weight=7.32492 5.84197 4.92583 3.7204 2.66283 1.48295 1.23076 1.01632 0.758788 0.522393
internal_count=66 37 30 21 12 29 26 23 19 14
is_linear=0
shrinkage=0.05


Tree=180
num_leaves=10
num_cat=0
split_feature=2 3 11 2 4 0 0 10 12
split_gain=1.03596 0.854994 0.551028 0.438711 0.398541 0.000369642 3.7063e-05 2.62288e-05 1.71482e-06
threshold=2005.0000000000002 1.5000000000000002 1.5000000000000002 875.00000000000011 58.500000000000007 10.361300000000002 1.8748330000000002 4.5000000000000009 36.500000000000007
decision_type=2 2 2 2 2 2 2 2 2
left_child=1 6 -3 -4 -5 -2 -1 -7 -9
right_child=5 2 3 4 -6 7 -8 8 -10
leaf_value=-0.043142029426989512 -0.045667858908621295 0.046265690276931594 -0.015714740962464585 0.053792812580858065 0.0079517475651497329 -0.043752829725037343 -0.04396413381763685 -0.043145052721272642 -0.042953479252098296
leaf_weight=0.23763757571578015 0.20960191637277592 1.5362123250961301 1.102336132898927 0.70821169763803515 1.4345334284007547 0.19336694851517677 0.32403961196541786 0.27037803828716278 0.20566719211637974
leaf_count=6 3 8 8 4 8 4 6 7 6
internal_value=0.00646489 0.0147402 0.0215956 0.0099168 0.023103 -0.0438355 -0.0436163 -0.0432618 -0.0430623
internal_weight=6.22198 5.34297 4.78129 3.24508 2.14275 0.879014 0.561677 0.669412 0.476045
internal_count=60 40 28 20 12 20 12 17 13
is_linear=0
shrinkage=0.05


Tree=181
num_leaves=11
num_cat=0
split_feature=2 3 14 3 13 8 7 3 2 12
split_gain=1.66393 0.396875 0.159673 0.356981 0.0072947 0.000260811 2.43846e-05 2.50166e-06 1.29536e-06 2.3514e-07
threshold=2512.5000000000005 10.500000000000002 1.0000000180025095e-35 11.500000000000002 1.0000000180025095e-35 0.9195955058153672 9.1416666666666675 5.5000000000000009 875.00000000000011 122.00000000000001
decision_type=2 2 2 2 2 2 2 2 2 2
left_child=1 4 3 -2 5 6 7 8 -1 -10
right_child=2 -3 -4 -5 -6 -7 -8 -9 9 -11
leaf_value=-0.042372690400010043 -0.011839657401015218 0.0085501938928591315 0.049540322569714745 0.04769887243743981 -0.051361138314110481 -0.044335497417673904 -0.043137760725444889 -0.042771971842983397 -0.042621865137531321 -0.042523907187130387
leaf_weight=0.11757262051105566 0.47939822077751137 0.43833718076348294 0.78058834373950947 0.53020213544368744 0.36737537384033192 0.42072794213891029 0.31926601380109787 0.1206346657127142 0.12681077606976032 0.11851587891578674
leaf_count=6 8 5 5 4 2 7 9 4 5 5
internal_value=-0.00257843 -0.0335756 0.0325579 0.0194276 -0.0451823 -0.0433271 -0.0427986 -0.0425747 -0.0425091 -0.0425745
internal_weight=3.81943 2.02924 1.79019 1.0096 1.5909 1.22353 0.8028 0.483534 0.362899 0.245327
internal_count=60 43 17 12 38 36 29 20 16 10
is_linear=0
shrinkage=0.05


Tree=182
num_leaves=9
num_cat=0
split_feature=2 11 0 2 9 0 5 13
split_gain=1.12304 2.06219e-06 1.6318e-06 2.81529e-06 1.18067e-06 6.60073e-07 5.22675e-07 4.93283e-07
threshold=2950.0000000000005 1.0000000180025095e-35 10.363450000000002 1450.0000000000002 -0.62577451934762973 5.8354500000000007 0.68301270189221941 1.0000000180025095e-35
decision_type=2 2 2 2 2 2 2 2
left_child=1 -1 3 4 -3 -5 7 -4
right_child=-2 2 6 5 -6 -7 -8 -9
leaf_value=-0.04192813828209202 0.053301812177455526 -0.042225174796338083 -0.042253313347469706 -0.042471597669436062 -0.041974771792218514 -0.042289158020007669 -0.04197876332450691 -0.042055107930644889
leaf_weight=0.073377975728362799 0.5658688098192215 0.12905148509889841 0.0603812076151371 0.12052268069237471 0.074107201769948006 0.084225981496274471 0.068684258498251438 0.065381637774407864
leaf_count=10 3 9 4 6 9 5 8 6
internal_value=0.0013374 -0.0421784 -0.0422089 -0.0422657 -0.0421338 -0.0423965 -0.0420897 -0.0421503
internal_weight=1.2416 0.675732 0.602354 0.407907 0.203159 0.204749 0.194447 0.125763
internal_count=60 57 47 29 18 11 18 10
is_linear=0
shrinkage=0.05


Tree=183
num_leaves=12
num_cat=0
split_feature=2 4 3 5 7 12 9 9 9 2 4
split_gain=1.09378 1.28286 0.411938 0.299339 0.00322224 7.72392e-05 4.0803e-05 9.90311e-06 2.16388e-06 5.22876e-07 3.54896e-07
threshold=2005.0000000000002 6.5000000000000009 4.5000000000000009 -0.5 7.4000000000000012 29.500000000000004 -0.43031030248784691 -0.62577451934762973 -0.5 1650.0000000000002 205.00000000000003
decision_type=2 2 2 2 2 2 2 2 2 2 2
left_child=1 -1 -2 -4 -3 6 -6 -7 -9 -10 -5
right_child=2 4 3 10 5 7 -8 8 9 -11 -12
leaf_value=0.069444434958749843 0.047522367659300062 -0.047505772835393811 0.032939071947379508 -0.042745825255609327 -0.043078996165004727 -0.042968699544658762 -0.044043166922472364 -0.042638489660651945 -0.042314681104685246 -0.042463620552964855 -0.042632799616493001
leaf_weight=0.28799995779991183 1.0001231916248796 0.69940238073468186 0.2467401660978793 0.14614528231322765 0.24268718808889389 0.13982203602790821 0.20028918981552124 0.12935805693268765 0.12626682594418548 0.11049447581171989 0.13234798237681389
leaf_count=1 7 7 3 5 7 4 4 5 7 5 5
internal_value=-0.00297374 -0.0279191 0.0286924 -0.00716267 -0.0449308 -0.0430328 -0.0435149 -0.0426107 -0.042474 -0.0423842 -0.0426921
internal_weight=3.46168 1.93632 1.52536 0.525233 1.64832 0.948918 0.442976 0.505941 0.366119 0.236761 0.278493
internal_count=60 40 20 13 39 32 11 21 17 12 10
is_linear=0
shrinkage=0.05


Tree=184
num_leaves=9
num_cat=0
split_feature=0 9 0 9 10 12 2 6
split_gain=1.81446 9.15136e-05 0.000146529 1.60322e-05 1.51598e-05 6.26536e-06 2.74515e-06 4.69602e-07
threshold=4.1838500000000005 -0.43031030248784691 7.8579000000000008 -0.69930991848440827 4.5000000000000009 27.500000000000004 400.00000000000006 -0.68301270189221952
decision_type=2 2 2 2 2 2 2 2
left_child=-1 3 -3 5 -4 -2 -5 -8
right_child=1 2 4 6 -6 -7 7 -9
leaf_value=0.03740964669002652 -0.043249860977421242 -0.044415705651617121 -0.043276953436074808 -0.042396898925590454 -0.042685518130336005 -0.042875855312376296 -0.042727810426000434 -0.042609794566964447
leaf_weight=1.1990047693252566 0.20112295635044575 0.30316352471709229 0.21775830537080765 0.10147394426167011 0.21564120054244995 0.25263351760804653 0.25857343524694443 0.12506122328341007
leaf_count=9 5 5 6 5 8 8 9 5
internal_value=-0.00954945 -0.0431553 -0.0435725 -0.042828 -0.0429827 -0.0430416 -0.0426282 -0.0426893
internal_weight=2.87443 1.67543 0.736563 0.938865 0.4334 0.453756 0.485109 0.383635
internal_count=60 51 19 32 14 13 19 14
is_linear=0
shrinkage=0.05


Tree=185
num_leaves=10
num_cat=0
split_feature=2 0 12 2 3 5 6 9 0
split_gain=1.42486 0.908633 0.801723 0.756098 0.664638 0.000389997 5.20571e-05 2.27906e-05 6.42085e-07
threshold=1650.0000000000002 4.4356500000000008 9.5000000000000018 1150.0000000000002 3.5000000000000004 -0.6830127018922193 -0.68301270189221952 -0.27768031003904575 10.363450000000002
decision_type=2 2 2 2 2 2 2 2 2
left_child=1 -1 -3 4 -4 -2 -7 8 -8
right_child=5 2 3 -5 -6 6 7 -9 -10
leaf_value=-0.032069929820946412 -0.045737976377172418 0.067131874657901519 0.060249755747271427 -0.020418563204865917 0.0021785720190934956 -0.044027562825943417 -0.042982422434237486 -0.043585188355525606 -0.043108286326714471
leaf_weight=0.88516384363174427 0.24310775846242894 0.84578973054885898 0.97484076768159889 1.1288762502372263 0.99628753215074539 0.36061573028564442 0.21358025074005116 0.36830237694084644 0.19279559329152107
leaf_count=7 3 3 6 9 7 6 6 8 5
internal_value=0.000919028 0.0137129 0.0239835 0.0122111 0.0308982 -0.0439205 -0.0435313 -0.0433003 -0.0430421
internal_weight=6.20936 4.83096 3.94579 3.1 1.97113 1.3784 1.13529 0.774678 0.406376
internal_count=60 32 25 22 13 28 25 19 11
is_linear=0
shrinkage=0.05


Tree=186
num_leaves=10
num_cat=0
split_feature=2 3 11 2 4 9 0 10 6
split_gain=0.951032 0.771852 0.504174 0.386802 0.375821 0.000304621 2.83472e-05 6.48807e-06 1.49606e-06
threshold=2005.0000000000002 1.5000000000000002 1.5000000000000002 875.00000000000011 58.500000000000007 -0.69930991848440827 1.8748330000000002 4.5000000000000009 1.0000000180025095e-35
decision_type=2 2 2 2 2 2 2 2 2
left_child=1 6 -3 -4 -5 -2 -1 -7 -9
right_child=5 2 3 4 -6 7 -8 8 -10
leaf_value=-0.043036198148697566 -0.045077872143288379 0.044587683391118488 -0.014758652223213917 0.052797924560638726 0.0074115596418651182 -0.043282331580368955 -0.043782241757057111 -0.04280213769160756 -0.042997660679905014
leaf_weight=0.22167794406414021 0.26451727375388145 1.5006283372640608 1.0877066515386107 0.67225980758667025 1.4185751341283319 0.16189299523830403 0.29915807396173477 0.18380041420459747 0.2091769240796566
leaf_count=6 4 8 8 4 8 4 6 6 6
internal_value=0.00638504 0.0142743 0.0207012 0.00942404 0.0220045 -0.0436816 -0.0434647 -0.043016 -0.0429062
internal_weight=6.01939 5.20001 4.67917 3.17854 2.09083 0.819388 0.520836 0.55487 0.392977
internal_count=60 40 28 20 12 20 12 16 12
is_linear=0
shrinkage=0.05


Tree=187
num_leaves=11
num_cat=0
split_feature=2 3 14 3 13 8 7 3 2 12
split_gain=1.52221 0.375362 0.150132 0.32781 0.00569616 0.000211203 2.03622e-05 2.60679e-06 1.01662e-06 1.60103e-07
threshold=2512.5000000000005 10.500000000000002 1.0000000180025095e-35 11.500000000000002 1.0000000180025095e-35 0.9195955058153672 9.1416666666666675 5.5000000000000009 875.00000000000011 122.00000000000001
decision_type=2 2 2 2 2 2 2 2 2 2
left_child=1 4 3 -2 5 6 7 8 -1 -10
right_child=2 -3 -4 -5 -6 -7 -8 -9 9 -11
leaf_value=-0.04232116706066405 -0.011291150316075076 0.0079648315701642183 0.048898556094563395 0.047176137987783272 -0.050529259533078609 -0.044154938043849623 -0.043047243328646519 -0.042722404707925994 -0.042547584715315327 -0.042463722042184134
leaf_weight=0.10886053927242778 0.46485556848347165 0.4325214885175227 0.73423004895448685 0.49504614621400833 0.34699583053588856 0.39653537422418594 0.30227662436664104 0.11520157754421234 0.11734499782323837 0.11050759255886078
leaf_count=6 8 5 5 4 2 7 9 4 5 5
internal_value=-0.00270815 -0.0330651 0.0318797 0.0188619 -0.044914 -0.0432208 -0.0427296 -0.0425171 -0.0424469 -0.0425069
internal_weight=3.62438 1.93024 1.69413 0.959902 1.49772 1.15073 0.754191 0.451915 0.336713 0.227853
internal_count=60 43 17 12 38 36 29 20 16 10
is_linear=0
shrinkage=0.05


Tree=188
num_leaves=10
num_cat=0
split_feature=2 12 0 0 2 3 5 12 2
split_gain=1.03877 1.80955e-06 1.65575e-06 1.80809e-06 1.48353e-06 8.90665e-07 5.29835e-07 4.14588e-08 2.77241e-08
threshold=2950.0000000000005 40.000000000000007 10.363450000000002 4.4356500000000008 1450.0000000000002 4.5000000000000009 0.68301270189221941 78.500000000000014 1250.0000000000002
decision_type=2 2 2 2 2 2 2 2 2
left_child=1 2 3 -1 -5 8 -4 -7 -3
right_child=-2 5 6 4 -6 7 -8 -9 -10
leaf_value=-0.042045399881319195 0.052367399836814058 -0.041887687521369156 -0.04214963643769875 -0.042210357081069058 -0.042480934977520923 -0.042146523511339518 -0.041951463959324725 -0.042089282037639043 -0.04194236782125272
leaf_weight=0.060704625677317381 0.53667095303535461 0.037292455788701773 0.087897558696568012 0.093947600573301315 0.10994014330208302 0.072275662794709206 0.054728951770812273 0.056252393871545792 0.061261902563273907
leaf_count=6 3 6 7 7 5 6 7 5 8
internal_value=0.00116965 -0.0421479 -0.0422109 -0.0422849 -0.0423563 -0.0420348 -0.0420736 -0.0421215 -0.0419217
internal_weight=1.17097 0.634301 0.407219 0.264592 0.203888 0.227082 0.142627 0.128528 0.0985544
internal_count=60 57 32 18 12 25 14 11 14
is_linear=0
shrinkage=0.05


Tree=189
num_leaves=10
num_cat=0
split_feature=0 2 9 9 9 2 2 3 0
split_gain=1.52622 0.655337 8.3578e-05 3.45797e-05 1.62207e-05 4.63593e-06 2.44469e-06 2.29734e-06 1.82701e-07
threshold=10.381750000000002 2005.0000000000002 -0.43031030248784691 -0.27768031003904575 -0.62577451934762973 2512.5000000000005 750.00000000000011 4.5000000000000009 4.4356500000000008
decision_type=2 2 2 2 2 2 2 2 2
left_child=2 -2 4 -4 5 6 -1 8 -6
right_child=1 -3 3 -5 7 -7 -8 -9 -10
leaf_value=-0.042846967190937911 -0.0080151905784593622 0.051404866034551536 -0.043944514374566215 -0.043077458561950062 -0.042414563448461041 -0.04264090012965796 -0.043115387187151834 -0.042598220725605464 -0.042328779209971794
leaf_weight=0.1589505672454834 0.80886092782020558 1.0884204283356664 0.23087324574589729 0.22910119034349941 0.12467379681766033 0.13167550601065159 0.18190233036875725 0.20433196239173412 0.12360242195427418
leaf_count=5 5 7 5 7 6 5 5 8 7
internal_value=-0.00305874 0.0260725 -0.0429618 -0.0435127 -0.042688 -0.0428929 -0.0429902 -0.042474 -0.0423719
internal_weight=3.28239 1.89728 1.38511 0.459974 0.925137 0.472528 0.340853 0.452608 0.248276
internal_count=60 12 48 12 36 15 10 21 13
is_linear=0
shrinkage=0.05


Tree=190
num_leaves=9
num_cat=0
split_feature=0 9 0 9 10 0 2 3
split_gain=1.67238 7.76387e-05 0.000125836 1.4512e-05 1.23844e-05 4.95734e-06 2.34336e-06 3.85875e-07
threshold=4.1838500000000005 -0.43031030248784691 7.8579000000000008 -0.69930991848440827 4.5000000000000009 5.8354500000000007 400.00000000000006 5.5000000000000009
decision_type=2 2 2 2 2 2 2 2
left_child=-1 3 -3 5 -4 -2 -5 -8
right_child=1 2 4 6 -6 -7 7 -9
leaf_value=0.036409912145686264 -0.043080586124368714 -0.044258747500505048 -0.04316884062584174 -0.042332292437643831 -0.042616643638627626 -0.042718488155465494 -0.042550369939407251 -0.042656700787767489
leaf_weight=1.1418995484709742 0.28985252603888512 0.28936172090470769 0.20422365516424179 0.092780118808150291 0.20193855278193951 0.14026371762156487 0.14167056791484356 0.21452390588819981
leaf_count=9 8 5 6 5 8 5 6 8
internal_value=-0.00965865 -0.0430672 -0.043462 -0.0427549 -0.0428943 -0.0429625 -0.0425561 -0.0426144
internal_weight=2.71651 1.57461 0.695524 0.879091 0.406162 0.430116 0.448975 0.356194
internal_count=60 51 19 32 14 13 19 14
is_linear=0
shrinkage=0.05


Tree=191
num_leaves=10
num_cat=0
split_feature=2 0 12 2 6 5 6 9 12
split_gain=1.31944 0.821125 0.73728 0.686913 1.20853 0.000360094 3.89911e-05 1.86632e-05 4.29977e-07
threshold=1650.0000000000002 4.4356500000000008 9.5000000000000018 400.00000000000006 0.25000000000000017 -0.6830127018922193 -0.68301270189221952 -0.27768031003904575 122.00000000000001
decision_type=2 2 2 2 2 2 2 2 2
left_child=1 -1 -3 -4 -5 -2 -7 8 -8
right_child=5 2 3 4 -6 6 7 -9 -10
leaf_value=-0.031035978448908402 -0.045559468409951343 0.065021563363598378 0.048580738952011412 0.027801139611424393 -0.048769614211192747 -0.043834330236278155 -0.042985125866069757 -0.043447490844035236 -0.042877532224298243
leaf_weight=0.85318344458937634 0.23300935700535763 0.82668504118919406 0.89123684167861972 1.2523675411939623 0.87559926882386196 0.33395104110240925 0.21294648572802533 0.34356893040239811 0.16465534642338753
leaf_count=7 3 3 8 6 8 6 6 8 5
internal_value=0.00105048 0.0133398 0.0231842 0.0117288 -0.0037056 -0.0437805 -0.0433877 -0.0431808 -0.0429382
internal_weight=5.9872 4.69907 3.84589 3.0192 2.12797 1.28813 1.05512 0.721171 0.377602
internal_count=60 32 25 22 14 28 25 19 11
is_linear=0
shrinkage=0.05


Tree=192
num_leaves=10
num_cat=0
split_feature=2 4 11 12 0 9 12 10 6
split_gain=0.873718 0.708033 0.460002 0.415972 0.861126 0.000251029 2.84544e-05 5.07268e-06 1.18729e-06
threshold=2005.0000000000002 36.000000000000007 1.5000000000000002 32.500000000000007 4.7199000000000009 -0.69930991848440827 102.50000000000001 4.5000000000000009 1.0000000180025095e-35
decision_type=2 2 2 2 2 2 2 2 2
left_child=1 6 -3 -4 -5 -2 -1 -7 -9
right_child=5 2 3 4 -6 7 -8 8 -10
leaf_value=-0.043765199081898902 -0.044843704854553974 0.043078232347654836 -0.013538843660186754 0.059014112469009443 -0.0086921433938428518 -0.043154282787517872 -0.04300140451722291 -0.042712298875389354 -0.04289338372731704
leaf_weight=0.2362791672348975 0.24916423484683037 1.464366480708122 1.2284757401794197 0.90470546483993508 0.97652650438249111 0.14999079890549172 0.25197453796863556 0.17003609985113144 0.19355390593409538
leaf_count=5 4 8 9 4 7 4 7 6 6
internal_value=0.00634591 0.0138625 0.0199718 0.00909093 0.0238686 -0.0435414 -0.043371 -0.0429096 -0.0428087
internal_weight=5.82507 5.06233 4.57407 3.10971 1.88123 0.762745 0.488254 0.513581 0.36359
internal_count=60 40 28 20 11 20 12 16 12
is_linear=0
shrinkage=0.05


Tree=193
num_leaves=10
num_cat=0
split_feature=2 3 14 3 13 8 7 3 2
split_gain=1.38755 0.358413 0.139909 0.300739 0.00438119 0.000176091 1.73481e-05 2.5479e-06 7.59158e-07
threshold=2512.5000000000005 10.500000000000002 1.0000000180025095e-35 11.500000000000002 1.0000000180025095e-35 0.9195955058153672 9.1416666666666675 5.5000000000000009 875.00000000000011
decision_type=2 2 2 2 2 2 2 2 2
left_child=1 4 3 -2 5 6 7 8 -1
right_child=2 -3 -4 -5 -6 -7 -8 -9 -10
leaf_value=-0.042277988697649489 -0.010810013365136874 0.0075435471379769045 0.048268808194269951 0.046700754103985644 -0.049740940641948179 -0.044006791949214745 -0.042967945425093135 -0.0426706958688731 -0.042444358035816192
leaf_weight=0.10143718589097284 0.44788596406578995 0.42888822406530369 0.68739333748817444 0.46158676594495773 0.32622614502906788 0.374856848269701 0.28483287245035172 0.10946355015039444 0.21161282062530518
leaf_count=6 8 5 5 4 2 7 9 4 10
internal_value=-0.00284584 -0.0324754 0.0312452 0.0183786 -0.0446618 -0.0431307 -0.0426664 -0.0424631 -0.0423904
internal_weight=3.43418 1.83732 1.59687 0.909473 1.40843 1.0822 0.707346 0.422514 0.31305
internal_count=60 43 17 12 38 36 29 20 16
is_linear=0
shrinkage=0.05


Tree=194
num_leaves=11
num_cat=0
split_feature=2 12 0 0 2 4 12 8 2 0
split_gain=0.960374 1.5791e-06 1.37274e-06 1.50625e-06 1.28444e-06 8.69997e-07 5.09525e-07 4.70314e-08 3.33093e-08 2.60224e-09
threshold=2950.0000000000005 40.000000000000007 10.363450000000002 4.4356500000000008 1450.0000000000002 131.00000000000003 10.500000000000002 0.80873976445662543 115.00000000000001 4.1838500000000005
decision_type=2 2 2 2 2 2 2 2 2 2
left_child=1 2 3 -1 -5 8 -4 -7 -3 -10
right_child=-2 5 6 4 -6 7 -8 -9 9 -11
leaf_value=-0.042025557302984629 0.05148384032722652 -0.041853446660338231 -0.042160129925497745 -0.042177361044646283 -0.042436328521273464 -0.042138999387402377 -0.041963447250591569 -0.042074849146929272 -0.041909299652594857 -0.041928533002295293
leaf_weight=0.057386639062315226 0.50772032141685486 0.026637531816959381 0.059723407030105591 0.08856786135584116 0.10422858502715826 0.05292572733014822 0.073395208921283484 0.062090123537927866 0.034535752609372139 0.03583382535725832
leaf_count=6 3 5 5 7 5 4 9 6 5 5
internal_value=0.000964435 -0.0421208 -0.0421814 -0.0422504 -0.0423174 -0.0420114 -0.0420517 -0.0421044 -0.0419011 -0.0419191
internal_weight=1.10304 0.595325 0.383302 0.250183 0.192796 0.212023 0.133119 0.115016 0.0970071 0.0703696
internal_count=60 57 32 18 12 25 14 10 15 10
is_linear=0
shrinkage=0.05


Tree=195
num_leaves=10
num_cat=0
split_feature=0 2 9 9 9 3 12 2 0
split_gain=1.40721 0.605063 6.97645e-05 2.97983e-05 1.46597e-05 2.52472e-06 1.70482e-06 2.26778e-07 1.75304e-07
threshold=10.381750000000002 2005.0000000000002 -0.43031030248784691 -0.27768031003904575 -0.69930991848440827 4.5000000000000009 27.500000000000004 2590.0000000000005 4.4356500000000008
decision_type=2 2 2 2 2 2 2 2 2
left_child=2 -2 4 -4 6 8 -1 -7 -6
right_child=1 -3 3 -5 5 7 -8 -9 -10
leaf_value=-0.042955646099763281 -0.007631658142050456 0.050572781598900995 -0.043813355677286642 -0.042983576177096063 -0.042362486815411236 -0.042596828943983533 -0.042748014132344407 -0.042499790876508819 -0.042275200385387124
leaf_weight=0.19538693502545357 0.79029091447591771 1.0264317467808721 0.21895851660519838 0.21387987770140193 0.11627768166363239 0.12681634537875652 0.20011849515140057 0.11463199555873871 0.11383866798132658
leaf_count=6 5 7 5 7 6 5 7 5 7
internal_value=-0.00316629 0.0252533 -0.0428849 -0.0434033 -0.0426261 -0.0424378 -0.0428506 -0.0425508 -0.0423193
internal_weight=3.11663 1.81672 1.29991 0.432838 0.86707 0.471565 0.395505 0.241448 0.230116
internal_count=60 12 48 12 36 23 13 10 13
is_linear=0
shrinkage=0.05


Tree=196
num_leaves=10
num_cat=0
split_feature=0 8 11 2 2 7 12 0 3
split_gain=1.54162 6.89523e-05 3.93113e-05 3.62312e-05 4.31553e-05 4.70295e-06 2.318e-06 1.16115e-06 1.05294e-06
threshold=4.1838500000000005 -0.90030314410939694 4.0000000000000009 2512.5000000000005 1450.0000000000002 9.1416666666666675 36.500000000000007 10.363450000000002 4.5000000000000009
decision_type=2 2 2 2 2 2 2 2 2
left_child=-1 -2 6 4 5 -4 7 -3 -8
right_child=1 2 3 -5 -6 -7 8 -9 -10
leaf_value=0.035428002131427577 -0.04407361473413518 -0.042713763024023292 -0.042722353437521128 -0.042517757121399796 -0.043720354197926185 -0.043099902055952044 -0.04232074064408544 -0.04250860380984841 -0.042540061374104168
leaf_weight=1.0876993611454966 0.13361305557191383 0.1699346005916591 0.18413952179253101 0.2059041690081358 0.29673068039119244 0.14940862357616425 0.12671802006661892 0.11607800424098969 0.096323603764176369
leaf_count=9 3 6 7 9 6 4 7 5 4
internal_value=-0.00975675 -0.0429903 -0.0428827 -0.0430936 -0.0432817 -0.0428915 -0.0425363 -0.0426305 -0.0424155
internal_weight=2.56655 1.47885 1.34524 0.836183 0.630279 0.333548 0.509054 0.286013 0.223042
internal_count=60 51 48 26 17 11 22 11 11
is_linear=0
shrinkage=0.05


Tree=197
num_leaves=10
num_cat=0
split_feature=2 0 12 2 6 5 6 9 12
split_gain=1.22062 0.743012 0.686695 0.637252 1.1222 0.000332099 2.92498e-05 1.52615e-05 2.78962e-07
threshold=1650.0000000000002 4.4356500000000008 9.5000000000000018 400.00000000000006 0.25000000000000017 -0.6830127018922193 -0.68301270189221952 -0.27768031003904575 85.500000000000014
decision_type=2 2 2 2 2 2 2 2 2
left_child=1 -1 -3 -4 -5 -2 -7 8 -8
right_child=5 2 3 4 -6 6 7 -9 -10
leaf_value=-0.030032736211222918 -0.045391000659403796 0.063285761091986761 0.047673707064118859 0.02644838256471271 -0.048476913201065126 -0.043657067664598925 -0.042888502986823944 -0.043318944884984271 -0.0427991360258985
leaf_weight=0.82280407473444928 0.22342567145824432 0.80717450380325351 0.8497748784720901 1.2410713285207751 0.83664420247077931 0.30907121673226357 0.16504306718707085 0.3196513447910545 0.18543705716729164
leaf_count=7 3 3 8 6 8 6 5 8 6
internal_value=0.00115507 0.0129787 0.0224548 0.0111967 -0.00372216 -0.0436516 -0.0432547 -0.0430691 -0.0428412
internal_weight=5.7601 4.55747 3.73466 2.92749 2.07772 1.20263 0.979203 0.670131 0.35048
internal_count=60 32 25 22 14 28 25 19 11
is_linear=0
shrinkage=0.05


Tree=198
num_leaves=9
num_cat=0
split_feature=2 9 4 10 2 9 10 6
split_gain=0.803272 0.544799 0.555453 0.509854 0.767366 0.000207338 3.96464e-06 9.41051e-07
threshold=2005.0000000000002 -0.27768031003904575 197.50000000000003 4.5000000000000009 1150.0000000000002 -0.69930991848440827 4.5000000000000009 1.0000000180025095e-35
decision_type=2 2 2 2 2 2 2 2
left_child=1 2 3 4 -1 -2 -7 -8
right_child=5 -3 -4 -5 -6 6 7 -9
leaf_value=-0.052872396294210422 -0.044628199743059489 -0.024926161704736827 0.044691540640490274 0.028778837877801517 0.023667948711257884 -0.043036319127705829 -0.042629510340428514 -0.042797153592677731
leaf_weight=0.66752469539642334 0.23463471233844757 0.7773557174950837 1.5240268409252165 1.310893427580595 0.64279314316809177 0.13888635300099839 0.15723198466002941 0.1790231391787529
leaf_count=7 4 8 7 9 9 4 6 6
internal_value=0.00631487 0.0134849 0.0206881 0.00673198 -0.0153246 -0.0434121 -0.0428116 -0.0427188
internal_weight=5.63237 4.92259 4.14524 2.62121 1.31032 0.709776 0.475141 0.336255
internal_count=60 40 32 25 16 20 16 12
is_linear=0
shrinkage=0.05


Tree=199
num_leaves=10
num_cat=0
split_feature=2 3 14 3 2 8 7 3 2
split_gain=1.26465 0.343919 0.130629 0.276086 0.00300579 0.000141434 1.45352e-05 2.65381e-06 5.55762e-07
threshold=2512.5000000000005 10.500000000000002 1.0000000180025095e-35 11.500000000000002 2005.0000000000002 0.9195955058153672 9.1416666666666675 5.5000000000000009 875.00000000000011
decision_type=2 2 2 2 2 2 2 2 2
left_child=1 4 3 -2 5 6 7 8 -1
right_child=2 -3 -4 -5 -6 -7 -8 -9 -10
leaf_value=-0.042227516407023949 -0.010343641444047265 0.007377059914668172 0.047697898793318039 0.046269112345344365 -0.048562976006995412 -0.043855322449348276 -0.042892089772994316 -0.042623492376169733 -0.042378585841819735
leaf_weight=0.093340299092233403 0.43150611035525777 0.42256895452737797 0.6426328718662262 0.42991903424263 0.32974619977176189 0.35510478727519512 0.26784616056829691 0.10406528227031231 0.17506247386336327
leaf_count=6 8 5 5 4 3 7 9 4 9
internal_value=-0.00297468 -0.0319007 0.0306377 0.0179106 -0.0444256 -0.043055 -0.0426112 -0.0424092 -0.042326
internal_weight=3.25179 1.74773 1.50406 0.861425 1.32517 0.995419 0.640314 0.372468 0.268403
internal_count=60 43 17 12 38 35 28 19 15
is_linear=0
shrinkage=0.05


Tree=200
num_leaves=14
num_cat=0
split_feature=5 9 4 12 9 0 7 12 6 3 7 12 0
split_gain=0.438762 0.105726 0.113263 0.135508 1.30592e-06 9.04626e-07 7.32915e-07 3.82035e-07 2.12908e-07 1.2185e-07 9.10097e-08 2.24406e-08 1.27817e-08
threshold=-0.24999999999999994 -0.95205858110577612 189.00000000000003 20.500000000000004 -0.43031030248784691 7.8579000000000008 10.325000000000001 40.000000000000007 -0.68301270189221952 2.5000000000000004 9.4416666666666682 78.500000000000014 4.4356500000000008
decision_type=2 2 2 2 2 2 2 2 2 2 2 2 2
left_child=1 -1 -3 -4 6 -6 8 -5 -2 -7 11 -10 -13
right_child=4 2 3 7 5 9 -8 -9 10 -11 -12 12 -14
leaf_value=0.054297602934763156 -0.042057439784482509 0.048310734698680115 0.025054885504799201 -0.042220474930949034 -0.042324796776396612 -0.042147488418192471 -0.042174858333188493 -0.0420545068931426 -0.041918119437328122 -0.042035617573529513 -0.041985212625902227 -0.041892780786806826 -0.041845365247613293
leaf_weight=0.21421219408512115 0.032889332622289658 0.14233666658401489 0.16348052117973566 0.069056098349392414 0.062547751702368259 0.041827592067420483 0.042299970984458923 0.069639168214052916 0.048076166305691004 0.058220791164785624 0.035715099889785051 0.032209934666752815 0.025437677279114723
leaf_count=1 3 1 4 5 4 4 3 7 7 7 4 5 5
internal_value=0.000776481 0.0254421 0.0115366 -0.00578549 -0.0420685 -0.0421756 -0.0419882 -0.0421371 -0.0419429 -0.0420824 -0.0419162 -0.0418929 -0.0418719
internal_weight=1.03795 0.658725 0.444512 0.302176 0.379224 0.162596 0.216628 0.138695 0.174328 0.100048 0.141439 0.105724 0.0576476
internal_count=60 18 17 16 42 15 27 12 24 11 21 17 10
is_linear=0
shrinkage=0.05


Tree=201
num_leaves=10
num_cat=0
split_feature=0 2 9 9 9 3 12 2 0
split_gain=1.28112 0.576133 5.63537e-05 2.40513e-05 1.26739e-05 1.87414e-06 1.46192e-06 2.09703e-07 1.12391e-07
threshold=10.381750000000002 2005.0000000000002 -0.43031030248784691 -0.27768031003904575 -0.69930991848440827 4.5000000000000009 27.500000000000004 2590.0000000000005 4.4356500000000008
decision_type=2 2 2 2 2 2 2 2 2
left_child=2 -2 4 -4 6 8 -1 -7 -6
right_child=1 -3 3 -5 5 7 -8 -9 -10
leaf_value=-0.042880091115012328 -0.0078947426557521641 0.049819532473556249 -0.043669293912047463 -0.042898033402739427 -0.042314354453407567 -0.042530872135502551 -0.042682139632219077 -0.042433982832337243 -0.042242101869592416
leaf_weight=0.18469734489917755 0.78243064880371072 0.96660707890987396 0.20456437207758427 0.19982106331735872 0.10848058760166168 0.11816510558128357 0.18842247128486633 0.10589141957461834 0.10682275146245956
leaf_count=6 5 7 5 7 6 5 7 5 7
internal_value=-0.0034088 0.0240011 -0.0428059 -0.0432882 -0.0425658 -0.0423839 -0.0427801 -0.0424851 -0.0422785
internal_weight=2.9659 1.74904 1.21687 0.404385 0.81248 0.43936 0.37312 0.224057 0.215303
internal_count=60 12 48 12 36 23 13 10 13
is_linear=0
shrinkage=0.05


Tree=202
num_leaves=10
num_cat=0
split_feature=0 8 11 2 2 12 12 0 3
split_gain=1.41889 5.80608e-05 3.39156e-05 3.14121e-05 3.67077e-05 3.91154e-06 2.01134e-06 1.09987e-06 8.57584e-07
threshold=4.1838500000000005 -0.90030314410939694 4.0000000000000009 2512.5000000000005 1450.0000000000002 36.500000000000007 36.500000000000007 10.363450000000002 4.5000000000000009
decision_type=2 2 2 2 2 2 2 2 2
left_child=-1 -2 6 4 5 -4 7 -3 -8
right_child=1 2 3 -5 -6 -7 8 -9 -10
leaf_value=0.03443390684084837 -0.043938578632780584 -0.04264945922061153 -0.042955309269997841 -0.042451586484398868 -0.043603647292700567 -0.042592105445930006 -0.042269512014578819 -0.042442571538041707 -0.042475192181166715
leaf_weight=1.035178028047085 0.12533078715205204 0.15997383743524507 0.19786574132740498 0.1903461255133152 0.28214169107377529 0.11853811889886856 0.11700266879051924 0.10735016688704491 0.089405067265033722
leaf_count=9 3 6 6 9 6 5 7 5 4
internal_value=-0.0098694 -0.0429121 -0.0428103 -0.0430111 -0.043189 -0.0428192 -0.0424758 -0.0425664 -0.0423586
internal_weight=2.42313 1.38795 1.26262 0.788892 0.598546 0.316404 0.473732 0.267324 0.206408
internal_count=60 51 48 26 17 11 22 11 11
is_linear=0
shrinkage=0.05


Tree=203
num_leaves=10
num_cat=0
split_feature=2 0 2 5 0 5 6 9 12
split_gain=1.12731 0.667351 0.660138 0.381539 0.190407 0.000264573 2.19073e-05 1.2452e-05 1.8205e-07
threshold=1650.0000000000002 4.4356500000000008 875.00000000000011 0.68301270189221941 7.8579000000000008 -0.6830127018922193 -0.68301270189221952 -0.27768031003904575 85.500000000000014
decision_type=2 2 2 2 2 2 2 2 2
left_child=1 -1 4 -4 -3 -2 -7 8 -8
right_child=5 2 3 -5 -6 6 7 -9 -10
leaf_value=-0.02895938313887407 -0.045099647950698055 0.024851678689782372 -0.020168032735017841 0.026816101747087057 0.057026596138757324 -0.043494581602026072 -0.042791908752535933 -0.043199812531158115 -0.042716961041234069
leaf_weight=0.78986421599984158 0.21047799661755562 0.83524492755532276 1.0128860212862489 0.75355667248368274 1.0230088792741296 0.28590637445449829 0.15266316942870617 0.2972421273589132 0.17266316153109074
leaf_count=7 3 5 6 6 8 6 5 8 6
internal_value=0.00132365 0.0126856 0.0217606 -0.000124808 0.0425647 -0.0435023 -0.0431323 -0.0429659 -0.0427521
internal_weight=5.53351 4.41456 3.6247 1.76644 1.85825 1.11895 0.908475 0.622568 0.325326
internal_count=60 32 25 12 13 28 25 19 11
is_linear=0
shrinkage=0.05


Tree=204
num_leaves=9
num_cat=0
split_feature=2 9 4 10 2 5 10 6
split_gain=0.738243 0.505353 0.498988 0.447636 0.715815 0.000260694 2.732e-06 6.49725e-07
threshold=2005.0000000000002 -0.27768031003904575 197.50000000000003 4.5000000000000009 1150.0000000000002 -0.6830127018922193 4.5000000000000009 1.0000000180025095e-35
decision_type=2 2 2 2 2 2 2 2
left_child=1 2 3 4 -1 -2 -7 -8
right_child=5 -3 -4 -5 -6 6 7 -9
leaf_value=-0.052034936413565526 -0.04504950466179504 -0.024201492787315679 0.043211774555158435 0.027443002614182789 0.023197079308129091 -0.04292826683692693 -0.042591105441290363 -0.042723410554348869
leaf_weight=0.63193977810442448 0.15969906747341156 0.76428917795419682 1.4828034341335294 1.2930399216711521 0.63278326764702797 0.12858693115413178 0.17578261718153954 0.19654844887554646
leaf_count=7 2 8 7 9 9 4 7 7
internal_value=0.00626843 0.0130822 0.0201346 0.00675617 -0.0143938 -0.0432904 -0.0427296 -0.0426609
internal_weight=5.46547 4.80486 4.04057 2.55776 1.26472 0.660617 0.500918 0.372331
internal_count=60 40 32 25 16 20 18 14
is_linear=0
shrinkage=0.05


Tree=205
num_leaves=12
num_cat=0
split_feature=2 12 0 14 3 13 3 8 9 2 3
split_gain=1.15324 0.332724 0.402784 0.122538 0.253956 0.00225798 7.98031e-05 5.96131e-05 5.60407e-06 1.52281e-06 1.14419e-06
threshold=2512.5000000000005 78.500000000000014 10.381750000000002 1.0000000180025095e-35 11.500000000000002 1.0000000180025095e-35 9.5000000000000018 0.9195955058153672 -0.62577451934762973 1250.0000000000002 1.5000000000000002
decision_type=2 2 2 2 2 2 2 2 2 2 2
left_child=1 5 10 4 -2 6 7 8 -1 -10 -3
right_child=3 2 -4 -5 -6 -7 -8 -9 9 -11 -12
leaf_value=-0.042840531214466709 -0.009918350227690241 -0.042258580093767609 0.054569898093794401 0.047188195020515661 0.045876691931991703 -0.048387486345225252 -0.044060508093275039 -0.043612203720530623 -0.042336854136722078 -0.042611525620408056 -0.042497137521905787
leaf_weight=0.2081188391894101 0.416067039594054 0.13038650341331948 0.21665173768997192 0.60052452981472015 0.40001912415027618 0.28693802654743195 0.26588821411132812 0.27283858507871628 0.10346175823360715 0.098505530506372452 0.081795149482786655
leaf_count=7 8 8 1 5 4 2 5 6 6 4 4
internal_value=-0.00311338 -0.0313324 0.00661482 0.0300453 0.0174306 -0.044501 -0.0433256 -0.0430395 -0.0426584 -0.0424708 -0.0423505
internal_weight=3.0812 1.66458 0.428833 1.41661 0.816086 1.23575 0.948813 0.682925 0.410086 0.201967 0.212182
internal_count=60 43 13 17 12 30 28 23 17 10 12
is_linear=0
shrinkage=0.05


Tree=206
num_leaves=9
num_cat=0
split_feature=2 11 0 2 9 0 2 3
split_gain=0.826725 1.09302e-06 7.67937e-07 1.3123e-06 6.45178e-07 4.04194e-07 3.92803e-07 9.23172e-08
threshold=2950.0000000000005 1.0000000180025095e-35 10.363450000000002 1450.0000000000002 -0.62577451934762973 5.8354500000000007 2005.0000000000002 6.5000000000000009
decision_type=2 2 2 2 2 2 2 2
left_child=1 -1 3 4 -3 -5 -4 -8
right_child=-2 2 6 5 -6 -7 7 -9
leaf_value=-0.041860487793482219 0.049953930191440024 -0.042113906219345271 -0.042112491637332383 -0.042306826528002037 -0.04190458755826993 -0.042145954695152338 -0.041880028108575711 -0.041981359135037935
leaf_weight=0.05414139898493886 0.45460536330938339 0.1043056626804173 0.053568076808005571 0.096232055686414242 0.056892621330916882 0.065704541280865669 0.035879767965525389 0.060171638149768114
leaf_count=10 3 9 5 6 9 5 6 7
internal_value=0.000551285 -0.0420733 -0.0420977 -0.042141 -0.04204 -0.0422416 -0.042004 -0.0419435
internal_weight=0.981501 0.526896 0.472754 0.323135 0.161198 0.161937 0.149619 0.0960514
internal_count=60 57 47 29 18 11 18 13
is_linear=0
shrinkage=0.05


Tree=207
num_leaves=10
num_cat=0
split_feature=0 2 9 9 9 3 12 2 0
split_gain=1.17461 0.541601 4.73244e-05 1.91658e-05 1.1342e-05 1.46258e-06 1.40238e-06 1.77145e-07 9.15272e-08
threshold=10.381750000000002 2005.0000000000002 -0.43031030248784691 -0.27768031003904575 -0.69930991848440827 4.5000000000000009 27.500000000000004 2590.0000000000005 4.4356500000000008
decision_type=2 2 2 2 2 2 2 2 2
left_child=2 -2 4 -4 6 8 -1 -7 -6
right_child=1 -3 3 -5 5 7 -8 -9 -10
leaf_value=-0.042818959782497237 -0.0077787536991241017 0.049138038188177129 -0.043545352653445432 -0.042835402703124616 -0.042268796532500007 -0.042468299476391844 -0.042619676309016981 -0.04237589503171979 -0.042201135976328262
leaf_weight=0.17586523108184338 0.77367927134036996 0.90906728804111481 0.19234495237469673 0.18795777671039127 0.10106748715043068 0.10990012437105179 0.17726005055010319 0.098220093175768852 0.098886710591614246
leaf_count=6 5 7 5 7 6 5 7 5 7
internal_value=-0.00358862 0.0229693 -0.042739 -0.0431945 -0.0425114 -0.0423319 -0.0427189 -0.0424247 -0.0422353
internal_weight=2.82425 1.68275 1.1415 0.380303 0.7612 0.408074 0.353125 0.20812 0.199954
internal_count=60 12 48 12 36 23 13 10 13
is_linear=0
shrinkage=0.05


Tree=208
num_leaves=9
num_cat=0
split_feature=0 9 0 3 9 0 3 12
split_gain=1.31693 4.97918e-05 6.79627e-05 1.18038e-05 1.04755e-05 2.77361e-06 1.08801e-06 9.23508e-08
threshold=4.1838500000000005 -0.43031030248784691 7.8579000000000008 3.5000000000000004 -0.69930991848440827 5.8354500000000007 4.5000000000000009 56.500000000000007
decision_type=2 2 2 2 2 2 2 2
left_child=-1 4 -3 -4 5 -2 -6 -8
right_child=1 2 3 -5 6 -7 7 -9
leaf_value=0.033509987986253965 -0.042850678385559615 -0.043820283837812543 -0.043063690209724247 -0.042466450509166635 -0.042268367238567882 -0.042555821199888239 -0.04247779085742491 -0.042411943623717002
leaf_weight=0.99616257101297412 0.24559144861996185 0.24537297151982751 0.14637771993875504 0.19026556611061096 0.14506973419338465 0.11811300553381443 0.10985187254846096 0.10334007628262043
leaf_count=9 8 5 5 9 9 5 5 5
internal_value=-0.0097757 -0.0428433 -0.0431874 -0.0427261 -0.0425659 -0.0427549 -0.042374 -0.0424459
internal_weight=2.30014 1.30398 0.582016 0.336643 0.721966 0.363704 0.358262 0.213192
internal_count=60 51 19 14 32 13 19 10
is_linear=0
shrinkage=0.05


Tree=209
num_leaves=11
num_cat=0
split_feature=2 0 12 10 6 2 5 6 9 12
split_gain=1.03779 0.595815 0.633853 0.550085 0.519147 1.22654 0.000217536 1.70299e-05 1.0157e-05 1.19272e-07
threshold=1650.0000000000002 4.4356500000000008 9.5000000000000018 4.5000000000000009 0.25000000000000017 400.00000000000006 -0.6830127018922193 -0.68301270189221952 -0.27768031003904575 85.500000000000014
decision_type=2 2 2 2 2 2 2 2 2 2
left_child=1 -1 -3 4 -4 -6 -2 -8 9 -9
right_child=6 2 3 -5 5 -7 7 8 -10 -11
leaf_value=-0.027797419651527128 -0.044860524513287099 0.060842511276793403 0.057005869143490179 -0.023601875195288606 0.055461441329557687 -0.047688414697953672 -0.043353717576374143 -0.042702904031381453 -0.043088991137771704 -0.042639901462850342
leaf_weight=0.76411584019660939 0.19886864349246025 0.77516660094261203 0.75065969675779376 0.85659959912300099 0.57293288409709908 0.57988196238875389 0.26544234901666641 0.14115189202129841 0.27623354643583276 0.16058303043246269
leaf_count=7 3 3 4 7 5 6 6 5 8 6
internal_value=0.0013877 0.0122389 0.0208924 0.00967245 0.0246465 0.00357562 -0.0433729 -0.0430222 -0.0428699 -0.0426694
internal_weight=5.34164 4.29936 3.53524 2.76007 1.90347 1.15281 1.04228 0.843411 0.577968 0.301735
internal_count=60 32 25 22 15 11 28 25 19 11
is_linear=0
shrinkage=0.05


Tree=210
num_leaves=13
num_cat=0
split_feature=0 0 6 12 11 12 8 14 2 5 0 2
split_gain=0.745123 0.774788 0.468625 0.504406 0.362864 0.827095 0.2301 0.015202 0.000272464 8.71044e-05 3.118e-06 1.00224e-06
threshold=9.1832000000000011 1.8748330000000002 -0.68301270189221952 72.500000000000014 4.0000000000000009 32.500000000000007 0.99465189230620699 2.5000000000000004 1650.0000000000002 -0.5 10.381750000000002 2590.0000000000005
decision_type=2 2 2 2 2 2 2 2 2 2 2 2
left_child=1 8 3 -3 -4 -6 7 9 -1 -2 11 -11
right_child=6 2 4 -5 5 -7 -8 -9 -10 10 -12 -13
leaf_value=-0.045016009113595663 -0.043869567026336771 -0.045932418386627975 0.059328951467476902 0.021888783262411091 -0.017632499633721013 0.049042610673110575 -0.0014750717607406791 -0.057207519902321029 -0.042837818199678857 -0.042812873899404823 -0.042442213107322338 -0.042633211271287094
leaf_weight=0.3283044397830962 0.20669817365705967 0.50864846445620038 0.73279321193695124 0.59465871751308441 0.87492901831865311 0.99302972853183746 0.39477689377963543 0.26380332000553608 0.25514181330800056 0.15380453132092931 0.14627675712108612 0.15671990253031254
leaf_count=4 4 7 3 3 6 7 4 2 8 5 7 6
internal_value=-0.000627952 0.00949122 0.0179269 -0.00937826 0.0295105 0.0178128 -0.0334444 -0.0470546 -0.0440635 -0.0430179 -0.0426325 -0.0427222
internal_weight=5.60958 4.28751 3.70406 1.10331 2.60075 1.86796 1.32208 0.927303 0.583446 0.663499 0.456801 0.310524
internal_count=66 38 26 10 16 13 28 24 12 22 18 11
is_linear=0
shrinkage=0.05


Tree=211
num_leaves=12
num_cat=0
split_feature=0 3 7 12 4 7 5 7 7 6 12
split_gain=1.22573 0.680951 0.163861 0.0833718 8.63024e-05 3.96132e-05 1.58776e-05 7.09576e-06 5.90201e-06 9.49298e-07 6.28697e-08
threshold=10.361300000000002 4.5000000000000009 6.7500000000000009 67.000000000000014 197.50000000000003 10.325000000000001 0.93301270189221952 8.9583333333333339 8.1083333333333361 0.6830127018922193 122.00000000000001
decision_type=2 2 2 2 2 2 2 2 2 2 2
left_child=4 2 -2 -3 6 8 7 9 -6 -1 -11
right_child=1 3 -4 -5 5 -7 -8 -9 -10 10 -12
leaf_value=-0.042414937428440838 0.0069107074460852463 0.027047458210008691 -0.046532172346706764 0.051100002974674888 -0.0433091860450701 -0.043916675897285359 -0.043026001389624216 -0.042700243933423164 -0.04289336813151709 -0.042185911191714082 -0.042246057710718023
leaf_weight=0.099081799387932046 0.24405262432992492 0.71315656602382638 0.34787135850638151 0.72810771316289902 0.16259774193167686 0.25237183272838593 0.15791456773877144 0.16847031190991402 0.17959120124578476 0.070733223110437393 0.11262665968388319
leaf_count=5 4 7 7 5 4 5 5 6 6 5 7
internal_value=-0.00301755 0.0206546 -0.0244975 0.0391985 -0.043013 -0.0434414 -0.0425945 -0.0424434 -0.043091 -0.0422902 -0.0422229
internal_weight=3.23658 2.03319 0.591924 1.44126 1.20339 0.594561 0.608827 0.450912 0.342189 0.282442 0.18336
internal_count=66 23 11 12 43 15 28 23 10 17 12
is_linear=0
shrinkage=0.05


Tree=212
num_leaves=10
num_cat=0
split_feature=2 12 0 0 9 5 6 3 2
split_gain=1.05701 1.24412e-06 9.49373e-07 1.10586e-06 5.35328e-07 5.01563e-07 4.74628e-07 9.51139e-08 1.12659e-08
threshold=2950.0000000000005 40.000000000000007 10.363450000000002 4.3650000000000011 -0.48574157668954127 0.68301270189221941 -0.68301270189221952 7.5000000000000009 1250.0000000000002
decision_type=2 2 2 2 2 2 2 2 2
left_child=1 2 3 -1 -5 -4 -3 8 -8
right_child=-2 6 5 4 -6 -7 7 -9 -10
leaf_value=-0.04196354502102409 0.051987389047845813 -0.04206346443420203 -0.042071010070972817 -0.042122452349548777 -0.042288081371648939 -0.041849340373737137 -0.041827287837845062 -0.041948507915024649 -0.04186989375420952
leaf_weight=0.054291270673274994 0.6635596975684166 0.061275965999811888 0.06726934527978301 0.084554983302950859 0.11532096657902002 0.041115351021289825 0.022273345850408077 0.046255430672317743 0.051138428971171379
leaf_count=7 4 6 7 7 7 8 5 6 9
internal_value=0.00964228 -0.0420574 -0.0421108 -0.0421637 -0.042218 -0.0419869 -0.0419503 -0.0418924 -0.041857
internal_weight=1.20705 0.543495 0.362552 0.254167 0.199876 0.108385 0.180943 0.119667 0.0734118
internal_count=66 62 36 21 14 15 26 20 14
is_linear=0
shrinkage=0.05


Tree=213
num_leaves=11
num_cat=0
split_feature=0 2 9 0 4 12 5 2 10 12
split_gain=1.03446 0.672003 4.22856e-05 1.18746e-05 7.95152e-06 4.26641e-06 2.04415e-06 1.85352e-06 6.96016e-07 6.98637e-08
threshold=10.381750000000002 2005.0000000000002 -0.48574157668954127 5.8354500000000007 46.000000000000007 29.500000000000004 0.93301270189221952 2590.0000000000005 4.5000000000000009 85.500000000000014
decision_type=2 2 2 2 2 2 2 2 2 2
left_child=2 -2 4 5 9 -4 7 8 -6 -1
right_child=1 -3 3 -5 6 -7 -8 -9 -10 -11
leaf_value=-0.042242833272857064 -0.013432619829746577 0.048178832781774393 -0.043454551054198653 -0.042708494516329423 -0.04251628902021945 -0.043091459092536373 -0.042765188356291874 -0.042369489560091921 -0.042676014510621453 -0.04218237104383931
leaf_weight=0.076183514669537544 0.88934911042451836 0.88099505752325058 0.134929168969393 0.15538125485181808 0.13566109538078308 0.20205914787948132 0.10949243418872356 0.13396060653030872 0.13716388121247292 0.12813682295382023
leaf_count=5 6 8 3 6 6 7 4 7 5 9
internal_value=-0.00714321 0.0172277 -0.042713 -0.0430701 -0.0424689 -0.0432368 -0.0425734 -0.0425218 -0.0425966 -0.0422049
internal_weight=2.98331 1.77034 1.21297 0.49237 0.720598 0.336988 0.516278 0.406786 0.272825 0.20432
internal_count=66 14 52 16 36 10 22 18 11 14
is_linear=0
shrinkage=0.05


Tree=214
num_leaves=12
num_cat=0
split_feature=0 8 8 0 8 2 2 8 3 3 6
split_gain=2.18032 0.327011 0.00419448 0.00383471 6.15343e-05 2.66086e-05 4.07757e-05 9.85911e-06 1.18573e-06 8.87533e-07 2.58696e-07
threshold=1.8748330000000002 -0.94490267940017747 0.77969889170510687 4.1838500000000005 1.0000000180025095e-35 2005.0000000000002 1450.0000000000002 0.77969889170510687 2.5000000000000004 1.5000000000000002 1.0000000180025095e-35
decision_type=2 2 2 2 2 2 2 2 2 2 2
left_child=2 -2 -1 -3 -5 6 7 -6 -7 -9 -10
right_child=1 3 -4 4 5 8 -8 9 10 -11 -12
leaf_value=0.05139823532697016 0.022355526472630734 -0.049104483439361336 0.045711691508808654 -0.04375136861905117 -0.042784884944039502 -0.042147717592427317 -0.043307621930791414 -0.042165928780126219 -0.04233324875776652 -0.042385943772690816 -0.042434240117441124
leaf_weight=0.5256144702434542 0.21029861643910419 0.30532255768775907 0.84659019857645035 0.16527241095900524 0.23760422319173791 0.067534760572016239 0.31882818974554539 0.069344555959105492 0.12750839255750179 0.13521744962781668 0.12614061683416367
leaf_count=3 2 2 9 4 8 5 8 5 7 7 6
internal_value=0.000627263 -0.0361574 0.0478899 -0.044082 -0.0428528 -0.0427155 -0.0428766 -0.0425658 -0.0423339 -0.0423114 -0.0423835
internal_weight=3.13528 1.76307 1.3722 1.55277 1.24745 1.08218 0.760994 0.442166 0.321184 0.204562 0.253649
internal_count=66 54 12 52 50 46 28 20 18 12 13
is_linear=0
shrinkage=0.05


Tree=215
num_leaves=12
num_cat=0
split_feature=2 0 2 0 12 9 5 8 6 3 0
split_gain=1.10527 0.549331 0.621635 0.666061 0.391884 0.254181 0.000188952 1.51015e-05 2.056e-05 1.10247e-06 6.92931e-07
threshold=1650.0000000000002 4.3650000000000011 400.00000000000006 5.8354500000000007 23.500000000000004 -0.48574157668954127 -0.6830127018922193 0.42305852853874643 0.25000000000000017 10.500000000000002 11.100500000000002
decision_type=2 2 2 2 2 2 2 2 2 2 2
left_child=1 -1 -3 4 -4 -6 -2 -8 -9 10 -10
right_child=6 2 3 -5 5 -7 7 8 9 -11 -12
leaf_value=-0.026219635674499499 -0.044640206025395909 0.055557395827380091 0.056500462589620416 -0.030407135198081039 -0.0057537587902015894 0.034130558819506711 -0.043380263177371647 -0.043114356957852047 -0.042575718968099002 -0.042704035009325042 -0.042416505153925241
leaf_weight=0.72811106592416752 0.18796003982424736 0.98283878713846196 0.64217199385166246 0.7692429982125758 0.98124608397483826 0.6737478971481321 0.13162021711468674 0.29865744151175022 0.20054039359092712 0.11355235613882542 0.10366561263799667
leaf_count=8 3 7 3 7 7 3 3 8 8 4 5
internal_value=0.00361135 0.0137639 0.0209535 0.00986238 0.0233473 0.0104831 -0.0432059 -0.042888 -0.0427976 -0.0425711 -0.0425215
internal_weight=5.81335 4.77736 4.04925 3.06641 2.29717 1.65499 1.036 0.848036 0.716416 0.417758 0.304206
internal_count=66 35 27 20 13 10 31 28 25 17 13
is_linear=0
shrinkage=0.05


Tree=216
num_leaves=14
num_cat=0
split_feature=0 14 11 5 10 8 4 4 14 0 5 0 12
split_gain=0.676969 0.61466 0.547093 1.19289 0.604179 0.220339 0.192643 0.103661 0.0116799 0.00158958 7.01552e-05 2.59787e-06 6.42611e-07
threshold=9.1832000000000011 1.5000000000000002 1.5000000000000002 -0.6830127018922193 4.5000000000000009 0.99465189230620699 189.00000000000003 71.000000000000014 2.5000000000000004 4.5574000000000012 -0.5 10.381750000000002 56.500000000000007
decision_type=2 2 2 2 2 2 2 2 2 2 2 2 2
left_child=1 2 4 -4 6 8 -1 -5 10 -9 -2 12 -12
right_child=5 -3 3 7 -6 -7 -8 9 -10 -11 11 -13 -14
leaf_value=-0.042759310955549829 -0.043711933950267394 0.054146258729662278 0.034949212639150767 -0.016480032212261544 0.05800579715076927 -0.0013384335889582953 0.020393847421846027 -0.045921176916510847 -0.055719313706370836 -0.04969513864566593 -0.04272322312803966 -0.042380488123860513 -0.042573910054205077
leaf_weight=0.2684441860765221 0.19286580011248589 0.64525441080331791 0.81929471343755733 0.34533479809761058 0.70584993064403534 0.38915134593844414 0.21948568522930145 0.5525904595851896 0.25082612968981266 0.56357840448617935 0.13972559198737122 0.13501666486263275 0.14879861287772655
leaf_count=9 4 4 5 4 3 4 2 6 2 5 5 7 6
internal_value=-0.000467755 0.00933024 0.00100758 -0.0133463 0.0284316 -0.0325966 -0.0143511 -0.0404199 -0.0466229 -0.0478267 -0.0429215 -0.0425615 -0.0426462
internal_weight=5.37622 4.11983 3.47458 2.2808 1.19378 1.25638 0.48793 1.4615 0.867233 1.11617 0.616407 0.423541 0.288524
internal_count=66 38 34 20 14 28 11 15 24 11 22 18 11
is_linear=0
shrinkage=0.05


Tree=217
num_leaves=12
num_cat=0
split_feature=0 3 8 12 4 7 11 12 7 3 12
split_gain=1.13219 0.622046 0.148197 0.0811677 6.74414e-05 3.00485e-05 1.35774e-05 1.11989e-05 5.50768e-06 1.67414e-06 5.15409e-08
threshold=10.361300000000002 4.5000000000000009 0.97868534383143946 67.000000000000014 197.50000000000003 10.325000000000001 1.5000000000000002 27.500000000000004 8.1083333333333361 2.5000000000000004 122.00000000000001
decision_type=2 2 2 2 2 2 2 2 2 2 2
left_child=4 2 -2 -3 6 8 9 -8 -6 10 -1
right_child=1 3 -4 -5 5 -7 7 -9 -10 -11 -12
leaf_value=-0.042143204271807677 -0.046137719796387762 0.026096749345070409 0.0057034150694498104 0.05044055322139096 -0.043217324406827892 -0.043745533152365235 -0.043081418627392974 -0.042485826683337446 -0.042802806634345054 -0.042451179278105558 -0.042199999478009093
leaf_weight=0.064919233322143777 0.32384441141039122 0.68158103153109528 0.24003908038139343 0.68808919191360474 0.15396355278789997 0.23511641100049019 0.1462329663336277 0.171474221162498 0.16711543872952461 0.084138418547809124 0.10383900348097086
leaf_count=5 7 7 4 5 4 5 4 8 6 4 7
internal_value=-0.00308617 0.0201299 -0.0240695 0.0383265 -0.0429243 -0.0433161 -0.0425424 -0.04276 -0.0430016 -0.042269 -0.0421782
internal_weight=3.06035 1.93355 0.563883 1.36967 1.1268 0.556195 0.570604 0.317707 0.321079 0.252897 0.168758
internal_count=66 23 11 12 43 15 28 12 10 16 12
is_linear=0
shrinkage=0.05


Tree=218
num_leaves=10
num_cat=0
split_feature=2 12 0 0 5 9 6 3 2
split_gain=0.976552 1.10146e-06 7.43926e-07 8.97253e-07 4.55547e-07 4.39222e-07 3.92875e-07 7.72965e-08 9.19985e-09
threshold=2950.0000000000005 40.000000000000007 10.363450000000002 4.3650000000000011 0.68301270189221941 -0.48574157668954127 -0.68301270189221952 7.5000000000000009 1250.0000000000002
decision_type=2 2 2 2 2 2 2 2 2
left_child=1 2 3 -1 -4 -5 -3 8 -8
right_child=-2 6 4 5 -6 -7 7 -9 -10
leaf_value=-0.041948935242242108 0.051164958553810584 -0.042036660151593019 -0.042055395964221629 -0.042095798280345431 -0.041836956262513658 -0.042250137566272314 -0.041813718722663332 -0.041927657182440486 -0.041853925768684797
leaf_weight=0.051137283910065889 0.62694805115461349 0.057119763921946287 0.06363588897511363 0.079744507558643818 0.038192255422472954 0.10924905445426702 0.020374296465888619 0.04284032853320241 0.047154399566352367
leaf_count=7 4 6 7 7 8 7 5 6 9
internal_value=0.00938317 -0.0420353 -0.0420867 -0.0421347 -0.0419735 -0.042185 -0.0419302 -0.0418751 -0.0418418
internal_weight=1.1364 0.509448 0.341959 0.240131 0.101828 0.188994 0.167489 0.110369 0.0675287
internal_count=66 62 36 21 15 14 26 20 14
is_linear=0
shrinkage=0.05


Tree=219
num_leaves=12
num_cat=0
split_feature=2 7 7 6 2 7 4 7 4 3 12
split_gain=0.774132 0.62983 0.276035 0.0781398 0.0250151 0.00129526 0.000101358 2.55009e-05 5.75581e-06 3.17823e-07 5.41012e-08
threshold=2005.0000000000002 6.041666666666667 7.8333333333333339 0.25000000000000017 2512.5000000000005 8.1083333333333361 99.500000000000014 10.325000000000001 46.000000000000007 7.5000000000000009 85.500000000000014
decision_type=2 2 2 2 2 2 2 2 2 2 2
left_child=1 -1 4 -4 -2 6 -3 8 10 -10 -7
right_child=2 5 3 -5 -6 7 -8 -9 9 -11 -12
leaf_value=0.027240193496517767 0.050468896775553329 -0.046423521328853107 -0.042364630799402656 0.012943648034187126 0.032846925711653943 -0.042196383692011646 -0.045171845835249594 -0.043010757302492743 -0.042482779500928852 -0.042598401802240088 -0.042140922253550595
leaf_weight=0.40178874135017428 0.34548114240169503 0.28257112577557542 0.14966812636703253 0.1113872192800045 0.482853127643466 0.070114685222506523 0.37823029235005379 0.24122307915240526 0.15281008370220661 0.097266295924782753 0.11792476661503315
leaf_count=2 2 3 8 3 8 5 7 8 7 4 9
internal_value=-0.00699303 -0.0276687 0.0260673 -0.0187657 0.0401967 -0.044131 -0.0457071 -0.0425979 -0.0423706 -0.0425278 -0.0421616
internal_weight=2.83132 1.74193 1.08939 0.261055 0.828334 1.34014 0.660801 0.679339 0.438116 0.250076 0.188039
internal_count=66 45 21 11 10 43 10 33 25 11 14
is_linear=0
shrinkage=0.05


Tree=220
num_leaves=12
num_cat=0
split_feature=0 8 7 0 7 2 2 7 4 2 6
split_gain=2.00993 0.298596 0.00331295 0.00293626 7.75739e-05 2.49635e-05 3.4589e-05 8.51415e-06 1.00147e-06 8.26667e-07 2.84061e-07
threshold=1.8748330000000002 -0.94490267940017747 8.9583333333333339 4.1838500000000005 16.041666666666668 2005.0000000000002 1450.0000000000002 8.9583333333333339 71.000000000000014 400.00000000000006 1.0000000180025095e-35
decision_type=2 2 2 2 2 2 2 2 2 2 2
left_child=2 -2 -1 -3 5 6 7 9 -7 -5 -10
right_child=1 3 -4 4 -6 8 -8 -9 10 -11 -12
leaf_value=0.045374669736155622 0.020284003184362541 -0.048439015032356418 0.050591395025924593 -0.042167731949842399 -0.043990546373392003 -0.042108097922696125 -0.043220339119154544 -0.042725269757107734 -0.042285644102284137 -0.042376034019697022 -0.042388718701612191
leaf_weight=0.78697054088115714 0.20702019333839428 0.28553801774978604 0.49625328183174133 0.096172471530735271 0.11956234648823727 0.062088135629892349 0.30154428258538246 0.22466119378805161 0.15300878696143627 0.094365880824625492 0.11869261413812637
leaf_count=9 2 2 3 7 2 5 8 8 9 5 6
internal_value=0.000380729 -0.0359023 0.0473921 -0.0438931 -0.0427838 -0.0426464 -0.0428128 -0.0425168 -0.0422893 -0.0422709 -0.0423307
internal_weight=2.94588 1.66265 1.28322 1.45563 1.1701 1.05053 0.716744 0.4152 0.33379 0.190538 0.271701
internal_count=66 54 12 52 50 48 28 20 20 12 15
is_linear=0
shrinkage=0.05


Tree=221
num_leaves=12
num_cat=0
split_feature=2 3 12 12 12 12 5 8 6 3 0
split_gain=1.01465 0.506416 1.0552 0.40624 0.507412 0.2416 0.000150583 1.24281e-05 1.68056e-05 1.0157e-06 5.58814e-07
threshold=1650.0000000000002 7.5000000000000009 23.500000000000004 13.000000000000002 40.000000000000007 102.50000000000001 -0.6830127018922193 0.42305852853874643 0.25000000000000017 10.500000000000002 11.100500000000002
decision_type=2 2 2 2 2 2 2 2 2 2 2
left_child=1 3 -3 -1 -5 -6 -2 -8 -9 10 -10
right_child=6 2 -4 4 5 -7 7 8 9 -11 -12
leaf_value=-0.010712820071872291 -0.044419300647251331 0.038249178045310105 -0.048082161835631708 0.051005439355914554 0.027549832053375075 -0.023086111107054458 -0.043263530692905339 -0.043011839180199456 -0.042503194977504891 -0.042634115281680804 -0.042354200700598449
leaf_weight=0.65186699479818377 0.1758183091878891 0.61774564534425713 0.82885195314884186 1.5722360573709013 0.52312156558036793 0.4285532534122467 0.12260615825653065 0.27849417179822922 0.18517125956714153 0.10619898699223995 0.095330042764544487
leaf_count=4 3 3 9 9 6 4 3 8 8 4 5
internal_value=0.00357581 0.0133055 -0.0112158 0.0244751 0.0335633 0.00474772 -0.0430962 -0.042801 -0.0427157 -0.0425024 -0.0424526
internal_weight=5.58599 4.62238 1.4466 3.17578 2.52391 0.951675 0.963619 0.787801 0.665194 0.3867 0.280501
internal_count=66 35 12 23 19 10 31 28 25 17 13
is_linear=0
shrinkage=0.05


Tree=222
num_leaves=13
num_cat=0
split_feature=0 8 7 5 5 8 12 9 0 5 0 10
split_gain=0.61773 0.296369 0.664257 0.639696 0.538455 0.21314 0.200628 0.00672757 0.00194007 3.55547e-05 1.98259e-06 1.07605e-06
threshold=9.1832000000000011 0.55438071450436055 9.1416666666666675 -0.6830127018922193 0.68301270189221941 0.99465189230620699 122.00000000000001 -0.69930991848440827 4.5574000000000012 -0.5 10.381750000000002 4.5000000000000009
decision_type=2 2 2 2 2 2 2 2 2 2 2 2
left_child=1 -1 3 -3 6 7 8 -2 -5 -9 11 -11
right_child=5 2 -4 4 -6 -7 -8 9 -10 10 -12 -13
leaf_value=-0.015683600669408767 -0.05211595043359623 0.055667366296546499 0.054384226528777196 -0.044607500851342442 0.024089952115586871 -0.0010063119174692039 0.00038212009990094896 -0.043464306942698858 -0.049658008175608816 -0.0426706590348142 -0.042331147849764418 -0.042468347812768557
leaf_weight=0.91915183886885676 0.30377606302499771 0.44384224712848741 0.84422187507152546 0.36420189775526501 0.6553417146205901 0.38271277584135532 0.31151259876787663 0.1247580423951149 0.3978714682161808 0.13529463298618771 0.12594547495245934 0.12781850062310696
leaf_count=9 3 2 4 6 6 4 7 3 4 5 7 6
internal_value=-0.000402064 0.00917315 0.016746 0.00212175 -0.0116242 -0.0318019 -0.033425 -0.0462172 -0.0472443 -0.0427298 -0.0424943 -0.0425724
internal_weight=5.13645 3.93614 3.01699 2.17277 1.72893 1.20031 1.07359 0.817593 0.762073 0.513817 0.389059 0.263113
internal_count=66 38 29 25 23 28 17 24 10 21 18 11
is_linear=0
shrinkage=0.05


Tree=223
num_leaves=12
num_cat=0
split_feature=0 3 8 12 4 7 11 12 7 3 12
split_gain=1.04463 0.560389 0.138083 0.0783829 5.393e-05 2.29277e-05 1.20449e-05 9.62508e-06 4.86243e-06 1.71474e-06 3.59079e-08
threshold=10.361300000000002 4.5000000000000009 0.97868534383143946 67.000000000000014 197.50000000000003 10.325000000000001 4.0000000000000009 27.500000000000004 8.1083333333333361 2.5000000000000004 122.00000000000001
decision_type=2 2 2 2 2 2 2 2 2 2 2
left_child=4 2 -2 -3 6 8 9 -8 -6 10 -1
right_child=1 3 -4 -5 5 -7 7 -9 -10 -11 -12
leaf_value=-0.042110787144542271 -0.045751647355865871 0.025151541010635693 0.005276434564883103 0.049688841111920679 -0.04313072409965342 -0.043594891897731858 -0.043013127841644377 -0.042422958816208917 -0.042729219892773937 -0.042405762116888554 -0.042159822908109483
leaf_weight=0.060890697874129041 0.3018281990662216 0.65652518346905686 0.23642113991081715 0.64543914049863815 0.14558617398142815 0.21879961155354977 0.13866544514894485 0.13768311962485313 0.15643254481256008 0.099832457490265369 0.096503110602498055
leaf_count=5 7 7 4 5 4 5 4 7 6 5 7
internal_value=-0.00316157 0.0195749 -0.023338 0.0373157 -0.0428432 -0.0432051 -0.0424899 -0.0427191 -0.0429228 -0.0422437 -0.0421409
internal_weight=2.89461 1.84021 0.538249 1.30196 1.05439 0.520818 0.533575 0.276349 0.302019 0.257226 0.157394
internal_count=66 23 11 12 43 15 28 11 10 17 12
is_linear=0
shrinkage=0.05


Tree=224
num_leaves=10
num_cat=0
split_feature=2 12 0 0 9 5 6 3 2
split_gain=0.904333 9.38037e-07 6.20823e-07 7.66927e-07 3.91084e-07 3.82251e-07 3.25443e-07 6.20243e-08 7.2421e-09
threshold=2950.0000000000005 40.000000000000007 10.363450000000002 4.3650000000000011 -0.48574157668954127 0.68301270189221941 -0.68301270189221952 7.5000000000000009 1250.0000000000002
decision_type=2 2 2 2 2 2 2 2 2
left_child=1 2 3 -1 -5 -4 -3 8 -8
right_child=-2 6 5 4 -6 -7 7 -9 -10
leaf_value=-0.041929306899775032 0.05043815993112849 -0.042013508561356556 -0.042033176424434805 -0.042068175919947957 -0.042218411441944083 -0.041826595614309299 -0.04180497085079421 -0.04191013364905502 -0.041841728007210421
leaf_weight=0.047478281427174807 0.5932127833366394 0.053312347736209631 0.059777745045721531 0.074537094216793776 0.10342148877680302 0.035805729683488607 0.019302347442135215 0.039892071392387152 0.043827113695442677
leaf_count=7 4 6 7 7 7 8 5 6 9
internal_value=0.00921489 -0.0420137 -0.0420626 -0.0421079 -0.0421555 -0.0419558 -0.0419132 -0.0418613 -0.0418305
internal_weight=1.07057 0.477354 0.32102 0.225437 0.177959 0.0955835 0.156334 0.103022 0.0631295
internal_count=66 62 36 21 14 15 26 20 14
is_linear=0
shrinkage=0.05


Tree=225
num_leaves=11
num_cat=0
split_feature=0 5 4 9 0 9 12 3 3 12
split_gain=0.911586 0.346553 0.000704447 3.12307e-05 6.10664e-06 5.68585e-06 2.76861e-06 1.27614e-06 4.79006e-07 2.89893e-08
threshold=10.381750000000002 0.25000000000000011 36.000000000000007 -0.48574157668954127 5.8354500000000007 -0.62577451934762973 29.500000000000004 1.5000000000000002 6.5000000000000009 122.00000000000001
decision_type=2 2 2 2 2 2 2 2 2 2
left_child=3 -2 -3 5 6 8 -5 9 -1 -7
right_child=1 2 -4 4 -6 7 -8 -9 -10 -11
leaf_value=-0.042584388495556735 -0.01831406375109091 0.033276804140544368 0.030779083380534641 -0.043234173451770122 -0.042653073053274378 -0.0420799455551365 -0.042923072475649734 -0.04231397746192081 -0.042462342661273904 -0.042125585715345047
leaf_weight=0.13998936116695404 0.48908560723066319 0.58178864419460274 0.54837270826101303 0.11998710036277793 0.1451750798150897 0.056739232502877712 0.17702950164675713 0.15408305730670691 0.1888572359457612 0.089948703534901142
leaf_count=6 4 5 5 3 6 5 7 9 9 7
internal_value=-0.00682791 0.0168482 0.0320649 -0.0425968 -0.0429188 -0.0423706 -0.0430487 -0.0422135 -0.0425143 -0.0421079
internal_weight=2.69106 1.61925 1.13016 1.07181 0.442192 0.629618 0.297017 0.300771 0.328847 0.146688
internal_count=66 14 10 52 16 36 10 21 15 12
is_linear=0
shrinkage=0.05


Tree=226
num_leaves=12
num_cat=0
split_feature=0 12 7 0 7 2 2 7 3 2 6
split_gain=1.86193 0.366637 0.00292383 0.00220405 0.000102395 2.19813e-05 2.96287e-05 7.14948e-06 8.13437e-07 7.35238e-07 2.89764e-07
threshold=1.8748330000000002 5.0000000000000009 8.9583333333333339 4.1838500000000005 16.041666666666668 2005.0000000000002 1450.0000000000002 8.9583333333333339 2.5000000000000004 400.00000000000006 1.0000000180025095e-35
decision_type=2 2 2 2 2 2 2 2 2 2 2
left_child=2 -2 -1 -3 5 6 7 9 -7 -5 -10
right_child=1 3 -4 4 -6 8 -8 -9 10 -11 -12
leaf_value=0.0450615805277991 0.036443939366105717 -0.047843560165935078 0.050101533601375897 -0.042136061967574114 -0.04391209239491569 -0.042079245122779968 -0.043139945018409752 -0.042676833123112434 -0.042239142025283206 -0.042338216556185498 -0.042346828505854688
leaf_weight=0.73048638552427314 0.15858260542154301 0.26672354340553273 0.47481182217597961 0.090603904798626678 0.17378225922584534 0.05809920746833086 0.2862150315195322 0.18888955935835838 0.14151075482368469 0.089317635633051395 0.11183875985443592
leaf_count=9 2 2 3 7 3 5 8 7 9 5 6
internal_value=0.000334578 -0.0356285 0.047047 -0.0437518 -0.0427947 -0.0425938 -0.0427582 -0.042462 -0.042248 -0.0422364 -0.0422867
internal_weight=2.77086 1.56556 1.2053 1.40698 1.14026 0.966475 0.655026 0.368811 0.311449 0.179922 0.25335
internal_count=66 54 12 52 50 47 27 19 20 12 15
is_linear=0
shrinkage=0.05


Tree=227
num_leaves=11
num_cat=0
split_feature=2 0 2 0 12 5 7 2 3 12
split_gain=0.935077 0.468857 0.550306 0.580921 0.31544 0.000124187 1.03043e-05 1.18454e-05 1.19742e-06 2.02026e-07
threshold=1650.0000000000002 4.3650000000000011 400.00000000000006 5.8354500000000007 32.500000000000007 -0.6830127018922193 8.5833333333333339 2850.0000000000005 3.5000000000000004 46.000000000000007
decision_type=2 2 2 2 2 2 2 2 2 2
left_child=1 -1 -3 4 -4 -2 7 8 9 -7
right_child=5 2 3 -5 -6 6 -8 -9 -10 -11
leaf_value=-0.025760758087653868 -0.04423991082022688 0.053774281419379302 0.040248958891066673 -0.029725356473788978 0.0019053809495101163 -0.042336977171111755 -0.043026839917019132 -0.042996890346125485 -0.042575340190943556 -0.042431217598405145
leaf_weight=0.66588164493441571 0.16499928385019302 0.90373684838414226 1.1316469609737403 0.72318792343139637 1.0196926221251486 0.092112942598760017 0.20093332789838314 0.14244412258267403 0.14945031702518463 0.14862918108701706
leaf_count=8 3 7 6 7 7 5 6 4 6 7
internal_value=0.00351858 0.0129243 0.0197422 0.0090427 0.0220749 -0.0430005 -0.0427217 -0.0426066 -0.0424642 -0.0423952
internal_weight=5.34272 4.44415 3.77826 2.87453 2.15134 0.898569 0.73357 0.532637 0.390192 0.240742
internal_count=66 35 27 20 13 31 28 22 18 12
is_linear=0
shrinkage=0.05


end of trees

feature_importances:
Column_0=415
Column_2=378
Column_12=214
Column_3=169
Column_5=158
Column_7=158
Column_9=131
Column_6=112
Column_4=98
Column_8=98
Column_11=75
Column_10=43
Column_14=43
Column_13=22

parameters:
[boosting: gbdt]
[objective: multiclass]
[metric: multi_logloss]
[tree_learner: serial]
[device_type: cpu]
[data_sample_strategy: bagging]
[data: ]
[valid: ]
[num_iterations: 1000]
[learning_rate: 0.05]
[num_leaves: 31]
[num_threads: -1]
[seed: 42]
[deterministic: 0]
[force_col_wise: 0]
[force_row_wise: 0]
[histogram_pool_size: -1]
[max_depth: -1]
[min_data_in_leaf: 5]
[min_sum_hessian_in_leaf: 0.001]
[bagging_fraction: 0.8]
[pos_bagging_fraction: 1]
[neg_bagging_fraction: 1]
[bagging_freq: 5]
[bagging_seed: 400]
[bagging_by_query: 0]
[feature_fraction: 0.9]
[feature_fraction_bynode: 1]
[feature_fraction_seed: 30056]
[extra_trees: 0]
[extra_seed: 12879]
[early_stopping_round: 0]
[early_stopping_min_delta: 0]
[first_metric_only: 0]
[max_delta_step: 0]
[lambda_l1: 0]
[lambda_l2: 0]
[linear_lambda: 0]
[min_gain_to_split: 0]
[drop_rate: 0.1]
[max_drop: 50]
[skip_drop: 0.5]
[xgboost_dart_mode: 0]
[uniform_drop: 0]
[drop_seed: 17869]
[top_rate: 0.2]
[other_rate: 0.1]
[min_data_per_group: 100]
[max_cat_threshold: 32]
[cat_l2: 10]
[cat_smooth: 10]
[max_cat_to_onehot: 4]
[top_k: 20]
[monotone_constraints: ]
[monotone_constraints_method: basic]
[monotone_penalty: 0]
[feature_contri: ]
[forcedsplits_filename: ]
[refit_decay_rate: 0.9]
[cegb_tradeoff: 1]
[cegb_penalty_split: 0]
[cegb_penalty_feature_lazy: ]
[cegb_penalty_feature_coupled: ]
[path_smooth: 0]
[interaction_constraints: ]
[verbosity: -1]
[saved_feature_importance_type: 0]
[use_quantized_grad: 0]
[num_grad_quant_bins: 4]
[quant_train_renew_leaf: 0]
[stochastic_rounding: 1]
[linear_tree: 0]
[max_bin: 255]
[max_bin_by_feature: ]
[min_data_in_bin: 3]
[bin_construct_sample_cnt: 200000]
[data_random_seed: 175]
[is_enable_sparse: 1]
[enable_bundle: 1]
[use_missing: 1]
[zero_as_missing: 0]
[feature_pre_filter: 1]
[pre_partition: 0]
[two_round: 0]
[header: 0]
[label_column: ]
[weight_column: ]
[group_column: ]
[ignore_column: ]
[categorical_feature: ]
[forcedbins_filename: ]
[precise_float_parser: 0]
[parser_config_file: ]
[objective_seed: 16083]
[num_class: 6]
[is_unbalance: 0]
[scale_pos_weight: 1]
[sigmoid: 1]
[boost_from_average: 1]
[reg_sqrt: 0]
[alpha: 0.9]
[fair_c: 1]
[poisson_max_delta_step: 0.7]
[tweedie_variance_power: 1.5]
[lambdarank_truncation_level: 30]
[lambdarank_norm: 1]
[label_gain: ]
[lambdarank_position_bias_regularization: 0]
[eval_at: ]
[multi_error_top_k: 1]
[auc_mu_weights: ]
[num_machines: 1]
[local_listen_port: 12400]
[time_out: 120]
[machine_list_filename: ]
[machines: ]
[gpu_platform_id: -1]
[gpu_device_id: -1]
[gpu_use_dp: 0]
[num_gpu: 1]

end of parameters

pandas_categorical:null
