tree
version=v4
num_class=6
num_tree_per_iteration=6
label_index=0
max_feature_idx=14
objective=multiclass num_class:6
feature_names=Column_0 Column_1 Column_2 Column_3 Column_4 Column_5 Column_6 Column_7 Column_8 Column_9 Column_10 Column_11 Column_12 Column_13 Column_14
feature_infos=[1.2117:11.2902] none [10:3600] [1:12] [3:356] [-1:1] [-1:1] [6:19.5] [-0.96592582628906831:1] [-0.99976202707990913:0.38268343236508917] [4:5] [0:9] [4:637] [0:1] [0:7]
tree_sizes=838 541 547 539 650 745 1181 1090 1085 982 1088 1078 1169 1075 1202 1089 1195 1077 1182 1091 1104 1088 1203 1084 1182 988 1099 1089 980 1079 965 1200 999 1191 1095 1078 964 1083 1107 1095 991 1063 1171 1094 1213 1091 991 1069 1173 1092 1112 1092 993 1286 1173 1203 1106 969 1107 1289 1183 1194 1425 1182 1309 1270 1186 1190 1420 1294 1300 1290 1188 1192 1319 1089 1182 1383 1180 1192 1310 1201 1092 1402 1177 1191 1313 1197 1197 1400 1287 1305 1327 1205 1309 1279 1191 1303 1216 1092 1310 1181 1393 1305 1329 1098 1316 1393 1391 1306 1338 1416 1317 1180 1292 1293 1328 1202 1205 1189 1308 1406 1316 1412 1311 1296 1312 1309 1425 1424 1316 1293 1309 1311 1441 1320 1317 1295 1207 1418 1328 1319 1302 1287 1210 1311 1323 1322 1313 1296 1402 1426 1432 1319 1198 1187 1512 1430 1543 1214 1199 1188 1406 1537 1427 1206 1308 1187 1404 1319 1331 1218 1203 1617 1513 1321 1440 1215 1314 1296

Tree=0
num_leaves=7
num_cat=0
split_feature=6 7 4 2 2 0
split_gain=7.87216 12.8256 2.45158 1.39141 2.96589 8.88178e-16
threshold=1.0000000180025095e-35 8.4166666666666696 196.00000000000003 1650.0000000000002 1150.0000000000002 10.363450000000002
decision_type=2 2 2 2 2 2
left_child=1 -1 -3 4 -2 -5
right_child=3 2 -4 5 -6 -7
leaf_value=-1.3838584178072597 -1.6017233440381187 -1.6017233440381187 -1.5021279491897259 -1.6017233440381187 -1.5083526613677505 -1.6017233440381187
leaf_weight=1.6065000295639036 1.8073125332593918 1.606500029563904 1.0040625184774397 1.807312533259392 1.6065000295639038 2.0081250369548798
leaf_count=8 9 8 5 9 8 10
internal_value=-1.5493 -1.49501 -1.56342 -1.58097 -1.55778 -1.60172
internal_weight=11.4463 4.21706 2.61056 7.22925 3.41381 3.81544
internal_count=57 21 13 36 17 19
is_linear=0
shrinkage=1


Tree=1
num_leaves=4
num_cat=0
split_feature=0 0 0
split_gain=14.7762 34.7594 8.88178e-16
threshold=10.361300000000002 11.100500000000002 5.3224000000000009
decision_type=2 2 2
left_child=2 -2 -1
right_child=1 -3 -4
leaf_value=-1.9461395955935248 -1.6193421941223423 -1.9461395955935248 -1.9461395955935248
leaf_weight=4.1309999227523804 1.3769999742507937 1.9889999628067014 1.2239999771118162
leaf_count=27 9 13 8
internal_value=-1.89454 -1.81245 -1.94614
internal_weight=8.721 3.366 5.355
internal_count=57 22 35
is_linear=0
shrinkage=1


Tree=2
num_leaves=4
num_cat=0
split_feature=2 0 0
split_gain=51.2158 4.44089e-16 2.22045e-16
threshold=2950.0000000000005 10.381750000000002 5.3224000000000009
decision_type=2 2 2
left_child=1 2 -1
right_child=-2 -3 -4
leaf_value=-3.0395919233074258 -2.3378375455521425 -3.0395919233074258 -3.0395919233074258
leaf_weight=1.3110000006854545 0.2850000001490115 0.85500000044703472 0.7980000004172324
leaf_count=23 5 15 14
internal_value=-2.97803 -3.03959 -3.03959
internal_weight=3.249 2.964 2.109
internal_count=57 52 37
is_linear=0
shrinkage=1


Tree=3
num_leaves=4
num_cat=0
split_feature=0 2 0
split_gain=31.4361 12.8708 8.88178e-16
threshold=11.100500000000002 2300.0000000000005 1.6389149500000002
decision_type=2 2 2
left_child=2 -2 -1
right_child=1 -3 -4
leaf_value=-1.9461395955935248 -1.8807801152992882 -1.619342194122342 -1.9461395955935248
leaf_weight=0.76499998569488514 0.76499998569488514 1.2239999771118162 5.966999888420105
leaf_count=5 5 8 39
internal_value=-1.89454 -1.7199 -1.94614
internal_weight=8.721 1.989 6.732
internal_count=57 13 44
is_linear=0
shrinkage=1


Tree=4
num_leaves=5
num_cat=0
split_feature=0 12 0 2
split_gain=38.5509 0.577201 1.77636e-15 8.88178e-16
threshold=4.1838500000000005 115.00000000000001 11.105850000000002 2850.0000000000005
decision_type=2 2 2 2
left_child=1 -1 3 -2
right_child=2 -3 -4 -5
leaf_value=-1.5625941321040968 -1.7934743533482751 -1.5048740767930522 -1.7934743533482751 -1.7934743533482751
leaf_weight=0.86625002324581213 6.0637501627206785 0.86625002324581146 0.86625002324581135 1.2127500325441358
leaf_count=5 35 5 5 7
internal_value=-1.74791 -1.53373 -1.79347 -1.79347
internal_weight=9.87525 1.7325 8.14275 7.2765
internal_count=57 10 47 42
is_linear=0
shrinkage=1


Tree=5
num_leaves=6
num_cat=0
split_feature=2 6 7 0 0
split_gain=27.383 6.33942 8.15255 1.77636e-15 8.88178e-16
threshold=1150.0000000000002 1.0000000180025095e-35 8.9583333333333339 5.3224000000000009 11.100500000000002
decision_type=2 2 2 2 2
left_child=1 2 -1 -2 -5
right_child=3 -3 -4 4 -6
leaf_value=-1.3940013694100275 -1.3940013694100275 -1.1787740359803947 -1.2146452582186669 -1.3940013694100275 -1.3940013694100275
leaf_weight=1.1615625023841869 3.7170000076293928 2.0908125042915344 1.3938750028610227 2.5554375052452087 2.3231250047683716
leaf_count=5 16 9 6 11 10
internal_value=-1.34114 -1.24334 -1.29617 -1.394 -1.394
internal_weight=13.2418 4.64625 2.55544 8.59556 4.87856
internal_count=57 20 11 37 21
is_linear=0
shrinkage=1


Tree=6
num_leaves=10
num_cat=0
split_feature=2 6 9 2 3 12 3 3 12
split_gain=7.13108 7.25429 5.69802 3.06559 0.773602 0.593623 0.000238442 1.44257e-05 5.69975e-07
threshold=1650.0000000000002 0.6830127018922193 -0.62577451934762973 675.00000000000011 8.5000000000000018 94.500000000000014 4.5000000000000009 2.5000000000000004 67.000000000000014
decision_type=2 2 2 2 2 2 2 2 2
left_child=1 2 -1 -4 6 -3 7 8 -2
right_child=4 5 3 -5 -6 -7 -8 -9 -10
leaf_value=-0.010651275594077171 -0.052168159039011064 -0.052814273978739501 0.065952800408380599 0.17553709714669027 -0.0035950102719137637 -0.0021917144983514751 -0.052961838855087484 -0.051915805214846178 -0.052117795431226015
leaf_weight=1.1888929605484011 1.3505018353462226 1.3953600078821184 1.2509102672338488 1.3029513061046598 1.0086873918771742 0.9899800419807433 1.0014064759016035 0.95026378333568562 0.96190270781517018
leaf_count=6 7 7 6 6 5 5 5 5 5
internal_value=-0.000341404 0.0363391 0.0797685 0.121861 -0.0429721 -0.0318046 -0.052287 -0.0520798 -0.0521472
internal_weight=11.4009 6.12809 3.74275 2.55386 5.27276 2.38534 4.26407 3.26267 2.3124
internal_count=57 30 18 12 27 12 22 17 12
is_linear=0
shrinkage=0.05


Tree=7
num_leaves=9
num_cat=0
split_feature=0 0 2 9 12 0 11 0
split_gain=12.8872 24.643 7.69838e-06 3.45164e-06 5.71769e-06 1.93556e-06 9.73647e-07 7.86102e-07
threshold=10.361300000000002 11.100500000000002 1855.0000000000002 -0.49524719222984687 55.500000000000007 11.105850000000002 6.5000000000000009 1.8034830000000002
decision_type=2 2 2 2 2 2 2 2
left_child=2 -2 3 4 -1 -3 7 -5
right_child=1 5 -4 6 -6 -7 -8 -9
leaf_value=-0.048555553762599679 0.21342089432010358 -0.048625449816857763 -0.048425076755955407 -0.048587957532861797 -0.048744149984424702 -0.048521725006583201 -0.048610981383643545 -0.048521860153871908
leaf_weight=0.73043991625308968 1.6968367099761965 1.1770913004875181 0.72029148042201985 0.73292407393455539 0.89343367516994476 0.72788257896900166 0.88158980011939991 1.1646136641502378
leaf_count=5 9 8 5 5 6 5 6 8
internal_value=0.00237401 0.0748473 -0.0485766 -0.0486014 -0.0486593 -0.0485858 -0.0485676 -0.0485474
internal_weight=8.7251 3.60181 5.12329 4.403 1.62387 1.90497 2.77913 1.89754
internal_count=57 22 35 30 11 13 19 13
is_linear=0
shrinkage=0.05


Tree=8
num_leaves=9
num_cat=0
split_feature=0 0 5 9 3 7 6 3
split_gain=4.79479 12.566 2.94979 3.29179e-05 8.79491e-08 5.45092e-08 4.74568e-08 4.42565e-10
threshold=5.3224000000000009 4.5259000000000009 0.68301270189221941 -0.52414661475995694 6.5000000000000009 6.6500000000000012 0.6830127018922193 2.5000000000000004
decision_type=2 2 2 2 2 2 2 2
left_child=1 2 4 -2 -1 -5 7 -7
right_child=3 -3 -4 5 -6 6 -8 -9
leaf_value=-0.043768251241900924 -0.044256426281150757 0.31285081272903292 0.14435439136990844 -0.043766185524421991 -0.043738306724171505 -0.043750488901767186 -0.04372884633141301 -0.043753339412606632
leaf_weight=0.49361330270767234 0.42864108458161343 0.41866673901677121 0.2646380327641964 0.32875168323516823 0.487264234572649 0.27216656133532524 0.3774317167699337 0.27250160276889801
leaf_count=9 7 5 4 6 9 5 7 5
internal_value=0.0157228 0.0758722 -0.00378561 -0.0438783 -0.0437534 -0.0437487 -0.0437425 -0.0437519
internal_weight=3.34367 1.66418 1.24552 1.67949 0.980878 1.25085 0.9221 0.544668
internal_count=57 27 22 30 18 23 17 10
is_linear=0
shrinkage=0.05


Tree=9
num_leaves=8
num_cat=0
split_feature=0 4 3 11 6 12 6
split_gain=25.3848 3.17839 4.10446e-06 4.55378e-06 2.08166e-06 2.05073e-06 1.99254e-06
threshold=11.100500000000002 46.000000000000007 2.5000000000000004 6.5000000000000009 1.0000000180025095e-35 130.50000000000003 -0.24999999999999994
decision_type=2 2 2 2 2 2 2
left_child=2 -2 5 4 -4 -1 -5
right_child=1 -3 3 6 -6 -7 -8
leaf_value=-0.048670755949621336 0.19007801754795395 0.068049192811423298 -0.048528607786782391 -0.04862408909080812 -0.048430506117707516 -0.048561349967409663 -0.048534457017938043
leaf_weight=1.0345745682716367 1.4499254971742632 0.84435047209262837 1.1652072966098788 1.3240474015474317 1.0090185701847074 0.73092335462570179 1.1661247760057452
leaf_count=7 8 5 8 9 7 5 8
internal_value=0.00238615 0.145168 -0.0485605 -0.048536 -0.0484831 -0.0486255 -0.0485821
internal_weight=8.72417 2.29428 6.4299 4.6644 2.17423 1.7655 2.49017
internal_count=57 13 44 32 15 12 17
is_linear=0
shrinkage=0.05


Tree=10
num_leaves=9
num_cat=0
split_feature=0 0 11 3 2 2 10 3
split_gain=31.0453 0.338793 1.19185e-05 4.99357e-06 5.40279e-06 1.61256e-05 3.16988e-06 3.10886e-06
threshold=4.1838500000000005 1.6389149500000002 3.5000000000000004 8.5000000000000018 2300.0000000000005 1150.0000000000002 4.5000000000000009 2.5000000000000004
decision_type=2 2 2 2 2 2 2 2
left_child=1 -1 6 4 5 -4 7 -2
right_child=2 -3 3 -5 -6 -7 -8 -9
leaf_value=0.19032208031406148 -0.049901781662333139 0.14932319152575022 -0.049942314093007194 -0.049895409146395189 -0.049936067948788541 -0.050215004870778783 -0.049924512908933731 -0.049774546379932082
leaf_weight=1.0259625464677813 0.82675383985042583 0.9902069717645644 1.1612054556608207 0.99149827659130085 1.1606823354959486 1.0169257670640943 1.4908348321914673 1.1449849903583524
leaf_count=5 5 5 7 6 7 6 9 7
internal_value=-0.00469382 0.170186 -0.0499386 -0.0499939 -0.0500232 -0.0500696 -0.0498695 -0.0498279
internal_weight=9.80906 2.01617 7.79289 4.33031 3.33881 2.17813 3.46257 1.97174
internal_count=57 10 47 26 20 13 21 12
is_linear=0
shrinkage=0.05


Tree=11
num_leaves=9
num_cat=0
split_feature=2 6 7 2 3 2 2 0
split_gain=23.9303 4.77998 6.8192 0.000107759 4.73188e-05 0.000102128 3.07277e-06 2.87329e-07
threshold=1150.0000000000002 1.0000000180025095e-35 8.9583333333333339 2950.0000000000005 10.500000000000002 1650.0000000000002 1855.0000000000002 11.100500000000002
decision_type=2 2 2 2 2 2 2 2
left_child=1 2 -1 4 5 -2 -7 -8
right_child=3 -3 -4 -5 -6 6 7 -9
leaf_value=-0.055405076839064905 -0.055840458454247704 0.13695282158343355 0.10773941355339432 -0.054867908789470204 -0.055131082798449471 -0.055402497591974 -0.055295660873889735 -0.055328018532795821
leaf_weight=1.1188476383686077 1.3635237365961055 2.2861201465129852 1.4981967508792875 1.0958316624164579 1.3288663476705549 1.5662139654159544 1.1143357902765276 1.7851036787033079
leaf_count=5 6 9 6 5 6 7 5 8
internal_value=-0.00335701 0.0841325 0.0379913 -0.0553296 -0.0554003 -0.0554617 -0.0553461 -0.0553156
internal_weight=13.157 4.90316 2.61704 8.25388 7.15804 5.82918 4.46565 2.89944
internal_count=57 20 11 37 32 26 20 13
is_linear=0
shrinkage=0.05


Tree=12
num_leaves=10
num_cat=0
split_feature=2 6 9 2 3 12 6 12 7
split_gain=6.53174 6.18796 4.59016 2.20418 0.746286 0.568359 0.000200392 2.36282e-05 6.66883e-06
threshold=1650.0000000000002 0.6830127018922193 -0.62577451934762973 675.00000000000011 8.5000000000000018 94.500000000000014 -0.5 25.500000000000004 8.4166666666666696
decision_type=2 2 2 2 2 2 2 2 2
left_child=1 2 -1 -4 6 -3 -2 -8 -9
right_child=4 5 3 -5 -6 -7 7 8 -10
leaf_value=-0.010100250677322392 -0.052253603771882255 -0.051982158956928676 0.060687069710658736 0.1505469167728534 -0.0035886965257462301 -0.0018688542911324633 -0.051639615283432375 -0.051441944995917768 -0.051265589991636808
leaf_weight=1.1772803962230685 0.96304643154144276 1.3302801847457888 1.2970270514488222 1.4401684552431104 1.0073405653238294 0.98453006148338307 0.93482148647308383 0.92349025607109081 1.2777752578258514
leaf_count=6 5 7 6 6 5 5 5 5 7
internal_value=-0.000227551 0.0341362 0.0724579 0.107967 -0.0421472 -0.0306681 -0.0516227 -0.051429 -0.0513396
internal_weight=11.3358 6.22929 3.91448 2.7372 5.10647 2.31481 4.09913 3.13609 2.20127
internal_count=57 30 18 12 27 12 22 17 12
is_linear=0
shrinkage=0.05


Tree=13
num_leaves=9
num_cat=0
split_feature=0 0 2 9 0 2 4 9
split_gain=11.3513 18.6509 1.33228e-05 1.41145e-05 6.58626e-06 5.40106e-06 5.80885e-06 4.00833e-06
threshold=10.361300000000002 11.100500000000002 1150.0000000000002 -0.5 11.105850000000002 490.00000000000006 94.000000000000014 -0.39271506111191329
decision_type=2 2 2 2 2 2 2 2
left_child=2 -2 5 -4 -3 6 -1 -5
right_child=1 4 3 7 -6 -7 -8 -9
leaf_value=-0.048033407561703156 0.17380978614251708 -0.04825277820770775 -0.048403416509655399 -0.048088553724097365 -0.04805684507867735 -0.047982503481189993 -0.048237424337977557 -0.048245088682155254
leaf_weight=0.68986216187477134 1.96834072470665 1.1312477290630338 0.86145347356796298 0.9716925472021104 0.69083307683467854 0.95977972447872151 0.70591527223587036 0.70616647601127591
leaf_count=5 9 8 6 7 5 7 5 5
internal_value=0.00214127 0.0670985 -0.0481595 -0.0482389 -0.0481785 -0.0480738 -0.0481366 -0.0481544
internal_weight=8.68529 3.79042 4.89487 2.53931 1.82208 2.35556 1.39578 1.67786
internal_count=57 22 35 18 13 17 10 12
is_linear=0
shrinkage=0.05


Tree=14
num_leaves=10
num_cat=0
split_feature=2 0 5 3 2 4 2 3 8
split_gain=20.7999 8.28053e-06 2.31764e-05 3.28097e-06 5.06964e-07 2.38791e-07 3.66604e-07 2.1464e-07 1.2167e-09
threshold=2950.0000000000005 5.3224000000000009 0.68301270189221941 8.5000000000000018 490.00000000000006 220.00000000000003 2537.5000000000005 6.5000000000000009 0.93540483100319638
decision_type=2 2 2 2 2 2 2 2 2
left_child=1 2 3 7 -3 6 -6 -1 -8
right_child=-2 4 -4 -5 5 -7 8 -9 -10
leaf_value=-0.043674617750797458 0.27750602824914189 -0.043598016100650144 -0.04423898278392157 -0.043856349131773241 -0.043718202172588247 -0.04362117211200172 -0.043647894762498349 -0.043617805878809 -0.043652729394150686
leaf_weight=0.47338110581040449 0.61575366556644429 0.40626051276922215 0.26107705011963833 0.27866673097014427 0.32180638238787629 0.25677847489714622 0.25998301059007645 0.25625050067901611 0.26056021079421043
leaf_count=9 5 8 4 5 6 5 5 5 5
internal_value=0.0146139 -0.0437251 -0.0438191 -0.0437104 -0.0436457 -0.0436634 -0.0436763 -0.0436547 -0.0436503
internal_weight=3.39052 2.77476 1.26938 1.0083 1.50539 1.09913 0.84235 0.729632 0.520543
internal_count=57 52 23 19 29 21 16 14 10
is_linear=0
shrinkage=0.05


Tree=15
num_leaves=9
num_cat=0
split_feature=0 2 11 12 9 12 12 3
split_gain=21.2168 2.84714 1.14575e-05 1.61979e-05 8.54035e-06 3.29848e-06 2.8358e-06 1.89496e-06
threshold=11.100500000000002 2537.5000000000005 3.5000000000000004 36.500000000000007 -0.52414661475995694 130.50000000000003 25.500000000000004 6.5000000000000009
decision_type=2 2 2 2 2 2 2 2
left_child=2 -2 5 6 -5 7 -4 -1
right_child=1 -3 3 4 -6 -7 -8 -9
leaf_value=-0.048079931625548883 0.069305203062577855 0.17496676195148683 -0.048166752952477541 -0.048452433471511312 -0.048207582158166729 -0.048146841779851818 -0.048036370985891787 -0.047983988872114428
leaf_weight=1.1093919128179557 1.2453638166189196 1.3062930256128309 0.84030695259571098 0.72164930403232574 0.7031188905239103 0.97828103601932515 0.82795687019824982 0.96000459790229786
leaf_count=8 7 6 6 5 5 7 6 7
internal_value=0.00221509 0.123397 -0.04814 -0.0482078 -0.0483316 -0.0480712 -0.048102 -0.0480354
internal_weight=8.69237 2.55166 6.14071 3.09303 1.42477 3.04768 1.66826 2.0694
internal_count=57 13 44 22 10 22 12 15
is_linear=0
shrinkage=0.05


Tree=16
num_leaves=10
num_cat=0
split_feature=0 12 2 2 7 12 6 11 12
split_gain=25.7009 0.242807 3.55162e-05 3.99582e-05 3.48358e-05 2.04458e-05 1.09759e-05 3.85417e-06 6.8487e-07
threshold=4.1838500000000005 115.00000000000001 1150.0000000000002 2537.5000000000005 7.0750000000000011 28.000000000000004 0.25000000000000017 1.5000000000000002 28.000000000000004
decision_type=2 2 2 2 2 2 2 2 2
left_child=1 -1 5 4 -4 -2 -7 -5 -9
right_child=2 -3 3 7 -6 6 -8 8 -10
leaf_value=0.126176079436877 -0.049103814569190656 0.15893478187988111 -0.049435807020085175 -0.049293245179240865 -0.049880360411803493 -0.049463017361570286 -0.04922485843489529 -0.049453687225820733 -0.049388001581712332
leaf_weight=1.1035186350345614 1.0789991170167925 1.1605188399553297 0.79434451460838296 0.94134004414081607 0.98975861072540283 1.2745039463043215 0.77976703643798817 0.79598788917064645 0.79135596752166748
leaf_count=5 7 5 5 6 6 8 5 5 5
internal_value=-0.00455315 0.142968 -0.0494082 -0.0495012 -0.0496824 -0.04928 -0.0493726 -0.0493734 -0.0494209
internal_weight=9.71009 2.26404 7.44606 4.31279 1.7841 3.13327 2.05427 2.52868 1.58734
internal_count=57 10 47 27 11 20 13 16 10
is_linear=0
shrinkage=0.05


Tree=17
num_leaves=9
num_cat=0
split_feature=4 9 3 8 7 6 0 3
split_gain=5.4912 6.69423 5.68281 1.45578 0.506842 3.47633e-05 3.06321e-05 4.06259e-05
threshold=9.5000000000000018 -0.69930991848440827 7.5000000000000009 0.96863394805116498 12.208333333333334 1.0000000180025095e-35 11.100500000000002 2.5000000000000004
decision_type=2 2 2 2 2 2 2 2
left_child=-1 2 -2 4 5 -3 7 -7
right_child=1 3 -4 -5 -6 6 -8 -9
leaf_value=0.078113103080582391 0.12647745178211697 -0.054504325236103705 -0.019248302255433291 0.0052108352719167682 -0.020419729449552265 -0.054331625429617052 -0.054432629651321729 -0.053932601453298125
leaf_weight=1.793878614902497 1.3253545463085168 1.7277409732341746 1.3509149402379987 1.6060559451580045 1.3747676759958265 1.2870425730943686 1.2924361377954481 1.2647065073251722
leaf_count=7 5 8 6 7 6 6 6 6
internal_value=-0.00311832 -0.0160953 0.0529187 -0.0376908 -0.0476095 -0.054318 -0.0542343 -0.0541339
internal_weight=13.0229 11.229 2.67627 8.55275 6.94669 5.57193 3.84419 2.55175
internal_count=57 50 11 39 32 26 18 12
is_linear=0
shrinkage=0.05


Tree=18
num_leaves=10
num_cat=0
split_feature=2 2 3 9 3 10 3 12 0
split_gain=5.89609 5.51221 7.26513 4.59005 0.726173 0.356126 0.000200462 3.46821e-05 2.10582e-05
threshold=1650.0000000000002 300.00000000000006 8.5000000000000018 -0.62577451934762973 8.5000000000000018 4.5000000000000009 3.5000000000000004 31.500000000000004 1.8034830000000002
decision_type=2 2 2 2 2 2 2 2 2
left_child=1 -1 3 -3 6 -5 7 -2 -9
right_child=4 2 -4 5 -6 -7 -8 8 -10
leaf_value=-0.051840973273574315 -0.050929938803243306 -0.0010739624528579884 -0.052069471528181192 0.10909508009808272 -0.0031856455215288088 0.14554521095946324 -0.051500936228342599 -0.050739959815853289 -0.050391953472351383
leaf_weight=1.5026388019323347 1.0708366632461555 0.97248530387878407 1.1464324146509168 1.4814257472753529 0.99975839257240284 1.2235882729291916 1.1052182316780088 0.88095414638519265 0.85813504457473755
leaf_count=8 6 5 6 6 5 5 6 5 5
internal_value=-0.000135045 0.0317813 0.0578294 0.0920896 -0.0412185 0.125583 -0.0509305 -0.0507061 -0.0505682
internal_weight=11.2415 6.32657 4.82393 3.6775 4.9149 2.70501 3.91514 2.80993 1.73909
internal_count=57 30 22 16 27 11 22 16 10
is_linear=0
shrinkage=0.05


Tree=19
num_leaves=9
num_cat=0
split_feature=0 0 7 11 11 2 3 2
split_gain=10.1843 14.9191 1.70765e-05 1.6202e-05 1.52392e-05 1.10662e-05 9.51784e-06 8.72413e-06
threshold=10.361300000000002 11.100500000000002 8.4166666666666696 3.5000000000000004 6.5000000000000009 2300.0000000000005 2.5000000000000004 1150.0000000000002
decision_type=2 2 2 2 2 2 2 2
left_child=2 -2 3 -1 6 -3 -4 -6
right_child=1 5 4 -5 7 -7 -8 -9
leaf_value=-0.047762820946890668 0.14861687531036802 -0.047619316495381578 -0.047715820247507791 -0.048107776328680851 -0.047713040561753808 -0.047879629323562135 -0.047477399564866796 -0.047956962231122398
leaf_weight=0.66765347123146035 2.1788704991340642 0.65521107614040364 1.1954158395528791 0.69444984197616577 0.66371369361877441 1.0832606703042982 0.64414963126182567 0.81880585849285126
leaf_count=5 9 5 9 5 5 8 5 6
internal_value=0.00196414 0.0614575 -0.0477896 -0.0479387 -0.0477285 -0.0477815 -0.0476323 -0.0478478
internal_weight=8.60153 3.91734 4.68419 1.3621 3.32209 1.73847 1.83957 1.48252
internal_count=57 22 35 10 25 13 14 11
is_linear=0
shrinkage=0.05


Tree=20
num_leaves=9
num_cat=0
split_feature=2 9 6 5 7 2 12 7
split_gain=15.5109 6.61138e-06 1.01622e-05 2.45909e-06 5.66588e-06 7.31044e-07 2.78914e-07 2.35695e-07
threshold=2950.0000000000005 -0.59116893267988335 1.0000000180025095e-35 0.68301270189221941 7.541666666666667 750.00000000000011 115.00000000000001 7.0750000000000011
decision_type=2 2 2 2 2 2 2 2
left_child=1 2 -1 5 -5 -3 7 -7
right_child=-2 3 -4 4 -6 6 -8 -9
leaf_value=-0.043569660573777154 0.21185520718743175 -0.04348127704312231 -0.043952334365281627 -0.043535065683956341 -0.043829537110545998 -0.043545669184441194 -0.043523784723099618 -0.04360916248481965
leaf_weight=0.35005464032292422 0.76582679897546757 0.38368797674775101 0.34395558014512062 0.394283026456833 0.27889756858348846 0.24756705015897751 0.29406634345650673 0.35683595389127731
leaf_count=7 5 8 6 8 5 5 6 7
internal_value=0.0136631 -0.0436267 -0.0437593 -0.0435797 -0.0436571 -0.0435391 -0.0435637 -0.0435832
internal_weight=3.41517 2.64935 0.69401 1.95534 0.673181 1.28216 0.898469 0.604403
internal_count=57 52 13 39 13 26 18 12
is_linear=0
shrinkage=0.05


Tree=21
num_leaves=9
num_cat=0
split_feature=0 2 2 11 12 12 7 12
split_gain=18.1594 2.02595 1.90934e-05 2.00206e-05 1.7433e-05 6.35401e-06 3.77344e-06 1.844e-07
threshold=11.100500000000002 2537.5000000000005 2590.0000000000005 3.5000000000000004 36.500000000000007 50.000000000000007 9.4416666666666682 130.50000000000003
decision_type=2 2 2 2 2 2 2 2
left_child=2 -2 3 5 -5 -1 -4 -7
right_child=1 -3 6 4 -6 7 -8 -9
leaf_value=-0.047562830267425395 0.062595650865072128 0.14834578763334355 -0.047497741208279945 -0.047756046382613992 -0.048031781421928946 -0.047727952690884673 -0.047667737742219496 -0.047762395301972987
leaf_weight=0.65134434401989016 1.3086322098970415 1.4542819261550901 0.64570230990648247 1.0675466656684878 1.2379708737134931 0.66505967080593087 0.66020055115222931 0.93485377728939056
leaf_count=5 7 6 5 8 9 5 5 7
internal_value=0.00205149 0.107731 -0.0477522 -0.0478005 -0.0479041 -0.0476945 -0.0475837 -0.0477481
internal_weight=8.62559 2.76291 5.86268 4.55678 2.30552 2.25126 1.3059 1.59991
internal_count=57 13 44 34 17 17 10 12
is_linear=0
shrinkage=0.05


Tree=22
num_leaves=10
num_cat=0
split_feature=0 12 11 12 12 12 10 3 6
split_gain=21.9052 0.180396 3.34038e-05 4.25781e-05 2.84411e-05 2.64524e-05 1.63213e-05 7.89523e-06 4.70469e-06
threshold=4.1838500000000005 115.00000000000001 3.5000000000000004 36.500000000000007 67.000000000000014 13.500000000000002 4.5000000000000009 2.5000000000000004 1.0000000180025095e-35
decision_type=2 2 2 2 2 2 2 2 2
left_child=1 -1 6 5 -5 -4 7 -2 -7
right_child=2 -3 3 4 -6 8 -8 -9 -10
leaf_value=0.11016363719259753 -0.048826934965790554 0.13724731748092719 -0.049100360955179889 -0.049435258681925068 -0.049007622187893563 -0.048847960049045736 -0.048933549030468648 -0.048613650669943907 -0.048670324685990946
leaf_weight=1.1932598203420641 0.75076919794082653 1.2683353275060651 0.92451100051403123 0.79310621321201302 0.7627263218164444 0.75231051445007302 1.3643943220376968 1.0280392765998838 0.73879170417785645
leaf_count=5 5 5 6 5 5 5 9 7 5
internal_value=-0.00444396 0.124118 -0.0489252 -0.0490216 -0.0492256 -0.0488902 -0.0488035 -0.0487037 -0.0487599
internal_weight=9.57624 2.4616 7.11465 3.97145 1.55583 2.41561 3.1432 1.77881 1.4911
internal_count=57 10 47 26 10 16 21 12 10
is_linear=0
shrinkage=0.05


Tree=23
num_leaves=9
num_cat=0
split_feature=2 6 7 2 4 2 6 9
split_gain=20.0588 3.51734 5.26364 0.000522538 0.000952259 0.000116975 0.000134601 3.9395e-05
threshold=1150.0000000000002 1.0000000180025095e-35 8.9583333333333339 1650.0000000000002 220.00000000000003 2950.0000000000005 0.25000000000000017 -0.35206144883412549
decision_type=2 2 2 2 2 2 2 2
left_child=1 2 -1 4 -2 6 -5 -8
right_child=3 -3 -4 5 -6 -7 7 -9
leaf_value=-0.053766054765081367 -0.055487183870779326 0.11643499322846376 0.090073186350073928 -0.054018459968387389 -0.053376919308515527 -0.05306990397329947 -0.05331791317747802 -0.053702444546818863
leaf_weight=1.0455503314733507 1.1149696558713915 2.4802054166793823 1.6237965226173399 1.6918626576662061 1.0270055532455442 1.0101978182792661 1.8441111892461775 1.0426620393991473
leaf_count=5 5 9 6 8 5 5 9 5
internal_value=-0.00288636 0.0735653 0.0337331 -0.0538114 -0.0544754 -0.0535569 -0.0536643 -0.0534568
internal_weight=12.8804 5.14955 2.66935 7.73081 2.14198 5.58883 4.57864 2.88677
internal_count=57 20 11 37 10 27 22 14
is_linear=0
shrinkage=0.05


Tree=24
num_leaves=10
num_cat=0
split_feature=2 2 3 9 3 0 12 2 12
split_gain=5.37571 4.83262 6.17819 3.66284 0.703748 0.281929 0.000208172 7.49198e-05 3.24833e-05
threshold=1650.0000000000002 300.00000000000006 8.5000000000000018 -0.62577451934762973 8.5000000000000018 4.7199000000000009 25.500000000000004 2850.0000000000005 67.000000000000014
decision_type=2 2 2 2 2 2 2 2 2
left_child=1 -1 3 -3 6 -5 -2 8 -8
right_child=4 2 -4 5 -6 -7 7 -9 -10
leaf_value=-0.051052742816043231 -0.05084781488422066 -0.00085647960555231863 -0.051330549941097037 0.12565506120199885 -0.0030082434583134435 0.094154938132488028 -0.050459038736340604 -0.049658894427615757 -0.050021380025008701
leaf_weight=1.4276457279920576 1.2359565049409869 0.96809573471546162 1.0958135575056074 1.5911059528589255 0.99521496891975392 1.2831687480211256 0.86152119934558891 0.80894596874713887 0.83475677669048309
leaf_count=8 7 5 6 6 5 5 5 5 5
internal_value=-4.08948e-05 0.02997 0.053394 0.0832606 -0.0403763 0.111592 -0.0503168 -0.0500548 -0.0502437
internal_weight=11.1022 6.36583 4.93818 3.84237 4.7364 2.87427 3.74118 2.50522 1.69628
internal_count=57 30 22 16 27 11 22 15 10
is_linear=0
shrinkage=0.05


Tree=25
num_leaves=8
num_cat=0
split_feature=0 0 5 7 2 6 12
split_gain=9.16344 12.2338 3.00082e-05 2.37391e-05 2.18941e-05 9.78074e-06 9.34537e-06
threshold=10.361300000000002 11.100500000000002 -0.6830127018922193 8.4166666666666696 2300.0000000000005 0.25000000000000017 94.500000000000014
decision_type=2 2 2 2 2 2 2
left_child=2 -2 -1 -4 -3 -5 -7
right_child=1 4 3 5 -6 6 -8
leaf_value=-0.047680697590612386 0.13001300736769014 -0.047171423551540567 -0.047580000751411333 -0.047159621273118062 -0.047547455982171485 -0.047506831838835271 -0.047263029050375348
leaf_weight=0.92024452984333027 2.3515377044677734 0.61705075949430455 0.91301444172859225 0.98642855882644664 1.0387005954980848 0.64676643908023845 1.0020185858011244
leaf_count=7 9 5 7 8 8 5 8
internal_value=0.00180665 0.0567056 -0.0474263 -0.0473603 -0.0474073 -0.0472842 -0.0473587
internal_weight=8.47576 4.00729 4.46847 3.54823 1.65575 2.63521 1.64879
internal_count=57 22 35 28 13 21 13
is_linear=0
shrinkage=0.05


Tree=26
num_leaves=9
num_cat=0
split_feature=2 0 0 3 5 7 2 2
split_gain=12.2896 9.10867e-06 2.20663e-05 2.20182e-06 5.32866e-07 5.45095e-07 2.0046e-07 1.12141e-07
threshold=2950.0000000000005 6.5645500000000014 4.4701000000000013 5.5000000000000009 0.68301270189221941 7.0750000000000011 750.00000000000011 1350.0000000000002
decision_type=2 2 2 2 2 2 2 2
left_child=1 2 3 -1 7 -6 -5 -3
right_child=-2 4 -4 6 5 -7 -8 -9
leaf_value=-0.043570020413276005 0.1721754874171576 -0.043380830199102438 -0.043957995200679389 -0.043381089865743995 -0.043421405982278179 -0.043523647676144181 -0.04344688611480102 -0.043420205434391207
leaf_weight=0.44816754758358068 0.89456938207149495 0.31850431859493233 0.35016477108001709 0.22753170877695084 0.27916108816862106 0.24457705393433571 0.23565752431750298 0.41831778362393379
leaf_count=9 5 7 6 5 6 5 5 9
internal_value=0.0129506 -0.0435256 -0.0436206 -0.043491 -0.0434306 -0.0434692 -0.0434146 -0.0434032
internal_weight=3.41665 2.52208 1.26152 0.911357 1.26056 0.523738 0.463189 0.736822
internal_count=57 52 25 19 27 11 10 16
is_linear=0
shrinkage=0.05


Tree=27
num_leaves=9
num_cat=0
split_feature=0 0 5 7 3 11 4 0
split_gain=15.7724 1.70949 3.99224e-05 1.8973e-05 1.09285e-05 1.12118e-05 9.14493e-06 1.97703e-06
threshold=11.100500000000002 11.105850000000002 -0.6830127018922193 8.4166666666666696 2.5000000000000004 6.5000000000000009 200.00000000000003 4.7199000000000009
decision_type=2 2 2 2 2 2 2 2
left_child=2 -2 -1 6 7 -6 -4 -5
right_child=1 -3 3 4 5 -7 -8 -9
leaf_value=-0.047682008533958528 0.1235770664127506 0.043422081443354021 -0.047615957704963609 -0.047420379515400742 -0.047062837117521933 -0.047300835429894633 -0.047349493323669493 -0.047300816714957672
leaf_weight=0.92041221261024464 1.9171503037214281 1.0186152607202528 0.65483456850051858 0.76729424297809623 0.97319670021533955 1.0067377239465711 0.63347892463207245 0.6293303593993187
leaf_count=7 8 5 5 6 8 8 5 5
internal_value=0.00193749 0.0957659 -0.0473811 -0.0473217 -0.0472594 -0.0471839 -0.0474849 -0.0473665
internal_weight=8.52105 2.93577 5.58528 4.66487 3.37656 1.97993 1.28831 1.39662
internal_count=57 13 44 37 27 16 10 11
is_linear=0
shrinkage=0.05


Tree=28
num_leaves=8
num_cat=0
split_feature=0 0 2 2 12 5 12
split_gain=18.8959 0.150765 5.17555e-05 0.000159921 3.53999e-05 1.64225e-05 8.97337e-06
threshold=4.1838500000000005 1.6389149500000002 1350.0000000000002 2537.5000000000005 28.000000000000004 0.68301270189221941 28.000000000000004
decision_type=2 2 2 2 2 2 2
left_child=1 -1 4 -4 -2 -6 -5
right_child=2 -3 3 6 5 -7 -8
leaf_value=0.12115089923525871 -0.048084861408280916 0.097174821177865009 -0.049015964180698056 -0.048443724742770283 -0.04832855481718891 -0.048624906789184248 -0.048244097489034174
leaf_weight=1.3534950315952303 1.1088696122169497 1.2717333436012266 1.3700316399335863 1.0107175111770632 1.2834154069423678 0.73531974852085102 1.2706211060285566
leaf_count=5 8 5 9 7 9 5 9
internal_value=-0.00435539 0.109536 -0.0484611 -0.048589 -0.0483118 -0.0484365 -0.0483325
internal_weight=9.4042 2.62523 6.77898 3.65137 3.1276 2.01874 2.28134
internal_count=57 10 47 25 22 14 16
is_linear=0
shrinkage=0.05


Tree=29
num_leaves=9
num_cat=0
split_feature=2 6 7 2 0 7 2 11
split_gain=18.0108 2.84985 4.55774 0.000616849 0.000569193 0.000464449 5.39964e-05 1.85105e-05
threshold=1150.0000000000002 1.0000000180025095e-35 8.9583333333333339 2537.5000000000005 4.1838500000000005 7.0750000000000011 2950.0000000000005 6.5000000000000009
decision_type=2 2 2 2 2 2 2 2
left_child=1 2 -1 4 -2 -6 7 -5
right_child=3 -3 -4 6 5 -7 -8 -9
leaf_value=-0.052771373209224141 -0.052691255646964454 0.10561201081095915 0.0822375514889222 -0.052710731368581155 -0.053076633179549054 -0.05450946310949098 -0.052127225747094288 -0.052431043562901083
leaf_weight=0.99636012315750155 1.7853765636682508 2.5775040090084076 1.67775422334671 1.1919925212860114 1.0069554746150973 1.2902771383523939 0.95933610200881947 1.1744411587715147
leaf_count=5 9 9 6 6 5 6 5 6
internal_value=-0.00273751 0.0680953 0.031934 -0.0529491 -0.0533609 -0.0538814 -0.0524436 -0.0525719
internal_weight=12.66 5.25162 2.67411 7.40838 4.08261 2.29723 3.32577 2.36643
internal_count=57 20 11 37 20 11 17 12
is_linear=0
shrinkage=0.05


Tree=30
num_leaves=8
num_cat=0
split_feature=0 0 12 8 2 3 9
split_gain=6.22801 5.90762 6.43427 1.69398 1.40755 0.00134367 8.74475e-05
threshold=9.1832000000000011 4.1838500000000005 36.500000000000007 0.99342052987049467 875.00000000000011 3.5000000000000004 -0.49524719222984687
decision_type=2 2 2 2 2 2 2
left_child=1 -1 -3 5 -4 6 -2
right_child=3 2 4 -5 -6 -7 -8
leaf_value=-0.050557486813281573 -0.048997764284203792 -0.0075706554437027776 0.073966586278764651 0.015252283708568064 0.13685329365014021 -0.051406239137571197 -0.049673259853002513
leaf_weight=1.3830622732639311 0.75993585586547885 1.9676801264286039 1.7974542975425722 1.3720083236694334 1.7620406895875929 1.4622610509395597 1.2965655326843264
leaf_count=8 5 9 7 6 7 8 8
internal_value=0.0113032 0.0418613 0.0649873 -0.0318729 0.105097 -0.0502475 -0.0494236
internal_weight=11.801 6.91024 5.52718 4.89077 3.55949 3.51876 2.0565
internal_count=58 31 23 27 14 21 13
is_linear=0
shrinkage=0.05


Tree=31
num_leaves=10
num_cat=0
split_feature=0 0 6 2 12 0 8 2 7
split_gain=4.64428 11.6697 0.024553 6.88425e-05 4.47171e-05 5.07329e-05 2.89939e-05 1.64605e-05 6.21465e-06
threshold=10.361300000000002 10.654750000000002 0.25000000000000017 1150.0000000000002 31.500000000000004 4.1838500000000005 0.62073337878561863 2537.5000000000005 8.4166666666666696
decision_type=2 2 2 2 2 2 2 2 2
left_child=3 -2 -3 6 -5 -6 -1 -4 -8
right_child=1 2 7 4 5 -7 8 -9 -10
leaf_value=-0.046564676066976188 0.11750292435153181 -0.057904698227188293 -0.046744394181779496 -0.046984871270978189 -0.047103829149408596 -0.04770998398378154 -0.047090374247020797 -0.047084073459709143 -0.046882972058163205
leaf_weight=0.56099544465541873 1.9216824173927305 0.79004971683025393 0.69473301619291283 0.84284226596355472 0.61220543831586816 0.79145988076925278 0.73312823474407174 0.73289702087640762 0.71192444115877151
leaf_count=5 7 4 6 7 5 6 6 6 6
internal_value=-0.0103848 0.0273165 -0.0508325 -0.0470826 -0.0472728 -0.0474456 -0.0468698 -0.0469188 -0.0469882
internal_weight=8.39192 4.13936 2.21768 4.25256 2.24651 1.40367 2.00605 1.42763 1.44505
internal_count=58 23 16 35 18 11 17 12 12
is_linear=0
shrinkage=0.05


Tree=32
num_leaves=8
num_cat=0
split_feature=2 5 0 2 0 12 12
split_gain=7.30869 1.72393e-05 2.98914e-05 3.53837e-06 1.98569e-06 1.01722e-06 3.93197e-07
threshold=2950.0000000000005 0.68301270189221941 5.3224000000000009 1350.0000000000002 6.5645500000000014 43.000000000000007 31.500000000000004
decision_type=2 2 2 2 2 2 2
left_child=1 3 -3 5 -5 -1 -4
right_child=-2 2 6 4 -6 -7 -8
leaf_value=-0.043191171061124946 0.12852608997482898 -0.043932429056532878 -0.043400134961326622 -0.043482743920659095 -0.043327665801462016 -0.043310589095895913 -0.043313295089754372
leaf_weight=0.32582815364003248 0.82137575745582569 0.40644428133964527 0.32125068455934525 0.42912843450903893 0.39774110913276672 0.39392218738794327 0.21935529634356499
leaf_count=8 4 7 7 9 9 9 5
internal_value=-0.000831956 -0.0434405 -0.0436085 -0.0433376 -0.0434081 -0.0432565 -0.0433649
internal_weight=3.31505 2.49367 0.94705 1.54662 0.82687 0.71975 0.540606
internal_count=58 54 19 35 18 17 12
is_linear=0
shrinkage=0.05


Tree=33
num_leaves=10
num_cat=0
split_feature=2 9 3 2 7 4 2 10 9
split_gain=7.13825 3.92062 2.67895 1.72138 0.00123528 0.00211873 6.28238e-05 1.33645e-05 1.04344e-05
threshold=2300.0000000000005 1.0000000180025095e-35 2.5000000000000004 2850.0000000000005 8.1083333333333361 110.50000000000001 1150.0000000000002 4.5000000000000009 -0.59116893267988335
decision_type=2 2 2 2 2 2 2 2 2
left_child=1 4 -2 -4 5 -1 8 -8 -6
right_child=2 -3 3 -5 6 -7 7 -9 -10
leaf_value=-0.050337897365616113 0.11645617005467607 0.070420127526905602 0.064566592836782497 -0.046842485801235394 -0.046669884354348018 -0.047148286843114895 -0.047110965505914398 -0.047424558773100395 -0.046942560773688857
leaf_weight=0.986026652157307 1.3784869611263277 0.82039350271224964 0.84432309120893456 0.58829944580793381 0.68616983294486988 1.1031035706400869 0.61300215870141961 0.76218575239181519 0.71792382746934924
leaf_count=6 5 5 5 5 6 9 5 6 6
internal_value=0.00151403 -0.0306957 0.0666964 0.018817 -0.0477351 -0.0486537 -0.0470446 -0.0472848 -0.0468093
internal_weight=8.49991 5.68881 2.81111 1.43262 4.86841 2.08913 2.77928 1.37519 1.40409
internal_count=58 43 15 10 38 15 23 11 12
is_linear=0
shrinkage=0.05


Tree=34
num_leaves=9
num_cat=0
split_feature=0 2 0 0 12 6 0 4
split_gain=18.9544 0.000113917 0.000119858 7.52199e-05 6.87379e-05 3.14879e-05 2.48907e-05 1.10115e-05
threshold=4.1838500000000005 1150.0000000000002 6.5645500000000014 11.102200000000002 28.000000000000004 0.25000000000000017 9.1832000000000011 83.000000000000014
decision_type=2 2 2 2 2 2 2 2
left_child=-1 4 5 7 -2 -3 -6 -4
right_child=1 2 3 -5 6 -7 -8 -9
leaf_value=0.12211789196690487 -0.047391087123661649 -0.048759184454266503 -0.047913278607219403 -0.048388271158691903 -0.048057156629509643 -0.048292770124678835 -0.047698952633485003 -0.047661133463333109
leaf_weight=2.1536304503679276 0.8910145312547687 0.73876672983169578 0.81599248945713065 0.71649014949798573 1.244193106889725 0.7092730849981308 0.79476064443588246 0.92252832651138306
leaf_count=8 7 5 6 5 9 5 6 7
internal_value=-0.00722636 -0.0479931 -0.04817 -0.0479572 -0.0477574 -0.0485307 -0.0479175 -0.0477795
internal_weight=8.98665 6.83302 3.90305 2.45501 2.92997 1.44804 2.03895 1.73852
internal_count=58 50 28 18 22 10 15 13
is_linear=0
shrinkage=0.05


Tree=35
num_leaves=9
num_cat=0
split_feature=6 4 12 4 9 0 3 11
split_gain=3.60613 3.68556 2.02738 2.20916 1.68785 0.00323962 0.000317527 9.04564e-05
threshold=-0.9330127018922193 9.5000000000000018 43.000000000000007 94.000000000000014 -0.24825246871434689 4.5259000000000009 7.5000000000000009 3.5000000000000004
decision_type=2 2 2 2 2 2 2 2
left_child=-1 -2 3 -3 5 -5 7 -4
right_child=1 2 6 4 -6 -7 -8 -9
leaf_value=0.075333971895005902 0.050565258881844835 0.038007564974914199 -0.051379594153785305 -0.055819493990951513 0.019286742832711881 -0.052000157882339616 -0.052693508947732629 -0.051972597270587166
leaf_weight=1.4336558431386954 2.1126997023820868 2.0151636898517591 1.4681259542703635 1.0791822820901855 1.2226486206054707 1.1435254216194151 0.98317877948284138 1.1443278193473814
leaf_count=6 8 9 8 5 5 6 5 6
internal_value=0.00068154 -0.00890099 -0.0227738 -0.00357668 -0.027899 -0.0538545 -0.0519276 -0.0516393
internal_weight=12.6025 11.1689 9.05615 5.46052 3.44536 2.22271 3.59563 2.61245
internal_count=58 52 44 25 16 11 19 14
is_linear=0
shrinkage=0.05


Tree=36
num_leaves=8
num_cat=0
split_feature=0 0 12 8 2 3 0
split_gain=5.54748 5.13999 5.40435 1.60676 1.18147 0.00119609 8.35577e-05
threshold=9.1832000000000011 4.1838500000000005 36.500000000000007 0.99342052987049467 750.00000000000011 3.5000000000000004 10.381750000000002
decision_type=2 2 2 2 2 2 2
left_child=1 -1 -3 5 -4 6 -2
right_child=3 2 4 -5 -6 -7 -8
leaf_value=-0.04990906069441553 -0.049285974463774918 -0.0073781860984227371 0.055769347261521884 0.014399328369817267 0.11548411294061592 -0.050800298436338792 -0.048618833378397223
leaf_weight=1.3157494813203809 0.78243011236190829 1.9583986252546308 1.2506192922592165 1.3806073069572447 2.4530275464057922 1.3998395651578901 1.1729316264390943
leaf_count=8 5 9 5 6 9 8 8
internal_value=0.0107646 0.0391119 0.0597986 -0.0310025 0.0953201 -0.0496845 -0.0488858
internal_weight=11.7136 6.97779 5.66205 4.73581 3.70365 3.3552 1.95536
internal_count=58 31 23 27 14 21 13
is_linear=0
shrinkage=0.05


Tree=37
num_leaves=9
num_cat=0
split_feature=0 0 6 2 8 7 10 5
split_gain=4.30987 10.2051 0.0212087 4.92725e-05 4.00919e-05 2.36652e-05 1.36684e-05 5.65857e-06
threshold=10.361300000000002 10.654750000000002 0.25000000000000017 1350.0000000000002 0.62073337878561863 8.9583333333333339 4.5000000000000009 0.68301270189221941
decision_type=2 2 2 2 2 2 2 2
left_child=3 -2 -3 5 -5 7 -4 -1
right_child=1 2 6 4 -6 -7 -8 -9
leaf_value=-0.046637638870074216 0.10709371794066572 -0.056976309896070068 -0.046421059762408762 -0.046647415410225462 -0.047134384304410228 -0.046392203503999606 -0.0467385848766095 -0.046841822002215941
leaf_weight=0.79975464195013068 1.99529692530632 0.76935666054487262 0.6605592295527456 0.68641750514507283 1.0999736860394476 0.8741849586367606 0.6960664764046669 0.5893784835934639
leaf_count=7 7 4 6 6 9 8 6 5
internal_value=-0.0101183 0.0258783 -0.0503448 -0.046751 -0.0469473 -0.046596 -0.046584 -0.0467243
internal_weight=8.17099 4.12128 2.12598 4.04971 1.78639 2.26332 1.35663 1.38913
internal_count=58 23 16 35 15 20 12 12
is_linear=0
shrinkage=0.05


Tree=38
num_leaves=9
num_cat=0
split_feature=2 5 0 2 5 4 12 11
split_gain=6.28288 1.441e-05 2.34819e-05 2.53061e-06 2.03611e-06 6.13035e-07 6.03169e-07 4.84726e-07
threshold=2950.0000000000005 0.68301270189221941 5.3224000000000009 1350.0000000000002 -0.6830127018922193 62.000000000000007 43.000000000000007 3.5000000000000004
decision_type=2 2 2 2 2 2 2 2
left_child=1 3 -3 6 -5 -4 -1 -6
right_child=-2 2 5 4 7 -7 -8 -9
leaf_value=-0.043126092273992445 0.11255301459652617 -0.043796619589371873 -0.043233136509114416 -0.043433154591973465 -0.043204468020351793 -0.043343259204013766 -0.043220175295078732 -0.043298762093717344
leaf_weight=0.31293797492981024 0.88855332136154164 0.38528267294168461 0.29325606673955917 0.23175725713372275 0.24689924344420389 0.22208539023995399 0.37389491125941277 0.30422939360141754
leaf_count=8 4 7 7 5 6 5 9 7
internal_value=-0.000837848 -0.0433439 -0.0435013 -0.0432474 -0.0433088 -0.0432806 -0.0431773 -0.0432565
internal_weight=3.2589 2.37034 0.900624 1.46972 0.782886 0.515341 0.686833 0.551129
internal_count=58 54 19 35 18 12 17 13
is_linear=0
shrinkage=0.05


Tree=39
num_leaves=9
num_cat=0
split_feature=0 2 5 9 6 14 0 8
split_gain=12.0419 2.61307 4.71223e-05 2.4797e-05 2.69595e-05 8.73437e-06 6.8042e-06 5.73696e-06
threshold=11.100500000000002 2300.0000000000005 -0.6830127018922193 -0.59116893267988335 0.25000000000000017 1.0000000180025095e-35 9.1832000000000011 0.85115577981609924
decision_type=2 2 2 2 2 2 2 2
left_child=2 -2 -1 4 -4 6 7 -5
right_child=1 -3 3 5 -6 -7 -8 -9
leaf_value=-0.04705412381570339 0.022271403423942356 0.11299856156079367 -0.046290913962611174 -0.046683949976056627 -0.046744458365892194 -0.046920481063175687 -0.046587569722971761 -0.046888823174394245
leaf_weight=0.9645126312971114 1.3388683646917345 1.9487833976745603 0.75216647237539269 0.80519980192184515 0.58054133504629135 0.59561938792467106 0.7931532710790633 0.59362222254276276
leaf_count=8 7 7 7 7 5 5 7 5
internal_value=0.00147703 0.0760507 -0.0467395 -0.0466659 -0.0464885 -0.0467507 -0.0467046 -0.0467709
internal_weight=8.37247 3.28765 5.08482 4.1203 1.33271 2.78759 2.19198 1.39882
internal_count=58 14 44 36 12 24 19 12
is_linear=0
shrinkage=0.05


Tree=40
num_leaves=8
num_cat=0
split_feature=0 0 2 9 0 8 6
split_gain=16.5418 7.32056e-05 0.000119866 4.11749e-05 4.00618e-05 2.19937e-05 7.06724e-06
threshold=4.1838500000000005 6.5645500000000014 1350.0000000000002 -0.49524719222984687 11.102200000000002 0.77969889170510687 0.25000000000000017
decision_type=2 2 2 2 2 2 2
left_child=-1 2 5 -3 6 -2 -5
right_child=1 3 -4 4 -6 -7 -8
leaf_value=0.10947925254693142 -0.047341568624003107 -0.047140567400522554 -0.04823009822387643 -0.047263062633558867 -0.047802455198391075 -0.047686187315477635 -0.047471576318349522
leaf_weight=2.2575574219226837 0.75761090219020877 0.86060403287410769 0.9800380915403365 0.62577121704816852 0.93524087220430363 1.1904950141906736 1.1590312123298643
leaf_count=8 6 7 7 5 7 9 9
internal_value=-0.00714338 -0.0475936 -0.0477791 -0.047442 -0.0475374 -0.0475522 -0.0473985
internal_weight=8.76635 6.50879 2.92814 3.58065 2.72004 1.94811 1.7848
internal_count=58 50 22 28 21 15 14
is_linear=0
shrinkage=0.05


Tree=41
num_leaves=9
num_cat=0
split_feature=2 2 5 0 8 2 11 3
split_gain=16.8575 2.5561 0.866519 1.58305 0.477429 0.034489 0.00120787 0.001526
threshold=300.00000000000006 675.00000000000011 0.68301270189221941 10.361300000000002 0.85115577981609924 1350.0000000000002 3.5000000000000004 8.5000000000000018
decision_type=2 2 2 2 2 2 2 2
left_child=4 -2 5 -4 -1 -3 -7 -8
right_child=1 2 3 -5 -6 6 7 -9
leaf_value=0.091065966746758722 0.026292396644259898 -0.061704564081980176 0.02291123365108937 -0.051686609555162022 0.13294694007438504 -0.050656209864734236 -0.053830998445594927 -0.051456248230106361
leaf_weight=1.484717220067979 1.6614607274532307 1.1792104840278606 1.2349431067705157 1.6768526434898374 1.2562468796968458 1.2249821573495867 1.250767454504967 1.4733672142028806
leaf_count=5 7 5 6 9 5 7 6 8
internal_value=0.000769037 -0.0301654 -0.0418322 -0.0200484 0.110261 -0.0542008 -0.0519602 -0.0525466
internal_weight=12.4425 9.70158 8.04012 2.9118 2.74096 5.12833 3.94912 2.72413
internal_count=58 48 41 15 10 26 21 14
is_linear=0
shrinkage=0.05


Tree=42
num_leaves=10
num_cat=0
split_feature=2 2 6 12 0 6 3 3 2
split_gain=5.06865 5.002 4.21764 2.17993 2.32326 0.108212 0.00270458 0.00135051 0.000303325
threshold=1855.0000000000002 300.00000000000006 0.6830127018922193 23.500000000000004 4.4701000000000013 -0.24999999999999994 3.5000000000000004 3.5000000000000004 2590.0000000000005
decision_type=2 2 2 2 2 2 2 2 2
left_child=1 6 3 -3 -5 -6 -1 -2 -9
right_child=7 2 -4 4 5 -7 -8 8 -10
leaf_value=-0.048432540476289997 -0.048192701360745112 -0.0042841841259276944 -0.023788557793458998 0.038142455344693717 0.12003161125704204 0.10032979918411156 -0.052500625786585556 -0.049822500634713683 -0.051151210369344086
leaf_weight=0.85931678116321364 0.98039746284484985 0.89709256589412678 1.6527670621871946 1.9005557447671888 1.3436060994863495 1.4481090903282181 0.77888691425323486 0.82116605341434457 0.90059635043144226
leaf_count=6 7 4 9 8 5 5 4 5 5
internal_value=0.0102877 0.0285332 0.0463807 0.0671297 0.080783 0.109812 -0.0503667 -0.049674 -0.0505175
internal_weight=11.5825 8.88033 7.24213 5.58936 4.69227 2.79172 1.6382 2.70216 1.72176
internal_count=58 41 31 22 18 10 10 17 10
is_linear=0
shrinkage=0.05


Tree=43
num_leaves=9
num_cat=0
split_feature=0 0 6 5 7 10 9 12
split_gain=3.99124 8.9138 0.0176743 4.93281e-05 2.97179e-05 1.42527e-05 7.4171e-06 1.78004e-06
threshold=10.361300000000002 10.654750000000002 0.25000000000000017 -0.6830127018922193 8.4166666666666696 4.5000000000000009 -0.73233588278529849 58.500000000000007
decision_type=2 2 2 2 2 2 2 2
left_child=3 -2 -3 -1 -5 -4 -6 -8
right_child=1 2 5 4 6 -7 7 -9
leaf_value=-0.046755047365032727 0.098052539183179466 -0.055956165085502475 -0.046093745423260578 -0.046554758424369388 -0.046057827215937659 -0.046427106663333717 -0.046350352782058735 -0.046234665015149883
leaf_weight=0.92277889698743853 2.0502512753009796 0.74276527017354999 0.62191756814718224 1.0134164914488795 0.51565576344728503 0.66184911876916885 0.54421994090080195 0.85470353811979294
leaf_count=8 7 4 6 9 5 6 5 8
internal_value=-0.00993242 0.0245477 -0.0498174 -0.0464363 -0.0463358 -0.0462656 -0.0462199 -0.0462797
internal_weight=7.92756 4.07678 2.02653 3.85077 2.928 1.28377 1.91458 1.39892
internal_count=58 23 16 35 27 12 18 13
is_linear=0
shrinkage=0.05


Tree=44
num_leaves=10
num_cat=0
split_feature=2 5 0 2 5 4 11 0 2
split_gain=5.47617 1.06622e-05 1.70925e-05 2.40749e-06 2.01064e-06 7.10853e-07 6.06497e-07 4.69534e-07 2.35415e-07
threshold=2950.0000000000005 0.68301270189221941 5.3224000000000009 1350.0000000000002 -0.6830127018922193 62.000000000000007 3.5000000000000004 10.654750000000002 675.00000000000011
decision_type=2 2 2 2 2 2 2 2 2
left_child=1 3 -3 7 -5 -4 -6 8 -1
right_child=-2 2 5 4 6 -7 -8 -9 -10
leaf_value=-0.043149082361416034 0.10019658424720322 -0.043648657760686667 -0.043142798950740607 -0.043351007026317528 -0.043111315779896069 -0.043264358053260822 -0.043219614505354852 -0.043025421090231185 -0.043076814243095347
leaf_weight=0.2785856798291213 0.94507159292697895 0.36176083236932743 0.27750496566295624 0.22191514447331473 0.23296777904033616 0.2122543603181839 0.29045530408620834 0.18319391831755638 0.18923458456993103
leaf_count=7 4 7 7 5 6 5 7 5 5
internal_value=-0.000790591 -0.0432486 -0.043388 -0.0431635 -0.0432249 -0.0431955 -0.0431714 -0.0430933 -0.0431198
internal_weight=3.19294 2.24787 0.85152 1.39635 0.745338 0.489759 0.523423 0.651014 0.46782
internal_count=58 54 19 35 18 12 13 17 12
is_linear=0
shrinkage=0.05


Tree=45
num_leaves=9
num_cat=0
split_feature=0 2 5 9 11 10 4 0
split_gain=10.7702 2.11442 4.98363e-05 2.48489e-05 1.39491e-05 1.16887e-05 7.07303e-06 3.08576e-06
threshold=11.100500000000002 2300.0000000000005 -0.6830127018922193 -0.59116893267988335 1.5000000000000002 4.5000000000000009 161.00000000000003 9.1832000000000011
decision_type=2 2 2 2 2 2 2 2
left_child=2 -2 -1 5 7 -4 -6 -5
right_child=1 -3 3 4 6 -7 -8 -9
leaf_value=-0.04675589305766796 0.021557376006611381 0.10244008893230068 -0.046007903653460802 -0.046379774772064439 -0.04667456983511397 -0.04631248078043626 -0.046449280776411243 -0.04621781065221027
leaf_weight=0.92284582555294026 1.3472659885883334 2.0187442898750305 0.61183411628007911 0.65667266398668311 0.57436030358076073 0.64927546679973602 0.88551990687847137 0.53259016573429108
leaf_count=8 7 7 6 6 5 6 8 5
internal_value=0.00139837 0.0700663 -0.0464254 -0.0463474 -0.0464344 -0.0461647 -0.0465379 -0.0463072
internal_weight=8.19911 3.36601 4.8331 3.91025 2.64914 1.26111 1.45988 1.18926
internal_count=58 14 44 36 24 12 13 11
is_linear=0
shrinkage=0.05


Tree=46
num_leaves=8
num_cat=0
split_feature=0 0 2 9 0 2 4
split_gain=14.6189 7.42158e-05 0.000109613 4.62383e-05 4.71455e-05 1.84309e-05 6.6433e-06
threshold=4.1838500000000005 9.1832000000000011 1350.0000000000002 -0.49524719222984687 11.102200000000002 490.00000000000006 62.000000000000007
decision_type=2 2 2 2 2 2 2
left_child=-1 2 5 -3 6 -2 -5
right_child=1 3 -4 4 -6 -7 -8
leaf_value=0.099770362747072155 -0.047357483783685234 -0.04672614635246819 -0.047804737184082007 -0.047090612601341286 -0.047451844939246986 -0.047036877094484536 -0.046883891565806468
leaf_weight=2.3277859687805176 0.76049604266881976 0.80860187113285098 1.0668653249740598 0.85603249818086646 0.89339744299650181 1.0918675959110258 0.71181783080101013
leaf_count=8 6 7 8 7 7 9 6
internal_value=-0.00704373 -0.0472178 -0.047401 -0.0470542 -0.0471619 -0.0471685 -0.0469968
internal_weight=8.51686 6.18908 2.91923 3.26985 2.46125 1.85236 1.56785
internal_count=58 50 23 27 20 15 13
is_linear=0
shrinkage=0.05


Tree=47
num_leaves=9
num_cat=0
split_feature=2 2 5 3 6 2 11 3
split_gain=14.8015 2.36161 0.852171 1.51274 0.383543 0.029581 0.00111924 0.00146237
threshold=300.00000000000006 675.00000000000011 0.68301270189221941 2.5000000000000004 0.6830127018922193 1350.0000000000002 3.5000000000000004 8.5000000000000018
decision_type=2 2 2 2 2 2 2 2
left_child=4 -2 5 -4 -1 -3 -7 -8
right_child=1 2 3 -5 -6 6 7 -9
leaf_value=0.12145675018318032 0.024652998674236787 -0.060446883797932338 -0.050916557061634941 0.022860349349378455 0.084400202851500766 -0.049966192123120381 -0.053106017083037194 -0.050733268794931674
leaf_weight=1.3076713234186181 1.6762529164552669 1.1401432156562803 1.6032854467630389 1.2261994779109953 1.4983765184879303 1.1623503416776659 1.2087106853723528 1.4032774567604063
leaf_count=5 7 5 9 6 5 7 6 8
internal_value=0.000869606 -0.0291561 -0.0408036 -0.0189442 0.101669 -0.0533889 -0.0512569 -0.0518313
internal_weight=12.2263 9.42022 7.74397 2.82948 2.80605 4.91448 3.77434 2.61199
internal_count=58 48 41 15 10 26 21 14
is_linear=0
shrinkage=0.05


Tree=48
num_leaves=10
num_cat=0
split_feature=2 2 6 12 0 6 3 3 2
split_gain=4.58293 4.39879 3.65221 1.89543 1.97836 0.078583 0.00232435 0.00117319 0.000294173
threshold=1855.0000000000002 300.00000000000006 0.6830127018922193 23.500000000000004 4.4701000000000013 -0.24999999999999994 3.5000000000000004 3.5000000000000004 2590.0000000000005
decision_type=2 2 2 2 2 2 2 2 2
left_child=1 6 3 -3 -5 -6 -1 -2 -9
right_child=7 2 -4 4 5 -7 -8 8 -10
leaf_value=-0.0478642333509844 -0.047675483252773806 -0.0047882496434764298 -0.023196636278158878 0.035153636370115503 0.10918991845999096 0.092635493701468938 -0.05174192325738896 -0.04920007485938907 -0.050541121061788777
leaf_weight=0.80571448802947798 0.92146270722150925 0.89739602804183949 1.6196544915437696 1.9235211610794065 1.3959356546401962 1.4736498296260849 0.74265800416469574 0.77782864868640877 0.86226339638233185
leaf_count=6 7 4 9 8 5 5 4 5 5
internal_value=0.00979975 0.0268322 0.0430477 0.0619025 0.0743887 0.100689 -0.0497241 -0.0491031 -0.0499051
internal_weight=11.4201 8.85853 7.31016 5.6905 4.79311 2.86959 1.54837 2.56155 1.64009
internal_count=58 41 31 22 18 10 10 17 10
is_linear=0
shrinkage=0.05


Tree=49
num_leaves=9
num_cat=0
split_feature=0 0 6 2 0 10 9 3
split_gain=3.71843 7.90665 0.015074 4.31154e-05 5.9405e-05 1.35882e-05 1.08874e-05 6.03392e-06
threshold=10.361300000000002 10.654750000000002 0.25000000000000017 1350.0000000000002 4.1838500000000005 4.5000000000000009 -0.48574157668954127 5.5000000000000009
decision_type=2 2 2 2 2 2 2 2
left_child=3 -2 -3 6 -5 -4 7 -1
right_child=1 2 5 4 -6 -7 -8 -9
leaf_value=-0.045839169361338319 0.091164102701635857 -0.05513771609512489 -0.045807584935673162 -0.046000649402519356 -0.046610313612801567 -0.046142002174391239 -0.046167633933954545 -0.046053872015542896
leaf_weight=0.89140675216913245 2.0802397727966309 0.71272867172956456 0.58715434372425057 0.71605148166418053 0.90398960560560226 0.6293339803814888 0.63301265984773669 0.51704984158277512
leaf_count=9 7 4 6 7 8 6 6 5
internal_value=-0.00972005 0.0235469 -0.0493636 -0.0461482 -0.0463408 -0.0459806 -0.0459954 -0.045918
internal_weight=7.67097 4.00946 1.92922 3.66151 1.62004 1.21649 2.04147 1.40846
internal_count=58 23 16 35 15 12 20 14
is_linear=0
shrinkage=0.05


Tree=50
num_leaves=9
num_cat=0
split_feature=2 0 5 5 14 0 7 12
split_gain=4.79434 8.22872e-06 1.12102e-05 1.58524e-06 1.01948e-06 8.34175e-07 5.77249e-07 7.40707e-08
threshold=2950.0000000000005 6.5645500000000014 0.68301270189221941 -0.6830127018922193 1.0000000180025095e-35 11.102200000000002 8.4166666666666696 28.000000000000004
decision_type=2 2 2 2 2 2 2 2
left_child=1 2 3 -1 5 7 -5 -3
right_child=-2 4 -4 6 -6 -7 -8 -9
leaf_value=-0.043244857173128953 0.089847460540708468 -0.043068377325620057 -0.043455498982295102 -0.043146391836848284 -0.042956751720614111 -0.043150854776276393 -0.043036029107036057 -0.043029134131575844
leaf_weight=0.20853436365723643 0.99374705553054798 0.18882545083761193 0.42175160720944405 0.19815201312303576 0.20947817713022232 0.27666256204247475 0.29469317197799683 0.33105679601430893
leaf_count=5 4 5 9 5 6 7 8 9
internal_value=-0.000834482 -0.0431588 -0.0432518 -0.0431293 -0.0430549 -0.0430807 -0.0430804 -0.0430434
internal_weight=3.1229 2.12915 1.12313 0.70138 1.00602 0.796545 0.492845 0.519882
internal_count=58 54 27 18 27 21 13 14
is_linear=0
shrinkage=0.05


Tree=51
num_leaves=9
num_cat=0
split_feature=0 2 5 9 11 10 4 0
split_gain=9.70203 1.75694 4.08648e-05 2.74085e-05 2.27008e-05 1.4283e-05 9.14672e-06 4.31105e-06
threshold=11.100500000000002 2300.0000000000005 -0.6830127018922193 -0.59116893267988335 1.5000000000000002 4.5000000000000009 161.00000000000003 9.1832000000000011
decision_type=2 2 2 2 2 2 2 2
left_child=2 -2 -1 5 7 -4 -6 -5
right_child=1 -3 3 4 6 -7 -8 -9
leaf_value=-0.046441862240426006 0.020903585416667543 0.094221192387420716 -0.045685311686016687 -0.046076247412445648 -0.046448405119898513 -0.046031797822554822 -0.046186903028133129 -0.045879136330093911
leaf_weight=0.8777121528983115 1.3537621647119524 2.0612367391586304 0.57396797090768836 0.62272590398788474 0.55302389711141564 0.61733833700418472 0.84583129733800888 0.50022441148757935
leaf_count=8 7 7 6 6 5 6 8 5
internal_value=0.00133813 0.0651569 -0.046135 -0.0460625 -0.0461559 -0.0458649 -0.0462903 -0.0459884
internal_weight=8.00582 3.415 4.59082 3.71311 2.52181 1.19131 1.39886 1.12295
internal_count=58 14 44 36 24 12 13 11
is_linear=0
shrinkage=0.05


Tree=52
num_leaves=8
num_cat=0
split_feature=0 0 2 9 0 2 3
split_gain=13.0911 9.24574e-05 0.000106395 4.48366e-05 5.05817e-05 9.07884e-06 4.09504e-06
threshold=4.1838500000000005 9.1832000000000011 1350.0000000000002 -0.49524719222984687 11.102200000000002 490.00000000000006 2.5000000000000004
decision_type=2 2 2 2 2 2 2
left_child=-1 2 5 -3 6 -2 -5
right_child=1 3 -4 4 -6 -7 -8
leaf_value=0.092362203704640169 -0.046980183148530308 -0.04634808772795164 -0.047484014629263854 -0.046689910071923767 -0.047097915008252299 -0.046749668352068639 -0.046522859712554293
leaf_weight=2.3678808808326721 0.72176954895257983 0.75932063907384906 1.0250416472554205 0.80645954608917259 0.84993308037519444 1.0464014261960981 0.67302533984184265
leaf_count=8 6 7 8 7 7 9 6
internal_value=-0.00690752 -0.0468703 -0.0470787 -0.0466817 -0.0467905 -0.0468438 -0.0466139
internal_weight=8.24983 5.88195 2.79321 3.08874 2.32942 1.76817 1.47948
internal_count=58 50 23 27 20 15 13
is_linear=0
shrinkage=0.05


Tree=53
num_leaves=11
num_cat=0
split_feature=2 5 2 0 2 3 6 2 12 3
split_gain=13.0981 3.55397 2.11554 0.292154 0.0269303 0.00105053 0.000454097 0.00043758 8.66115e-05 2.04818e-05
threshold=675.00000000000011 0.93301270189221952 300.00000000000006 10.654750000000002 1150.0000000000002 1.5000000000000002 0.25000000000000017 2300.0000000000005 28.000000000000004 10.500000000000002
decision_type=2 2 2 2 2 2 2 2 2 2
left_child=2 4 3 -1 -2 -6 7 -7 -8 -10
right_child=1 -3 -4 -5 5 6 8 -9 9 -11
leaf_value=0.078994808704629507 -0.059174559364885707 0.057360477677920574 0.02354740748966401 0.11105965193021741 -0.052152335503993334 -0.051688461050303974 -0.050288617622412227 -0.050109919439348755 -0.049894155252005093 -0.049554693241494231
leaf_weight=1.4897385537624361 1.1071405857801435 0.83584623038768757 1.6808460056781767 1.3579017519950864 0.93877601623535145 0.93243089318275429 1.0214803814888003 0.8296472579240799 0.8257215619087217 0.9620824009180069
leaf_count=5 5 4 7 5 5 5 6 5 5 6
internal_value=0.000962075 -0.0397876 0.0680292 0.094285 -0.0520586 -0.0506289 -0.050316 -0.0509452 -0.0499213 -0.0497115
internal_weight=11.9816 7.45313 4.52849 2.84764 6.61728 5.51014 4.57136 1.76208 2.80928 1.7878
internal_count=58 41 17 10 37 32 27 10 17 11
is_linear=0
shrinkage=0.05


Tree=54
num_leaves=10
num_cat=0
split_feature=2 2 6 12 0 6 4 4 2
split_gain=4.15275 3.88952 3.18948 1.67163 1.71596 0.0585279 0.00203497 0.00102968 0.000272356
threshold=1855.0000000000002 300.00000000000006 0.6830127018922193 23.500000000000004 4.4701000000000013 -0.24999999999999994 83.000000000000014 110.50000000000001 2590.0000000000005
decision_type=2 2 2 2 2 2 2 2 2
left_child=1 6 3 -3 -5 -6 -1 -2 -9
right_child=7 2 -4 4 5 -7 -8 8 -10
leaf_value=-0.0473448363886141 -0.047191847978706424 -0.0051993422911186908 -0.022609452846327753 0.03259321616547161 0.10049447154869373 0.0863269230549146 -0.051077405163749749 -0.048645074240665505 -0.049967924909794847
leaf_weight=0.75314344465732375 0.86365383863449219 0.89823539555072773 1.5866938084363935 1.9387344866991041 1.4324862957000717 1.4843437969684616 0.70883560180664062 0.7370127737522123 0.82424211502075195
leaf_count=6 7 4 9 8 5 5 4 5 5
internal_value=0.00935951 0.0253199 0.0401527 0.0574603 0.0690518 0.0932848 -0.0491546 -0.0485771 -0.0493435
internal_weight=11.2274 8.80247 7.34049 5.7538 4.85556 2.91683 1.46198 2.42491 1.56125
internal_count=58 41 31 22 18 10 10 17 10
is_linear=0
shrinkage=0.05


Tree=55
num_leaves=10
num_cat=0
split_feature=0 0 6 7 5 6 0 3 9
split_gain=3.47752 7.07356 0.012771 3.97503e-05 3.47884e-05 2.45489e-05 1.83898e-05 6.8468e-06 3.68887e-06
threshold=10.361300000000002 10.654750000000002 0.25000000000000017 8.4166666666666696 -0.6830127018922193 -0.24999999999999994 11.105850000000002 5.5000000000000009 -0.49524719222984687
decision_type=2 2 2 2 2 2 2 2 2
left_child=3 -2 -3 5 -5 -1 -4 8 -6
right_child=1 2 6 4 7 -7 -8 -9 -10
leaf_value=-0.045912965372822905 0.085622029399904792 -0.054335778102788702 -0.045868541674599056 -0.046114204099998758 -0.045501312848810378 -0.046360448863914723 -0.045459255130194949 -0.045804113128640168 -0.045675319999575664
leaf_weight=0.70465151220560074 2.0912276208400731 0.68420760333538044 0.69543968141078927 0.51819419860839899 0.64646479487419151 0.54241931438446067 0.45336475223302841 0.49246815592050563 0.57591900229453952
leaf_count=7 7 4 7 5 7 5 5 5 6
internal_value=-0.00949483 0.0227738 -0.0489279 -0.0458815 -0.0457552 -0.0461076 -0.045707 -0.0456467 -0.0455833
internal_weight=7.40436 3.92424 1.83301 3.48012 2.23305 1.24707 1.1488 1.71485 1.22238
internal_count=58 23 16 35 23 12 12 18 13
is_linear=0
shrinkage=0.05


Tree=56
num_leaves=9
num_cat=0
split_feature=2 0 5 0 14 2 0 12
split_gain=4.23792 7.4769e-06 7.92183e-06 1.70629e-06 1.19436e-06 1.07694e-06 9.95265e-07 7.10602e-08
threshold=2950.0000000000005 6.5645500000000014 0.68301270189221941 4.1838500000000005 1.0000000180025095e-35 750.00000000000011 11.102200000000002 28.000000000000004
decision_type=2 2 2 2 2 2 2 2
left_child=1 2 3 -1 6 -5 7 -3
right_child=-2 4 -4 5 -6 -7 -8 -9
leaf_value=-0.042954304945129577 0.081526579174724403 -0.042983562918354951 -0.043341820192853341 -0.043029001133845605 -0.042861593535155382 -0.043189424006564378 -0.043078919887825383 -0.042943969080796167
leaf_weight=0.24314470589160986 1.0319615602493284 0.17808054760098446 0.39734161272644997 0.18388482928276062 0.19472886621952057 0.24268421530723572 0.26324471831321716 0.31161964312195778
leaf_count=7 4 5 9 5 6 6 7 9
internal_value=-0.000869962 -0.0430742 -0.043165 -0.04306 -0.042972 -0.0431203 -0.0430005 -0.0429584
internal_weight=3.04669 2.01473 1.06706 0.669714 0.947674 0.426569 0.752945 0.4897
internal_count=58 54 27 18 27 11 21 14
is_linear=0
shrinkage=0.05


Tree=57
num_leaves=8
num_cat=0
split_feature=0 2 6 4 0 10 9
split_gain=8.78383 1.46224 3.26259e-05 3.04953e-05 2.23577e-05 1.3929e-05 1.31402e-05
threshold=11.100500000000002 2300.0000000000005 1.0000000180025095e-35 196.00000000000003 9.1832000000000011 4.5000000000000009 -0.5
decision_type=2 2 2 2 2 2 2
left_child=2 -2 3 6 5 -4 -1
right_child=1 -3 4 -5 -6 -7 -8
leaf_value=-0.045639811643651051 0.020595695091403719 0.08733769173392289 -0.045698041894197995 -0.046234108815538938 -0.04552225551159484 -0.046027363015334131 -0.045964227450269762
leaf_weight=0.4737657979130746 1.3541895151138308 2.0829256772994995 0.67508087307214759 0.84778087586164463 0.83317219465970982 0.61231795698404312 0.91488566249609005
leaf_count=5 7 7 7 8 9 6 9
internal_value=0.00127997 0.061042 -0.0458646 -0.0459978 -0.0457241 -0.0458547 -0.0458535
internal_weight=7.79412 3.43712 4.357 2.23643 2.12057 1.2874 1.38865
internal_count=58 14 44 22 22 13 14
is_linear=0
shrinkage=0.05


Tree=58
num_leaves=9
num_cat=0
split_feature=0 0 2 14 0 6 0 12
split_gain=11.7654 0.000106261 9.90307e-05 4.51209e-05 6.08449e-05 1.14155e-05 7.89486e-06 3.40736e-06
threshold=4.1838500000000005 9.1832000000000011 1350.0000000000002 1.0000000180025095e-35 11.102200000000002 -1.0000000180025095e-35 10.654750000000002 55.500000000000007
decision_type=2 2 2 2 2 2 2 2
left_child=-1 2 5 4 6 7 -3 -2
right_child=1 3 -4 -5 -6 -7 -8 -9
leaf_value=0.086097353915631086 -0.046717975076017187 -0.04613326059929284 -0.04717426191205229 -0.045955472517461946 -0.046788861862413204 -0.04635463486394327 -0.046363062794931235 -0.046545170911280367
leaf_weight=2.3863386809825897 0.57841105759143829 0.73129708319902487 0.98284059762954701 0.60801547020673741 0.80948293954133976 0.54523896425962459 0.76441818475723267 0.56286227703094482
leaf_count=8 5 7 8 6 7 5 7 5
internal_value=-0.00682612 -0.0465474 -0.0467753 -0.0463386 -0.0464397 -0.0465428 -0.0462507 -0.0466328
internal_weight=7.96891 5.58257 2.66935 2.91321 2.3052 1.68651 1.49572 1.14127
internal_count=58 50 23 27 21 15 14 10
is_linear=0
shrinkage=0.05


Tree=59
num_leaves=11
num_cat=0
split_feature=2 5 2 0 2 3 6 2 12 3
split_gain=11.7315 3.33965 1.82611 0.221793 0.0228352 0.00131791 0.000399577 0.000291463 7.66781e-05 1.29636e-05
threshold=675.00000000000011 0.93301270189221952 300.00000000000006 10.654750000000002 1150.0000000000002 1.5000000000000002 0.25000000000000017 2300.0000000000005 28.000000000000004 10.500000000000002
decision_type=2 2 2 2 2 2 2 2 2 2
left_child=2 4 3 -1 -2 -6 7 -7 -8 -10
right_child=1 -3 -4 -5 5 6 8 -9 9 -11
leaf_value=0.074610766469713666 -0.058010809838879962 0.054272204466830599 0.022521068894759317 0.1024473093086435 -0.05173689839386221 -0.050870780593856135 -0.049615281244503359 -0.049549726289132401 -0.049206659627265101 -0.048928561596213158
leaf_weight=1.4731564819812777 1.073371037840843 0.84877723455429066 1.683877110481262 1.3914847820997236 0.90840673446655262 0.88385637104511239 0.96748441457748446 0.79134981334209442 0.77803093194961526 0.90823104977607727
leaf_count=5 5 4 7 5 5 5 6 5 5 6
internal_value=0.00104982 -0.0388433 0.0638427 0.0881322 -0.0513671 -0.0500055 -0.0496421 -0.0502467 -0.0492605 -0.0490569
internal_weight=11.708 7.15951 4.54852 2.86464 6.31073 5.23736 4.32895 1.67521 2.65375 1.68626
internal_count=58 41 17 10 37 32 27 10 17 11
is_linear=0
shrinkage=0.05


Tree=60
num_leaves=10
num_cat=0
split_feature=0 0 12 11 8 3 0 7 9
split_gain=4.43071 5.1007 2.9583 1.36713 1.27212 0.000959822 0.000637271 0.000150415 3.30472e-05
threshold=9.1832000000000011 4.1838500000000005 34.000000000000007 3.5000000000000004 0.99342052987049467 3.5000000000000004 10.381750000000002 9.4416666666666682 -0.49524719222984687
decision_type=2 2 2 2 2 2 2 2 2
left_child=1 7 -3 -4 5 8 -7 -1 -2
right_child=4 2 3 -5 -6 6 -8 -9 -10
leaf_value=-0.047359637071300503 -0.046553092831933054 -0.00093621950559874415 0.038422364827422326 0.10204988881409205 0.010034173205512663 -0.047613134955040846 -0.049629146555730835 -0.04837879221087333 -0.047037497671475116
leaf_weight=0.62666642665863015 0.55314172059297539 1.5686217248439787 1.2700495272874834 2.5179654210805893 1.37650790810585 0.78167346119880654 0.78631272912025452 0.85732415318489075 0.96870914101600691
leaf_count=5 5 7 5 9 6 6 5 6 8
internal_value=0.00878988 0.0340806 0.0568058 0.0807168 -0.0299453 -0.0477559 -0.0486241 -0.0479484 -0.0468614
internal_weight=11.307 6.84063 5.35664 3.78801 4.46634 3.08984 1.56799 1.48399 1.52185
internal_count=62 32 21 14 30 24 11 11 13
is_linear=0
shrinkage=0.05


Tree=61
num_leaves=10
num_cat=0
split_feature=2 3 0 0 0 7 3 0 3
split_gain=5.51209 1.64688 1.42377 0.0190269 0.0193964 4.35906e-05 3.75385e-05 6.63186e-06 4.76926e-06
threshold=2300.0000000000005 10.500000000000002 10.381750000000002 10.654750000000002 11.102200000000002 8.4166666666666696 5.5000000000000009 1.8034830000000002 6.5000000000000009
decision_type=2 2 2 2 2 2 2 2 2
left_child=1 3 -2 5 -5 8 7 -7 -1
right_child=2 -3 -4 4 -6 6 -8 -9 -10
leaf_value=-0.046022427300483809 0.072661623190628175 0.020961187179441912 -0.00095546328060069007 -0.057664659381046771 -0.045401294194551203 -0.045196606764884989 -0.045869882875955031 -0.045438922142041198 -0.045803993672277707
leaf_weight=0.50987572968006167 2.1850324347615246 1.0955003276467321 0.93904589861631382 0.82822681963443734 0.52798023074865341 0.4304288402199743 0.49517932534217823 0.82086411863565445 0.49008321762084961
leaf_count=5 8 7 8 4 6 5 5 9 5
internal_value=-0.00195585 -0.033502 0.0505336 -0.0480449 -0.0528905 -0.0456521 -0.0455014 -0.0453556 -0.0459154
internal_weight=8.32222 5.19814 3.12408 4.10264 1.35621 2.74643 1.74647 1.25129 0.999959
internal_count=62 46 16 39 10 29 19 14 10
is_linear=0
shrinkage=0.05


Tree=62
num_leaves=12
num_cat=0
split_feature=2 2 4 0 0 6 0 0 2 12 0
split_gain=2.24811 0.00607111 1.69966e-05 5.40978e-06 5.16778e-06 3.14638e-06 1.40879e-06 1.3913e-06 1.11806e-06 9.24885e-07 2.21662e-07
threshold=3250.0000000000005 2950.0000000000005 315.50000000000006 6.5645500000000014 4.1838500000000005 -0.68301270189221952 11.105850000000002 10.654750000000002 2300.0000000000005 55.500000000000007 10.361300000000002
decision_type=2 2 2 2 2 2 2 2 2 2 2
left_child=1 2 3 4 -1 -6 7 10 -9 -7 -5
right_child=-2 -3 -4 6 5 9 -8 8 -10 -11 -12
leaf_value=-0.042898876009975079 0.10421687863008958 -0.052281412240544389 -0.043385121886521043 -0.042911054883886239 -0.042988412464066254 -0.043161191548122681 -0.042768839828853766 -0.043076377172540307 -0.042905898603401424 -0.043310180738124079 -0.042838813674297566
leaf_weight=0.26587854884564988 0.28795370459556568 0.19417126476764668 0.32181249931454647 0.20233152061700821 0.17877030000090599 0.19922341778874397 0.14947267435491085 0.22526783496141434 0.16782951727509499 0.21830543130636215 0.2234547957777977
leaf_count=8 1 1 8 6 5 5 5 6 5 5 7
internal_value=-0.0276338 -0.0438139 -0.04305 -0.0429911 -0.0430822 -0.0431639 -0.04291 -0.0429358 -0.0430036 -0.0432391 -0.0428731
internal_weight=2.63447 2.34652 2.15235 1.83053 0.862178 0.596299 0.968356 0.818884 0.393097 0.417529 0.425786
internal_count=62 61 60 52 23 15 29 24 11 10 13
is_linear=0
shrinkage=0.05


Tree=63
num_leaves=10
num_cat=0
split_feature=2 4 8 2 4 12 8 5 7
split_gain=5.06588 4.44525 2.54186 1.01919 0.971347 0.00252155 0.00203367 2.98968e-05 1.76095e-05
threshold=1350.0000000000002 110.50000000000001 0.85115577981609924 2537.5000000000005 324.50000000000006 40.000000000000007 0.85115577981609924 -0.6830127018922193 8.4166666666666696
decision_type=2 2 2 2 2 2 2 2 2
left_child=5 2 -2 -4 7 6 -1 -3 -7
right_child=1 4 3 -5 -6 8 -8 -9 -10
leaf_value=-0.046209555578210132 -0.0022051874248466951 -0.045922118468999018 0.13667415581451267 0.069560745007660282 0.035908643375139458 -0.045702416033486154 -0.049895894748900806 -0.045457787259810693 -0.045346130655623151
leaf_weight=0.61682552099227927 0.8438663482666019 0.59868332743644681 1.0156890451908114 1.276806369423866 0.49108806252479542 0.67532286047935464 0.95091379433870316 0.82351599633693706 0.71293804049491882
leaf_count=6 7 6 5 5 3 7 6 9 8
internal_value=0.00491361 0.0353449 0.0719857 0.0992953 -0.0247186 -0.0470713 -0.0484455 -0.0456533 -0.0455194
internal_weight=8.00565 5.04965 3.13636 2.2925 1.91329 2.956 1.56774 1.4222 1.38826
internal_count=62 35 17 10 18 27 12 15 15
is_linear=0
shrinkage=0.05


Tree=64
num_leaves=11
num_cat=0
split_feature=0 9 0 3 9 10 3 2 12 0
split_gain=13.4212 0.0336241 0.000244389 0.000137069 5.30686e-05 3.28935e-05 2.89694e-05 7.76144e-05 1.0684e-05 1.54165e-05
threshold=4.1838500000000005 -0.49524719222984687 6.5645500000000014 7.5000000000000009 -0.39271506111191329 4.5000000000000009 5.5000000000000009 2537.5000000000005 25.500000000000004 10.363450000000002
decision_type=2 2 2 2 2 2 2 2 2 2
left_child=1 -1 3 5 8 -2 7 -6 -4 -10
right_child=2 -3 4 -5 6 -7 -8 -9 9 -11
leaf_value=0.087217799024207052 -0.046215112698110759 0.077038895222278206 -0.046067178745893556 -0.047320533827921486 -0.046763631444713995 -0.046713514437697674 -0.045995188465417863 -0.045948575830916438 -0.045989097854672728 -0.045610072530350772
leaf_weight=1.4880318343639376 0.63747727125883125 1.783993065357208 0.51372922956943545 0.74765080213546742 0.69008703529834725 0.68869488686323166 0.60965333133935917 0.50643729418516159 0.51077279448509194 0.56509293615818024
leaf_count=5 6 6 5 6 6 6 6 5 5 6
internal_value=0.00156675 0.081668 -0.0463515 -0.0467792 -0.0460903 -0.0464739 -0.0462757 -0.0464187 -0.0458796 -0.04579
internal_weight=8.74162 3.27202 5.4696 2.07382 3.39577 1.32617 1.80618 1.19652 1.58959 1.07587
internal_count=62 11 51 18 33 12 17 11 16 11
is_linear=0
shrinkage=0.05


Tree=65
num_leaves=11
num_cat=0
split_feature=2 5 5 8 3 2 8 2 9 3
split_gain=12.0092 1.97732 0.828314 0.989186 0.196225 0.021257 0.0164889 0.00193275 0.000528187 1.27447e-05
threshold=300.00000000000006 0.93301270189221952 -0.5 0.67993326682463529 4.5000000000000009 1150.0000000000002 0.80625269229011354 1650.0000000000002 -0.35206144883412549 6.5000000000000009
decision_type=2 2 2 2 2 2 2 2 2 2
left_child=4 2 3 -2 -1 6 -4 -7 9 -9
right_child=1 -3 5 -5 -6 7 -8 8 -10 -11
leaf_value=0.07116134144199493 -0.054578189553298719 0.031151635350205209 -0.060468494281367635 0.0087005832018715 0.09729039930255462 -0.051132033377275114 -0.051577338356002589 -0.048271803523088429 -0.049724272084157764 -0.047981967649106644
leaf_weight=1.4537994861602794 1.054814994335173 1.0664067268371589 1.0107318609952911 1.4899631440639494 1.4207100868225095 1.2339686602354052 1.0772026777267454 0.84888808429241025 0.80412727594375777 0.68562518060207367
leaf_count=5 6 5 4 8 5 7 6 6 5 5
internal_value=-0.00521494 -0.0328976 -0.0412218 -0.0175286 0.0840755 -0.0518734 -0.0558814 -0.049531 -0.0486863 -0.0481423
internal_weight=12.1462 9.27173 8.20532 2.54478 2.87451 5.66054 2.08793 3.57261 2.33864 1.53451
internal_count=62 52 47 14 10 33 10 23 16 11
is_linear=0
shrinkage=0.05


Tree=66
num_leaves=10
num_cat=0
split_feature=0 0 12 8 11 4 0 7 9
split_gain=3.98955 4.47562 2.56813 1.20422 1.17863 0.000903076 0.0006586 0.00012679 2.22606e-05
threshold=9.1832000000000011 4.1838500000000005 34.000000000000007 0.99342052987049467 3.5000000000000004 94.000000000000014 10.381750000000002 9.4416666666666682 -0.49524719222984687
decision_type=2 2 2 2 2 2 2 2 2
left_child=1 7 -3 5 -4 8 -7 -1 -2
right_child=3 2 4 -5 -6 6 -8 -9 -10
leaf_value=-0.046896916629638435 -0.046212752427794102 -0.0010043589096878055 0.035697727067175888 0.0093880735607876561 0.094709345219682994 -0.047163118787824261 -0.049261720120240556 -0.047862016555178466 -0.046621880630779822
leaf_weight=0.58782949298620202 0.52404148876667001 1.561027258634567 1.2664964944124224 1.3724041283130644 2.5493683367967606 0.73639716207981087 0.75937038660049438 0.80822558701038361 0.90950156748294875
leaf_count=5 5 7 5 6 9 6 5 6 8
internal_value=0.00839457 0.0323111 0.0530217 -0.0292615 0.0751232 -0.0473691 -0.0482285 -0.0474556 -0.0464723
internal_weight=11.0747 6.77295 5.37689 4.30171 3.81586 2.92931 1.49577 1.39606 1.43354
internal_count=62 32 21 30 14 24 11 11 13
is_linear=0
shrinkage=0.05


Tree=67
num_leaves=10
num_cat=0
split_feature=2 3 0 0 0 8 3 0 3
split_gain=5.0073 1.54484 1.25883 0.016499 0.0164487 4.20062e-05 4.19942e-05 4.20305e-06 2.70925e-06
threshold=2300.0000000000005 10.500000000000002 10.381750000000002 10.654750000000002 11.102200000000002 0.80625269229011354 5.5000000000000009 1.8034830000000002 6.5000000000000009
decision_type=2 2 2 2 2 2 2 2 2
left_child=1 3 -2 5 -5 6 7 -1 -7
right_child=2 -3 -4 4 -6 8 -8 -9 -10
leaf_value=-0.044943243351835194 0.068896155812746426 0.019444396158236715 -0.00067620640881236899 -0.05671493695628943 -0.04515084865788864 -0.045734978360607643 -0.045632394233888804 -0.045142497230600244 -0.045566116017580892
leaf_weight=0.40424674749374456 2.1665977239608769 1.0985330417752264 0.92895475029945362 0.80303821712732293 0.49832257628440857 0.48254021257162083 0.47191269695758808 0.76647311449050903 0.46781939268112183
leaf_count=5 8 7 8 4 6 5 5 9 5
internal_value=-0.0019448 -0.0329213 0.048018 -0.0476929 -0.0522868 -0.0453873 -0.0452342 -0.0450737 -0.0456519
internal_weight=8.08844 4.99289 3.09555 3.89435 1.30136 2.59299 1.64263 1.17072 0.95036
internal_count=62 46 16 39 10 29 19 14 10
is_linear=0
shrinkage=0.05


Tree=68
num_leaves=12
num_cat=0
split_feature=2 2 4 0 0 6 0 0 2 7 2
split_gain=2.05895 0.00535967 1.67439e-05 4.20852e-06 4.58861e-06 1.95004e-06 1.1584e-06 1.4724e-06 1.32186e-06 4.89855e-07 1.41046e-07
threshold=3250.0000000000005 2950.0000000000005 315.50000000000006 6.5645500000000014 4.1838500000000005 -0.68301270189221952 11.105850000000002 10.654750000000002 2300.0000000000005 8.1083333333333361 2300.0000000000005
decision_type=2 2 2 2 2 2 2 2 2 2 2
left_child=1 2 3 4 -1 -6 7 10 -9 -7 -5
right_child=-2 -3 -4 6 5 9 -8 8 -10 -11 -12
leaf_value=-0.042817604276593618 0.097072605324290143 -0.051783670082075753 -0.04331474458903338 -0.042820302393074085 -0.042934642590104294 -0.043078672498165479 -0.042708394563156379 -0.0430157953044569 -0.042825397482890493 -0.043190406797152997 -0.042758929857057218
leaf_weight=0.24929706379771344 0.29399025440216053 0.18864107131957997 0.30610667914152134 0.25124591030180454 0.17180909216403961 0.18923528119921684 0.14136051200330257 0.21596220135688782 0.15774565562605858 0.2036631740629673 0.14921554364264011
leaf_count=8 1 1 8 8 5 5 5 6 5 5 5
internal_value=-0.0272844 -0.043721 -0.0429739 -0.0429136 -0.0429963 -0.0430751 -0.04284 -0.042864 -0.0429354 -0.0431366 -0.0427974
internal_weight=2.51827 2.22428 2.03564 1.72953 0.814005 0.564708 0.91553 0.774169 0.373708 0.392898 0.400461
internal_count=62 61 60 52 23 15 29 24 11 10 13
is_linear=0
shrinkage=0.05


Tree=69
num_leaves=11
num_cat=0
split_feature=0 2 12 0 0 12 12 2 2 0
split_gain=8.6434 6.49706 0.0669369 7.94081e-05 0.0001229 8.65467e-05 2.14968e-05 1.19256e-05 1.18e-05 3.09316e-07
threshold=10.654750000000002 1350.0000000000002 23.500000000000004 4.1838500000000005 6.5645500000000014 40.000000000000007 34.000000000000007 1650.0000000000002 875.00000000000011 10.363450000000002
decision_type=2 2 2 2 2 2 2 2 2 2
left_child=3 -2 -3 7 5 -5 -6 -1 -7 -8
right_child=1 2 -4 4 6 8 9 -9 -10 -11
leaf_value=-0.044874448556098359 -0.049035155000456354 0.090413980132594537 0.10623720221271329 -0.046297907372254955 -0.045500677340985396 -0.045430415402869684 -0.045069172532561305 -0.045238373420856709 -0.045770158854163946 -0.04512982611345346
leaf_weight=0.39527560770511616 1.0054038614034655 1.155752092599869 1.5849266201257703 0.74229955673217807 0.5544423311948774 0.5467560216784475 0.41873433440923691 0.52290701121091843 0.4798990860581398 0.42207141220569611
leaf_count=5 7 4 6 7 6 6 5 6 5 5
internal_value=0.00483646 0.0596821 0.0995645 -0.0454911 -0.0456099 -0.0458866 -0.045259 -0.0450817 -0.0455892 -0.0450996
internal_weight=7.82847 3.74608 2.74068 4.08239 3.1642 1.76895 1.39525 0.918183 1.02666 0.840806
internal_count=62 17 10 45 34 18 16 11 11 10
is_linear=0
shrinkage=0.05


Tree=70
num_leaves=11
num_cat=0
split_feature=0 2 0 5 9 6 6 10 12 0
split_gain=12.1172 0.0248445 0.000213422 0.000115331 5.92635e-05 3.25163e-05 4.48961e-05 2.17759e-05 1.08716e-05 9.05521e-06
threshold=4.1838500000000005 1650.0000000000002 6.5645500000000014 -0.5 -0.39271506111191329 1.0000000180025095e-35 0.6830127018922193 4.5000000000000009 25.500000000000004 10.363450000000002
decision_type=2 2 2 2 2 2 2 2 2 2
left_child=1 -1 3 -2 8 -6 -7 -5 -4 -10
right_child=2 -3 4 7 5 6 -8 -9 9 -11
leaf_value=0.081810035858421892 -0.046979435262873778 0.073037175209574395 -0.045773926829756152 -0.045967651794277122 -0.046333839840819957 -0.045587920781838112 -0.046207200717406742 -0.046383470269982581 -0.045644441806586049 -0.045344735353867412
leaf_weight=1.4902066290378573 0.71098721772432316 1.7603433132171629 0.48601511865854252 0.60771089047193505 0.53393322229385409 0.65678627043962456 0.52790402621030807 0.6533527597784996 0.4772745147347448 0.53401525318622589
leaf_count=5 6 6 5 6 5 7 5 6 5 6
internal_value=0.00136547 0.0770591 -0.0460607 -0.0464702 -0.0458095 -0.0460099 -0.0458639 -0.0461831 -0.0455796 -0.0454862
internal_weight=8.43853 3.25055 5.18798 1.97205 3.21593 1.71862 1.18469 1.26106 1.4973 1.01129
internal_count=62 11 51 18 33 17 12 12 16 11
is_linear=0
shrinkage=0.05


Tree=71
num_leaves=11
num_cat=0
split_feature=2 12 0 0 4 2 6 0 8 0
split_gain=10.7261 2.17209 0.536967 1.37668 0.151671 0.0313824 0.00179658 0.00129816 0.000651919 0.00010426
threshold=300.00000000000006 9.5000000000000018 4.4701000000000013 4.3650000000000011 121.50000000000001 1150.0000000000002 -1.0000000180025095e-35 11.102200000000002 0.93540483100319638 10.363450000000002
decision_type=2 2 2 2 2 2 2 2 2 2
left_child=4 -2 3 6 -1 -4 -3 8 9 -7
right_child=1 2 5 -5 -6 7 -8 -9 -10 -11
leaf_value=0.067894184769955609 0.035111901779910561 -0.051788583390359501 -0.059542345044615787 0.019608708051929442 0.090942248102184028 -0.048544173676027619 -0.04871849286389944 -0.050953097151188891 -0.049555571136117325 -0.047743227293314185
leaf_weight=1.4199996292591106 1.0677377730607966 0.91321280598640442 0.91263243556022633 1.1213710606098173 1.4352631270885465 0.72218403220176763 0.99651469290256522 0.87391717731952656 1.4167388230562208 0.9289185106754303
leaf_count=5 5 5 4 5 5 5 7 5 9 7
internal_value=-0.00490425 -0.0318151 -0.0408773 -0.0243654 0.0794798 -0.0511874 -0.0501866 -0.049253 -0.0487687 -0.0480936
internal_weight=11.8085 8.95323 7.88549 3.0311 2.85526 4.85439 1.90973 3.94176 3.06784 1.6511
internal_count=62 52 47 17 10 30 12 26 21 12
is_linear=0
shrinkage=0.05


Tree=72
num_leaves=10
num_cat=0
split_feature=0 0 12 8 11 3 0 8 9
split_gain=3.59781 3.93905 2.25538 1.13308 1.0181 0.000868195 0.000646169 0.000104186 1.22102e-05
threshold=9.1832000000000011 4.1838500000000005 34.000000000000007 0.99342052987049467 3.5000000000000004 3.5000000000000004 10.381750000000002 0.67993326682463529 -0.49524719222984687
decision_type=2 2 2 2 2 2 2 2 2
left_child=1 7 -3 5 -4 8 -7 -1 -2
right_child=3 2 4 -5 -6 6 -8 -9 -10
leaf_value=-0.047376095321207956 -0.045884131823190261 -0.0011342480549940122 0.033606210726001749 0.0086209784768575028 0.088503488092532681 -0.046761164308931541 -0.048890953387463722 -0.046472397923125235 -0.046196806950233475
leaf_weight=0.75987580418586709 0.49456776678562142 1.5505051016807554 1.2610417455434801 1.3689031451940534 2.5572008341550827 0.69423955678939797 0.73125651478767395 0.54962414503097534 0.84688750654459044
leaf_count=6 5 7 5 6 9 6 5 5 8
internal_value=0.00806066 0.0307564 0.0497213 -0.0285867 0.0703727 -0.0469945 -0.0478537 -0.0469968 -0.0460815
internal_weight=10.8141 6.67825 5.36875 4.13585 3.81824 2.76695 1.4255 1.3095 1.34146
internal_count=62 32 21 30 14 24 11 11 13
is_linear=0
shrinkage=0.05


Tree=73
num_leaves=10
num_cat=0
split_feature=2 3 0 0 0 7 5 0 3
split_gain=4.55022 1.43926 1.08793 0.0143553 0.0139847 4.32395e-05 4.21421e-05 2.45118e-06 1.86441e-06
threshold=2300.0000000000005 10.500000000000002 10.381750000000002 10.654750000000002 11.102200000000002 8.4166666666666696 0.25000000000000011 1.8034830000000002 6.5000000000000009
decision_type=2 2 2 2 2 2 2 2 2
left_child=1 3 -2 5 -5 8 -7 -8 -1
right_child=2 -3 -4 4 -6 6 7 -9 -10
leaf_value=-0.04548827229628085 0.065240238095750858 0.017887477185468594 -0.00010333376192128707 -0.055850908161554996 -0.044936988118332737 -0.045390604742897044 -0.044712128391834978 -0.044869326345215378 -0.045344670551044304
leaf_weight=0.45815430581569749 2.134393803775311 1.0953827574849127 0.90796724706888188 0.77752708643674828 0.4715091735124588 0.44774012267589558 0.37971362471580483 0.71480582654476166 0.44611671566963196
leaf_count=5 8 7 8 4 6 5 5 9 5
internal_value=-0.00208202 -0.0324495 0.045739 -0.0473695 -0.0517309 -0.0451429 -0.044982 -0.0448148 -0.0454174
internal_weight=7.83331 4.79095 3.04236 3.69557 1.24904 2.44653 1.54226 1.09452 0.904271
internal_count=62 46 16 39 10 29 19 14 10
is_linear=0
shrinkage=0.05


Tree=74
num_leaves=11
num_cat=0
split_feature=2 2 4 0 0 3 2 2 3 12
split_gain=1.89849 0.00497252 1.5563e-05 3.27893e-06 4.07014e-06 1.42771e-06 1.31653e-06 2.20542e-06 1.07696e-06 7.13746e-08
threshold=3250.0000000000005 2950.0000000000005 315.50000000000006 6.5645500000000014 4.1838500000000005 5.5000000000000009 115.00000000000001 2300.0000000000005 5.5000000000000009 31.500000000000004
decision_type=2 2 2 2 2 2 2 2 2 2
left_child=1 2 3 4 -1 -6 -5 8 -8 -9
right_child=-2 -3 -4 6 5 -7 7 9 -10 -11
leaf_value=-0.042741567510924776 0.091229781379361025 -0.051480250211790604 -0.043238408323842736 -0.042667359019521518 -0.043074111149544847 -0.042910616516308175 -0.042984542205343715 -0.042736163777363723 -0.042803653975403089 -0.042688295888831364
leaf_weight=0.2336682807654149 0.29775243997573841 0.18514683842658985 0.28919611126184452 0.21796907298266888 0.26509596034884453 0.26904470846056938 0.17553139291703701 0.17540144547820091 0.15489584021270275 0.14005666226148605
leaf_count=8 1 1 8 8 7 8 5 6 5 5
internal_value=-0.0269466 -0.0436546 -0.0429004 -0.0428404 -0.0429156 -0.0429918 -0.0427736 -0.0428095 -0.0428997 -0.0427149
internal_weight=2.40376 2.10601 1.92086 1.63166 0.767809 0.534141 0.863854 0.645885 0.330427 0.315458
internal_count=62 61 60 52 23 15 29 21 10 11
is_linear=0
shrinkage=0.05


Tree=75
num_leaves=9
num_cat=0
split_feature=0 2 0 0 12 3 2 2
split_gain=7.88848 2.08679 7.86149e-05 0.000109803 8.80587e-05 1.85627e-05 9.86931e-06 7.42507e-06
threshold=10.654750000000002 1855.0000000000002 4.1838500000000005 6.5645500000000014 40.000000000000007 6.5000000000000009 1650.0000000000002 875.00000000000011
decision_type=2 2 2 2 2 2 2 2
left_child=2 -2 6 4 -4 -5 -1 -6
right_child=1 -3 3 5 7 -7 -8 -9
leaf_value=-0.044632889668883027 0.011639818938317094 0.087970191540329479 -0.046061845863601354 -0.044832571103878179 -0.045199860827328901 -0.045207981094377465 -0.04497514998789872 -0.045477338162989558
leaf_weight=0.36937319487333331 1.5111032798886301 2.1976514309644699 0.7098188102245333 0.6284200996160505 0.51866652071475983 0.69174737483263016 0.4900890588760376 0.45050166547298431
leaf_count=5 9 8 7 8 6 8 6 5
internal_value=0.00479899 0.05687 -0.0452496 -0.0453705 -0.0456387 -0.0450293 -0.0448281 -0.0453288
internal_weight=7.56737 3.70875 3.85862 2.99915 1.67899 1.32017 0.859462 0.969168
internal_count=62 17 45 34 18 16 11 11
is_linear=0
shrinkage=0.05


Tree=76
num_leaves=10
num_cat=0
split_feature=0 12 0 5 7 3 10 12 0
split_gain=11.0086 0.0206949 0.000184803 9.60462e-05 7.34861e-05 2.89194e-05 1.82879e-05 1.33146e-05 3.11703e-06
threshold=4.1838500000000005 50.000000000000007 6.5645500000000014 -0.5 7.0750000000000011 5.5000000000000009 4.5000000000000009 25.500000000000004 10.363450000000002
decision_type=2 2 2 2 2 2 2 2 2
left_child=1 -1 3 -2 5 -4 -5 -6 -9
right_child=2 -3 4 6 7 -7 -8 8 -10
leaf_value=0.07693692297646304 -0.046653509177496312 0.068855839905478208 -0.04601068444343754 -0.04570456283317334 -0.045524889248261556 -0.04554119799320186 -0.04609572358662798 -0.045328458365632165 -0.04515844820778607
leaf_weight=1.7749315798282626 0.67480448633432377 1.4309893250465391 0.80209521204233192 0.57577213644981362 0.55397308617830265 0.55494627356529236 0.62118577212095261 0.44552168995141961 0.68280559033155441
leaf_count=6 6 5 8 6 6 6 6 5 8
internal_value=0.00126052 0.0733299 -0.0457857 -0.0461765 -0.045545 -0.0458187 -0.0459076 -0.0453241 -0.0452256
internal_weight=8.11703 3.20592 4.9111 1.87176 3.03934 1.35704 1.19696 1.6823 1.12833
internal_count=62 11 51 18 33 14 12 19 13
is_linear=0
shrinkage=0.05


Tree=77
num_leaves=12
num_cat=0
split_feature=2 12 0 0 3 2 6 7 6 6 7
split_gain=9.61029 2.05694 0.52743 1.27021 0.118376 0.0260676 0.00137159 0.000898396 0.000573167 0.000800375 5.62908e-05
threshold=300.00000000000006 9.5000000000000018 4.4701000000000013 4.3650000000000011 4.5000000000000009 1150.0000000000002 0.25000000000000017 6.6500000000000012 0.25000000000000017 -0.5 7.0750000000000011
decision_type=2 2 2 2 2 2 2 2 2 2 2
left_child=4 -2 3 6 -1 -4 -3 -7 9 -9 -10
right_child=1 2 5 -5 -6 7 -8 8 10 -11 -12
leaf_value=0.065074185413646554 0.033910636497342432 -0.050916846632189386 -0.058253062432616201 0.018212385893122653 0.085570924116544045 -0.050153775726775235 -0.04815396273131383 -0.047683985077628083 -0.047914447121404496 -0.050037612784030086 -0.047286799871996243
leaf_weight=1.3793756365776073 1.0747864991426448 0.86317022144794486 0.88584060966968525 1.1269727796316145 1.4396108686923978 0.83858425915241275 0.93662037700414658 0.65022046118974686 0.679459288716316 0.81264941394329093 0.75325525552034378
leaf_count=5 5 5 4 5 5 5 7 5 5 5 6
internal_value=-0.00460065 -0.0308047 -0.0400212 -0.0234139 0.0755415 -0.0505419 -0.049479 -0.0487127 -0.0482953 -0.0489915 -0.0475845
internal_weight=11.4405 8.62156 7.54677 2.92676 2.81899 4.62001 1.79979 3.73417 2.89558 1.46287 1.43271
internal_count=62 52 47 17 10 30 12 26 21 10 11
is_linear=0
shrinkage=0.05


Tree=78
num_leaves=10
num_cat=0
split_feature=0 0 12 5 8 11 8 3 7
split_gain=3.25001 3.47742 1.99732 1.09131 2.04844 0.895906 0.00965833 0.000313866 8.44796e-05
threshold=9.1832000000000011 4.1838500000000005 34.000000000000007 0.68301270189221941 0.96863394805116498 3.5000000000000004 0.99342052987049467 5.5000000000000009 9.4416666666666682
decision_type=2 2 2 2 2 2 2 2 2
left_child=1 8 -3 6 -5 -4 7 -2 -1
right_child=3 2 5 4 -6 -7 -8 -9 -10
leaf_value=-0.04608509421417601 -0.045719581529702395 -0.0012508328191136191 0.031669538177081118 -0.046750174428310205 0.068893902899447454 0.08331538774881643 -0.053434284304264779 -0.047163826477348458 -0.046926216299313261
leaf_weight=0.51349828392267205 0.57576191425323564 1.5394426733255384 1.2535213679075243 0.85772420465946175 0.69176198542118073 2.5437018871307373 0.77116519212722767 1.0852686837315557 0.71304831653833389
leaf_count=5 6 7 5 8 3 9 4 9 6
internal_value=0.00772135 0.0293419 0.04679 -0.0279169 0.00487867 0.0662663 -0.0488101 -0.0466632 -0.0465741
internal_weight=10.5449 6.56321 5.33667 3.98168 1.54949 3.79722 2.4322 1.66103 1.22655
internal_count=62 32 21 30 11 14 19 15 11
is_linear=0
shrinkage=0.05


Tree=79
num_leaves=10
num_cat=0
split_feature=2 3 0 0 0 7 3 12 3
split_gain=4.13633 1.34145 0.949695 0.0124322 0.011789 4.38564e-05 4.09348e-05 1.67974e-06 1.16152e-06
threshold=2300.0000000000005 10.500000000000002 10.381750000000002 10.654750000000002 11.102200000000002 8.4166666666666696 5.5000000000000009 55.500000000000007 6.5000000000000009
decision_type=2 2 2 2 2 2 2 2 2
left_child=1 3 -2 5 -5 8 7 -7 -1
right_child=2 -3 -4 4 -6 6 -8 -9 -10
leaf_value=-0.045255185656615508 0.062044601516897981 0.01643603447952904 0.00034901302603421392 -0.055030131579971366 -0.044782083786749548 -0.044638426318152458 -0.045159835393937954 -0.044510212095135282 -0.045138948932768111
leaf_weight=0.43444567173719484 2.0914404839277272 1.0906502455472944 0.8888520449399947 0.74957738071680047 0.44856885075569153 0.51985511928796746 0.42390522360801686 0.50225652754306793 0.42533785104751587
leaf_count=5 8 7 8 4 6 7 5 7 5
internal_value=-0.00223148 -0.0319889 0.0436443 -0.0470618 -0.0511934 -0.0449149 -0.0447467 -0.0445754 -0.0451977
internal_weight=7.57489 4.5946 2.98029 3.50395 1.19815 2.3058 1.44602 1.02211 0.859784
internal_count=62 46 16 39 10 29 19 14 10
is_linear=0
shrinkage=0.05


Tree=80
num_leaves=11
num_cat=0
split_feature=2 2 4 2 2 0 3 12 0 9
split_gain=1.7581 0.00460611 1.43153e-05 3.08556e-06 3.92433e-06 3.48494e-06 2.17511e-06 1.11744e-06 2.56965e-07 5.9133e-08
threshold=3250.0000000000005 2950.0000000000005 315.50000000000006 115.00000000000001 2300.0000000000005 4.1838500000000005 5.5000000000000009 36.500000000000007 6.5645500000000014 -0.44615958626068691
decision_type=2 2 2 2 2 2 2 2 2 2
left_child=1 2 3 -1 5 -5 7 -7 -8 -6
right_child=-2 -3 -4 4 9 6 8 -9 -10 -11
leaf_value=-0.042590892752498874 0.086300939874544569 -0.05118389130773069 -0.043165725096520058 -0.042668478785248244 -0.042663164048163726 -0.042886167887030625 -0.042840624742470468 -0.043049362355771559 -0.042757952976695705 -0.042618184490920412
leaf_weight=0.20198411121964488 0.29964527487754811 0.18164093792438496 0.27330673858523358 0.21853126585483529 0.13663260824978352 0.19814563542604446 0.25481877103447914 0.2228873074054718 0.14892849512398243 0.15706972405314434
leaf_count=8 1 1 8 8 5 6 8 6 5 6
internal_value=-0.0266231 -0.0435931 -0.0428323 -0.042773 -0.0428006 -0.042846 -0.042893 -0.0429726 -0.0428101 -0.0426391
internal_weight=2.29359 1.99395 1.8123 1.539 1.33701 1.04331 0.82478 0.421033 0.403747 0.293702
internal_count=62 61 60 52 44 33 25 12 13 11
is_linear=0
shrinkage=0.05


Tree=81
num_leaves=10
num_cat=0
split_feature=0 2 0 12 3 0 0 2 10
split_gain=7.1873 1.88417 7.74635e-05 9.93483e-05 4.61466e-05 3.67823e-05 1.9706e-05 7.71873e-06 4.31613e-06
threshold=10.654750000000002 1855.0000000000002 4.1838500000000005 23.500000000000004 7.5000000000000009 4.7199000000000009 6.5645500000000014 1650.0000000000002 4.5000000000000009
decision_type=2 2 2 2 2 2 2 2 2
left_child=2 -2 7 -4 5 -5 -6 -1 -7
right_child=1 -3 3 4 6 8 -8 -9 -10
leaf_value=-0.044412536663811772 0.011170921316847045 0.083846891502122212 -0.045801603208272895 -0.045117531521467372 -0.045529131646171089 -0.044509186433276893 -0.045053426558789189 -0.044725607497053066 -0.044739942998806723
leaf_weight=0.34519999846816096 1.5131482109427454 2.1719007343053818 0.4815972447395328 0.67308560013771079 0.45631767064332951 0.43032251298427582 0.41632364690303802 0.45821630209684372 0.38299365341663361
leaf_count=5 9 8 5 8 5 6 5 6 5
internal_value=0.00476706 0.0540048 -0.0450246 -0.0451472 -0.0450136 -0.0448441 -0.0453022 -0.0445911 -0.0446179
internal_weight=7.32911 3.68505 3.64406 2.84064 2.35904 1.4864 0.872641 0.803416 0.813316
internal_count=62 17 45 34 29 19 10 11 11
is_linear=0
shrinkage=0.05


Tree=82
num_leaves=9
num_cat=0
split_feature=0 12 2 2 12 2 3 11
split_gain=10.0384 0.017383 0.000155009 0.000231303 7.73586e-05 4.75951e-05 4.715e-05 5.58698e-06
threshold=4.1838500000000005 50.000000000000007 2300.0000000000005 675.00000000000011 55.500000000000007 115.00000000000001 3.5000000000000004 6.5000000000000009
decision_type=2 2 2 2 2 2 2 2
left_child=1 -1 3 5 6 -2 -5 -4
right_child=2 -3 7 4 -6 -7 -8 -9
leaf_value=0.073449396575957324 -0.044886236160729544 0.065965480584339584 -0.044978416487287683 -0.04591277167208288 -0.045651535935990528 -0.045495904417155099 -0.046535749490611338 -0.045182597330434698
leaf_weight=1.7514216899871828 0.63358644396066688 1.3930404186248777 0.65403414517641045 0.50090351700782798 0.75455455482006062 0.64704222977161407 0.77155237644910812 0.68690134584903717
leaf_count=6 8 5 8 5 8 7 7 8
internal_value=0.00113611 0.0701339 -0.0455365 -0.0457203 -0.0460527 -0.0451943 -0.0462905 -0.045083
internal_weight=7.79304 3.14446 4.64857 3.30764 2.02701 1.28063 1.27246 1.34094
internal_count=62 11 51 35 20 15 12 16
is_linear=0
shrinkage=0.05


Tree=83
num_leaves=12
num_cat=0
split_feature=2 12 5 2 3 2 7 2 7 3 7
split_gain=8.68997 1.95297 0.450303 0.57466 0.0938323 0.030557 0.000901109 0.000397596 0.000665305 0.000132151 2.21331e-05
threshold=300.00000000000006 9.5000000000000018 0.93301270189221952 675.00000000000011 4.5000000000000009 1150.0000000000002 6.6500000000000012 2300.0000000000005 8.4166666666666696 3.5000000000000004 7.541666666666667
decision_type=2 2 2 2 2 2 2 2 2 2 2
left_child=4 -2 3 -3 -1 -5 -7 8 -8 -10 -9
right_child=1 2 -4 5 -6 6 7 10 9 -11 -12
leaf_value=0.062848607739978052 0.032863584741910361 -0.0084398006421391916 -0.0035900212566129294 -0.056813044681295499 0.081256493318032641 -0.049629434053673108 -0.049070686769096893 -0.047177833970436824 -0.046727117711198883 -0.047763560212571131 -0.046780965002220537
leaf_weight=1.3370930552482616 1.0799057483673076 0.98444692790508259 0.78959996998310078 1.2492940723896024 1.4355405569076536 0.64271485805511464 0.89078107476234514 0.61633691191673257 0.57867312431335427 0.65643531084060669 0.81697968393564224
leaf_count=5 5 5 4 6 5 4 6 5 5 5 7
internal_value=-0.00426503 -0.0298523 -0.039226 -0.0435982 0.0723794 -0.0499476 -0.0479064 -0.0475952 -0.0480291 -0.047278 -0.0469516
internal_weight=11.0778 8.30517 7.22526 6.43566 2.77263 5.45122 4.20192 3.55921 2.12589 1.23511 1.43332
internal_count=62 52 47 43 10 38 32 28 16 10 12
is_linear=0
shrinkage=0.05


Tree=84
num_leaves=10
num_cat=0
split_feature=0 0 12 5 9 11 7 3 7
split_gain=2.92284 3.06651 1.80153 1.0465 1.86083 0.818378 0.00883977 0.000276361 6.82615e-05
threshold=9.1832000000000011 4.1838500000000005 34.000000000000007 0.68301270189221941 -0.24825246871434689 3.5000000000000004 6.6500000000000012 5.5000000000000009 9.4416666666666682
decision_type=2 2 2 2 2 2 2 2 2
left_child=1 8 -3 6 -5 -4 -2 -8 -1
right_child=3 2 5 4 -6 -7 7 -9 -10
leaf_value=-0.045729286012248176 -0.052937639584353192 -0.001715362881175361 0.029443513311030196 -0.046477072060550961 0.065105232977613836 0.07903112518357186 -0.045400761618447028 -0.046799585306544128 -0.046511294805161793
leaf_weight=0.47920472919940926 0.74430756270885545 1.5317498594522474 1.243665933609009 0.80755011737346649 0.69539144635200478 2.5139415264129639 0.53775532543659199 1.0282502472400663 0.66813137382268906
leaf_count=5 4 7 5 8 3 9 6 9 6
internal_value=0.0073643 0.0279151 0.0439883 -0.027325 0.0051506 0.062619 -0.0484515 -0.0463192 -0.0461847
internal_weight=10.2499 6.43669 5.28936 3.81325 1.50294 3.75761 2.31031 1.56601 1.14734
internal_count=62 32 21 30 11 14 19 15 11
is_linear=0
shrinkage=0.05


Tree=85
num_leaves=10
num_cat=0
split_feature=2 3 0 0 0 7 3 12 7
split_gain=3.79236 1.25191 0.831469 0.0108466 0.0131462 4.2834e-05 4.17048e-05 1.88095e-06 7.85595e-07
threshold=2300.0000000000005 10.500000000000002 10.381750000000002 10.654750000000002 11.100500000000002 8.4166666666666696 5.5000000000000009 55.500000000000007 7.541666666666667
decision_type=2 2 2 2 2 2 2 2 2
left_child=1 3 -2 5 -5 8 7 -7 -1
right_child=2 -3 -4 4 -6 6 -8 -9 -10
leaf_value=-0.045044622251224097 0.059405039723408576 0.015094883014954498 0.0010058875655234976 -0.055440978525102685 -0.044656115220614051 -0.044426856435338696 -0.044964869521710249 -0.044286444160557194 -0.044946600849121374
leaf_weight=0.4140515550971039 2.042307056486607 1.0839767381548879 0.86877295374870289 0.64520844817161538 0.50271816551685333 0.48707253485918023 0.40266096591949463 0.46737442165613174 0.4037092924118042
leaf_count=5 8 7 8 3 7 7 5 7 5
internal_value=-0.00230941 -0.0315644 0.0419766 -0.0467858 -0.0507179 -0.0447104 -0.0445381 -0.0443581 -0.0449962
internal_weight=7.31785 4.40677 2.91108 3.3228 1.14793 2.17487 1.35711 0.954447 0.817761
internal_count=62 46 16 39 10 29 19 14 10
is_linear=0
shrinkage=0.05


Tree=86
num_leaves=11
num_cat=0
split_feature=2 2 4 2 2 0 3 2 7 4
split_gain=1.63484 0.00416221 1.29859e-05 3.10755e-06 4.14111e-06 3.5931e-06 1.81792e-06 6.6195e-07 3.06795e-07 6.99482e-08
threshold=3250.0000000000005 2950.0000000000005 315.50000000000006 115.00000000000001 2300.0000000000005 4.1838500000000005 5.5000000000000009 1350.0000000000002 7.0750000000000011 83.000000000000014
decision_type=2 2 2 2 2 2 2 2 2 2
left_child=1 2 3 -1 5 -5 7 -7 -8 -6
right_child=-2 -3 -4 4 9 6 8 -9 -10 -11
leaf_value=-0.042520455011491945 0.082146830905096335 -0.050819260210699463 -0.043095521860800436 -0.042599259561320921 -0.042542398735595635 -0.042852307237575993 -0.04270716524930309 -0.042981711830937103 -0.042796920002688699 -0.042593163014559648
leaf_weight=0.18719413876533542 0.29993742704391468 0.17719747126102436 0.25805539079010476 0.2040999252349136 0.14507725648581982 0.2246828768402338 0.17072520591318607 0.17642288655042648 0.21524165570735931 0.12748894654214382
leaf_count=8 1 1 8 8 6 7 6 5 7 5
internal_value=-0.0262828 -0.043525 -0.0427687 -0.0427106 -0.0427387 -0.0427862 -0.0428347 -0.0429092 -0.0427572 -0.0425661
internal_weight=2.18612 1.88619 1.70899 1.45093 1.26374 0.991173 0.787073 0.401106 0.385967 0.272566
internal_count=62 61 60 52 44 33 25 12 13 11
is_linear=0
shrinkage=0.05


Tree=87
num_leaves=10
num_cat=0
split_feature=0 2 0 12 4 0 7 2 0
split_gain=6.5737 1.71667 7.72254e-05 9.82301e-05 4.72287e-05 3.17811e-05 1.33563e-05 5.99269e-06 4.33236e-06
threshold=10.654750000000002 1855.0000000000002 4.1838500000000005 23.500000000000004 200.00000000000003 4.7199000000000009 8.5833333333333339 1650.0000000000002 10.361300000000002
decision_type=2 2 2 2 2 2 2 2 2
left_child=2 -2 7 -4 5 -5 -6 -1 -7
right_child=1 -3 3 4 6 8 -8 -9 -10
leaf_value=-0.044207719771496255 0.010723730044037342 0.080377775019459752 -0.045608974520724405 -0.044920201217100886 -0.044903759951198385 -0.044287264834516255 -0.04527429524136338 -0.044493205568508262 -0.044526272202938505
leaf_weight=0.32229241356253657 1.5098061785101893 2.1360550671815872 0.4606227278709415 0.47928784787654899 0.56096208840608586 0.40068906545639038 0.4293413832783699 0.42783782631158829 0.35990475863218307
leaf_count=5 9 8 5 6 7 6 5 6 5
internal_value=0.00474997 0.051533 -0.0448192 -0.0449442 -0.0448069 -0.0446013 -0.0450644 -0.0443705 -0.0444004
internal_weight=7.0868 3.64586 3.44094 2.69081 2.23019 1.23988 0.990303 0.75013 0.760594
internal_count=62 17 45 34 29 17 12 11 11
is_linear=0
shrinkage=0.05


Tree=88
num_leaves=10
num_cat=0
split_feature=0 12 2 2 12 2 3 4 11
split_gain=9.17987 0.0147196 0.000167502 0.000245359 9.2495e-05 4.68268e-05 3.98892e-05 4.01803e-06 3.94049e-06
threshold=4.1838500000000005 50.000000000000007 2300.0000000000005 675.00000000000011 55.500000000000007 115.00000000000001 3.5000000000000004 83.000000000000014 6.5000000000000009
decision_type=2 2 2 2 2 2 2 2 2
left_child=1 -1 3 5 6 -2 -5 -4 -9
right_child=2 -3 7 4 -6 -7 -8 8 -10
leaf_value=0.070438527441914575 -0.04462147096780851 0.0634624606562324 -0.044699946937327144 -0.045758649879269885 -0.045396089356517788 -0.045246328056727028 -0.046340955881463253 -0.044771740485677412 -0.044994178616003327
leaf_weight=1.719584256410599 0.58835113793611549 1.3496587574481962 0.45518423616886117 0.48534900695085503 0.7135346233844756 0.61140597611665726 0.74635204672813416 0.3871026486158371 0.4099532812833786
leaf_count=6 8 5 6 5 8 7 7 5 5
internal_value=0.00101118 0.0673709 -0.0453075 -0.0455022 -0.0458491 -0.0449399 -0.0461115 -0.0448185 -0.0448861
internal_weight=7.46648 3.06924 4.39723 3.14499 1.94524 1.19976 1.2317 1.25224 0.797056
internal_count=62 11 51 35 20 15 12 16 10
is_linear=0
shrinkage=0.05


Tree=89
num_leaves=12
num_cat=0
split_feature=2 12 0 0 4 2 7 6 6 4 7
split_gain=7.83808 1.85067 0.532461 1.15448 0.0722022 0.0173962 0.000930204 0.000913472 0.000562935 0.000787367 6.36231e-05
threshold=300.00000000000006 9.5000000000000018 4.4701000000000013 4.3650000000000011 121.50000000000001 1150.0000000000002 6.6500000000000012 0.25000000000000017 0.25000000000000017 182.00000000000003 7.0750000000000011
decision_type=2 2 2 2 2 2 2 2 2 2 2
left_child=4 -2 3 7 -1 -4 -7 -3 9 -8 -10
right_child=1 2 5 -5 -6 6 8 -9 10 -11 -12
leaf_value=0.060894277098637178 0.031900965367379637 -0.049545154296304642 -0.055966641917265463 0.017990231211596142 0.077219822101297575 -0.049406942067901201 -0.049477270583392761 -0.047154008458068906 -0.047055319016749933 -0.047034612937409778 -0.04634417949397935
leaf_weight=1.291541025042535 1.0838576257228831 0.77525509893894218 0.83388313651084889 1.1138085126876829 1.4239549636840818 0.78697581589221988 0.61283385008573554 0.82387880235910416 0.6068155914545057 0.71459706127643585 0.65294379740953445
leaf_count=5 5 5 4 5 5 5 4 7 5 6 6
internal_value=-0.00394935 -0.0288504 -0.0383644 -0.0210921 0.0694551 -0.0494999 -0.0479017 -0.0483132 -0.0474438 -0.0481623 -0.0466867
internal_weight=10.7203 8.00485 6.92099 2.71294 2.7155 4.20805 3.37417 1.59913 2.58719 1.32743 1.25976
internal_count=62 52 47 17 10 30 26 12 21 10 11
is_linear=0
shrinkage=0.05


Tree=90
num_leaves=11
num_cat=0
split_feature=2 12 9 2 5 2 0 6 13 0
split_gain=2.05313 2.26281 2.21404 1.64375 1.50318 0.305792 0.00300028 0.000593819 6.45582e-05 2.55845e-05
threshold=1650.0000000000002 43.000000000000007 -0.11318597237013776 750.00000000000011 -0.5 1150.0000000000002 5.3224000000000009 1.0000000180025095e-35 1.0000000180025095e-35 1.8034830000000002
decision_type=2 2 2 2 2 2 2 2 2 2
left_child=1 2 4 -3 -1 6 -6 -2 9 -9
right_child=7 3 -4 -5 5 -7 -8 8 -10 -11
leaf_value=0.024437202443144495 -0.047132421417917562 -0.0035545569188989469 0.033690474372141281 0.067965660479878454 -0.052164744266870483 -0.090789928115731999 -0.047741842700267496 -0.045451352911574386 -0.045924557980702892 -0.044970519328381295
leaf_weight=0.64702344685792956 0.77797649055719409 1.3796655014157297 1.4321648478507993 1.9233215749263761 0.80896981805562995 0.65838264673948277 0.72892237454652786 0.63892628997564294 0.50266805291175831 0.48790587484836578
leaf_count=4 7 8 6 7 5 3 6 7 5 6
internal_value=-0.00577122 0.00700713 -0.0170069 0.0380915 -0.0425432 -0.0622756 -0.0500684 -0.0459959 -0.0454534 -0.0452432
internal_weight=9.98593 7.57845 4.27546 3.30299 2.8433 2.19627 1.53789 2.40748 1.6295 1.12683
internal_count=64 39 24 15 18 14 11 25 18 13
is_linear=0
shrinkage=0.05


Tree=91
num_leaves=11
num_cat=0
split_feature=2 12 3 3 2 6 12 7 12 0
split_gain=4.12947 0.769856 0.487259 0.460926 0.0102952 0.00334306 8.38898e-05 2.08783e-05 9.92173e-06 1.57554e-08
threshold=2300.0000000000005 58.500000000000007 10.500000000000002 10.500000000000002 1855.0000000000002 -0.9330127018922193 25.500000000000004 8.4166666666666696 58.500000000000007 4.7199000000000009
decision_type=2 2 2 2 2 2 2 2 2 2
left_child=2 3 4 -2 5 -1 -7 -8 -9 -10
right_child=1 -3 -4 -5 -6 6 7 8 9 -11
leaf_value=-0.048471575361931259 -0.0086296616785138929 0.067090391478219699 -0.00082951085396149428 0.047710766420484524 -0.054091470639631857 -0.044968996674845871 -0.044582905196043604 -0.044373247703160631 -0.044066987158900318 -0.044082257385523696
leaf_weight=0.68712632358074222 0.8667203485965731 1.3494777977466581 0.70862761884927739 0.62465149164199829 0.38397948443889607 0.69497029110789377 0.50494996458291996 0.47371548041701295 0.3090171217918396 0.37258633971214294
leaf_count=6 8 5 5 3 3 9 7 7 5 6
internal_value=-0.00668456 0.0397276 -0.0385711 0.0149682 -0.0463767 -0.045403 -0.0445078 -0.0443147 -0.0441975 -0.0440753
internal_weight=6.97582 2.84085 4.13497 1.49137 3.42635 3.04237 2.35524 1.66027 1.15532 0.681603
internal_count=64 16 48 11 43 40 34 25 18 11
is_linear=0
shrinkage=0.05


Tree=92
num_leaves=11
num_cat=0
split_feature=2 4 2 2 12 9 6 0 13 12
split_gain=3.11934 1.41563e-05 3.41996e-06 4.11789e-06 2.27838e-06 1.80902e-06 8.31924e-07 7.47667e-07 1.1687e-07 5.03483e-09
threshold=2950.0000000000005 315.50000000000006 115.00000000000001 1650.0000000000002 25.500000000000004 -0.35206144883412549 -0.68301270189221952 5.3224000000000009 1.0000000180025095e-35 158.00000000000003
decision_type=2 2 2 2 2 2 2 2 2 2
left_child=1 2 -1 4 -4 8 -6 -8 9 -5
right_child=-2 -3 3 5 6 -7 7 -9 -10 -11
leaf_value=-0.042459939089509291 0.087253937658866881 -0.043083860613099018 -0.042876070116326048 -0.04249728320265337 -0.042617020113320005 -0.042745319423401894 -0.042822058048442274 -0.042661997971118998 -0.042550565516500105 -0.042482416200103089
leaf_weight=0.19634953513741527 0.64321507513523091 0.2210299503058194 0.2602633088827131 0.11482997797429562 0.20730522461235512 0.10781327448785305 0.15740592032670986 0.13599486276507378 0.12191636674106121 0.11297684721648693
leaf_count=9 3 7 8 5 8 4 5 5 5 5
internal_value=-0.0060324 -0.0427117 -0.0426536 -0.0426848 -0.0427561 -0.0425663 -0.0426937 -0.0427479 -0.0425111 -0.0424899
internal_weight=2.2791 1.63589 1.41486 1.21851 0.760969 0.457536 0.500706 0.293401 0.349723 0.227807
internal_count=64 61 54 45 26 19 18 10 15 10
is_linear=0
shrinkage=0.05


Tree=93
num_leaves=10
num_cat=0
split_feature=0 2 12 5 2 0 0 11 4
split_gain=5.84566 1.58712 0.000183589 4.92829e-05 2.65309e-05 1.14321e-05 6.58908e-06 7.62653e-06 1.76147e-06
threshold=10.654750000000002 1855.0000000000002 23.500000000000004 0.25000000000000011 875.00000000000011 5.3224000000000009 4.7199000000000009 1.0000000180025095e-35 62.000000000000007
decision_type=2 2 2 2 2 2 2 2 2
left_child=2 -2 -1 4 -4 -6 7 -5 -8
right_child=1 -3 3 6 5 -7 8 -9 -10
leaf_value=-0.04536158521295932 0.010264966680691063 0.079561479343663019 -0.045016318265493759 -0.044216117889132829 -0.044332227139483815 -0.044714053598358748 -0.044081888514310538 -0.04453770332595141 -0.044228320336043986
leaf_weight=0.67784124985337291 1.5056567192077639 1.831228047609329 0.40238096565008186 0.39083117246627785 0.40513458847999573 0.37982193380594254 0.37252305075526237 0.34898839890956879 0.45771249011158943
leaf_count=8 9 7 5 6 6 5 6 5 7
internal_value=0.00115999 0.0482938 -0.0446244 -0.0444431 -0.0446862 -0.044517 -0.0442593 -0.0443678 -0.0441626
internal_weight=6.77212 3.33688 3.43523 2.75739 1.18734 0.784957 1.57006 0.73982 0.830236
internal_count=64 16 48 40 16 11 24 11 13
is_linear=0
shrinkage=0.05


Tree=94
num_leaves=11
num_cat=0
split_feature=0 2 12 0 12 7 2 6 2 11
split_gain=9.27498 0.108075 0.0198877 0.000226244 0.000162805 0.000106974 0.000106508 2.56539e-05 7.32368e-06 3.53683e-06
threshold=1.8034830000000002 2950.0000000000005 50.000000000000007 4.7199000000000009 36.500000000000007 7.541666666666667 2537.5000000000005 0.25000000000000017 2300.0000000000005 6.5000000000000009
decision_type=2 2 2 2 2 2 2 2 2 2
left_child=2 3 -1 4 -2 6 -5 8 -7 -9
right_child=1 -3 -4 5 -6 7 -8 9 -10 -11
leaf_value=0.068230334201859533 -0.046276183687367134 -0.071037140744911562 0.060276964451103303 -0.045580247003613794 -0.045163721558458998 -0.04497905241822564 -0.044548282940269177 -0.044537344800032602 -0.044672448371752188 -0.044322102634130472
leaf_weight=1.4020336270332339 0.63612929731607415 0.44842708855867375 1.7888562977313993 0.81220848485827468 0.68091250956058502 0.40389654040336587 0.36123015731573105 0.3618008941411972 0.37615452706813812 0.40393000468611717
leaf_count=5 6 3 7 9 8 5 5 5 5 6
internal_value=-0.00138846 -0.0477503 0.0637716 -0.0451632 -0.045701 -0.0449026 -0.0452626 -0.0446294 -0.0448312 -0.0444238
internal_weight=7.67558 4.48469 3.19089 4.03626 1.31704 2.71922 1.17344 1.54578 0.780051 0.765731
internal_count=64 52 12 49 14 35 14 21 10 11
is_linear=0
shrinkage=0.05


Tree=95
num_leaves=11
num_cat=0
split_feature=2 12 7 2 4 12 2 7 2 3
split_gain=6.50214 1.66209 2.5813 2.0155 0.576021 0.261227 0.0117342 0.00104197 0.000405926 0.000276304
threshold=490.00000000000006 9.5000000000000018 10.508333333333335 1350.0000000000002 161.00000000000003 43.000000000000007 1150.0000000000002 8.4166666666666696 2300.0000000000005 2.5000000000000004
decision_type=2 2 2 2 2 2 2 2 2 2
left_child=4 -2 6 -4 5 -1 -3 8 -8 -9
right_child=1 2 3 -5 -6 -7 7 9 -10 -11
leaf_value=0.062647663741098911 0.043745009720749121 -0.05381368445467747 0.063315544514103025 -0.046498106077848461 0.086419598289557337 0.031042691770168291 -0.048901740257758508 -0.045820210544828696 -0.047420137383305465 -0.047173474588647492
leaf_weight=1.3342160284519198 0.93716788291931141 0.91895687580108631 1.1279366910457609 0.66370918601751316 1.4533288180828092 1.2820397466421125 1.0223452523350718 0.79067057371139504 0.84391386806964863 0.72127838432788849
leaf_count=5 4 5 5 6 5 6 7 8 7 6
internal_value=0.0108883 -0.018242 -0.0277829 0.0226354 0.0611806 0.0471603 -0.0488041 -0.0474414 -0.0482318 -0.0464658
internal_weight=11.0956 7.02598 6.08881 1.79165 4.06958 2.61626 4.29716 3.37821 1.86626 1.51195
internal_count=64 48 44 11 16 11 33 28 14 14
is_linear=0
shrinkage=0.05


Tree=96
num_leaves=10
num_cat=0
split_feature=2 12 7 2 7 2 6 13 0
split_gain=1.89923 2.05875 3.70467 1.89505 0.769089 0.306538 0.000536973 6.0537e-05 2.10507e-05
threshold=1650.0000000000002 25.500000000000004 10.508333333333335 490.00000000000006 10.508333333333335 1150.0000000000002 1.0000000180025095e-35 1.0000000180025095e-35 1.8034830000000002
decision_type=2 2 2 2 2 2 2 2 2
left_child=1 4 3 -3 -1 -5 -2 8 -8
right_child=6 2 -4 5 -6 -7 7 -9 -10
leaf_value=-0.054383652179278263 -0.046815417650056798 -0.0049376058391747343 -0.073627500825364428 0.082194284239268722 0.007635181838633179 0.04985271323693153 -0.045153232975182561 -0.045638011281668306 -0.044701577027253088
leaf_weight=1.4818895161151888 0.73391865938901935 1.4323815926909444 0.81956300139427174 1.3947038352489474 0.75434765964746464 1.5434685572981832 0.59643357992172219 0.47502578794956196 0.45462968945503235
leaf_count=9 7 9 5 5 4 7 7 5 6
internal_value=-0.00557016 0.00664349 0.0239239 0.0422167 -0.0334629 0.0652047 -0.0457041 -0.0451696 -0.0449579
internal_weight=9.68636 7.42635 5.19012 4.37055 2.23624 2.93817 2.26001 1.52609 1.05106
internal_count=64 39 26 21 13 12 25 18 13
is_linear=0
shrinkage=0.05


Tree=97
num_leaves=11
num_cat=0
split_feature=2 12 3 3 2 6 12 7 12 0
split_gain=3.78663 0.706326 0.471457 0.409489 0.00954619 0.00255463 8.32123e-05 1.82886e-05 9.6579e-06 8.24951e-08
threshold=2300.0000000000005 58.500000000000007 10.500000000000002 10.500000000000002 1855.0000000000002 -0.9330127018922193 25.500000000000004 8.4166666666666696 58.500000000000007 4.7199000000000009
decision_type=2 2 2 2 2 2 2 2 2 2
left_child=2 3 4 -2 5 -1 -7 -8 -9 -10
right_child=1 -3 -4 -5 -6 6 7 8 9 -11
leaf_value=-0.047908753854532249 -0.0082401581526116933 0.064961098946018397 -0.00091847666346990564 0.045568124141409129 -0.053688523089300083 -0.044813632891532201 -0.04440263118773511 -0.044209216232799831 -0.043886605023415043 -0.043922723685497919
leaf_weight=0.64895567297935608 0.84443481266498588 1.3060686290264127 0.7016315385699271 0.60826776176691055 0.36926288530230511 0.66140160337090526 0.47729923948645581 0.44825169444084145 0.28814885765314102 0.35025328397750854
leaf_count=6 8 5 5 3 3 9 7 7 5 6
internal_value=-0.00665832 0.038279 -0.0380817 0.0142902 -0.0461207 -0.0451484 -0.0443435 -0.0441446 -0.0440313 -0.0439064
internal_weight=6.70398 2.75877 3.9452 1.4527 3.24357 2.87431 2.22535 1.56395 1.08665 0.638402
internal_count=64 16 48 11 43 40 34 25 18 11
is_linear=0
shrinkage=0.05


Tree=98
num_leaves=10
num_cat=0
split_feature=2 4 2 2 12 8 6 0 3
split_gain=2.78265 1.30945e-05 3.08968e-06 3.78142e-06 2.25335e-06 2.10381e-06 6.54904e-07 5.52939e-07 9.30561e-08
threshold=2950.0000000000005 315.50000000000006 115.00000000000001 1650.0000000000002 25.500000000000004 0.93540483100319638 -0.68301270189221952 5.3224000000000009 2.5000000000000004
decision_type=2 2 2 2 2 2 2 2 2
left_child=1 2 -1 4 -4 8 -6 -8 -5
right_child=-2 -3 3 5 6 -7 7 -9 -10
leaf_value=-0.042408449795466929 0.079774815023948745 -0.043024447235020663 -0.042820966923426906 -0.042423228044694491 -0.042565298450375433 -0.042708505449368619 -0.042750575765484522 -0.042608990667954413 -0.042476774900336439
leaf_weight=0.18366108089685473 0.66374941170215596 0.20909676514565934 0.24861928820610024 0.16797152161598206 0.19662112370133389 0.10291075520217419 0.14800553955137741 0.12911269813776016 0.15694873407483101
leaf_count=9 3 7 8 8 8 4 5 5 7
internal_value=-0.00583059 -0.0426566 -0.0425989 -0.0426293 -0.0426991 -0.0425115 -0.0426351 -0.0426846 -0.0424491
internal_weight=2.2067 1.54295 1.33385 1.15019 0.722359 0.427831 0.473739 0.277118 0.32492
internal_count=64 61 54 45 26 19 18 10 15
is_linear=0
shrinkage=0.05


Tree=99
num_leaves=9
num_cat=0
split_feature=0 2 12 3 7 3 14 0
split_gain=5.4046 1.43033 0.000167224 5.34099e-05 2.51413e-05 1.82266e-05 1.125e-06 1.62581e-06
threshold=10.654750000000002 1855.0000000000002 23.500000000000004 10.500000000000002 8.4166666666666696 5.5000000000000009 1.0000000180025095e-35 4.4118000000000004
decision_type=2 2 2 2 2 2 2 2
left_child=2 -2 -1 4 -4 6 7 -6
right_child=1 -3 3 -5 5 -7 -8 -9
leaf_value=-0.045172705160144072 0.010409139904835281 0.076649652040895813 -0.044493568366425408 -0.044822538902352799 -0.043955047262461217 -0.044353959393538624 -0.043913649255785454 -0.044089056576348949
leaf_weight=0.64429073780775103 1.4956715330481531 1.7905870825052259 0.49570556730032045 0.37793776765465725 0.47194589674472787 0.47364244610071171 0.34879469498991966 0.43488617613911629
leaf_count=8 9 7 7 5 8 7 6 7
internal_value=0.00129693 0.0465017 -0.0444515 -0.044273 -0.0441796 -0.0440897 -0.04399 -0.0440193
internal_weight=6.53346 3.28626 3.2472 2.60291 2.22497 1.72927 1.25563 0.906832
internal_count=64 16 48 40 35 28 21 15
is_linear=0
shrinkage=0.05


Tree=100
num_leaves=11
num_cat=0
split_feature=0 2 12 0 12 7 2 6 2 0
split_gain=8.5472 0.0941977 0.0184157 0.000198541 0.000140674 0.000118319 0.000114708 1.91088e-05 6.59117e-06 1.11355e-06
threshold=1.8034830000000002 2950.0000000000005 50.000000000000007 4.7199000000000009 36.500000000000007 7.541666666666667 2537.5000000000005 0.25000000000000017 2300.0000000000005 10.363450000000002
decision_type=2 2 2 2 2 2 2 2 2 2
left_child=2 3 -1 4 -2 6 -5 8 -7 -9
right_child=1 -3 -4 5 -6 7 -8 9 -10 -11
leaf_value=0.06619409107017897 -0.046025642534405921 -0.069525332501815529 0.058415128479970491 -0.045430096226133129 -0.044966961520423697 -0.044737071349138124 -0.044326206074927335 -0.044284330960040294 -0.044436086080155049 -0.044158884519434713
leaf_weight=1.3681218922138216 0.60651203989982627 0.4347737357020377 1.7139841914176939 0.78025997802615188 0.65011562407016754 0.37837627530097939 0.33696477860212326 0.39972522109746933 0.35027255862951279 0.31734856590628624
leaf_count=5 6 3 7 9 8 5 5 6 5 5
internal_value=-0.00153802 -0.0474733 0.0618681 -0.0449631 -0.0454779 -0.0447107 -0.0450972 -0.0444121 -0.0445924 -0.0442288
internal_weight=7.33645 4.25435 3.08211 3.81958 1.25663 2.56295 1.11722 1.44572 0.728649 0.717074
internal_count=64 52 12 49 14 35 14 21 10 11
is_linear=0
shrinkage=0.05


Tree=101
num_leaves=10
num_cat=0
split_feature=2 2 9 12 4 12 5 12 9
split_gain=5.80337 1.52653 1.65467 3.42509 0.500121 0.255727 0.00139186 2.41362e-05 1.10987e-06
threshold=490.00000000000006 1650.0000000000002 -0.35206144883412549 40.000000000000007 161.00000000000003 43.000000000000007 0.68301270189221941 115.00000000000001 -0.52414661475995694
decision_type=2 2 2 2 2 2 2 2 2
left_child=4 2 3 -2 5 -1 7 8 -3
right_child=1 6 -4 -5 -6 -7 -8 -9 -10
leaf_value=0.060659176892051719 0.061468537391718481 -0.04579108865825695 -0.051467526717740797 -0.049226346369737252 0.081731760589736135 0.029011799026155607 -0.047986358202984476 -0.045430818270385274 -0.045896854199010323
leaf_weight=1.2887962460517886 1.9011381864547732 0.49133586883544922 1.0762377157807348 1.1049568951129911 1.4526348710060117 1.2647293061017988 1.168289393186569 0.54702452570199966 0.50092361122369788
leaf_count=5 8 5 7 8 5 6 9 6 5
internal_value=0.0105843 -0.0175742 0.0017333 0.0207802 0.0583091 0.0449846 -0.0466851 -0.0456975 -0.0458445
internal_weight=10.7961 6.78991 4.08233 3.0061 4.00616 2.55353 2.70757 1.53928 0.992259
internal_count=64 48 23 16 16 11 25 16 10
is_linear=0
shrinkage=0.05


Tree=102
num_leaves=12
num_cat=0
split_feature=12 7 11 9 9 0 5 6 5 0 12
split_gain=1.3263 2.4421 1.82886 1.50866 1.03943 0.926808 0.0108958 0.00477068 0.000848241 0.000161213 4.22304e-06
threshold=34.000000000000007 10.508333333333335 1.0000000180025095e-35 -0.11318597237013776 -0.73233588278529849 10.363450000000002 0.93301270189221952 -0.5 -0.24999999999999994 11.100500000000002 130.50000000000003
decision_type=2 2 2 2 2 2 2 2 2 2 2
left_child=3 2 10 6 -4 -6 7 -1 -9 -10 -2
right_child=1 -3 4 -5 5 -7 -8 8 9 -11 -12
leaf_value=-0.051368782306035414 -0.045108425069895569 -0.07076877008855155 0.086863948283424419 0.019658355034297709 0.04306068297507764 -0.013898351641585283 -0.055572619582749297 -0.047802005647862793 -0.045771013851447669 -0.044333917302984943 -0.044881153889688413
leaf_weight=0.66969762742519412 0.42126108705997456 0.80658396333456028 0.82955059409141485 1.1240120455622671 2.1440906897187242 1.0708712488412855 0.61478010565042485 0.49206686019897483 0.46169918403029442 0.33802387118339539 0.39704775810241699
leaf_count=4 5 7 3 5 9 8 4 4 5 5 5
internal_value=-0.00539111 0.00980656 0.0231714 -0.0286763 0.0369638 0.0240882 -0.0497645 -0.0479441 -0.0461686 -0.0451636 -0.0449982
internal_weight=9.36969 5.66941 4.86282 3.70028 4.04451 3.21496 2.57627 1.96149 1.29179 0.799723 0.818309
internal_count=64 37 30 27 20 17 22 18 14 10 10
is_linear=0
shrinkage=0.05


Tree=103
num_leaves=11
num_cat=0
split_feature=2 12 3 3 2 6 12 10 3 12
split_gain=3.46709 0.65294 0.466234 0.365323 0.00875514 0.00194211 8.64284e-05 1.63204e-05 7.26422e-06 1.47829e-07
threshold=2300.0000000000005 58.500000000000007 10.500000000000002 10.500000000000002 1855.0000000000002 -0.9330127018922193 25.500000000000004 4.5000000000000009 1.5000000000000002 115.00000000000001
decision_type=2 2 2 2 2 2 2 2 2 2
left_child=2 3 4 -2 5 -1 -7 8 9 -8
right_child=1 -3 -4 -5 -6 6 7 -9 -10 -11
leaf_value=-0.047397019057554376 -0.0079102002004440477 0.0631159631681186 -0.00036613480918921547 0.04361836084671368 -0.053268762898295713 -0.044685046065097628 -0.043790766929885046 -0.044237074763331573 -0.044034413133874864 -0.043740963321747373
leaf_weight=0.61152876913547638 0.82330891489982627 1.2597946375608442 0.68885627388954151 0.59080006182193756 0.35476886481046666 0.63189531490206752 0.27506240457296349 0.44951592013239849 0.42255688831210136 0.32509591802954674
leaf_count=6 8 5 5 3 3 9 5 7 7 6
internal_value=-0.00658436 0.0369386 -0.0375414 0.0136179 -0.0458818 -0.0449168 -0.0441959 -0.043986 -0.0438756 -0.0437638
internal_weight=6.43318 2.6739 3.75928 1.41411 3.07042 2.71566 2.10413 1.47223 1.02272 0.600158
internal_count=64 16 48 11 43 40 34 25 18 11
is_linear=0
shrinkage=0.05


Tree=104
num_leaves=11
num_cat=0
split_feature=2 4 2 2 0 2 12 12 12 13
split_gain=2.49309 1.00341e-05 2.81812e-06 3.56474e-06 5.14748e-06 1.83297e-06 1.32479e-06 2.39232e-07 9.43573e-08 8.02007e-08
threshold=2950.0000000000005 315.50000000000006 115.00000000000001 2300.0000000000005 4.1838500000000005 1350.0000000000002 28.000000000000004 58.500000000000007 115.00000000000001 1.0000000180025095e-35
decision_type=2 2 2 2 2 2 2 2 2 2
left_child=1 2 -1 4 8 6 -6 -8 -4 -5
right_child=-2 -3 3 9 5 -7 7 -9 -10 -11
leaf_value=-0.042360491496102423 0.073359712353226372 -0.042933903794353724 -0.042432935459943699 -0.0423547787348037 -0.042741563073887795 -0.042808408240482335 -0.042511809697547705 -0.042603799082976582 -0.042364647129786472 -0.042418142149133892
leaf_weight=0.17184434272348914 0.68063403666019429 0.19523052219301451 0.10545021295547463 0.095796100795269012 0.1733658853918314 0.21392700634896755 0.11675030738115311 0.17910312302410603 0.097224058583378792 0.10432378016412258
leaf_count=9 3 7 5 5 6 7 5 7 5 5
internal_value=-0.00560913 -0.0426004 -0.0425486 -0.0425784 -0.0426215 -0.0426871 -0.0426318 -0.0425675 -0.0424002 -0.0423878
internal_weight=2.13365 1.45302 1.25778 1.08594 0.885821 0.683146 0.469219 0.295853 0.202674 0.20012
internal_count=64 61 54 45 35 25 18 12 10 10
is_linear=0
shrinkage=0.05


Tree=105
num_leaves=9
num_cat=0
split_feature=0 2 12 3 7 3 14 0
split_gain=4.96545 1.3068 0.000155024 4.10804e-05 2.28962e-05 1.69747e-05 1.32412e-06 1.59873e-06
threshold=10.654750000000002 1855.0000000000002 23.500000000000004 10.500000000000002 8.4166666666666696 5.5000000000000009 1.0000000180025095e-35 4.4118000000000004
decision_type=2 2 2 2 2 2 2 2
left_child=2 -2 -1 4 -4 6 7 -6
right_child=1 -3 3 -5 5 -7 -8 -9
leaf_value=-0.04499365496462672 0.010136569630357833 0.073974736756992079 -0.044326726359957047 -0.044600581043402053 -0.043797792796061795 -0.044192425097044595 -0.043745067295089889 -0.043934777707726358
leaf_weight=0.61115850135684047 1.4851518124341967 1.7419014424085615 0.46999309584498483 0.35553284361958493 0.44314301386475541 0.44820424541831005 0.32522717863321304 0.41011400148272514
leaf_count=8 9 7 7 5 8 7 6 7
internal_value=0.00131331 0.0445952 -0.0442812 -0.0441036 -0.0440193 -0.0439305 -0.0438309 -0.0438636
internal_weight=6.29043 3.22705 3.06337 2.45221 2.09668 1.62669 1.17848 0.853257
internal_count=64 16 48 40 35 28 21 15
is_linear=0
shrinkage=0.05


Tree=106
num_leaves=11
num_cat=0
split_feature=0 0 12 2 2 12 9 6 8 13
split_gain=7.89839 0.12177 0.0175459 0.00018336 0.000259769 0.000147059 2.52791e-05 1.04658e-05 4.37236e-06 4.35136e-06
threshold=1.8034830000000002 4.1838500000000005 50.000000000000007 2300.0000000000005 300.00000000000006 43.000000000000007 -0.11318597237013776 0.25000000000000017 0.80625269229011354 1.0000000180025095e-35
decision_type=2 2 2 2 2 2 2 2 2 2
left_child=2 -2 -1 4 7 6 -6 -3 -7 -5
right_child=1 3 -4 9 5 8 -8 -9 -10 -11
leaf_value=0.06449696947819962 -0.077930979925543459 -0.044365699021857469 0.056771542127997246 -0.044011666058093743 -0.045729967941106883 -0.044561559864468692 -0.045260029224607909 -0.043991658188350075 -0.044804077149981102 -0.044231753376560982
leaf_weight=1.3341962695121767 0.29855832457542408 0.34067926928401071 1.6364403367042539 0.36288413032889355 0.84950009733438558 0.35601508617401112 0.43153525888919786 0.41461604088544846 0.38884642720222473 0.58926980942487717
leaf_count=5 1 5 7 6 9 5 5 7 5 9
internal_value=-0.00162329 -0.047204 0.0602412 -0.0447467 -0.0449518 -0.0452468 -0.0455717 -0.0441604 -0.0446882 -0.0441479
internal_weight=7.00254 4.0319 2.97064 3.73335 2.78119 2.0259 1.28104 0.755295 0.744862 0.952154
internal_count=64 52 12 51 36 24 14 12 10 15
is_linear=0
shrinkage=0.05


Tree=107
num_leaves=12
num_cat=0
split_feature=2 2 7 12 4 12 14 5 3 12 3
split_gain=5.17724 1.44056 1.48556 1.85944 0.439088 0.253186 0.0103414 0.00125338 0.000217203 1.90936e-05 2.05257e-07
threshold=490.00000000000006 1650.0000000000002 10.508333333333335 23.500000000000004 161.00000000000003 43.000000000000007 1.5000000000000002 0.68301270189221941 6.5000000000000009 115.00000000000001 8.5000000000000018
decision_type=2 2 2 2 2 2 2 2 2 2 2
left_child=4 2 3 -2 5 -1 8 9 -5 10 -3
right_child=1 7 -4 6 -6 -7 -8 -9 -10 -11 -12
leaf_value=0.058936018473741608 0.03620958352258858 -0.045487763353661011 0.046420320771990001 -0.047850211714013852 0.077633488422501035 0.027042969242813547 -0.055487117950661406 -0.047614724624255853 -0.046500291341841603 -0.045130501856468809 -0.045534823184871918
leaf_weight=1.2416356056928641 0.97829192876815829 0.46145463734865211 1.2711549550294874 0.64472289383411385 1.440930515527725 1.2475089132785795 0.55391228199005116 1.1070382967591283 0.55405894666910172 0.51010944694280624 0.46538463234901428
leaf_count=5 4 5 6 5 5 6 3 9 5 6 5
internal_value=0.0103039 -0.016931 0.00176954 -0.0190135 0.0556676 0.0429519 -0.049837 -0.0463503 -0.0472263 -0.0453762 -0.0455114
internal_weight=10.4762 6.54613 4.00214 2.73099 3.93008 2.48914 1.75269 2.54399 1.19878 1.43695 0.926839
internal_count=64 48 23 17 16 11 13 25 10 16 10
is_linear=0
shrinkage=0.05


Tree=108
num_leaves=12
num_cat=0
split_feature=12 8 11 9 9 0 5 6 5 0 12
split_gain=1.19487 2.27107 1.65155 1.42606 0.911278 0.826743 0.00980929 0.00393444 0.000720503 0.000131873 4.39475e-06
threshold=34.000000000000007 0.62073337878561863 1.0000000180025095e-35 -0.11318597237013776 -0.73233588278529849 10.363450000000002 0.93301270189221952 -0.5 -0.24999999999999994 11.100500000000002 130.50000000000003
decision_type=2 2 2 2 2 2 2 2 2 2 2
left_child=3 -2 10 6 -4 -6 7 -1 -9 -10 -3
right_child=1 2 4 -5 5 -7 -8 8 9 -11 -12
leaf_value=-0.050711042381849897 -0.070624808115723664 -0.044887484576736622 0.08217167868403176 0.018725571942931087 0.041156677447749 -0.013227374311015531 -0.054923008451184585 -0.047397348352221744 -0.045451754870567185 -0.044102482300413026 -0.044648334536604981
leaf_weight=0.63537247478961978 0.76402374356985081 0.39769687503576268 0.82145884633064259 1.1258195042610166 2.0965773165225992 1.048208951950073 0.59235714375972737 0.46343990415334724 0.43153474852442741 0.31203244253993034 0.37159866094589233
leaf_count=4 7 5 3 5 9 8 4 4 5 5 5
internal_value=-0.0052419 0.00936835 0.0222743 -0.0278086 0.0352786 0.0230296 -0.0493259 -0.0475264 -0.04585 -0.0448855 -0.044772
internal_weight=9.06012 5.49956 4.73554 3.56056 3.96625 3.14479 2.43474 1.84238 1.20701 0.743567 0.769296
internal_count=64 37 30 27 20 17 22 18 14 10 10
is_linear=0
shrinkage=0.05


Tree=109
num_leaves=11
num_cat=0
split_feature=2 12 3 11 2 6 12 10 4 0
split_gain=3.18444 0.60752 0.447821 0.350765 0.00778433 0.00147061 8.14308e-05 1.58554e-05 9.1729e-06 2.8685e-07
threshold=2300.0000000000005 58.500000000000007 10.500000000000002 3.5000000000000004 1855.0000000000002 -0.9330127018922193 25.500000000000004 4.5000000000000009 46.000000000000007 9.1832000000000011
decision_type=2 2 2 2 2 2 2 2 2 2
left_child=2 3 4 -2 5 -1 -7 8 9 -8
right_child=1 -3 -4 -5 -6 6 7 -9 -10 -11
leaf_value=-0.046931013669081839 0.039714857011725252 0.061560258222757236 -0.00058199591242468417 -0.010885985704876455 -0.052751677352829957 -0.04454216454698981 -0.043586548059281666 -0.044098355828745488 -0.043937037360971071 -0.043655827128682032
leaf_weight=0.57260303571820359 0.64833625406026862 1.2107378691434858 0.68077822029590596 0.72598934918642044 0.33985346183180798 0.60008082911372196 0.35332147032022454 0.42788523435592651 0.34900815039873123 0.25889671593904495
leaf_count=6 4 5 5 7 3 9 7 7 6 5
internal_value=-0.00655904 0.0357356 -0.0370787 0.0129849 -0.0456414 -0.0446982 -0.0440554 -0.0438452 -0.0437325 -0.0436158
internal_weight=6.16749 2.58506 3.58243 1.37433 2.90165 2.5618 1.98919 1.38911 0.961226 0.612218
internal_count=64 16 48 11 43 40 34 25 18 12
is_linear=0
shrinkage=0.05


Tree=110
num_leaves=11
num_cat=0
split_feature=2 4 2 2 8 12 6 6 13 12
split_gain=2.24853 8.94149e-06 2.47965e-06 3.67007e-06 2.48741e-06 2.23178e-06 5.08921e-07 1.89522e-07 6.92069e-08 1.64574e-10
threshold=2950.0000000000005 315.50000000000006 300.00000000000006 1650.0000000000002 0.93540483100319638 25.500000000000004 -0.68301270189221952 0.25000000000000017 1.0000000180025095e-35 158.00000000000003
decision_type=2 2 2 2 2 2 2 2 2 2
left_child=1 2 7 5 8 -4 -7 -1 9 -5
right_child=-2 -3 3 4 -6 6 -8 -9 -10 -11
leaf_value=-0.042400989928646479 0.067942791664604776 -0.042874284006665625 -0.042746428171593603 -0.042321097372645972 -0.042635712561098119 -0.042471577091151652 -0.042589151883288524 -0.042308733325731068 -0.042371705413166399 -0.042318090405360852
leaf_weight=0.10148572735488437 0.69381523132324208 0.18425530195236195 0.20406057126820087 0.091087892651557922 0.093477020040154457 0.1544636357575655 0.22772899642586708 0.12330365087836981 0.098032297566533089 0.090925976634025574
leaf_count=5 3 7 7 5 4 7 9 7 5 5
internal_value=-0.00538338 -0.0425503 -0.0424999 -0.0425349 -0.0424124 -0.0426129 -0.0425416 -0.0423504 -0.0423378 -0.0423196
internal_weight=2.06264 1.36882 1.18457 0.959776 0.373523 0.586253 0.382193 0.224789 0.280046 0.182014
internal_count=64 61 54 42 19 23 16 12 15 10
is_linear=0
shrinkage=0.05


Tree=111
num_leaves=12
num_cat=0
split_feature=2 8 5 4 13 8 7 5 9 3 9
split_gain=3.49221 2.60111 0.443091 0.402113 0.500136 0.00276914 0.000553756 0.000140958 1.77845e-05 1.57431e-05 7.92437e-07
threshold=1350.0000000000002 0.85115577981609924 0.68301270189221941 14.500000000000002 1.0000000180025095e-35 0.99342052987049467 8.1083333333333361 -0.24999999999999994 -0.52414661475995694 5.5000000000000009 -0.49524719222984687
decision_type=2 2 2 2 2 2 2 2 2 2 2
left_child=5 2 8 -3 -5 6 -1 -8 -2 10 -9
right_child=1 3 -4 4 -6 -7 7 9 -10 -11 -12
leaf_value=-0.046235812467132514 -0.044119347333960716 0.099333224442739065 0.019044166636192107 0.026713326836730097 0.079862488524523323 -0.048812235590420805 -0.044876368567135283 -0.043630080778482822 -0.043675953653250596 -0.044175368313998306 -0.043747817291554261
leaf_weight=0.47231516987085376 0.43283059448003791 0.58442047238349948 0.40452184900641441 0.94807174801826455 0.83023452013731003 0.54718150198459614 0.54128657281398773 0.25437689572572708 0.47361944615840912 0.24327962100505829 0.32616644725203492
leaf_count=5 7 2 4 7 4 4 7 5 9 4 6
internal_value=0.00142819 0.0320127 -0.024469 0.0633519 0.051527 -0.0456899 -0.0447601 -0.0442496 -0.0438877 -0.0438377 -0.0436962
internal_weight=6.0583 3.6737 1.31097 2.36273 1.77831 2.38461 1.83742 1.36511 0.90645 0.823823 0.580543
internal_count=64 33 20 13 11 31 27 22 16 15 11
is_linear=0
shrinkage=0.05


Tree=112
num_leaves=11
num_cat=0
split_feature=0 0 12 2 2 12 9 6 7 13
split_gain=7.29728 0.0982562 0.0165388 0.000175668 0.000237823 0.000152124 2.40465e-05 7.21317e-06 5.38752e-06 4.86604e-06
threshold=1.8034830000000002 4.1838500000000005 50.000000000000007 2300.0000000000005 300.00000000000006 43.000000000000007 -0.11318597237013776 0.25000000000000017 8.4166666666666696 1.0000000180025095e-35
decision_type=2 2 2 2 2 2 2 2 2 2
left_child=2 -2 -1 4 7 6 -6 -3 -7 -5
right_child=1 3 -4 9 5 8 -8 -9 -10 -11
leaf_value=0.062942910879195471 -0.074567946203756688 -0.044166339137519744 0.055298594438368091 -0.043809980798129929 -0.045551823742967616 -0.044603239855361278 -0.045084374345064571 -0.043845508533432956 -0.044325102208211939 -0.044051590241097595
leaf_weight=1.2971841990947726 0.2958546876907352 0.31834654137492258 1.5566721111536024 0.33466727659106243 0.81936766207218237 0.36704762279987324 0.4141950085759154 0.38959154486656189 0.33120892196893692 0.55232373252511024
leaf_count=5 1 5 7 6 9 5 5 7 5 9
internal_value=-0.00172476 -0.046891 0.0587732 -0.0445692 -0.0447738 -0.045061 -0.0453949 -0.0439898 -0.0444713 -0.0439604
internal_weight=6.67646 3.8226 2.85386 3.52675 2.63976 1.93182 1.23356 0.707938 0.698257 0.886991
internal_count=64 52 12 51 36 24 14 12 10 15
is_linear=0
shrinkage=0.05


Tree=113
num_leaves=10
num_cat=0
split_feature=2 2 9 12 4 0 5 12 3
split_gain=4.66509 1.35328 1.55042 2.79005 0.393845 0.254273 0.00112322 1.53882e-05 1.8625e-07
threshold=490.00000000000006 1650.0000000000002 -0.35206144883412549 40.000000000000007 161.00000000000003 9.1832000000000011 0.68301270189221941 115.00000000000001 8.5000000000000018
decision_type=2 2 2 2 2 2 2 2 2
left_child=4 2 3 -2 5 -1 7 8 -3
right_child=1 6 -4 -5 -6 -7 -8 -9 -10
leaf_value=0.022896054518387495 0.055158319138408851 -0.04518314915455119 -0.051369756886548427 -0.048153668337007439 0.074426555171897432 0.055636047119996562 -0.047266553058531273 -0.044852260310747016 -0.045229549788438232
leaf_weight=1.0578453689813621 1.9319824874401099 0.43036037683486961 1.0209914818406103 0.98755806684494007 1.4235005378723142 1.3496847897768018 1.0471731945872305 0.47499013692140579 0.4347282275557518
leaf_count=5 8 5 7 8 5 6 9 6 5
internal_value=0.0100319 -0.0163321 0.00166533 0.0202122 0.0535777 0.0412504 -0.0460397 -0.0450809 -0.0452065
internal_weight=10.1588 6.32778 3.94053 2.91954 3.83103 2.40753 2.38725 1.34008 0.865089
internal_count=64 48 23 16 16 11 25 16 10
is_linear=0
shrinkage=0.05


Tree=114
num_leaves=11
num_cat=0
split_feature=2 2 7 10 9 12 12 7 3 2
split_gain=1.59231 1.89728 1.9135 1.15956 0.804406 1.01052 0.0265552 0.000747411 0.000623737 4.80969e-06
threshold=1350.0000000000002 300.00000000000006 8.9583333333333339 4.5000000000000009 -0.52414661475995694 55.500000000000007 25.500000000000004 7.0750000000000011 3.5000000000000004 2537.5000000000005
decision_type=2 2 2 2 2 2 2 2 2 2
left_child=1 8 -3 -4 5 -2 -6 -8 -1 -9
right_child=4 2 3 -5 6 -7 7 9 -10 -11
leaf_value=-0.044519802880499552 -0.045120688350234014 0.062541249135625518 0.032841067172569648 -0.039558114700133228 -0.056685603095103558 0.048565468402360111 -0.046613935425813074 -0.044429925013284549 -0.04695952708858598 -0.044193262341694239
leaf_weight=0.41992776095867135 0.57016518712043784 2.0120782256126404 1.0634006969630718 1.152372881770134 0.77670820802450213 0.58125648647546768 0.60449378192424752 0.48679689317941666 0.69647902995347977 0.38405654579401016
leaf_count=6 7 8 6 5 4 3 6 7 6 6
internal_value=-0.0050905 0.0119332 0.0272421 -0.00481208 -0.0318217 0.00217362 -0.0492026 -0.0452632 -0.0460418 -0.0443256
internal_weight=8.74774 5.34426 4.22785 2.21577 3.40348 1.15142 2.25206 1.47535 1.11641 0.870853
internal_count=64 31 19 11 33 10 23 19 12 13
is_linear=0
shrinkage=0.05


Tree=115
num_leaves=11
num_cat=0
split_feature=2 5 0 11 13 6 3 7 9 12
split_gain=2.9233 0.543772 1.29378 0.368919 0.00651611 0.00114758 0.000362579 7.84646e-05 1.14409e-05 3.78006e-07
threshold=2590.0000000000005 -0.24999999999999994 10.363450000000002 1.5000000000000002 1.0000000180025095e-35 -0.9330127018922193 8.5000000000000018 7.8333333333333339 -0.5 115.00000000000001
decision_type=2 2 2 2 2 2 2 2 2 2
left_child=1 2 6 -2 5 -3 -1 -7 -9 -10
right_child=3 4 -4 -5 -6 7 -8 8 9 -11
leaf_value=-0.044327960135266541 0.063733984198655488 -0.046523557097578577 0.054099785282353596 0.02098310225455631 -0.051951020070583387 -0.044354963135062805 -0.046417149188331536 -0.043818397904207974 -0.043521208338624794 -0.043445139817243926
leaf_weight=0.45824488997459434 1.0120233893394472 0.53637790679931718 0.53765730559825897 1.006546802818775 0.34069768339395512 0.53838797658681858 0.37980234995484352 0.43529362976551111 0.38726785033941191 0.28241371735930443
leaf_count=7 4 6 3 7 3 8 4 8 8 6
internal_value=-0.00641894 -0.0317203 -0.00643689 0.0424165 -0.0455205 -0.0445154 -0.0452748 -0.04386 -0.0436188 -0.0434891
internal_weight=5.91471 3.89614 1.3757 2.01857 2.52044 2.17974 0.838047 1.64336 1.10498 0.669682
internal_count=64 53 14 11 39 36 11 30 22 14
is_linear=0
shrinkage=0.05


Tree=116
num_leaves=11
num_cat=0
split_feature=2 4 12 2 6 2 2 0 6 12
split_gain=2.03909 6.93764e-06 2.59384e-06 2.76558e-06 1.88583e-06 2.74205e-06 1.05631e-06 7.6755e-07 5.20666e-07 2.59154e-08
threshold=2950.0000000000005 315.50000000000006 40.000000000000007 300.00000000000006 1.0000000180025095e-35 1855.0000000000002 1650.0000000000002 6.5645500000000014 -0.68301270189221952 115.00000000000001
decision_type=2 2 2 2 2 2 2 2 2 2
left_child=1 2 3 -1 -5 -6 7 8 -4 -8
right_child=-2 -3 6 4 5 -7 9 -9 -10 -11
leaf_value=-0.042293080883368361 0.063370330505618688 -0.042793167929499956 -0.042405619238377587 -0.042701455279047146 -0.042627214759953645 -0.042297513129642056 -0.042304374347596096 -0.042319110234963452 -0.04255181953582355 -0.042269042263492831
leaf_weight=0.10141713824123122 0.70313213765621196 0.17255228105932463 0.12188667245209195 0.19096131436526775 0.15718633867800236 0.10531466826796532 0.10660224221646786 0.10914909839630127 0.12170546874403976 0.1011376790702343
leaf_count=6 3 7 6 7 6 6 6 6 5 6
internal_value=-0.00511097 -0.0424981 -0.0424525 -0.0425291 -0.0425819 -0.0424949 -0.0423766 -0.0424293 -0.0424787 -0.0422872
internal_weight=1.99105 1.28791 1.11536 0.554879 0.453462 0.262501 0.560481 0.352741 0.243592 0.20774
internal_count=64 61 54 25 19 12 29 17 11 12
is_linear=0
shrinkage=0.05


Tree=117
num_leaves=10
num_cat=0
split_feature=0 2 12 3 7 3 5 3 12
split_gain=4.31106 3.7609 0.00015034 3.8075e-05 2.43928e-05 1.11011e-05 1.56917e-06 5.4551e-07 2.38907e-07
threshold=10.654750000000002 1350.0000000000002 23.500000000000004 10.500000000000002 8.4166666666666696 5.5000000000000009 0.68301270189221941 4.5000000000000009 130.50000000000003
decision_type=2 2 2 2 2 2 2 2 2
left_child=2 -2 -1 4 -4 6 7 8 -6
right_child=1 -3 3 -5 5 -7 -8 -9 -10
leaf_value=-0.044745284204377928 -0.047763335738835393 0.075770496934966972 -0.044071549402721864 -0.044325072840039191 -0.043580435264915063 -0.043867657730502635 -0.04365074614802484 -0.043453918223997412 -0.043510966394982822
leaf_weight=0.56132489815354381 0.84837326407432589 2.2504570633172989 0.42945577949285541 0.32800079137086857 0.25169860571622826 0.3952377401292323 0.30964476242661476 0.23610857874155045 0.24348664656281471
leaf_count=8 7 9 7 5 5 7 6 5 5
internal_value=0.00149259 0.0419504 -0.0440151 -0.0438283 -0.0437409 -0.0436421 -0.0435564 -0.0435165 -0.0435463
internal_weight=5.85379 3.09883 2.75496 2.19363 1.86563 1.43618 1.04094 0.731294 0.495185
internal_count=64 16 48 40 35 28 21 15 10
is_linear=0
shrinkage=0.05


Tree=118
num_leaves=10
num_cat=0
split_feature=0 0 2 2 2 2 7 6 13
split_gain=6.74568 0.0787082 0.0209091 0.000154701 0.000207361 4.62047e-05 8.40759e-05 7.6333e-06 3.58606e-06
threshold=1.8034830000000002 4.1838500000000005 1650.0000000000002 2300.0000000000005 300.00000000000006 1350.0000000000002 8.9583333333333339 0.25000000000000017 1.0000000180025095e-35
decision_type=2 2 2 2 2 2 2 2 2
left_child=2 -2 -1 4 7 6 -6 -3 -5
right_child=1 3 -4 8 5 -7 -8 -9 -10
leaf_value=0.063042066855398593 -0.071476690101343596 -0.044017418718408752 0.054039856762362205 -0.043668577762141447 -0.044197822829086325 -0.045225532507614304 -0.045034393173749354 -0.043676891514153292 -0.04388264313130965
leaf_weight=1.0426622778177264 0.29174503684043918 0.30173435807228166 1.691353380680084 0.31474108994007099 0.51125723868608453 0.59427324682474125 0.72798821330070496 0.36201727017760277 0.51702752336859703
leaf_count=4 1 5 8 6 8 7 9 7 9
internal_value=-0.00181034 -0.0465746 0.057473 -0.0443922 -0.0445889 -0.0448631 -0.0446893 -0.0438317 -0.0438016
internal_weight=6.3548 3.62078 2.73402 3.32904 2.49727 1.83352 1.23925 0.663752 0.831769
internal_count=64 52 12 51 36 24 17 12 15
is_linear=0
shrinkage=0.05


Tree=119
num_leaves=10
num_cat=0
split_feature=2 2 9 12 9 3 5 12 3
split_gain=4.18827 1.27835 1.45227 2.48004 0.289355 0.0667153 0.000979695 1.36606e-05 4.76726e-07
threshold=490.00000000000006 1650.0000000000002 -0.35206144883412549 40.000000000000007 -0.48574157668954127 4.5000000000000009 0.68301270189221941 115.00000000000001 8.5000000000000018
decision_type=2 2 2 2 2 2 2 2 2
left_child=4 2 3 -2 5 -1 7 8 -3
right_child=1 6 -4 -5 -6 -7 -8 -9 -10
leaf_value=0.054309083179911004 0.051682952861408421 -0.044901364069262331 -0.050913390094677782 -0.047620248865606216 0.032971804440394659 0.071112286719863707 -0.046920621692468703 -0.044594403546456308 -0.044978104728980367
leaf_weight=1.2817445099353797 1.9469056278467185 0.40080285817384742 0.97823701053857792 0.9286430850625037 1.3360059410333631 1.0956927984952924 0.99435308575630177 0.44163105636835098 0.40877813100814819
leaf_count=6 8 5 7 8 6 4 9 6 5
internal_value=0.00972605 -0.0157621 0.00171111 0.0196135 0.0515904 0.0620532 -0.0457491 -0.0448181 -0.0449401
internal_weight=9.81279 6.09935 3.85379 2.87555 3.71344 2.37744 2.24557 1.25121 0.809581
internal_count=64 48 23 16 16 10 25 16 10
is_linear=0
shrinkage=0.05


Tree=120
num_leaves=11
num_cat=0
split_feature=2 0 14 6 9 12 6 12 7 3
split_gain=1.88472 1.78247 1.35243 0.969341 0.681342 0.0116904 0.000515207 0.000661542 5.67821e-05 2.3614e-05
threshold=1650.0000000000002 5.3224000000000009 1.0000000180025095e-35 1.0000000180025095e-35 -0.48574157668954127 25.500000000000004 1.0000000180025095e-35 50.000000000000007 8.5833333333333339 2.5000000000000004
decision_type=2 2 2 2 2 2 2 2 2 2
left_child=1 2 4 -3 -1 -5 7 -2 9 -8
right_child=6 3 -4 5 -6 -7 8 -9 -10 -11
leaf_value=-0.025959557846694261 -0.047154608250606175 0.011263360774013464 0.068964650982714509 -0.054685311652916249 0.031246586823593409 -0.045356744334227525 -0.044067502871580795 -0.044338618505890319 -0.045018686984856671 -0.044598618031223614
leaf_weight=0.91741700842976603 0.55539861321449313 1.1466070637106898 1.4650845378637312 0.81879710033535935 1.2030575945973399 0.56939447298645973 0.49066652730107285 0.33397576212882996 0.39519267901778221 0.36493628099560738
leaf_count=6 5 7 6 5 5 7 8 5 5 5
internal_value=-0.00478897 0.00933399 0.0320214 -0.0227582 0.00649652 -0.050859 -0.0451772 -0.0460972 -0.044523 -0.044294
internal_weight=8.26053 6.12036 3.58556 2.5348 2.12047 1.38819 2.14017 0.889374 1.2508 0.855603
internal_count=64 36 17 19 11 12 28 10 18 13
is_linear=0
shrinkage=0.05


Tree=121
num_leaves=12
num_cat=0
split_feature=0 0 6 0 2 5 12 10 8 3 12
split_gain=2.43698 3.94013 0.0213991 0.00613783 0.000958853 0.000230766 5.7065e-05 4.24939e-05 1.40722e-05 5.38669e-06 3.27571e-08
threshold=10.361300000000002 10.654750000000002 1.0000000180025095e-35 11.100500000000002 2950.0000000000005 -0.5 25.500000000000004 4.5000000000000009 0.80625269229011354 2.5000000000000004 94.500000000000014
decision_type=2 2 2 2 2 2 2 2 2 2 2
left_child=4 2 -2 -3 5 -1 -7 -5 9 10 -8
right_child=1 3 -4 7 -6 6 8 -9 -10 -11 -12
leaf_value=-0.045070841621789447 0.054512124558332944 -0.051214754644502973 0.064030211113479743 -0.0437745092720222 -0.046670043780261537 -0.044266653671183126 -0.043315061197872831 -0.044508861318106323 -0.043854775707140296 -0.043603363714666665 -0.043342304394626337
leaf_weight=0.43180852755904231 1.0727352648973472 0.49917012453079201 1.3136874735355375 0.30383924022316933 0.43466509133577336 0.38756484165787686 0.21873753517866112 0.56021503359079361 0.28222372382879257 0.30010445415973663 0.22265354171395302
leaf_count=6 5 3 5 6 4 6 5 8 5 6 5
internal_value=-0.00376587 0.0210134 0.0597517 -0.0468007 -0.0445576 -0.0440594 -0.0437499 -0.0442506 -0.0435543 -0.0434399 -0.0433288
internal_weight=6.0274 3.74965 2.38642 1.36322 2.27776 1.84309 1.41128 0.864054 1.02372 0.741496 0.441391
internal_count=64 27 10 17 37 33 27 14 21 16 10
is_linear=0
shrinkage=0.05


Tree=122
num_leaves=11
num_cat=0
split_feature=0 12 8 5 7 6 0 6 12 3
split_gain=1.85721 1.25192 0.640524 0.00463365 3.32881e-06 2.14476e-06 1.38603e-06 3.02486e-07 3.56196e-07 1.21252e-07
threshold=5.3224000000000009 40.000000000000007 0.77969889170510687 0.93301270189221952 7.0750000000000011 0.25000000000000017 4.1838500000000005 0.25000000000000017 40.000000000000007 5.5000000000000009
decision_type=2 2 2 2 2 2 2 2 2 2
left_child=1 2 -1 4 5 -2 -3 8 -6 -8
right_child=3 6 -4 -5 7 -7 9 -9 -10 -11
leaf_value=0.037050208117334379 -0.042692489623597396 -0.042241427582954974 0.10873660732465967 -0.050344163066183528 -0.042383994224046317 -0.042405801450494614 -0.042504284351859128 -0.042222346032501162 -0.042242486689466931 -0.042430070636114314
leaf_weight=0.70426779426634334 0.10515791364014138 0.096132269129156955 0.55887854285538197 0.26408980973064899 0.099167307838797569 0.17184911109507084 0.1154775582253933 0.13912680372595787 0.080625798553228378 0.10515663772821426
leaf_count=9 4 6 3 4 5 9 5 9 5 5
internal_value=0.0142945 0.0464791 0.0687678 -0.044831 -0.0423878 -0.0425146 -0.0423999 -0.0422777 -0.0423205 -0.0424689
internal_weight=2.43993 1.57991 1.26315 0.860017 0.595927 0.277007 0.316766 0.31892 0.179793 0.220634
internal_count=64 28 12 36 32 13 16 19 10 10
is_linear=0
shrinkage=0.05


Tree=123
num_leaves=12
num_cat=0
split_feature=0 0 2 9 12 3 8 12 0 0 14
split_gain=4.87636 0.784412 0.110025 0.00013173 5.78274e-05 2.728e-05 2.1026e-05 1.70966e-05 7.84194e-06 1.44645e-05 1.69567e-06
threshold=10.654750000000002 11.105850000000002 2300.0000000000005 -0.39271506111191329 31.500000000000004 5.5000000000000009 0.62073337878561863 67.000000000000014 4.7199000000000009 1.8034830000000002 1.0000000180025095e-35
decision_type=2 2 2 2 2 2 2 2 2 2 2
left_child=3 2 -2 5 -5 8 -7 -8 9 -1 -10
right_child=1 -3 -4 4 -6 6 7 -9 10 -11 -12
leaf_value=-0.043357170835045873 0.07799532075822127 0.015507154875178251 0.055131243865742745 -0.04491126247723351 -0.044028814983217472 -0.043514834484185111 -0.044319608013683495 -0.043780164237117752 -0.043475368192984191 -0.043893894492655017 -0.043290759249899356
leaf_weight=0.22380807995796226 1.0128030627965934 1.202326528728008 1.0950855761766431 0.38332644850015629 0.360007144510746 0.2422494739294051 0.31497136503458023 0.27521949633955956 0.2389661930501461 0.28586014732718468 0.25942287221550941
leaf_count=5 5 7 5 5 6 5 5 5 5 5 6
internal_value=0.00755418 0.0477347 0.066117 -0.0439221 -0.0444839 -0.0436952 -0.0439071 -0.0440681 -0.0435203 -0.0436582 -0.0433793
internal_weight=5.89405 3.31022 2.10789 2.58383 0.743334 1.8405 0.83244 0.590191 1.00806 0.509668 0.498389
internal_count=64 17 10 47 11 36 15 10 21 10 11
is_linear=0
shrinkage=0.05


Tree=124
num_leaves=11
num_cat=0
split_feature=0 7 0 2 2 0 4 6 6 13
split_gain=4.6362 1.07903 0.0650644 9.8411e-05 0.000212891 7.71329e-05 2.02179e-05 1.84201e-05 1.60796e-05 3.60093e-06
threshold=1.8034830000000002 16.750000000000004 4.1838500000000005 2300.0000000000005 1350.0000000000002 4.7199000000000009 161.00000000000003 -0.24999999999999994 0.25000000000000017 1.0000000180025095e-35
decision_type=2 2 2 2 2 2 2 2 2 2
left_child=-1 2 -2 4 5 6 -4 -5 -7 -9
right_child=1 -3 3 7 -6 8 -8 9 -10 -11
leaf_value=0.056893072980538487 -0.069037428931258984 0.043584353430472865 -0.044121823431871404 -0.044024311149725 -0.045109674640706338 -0.043938308093112347 -0.044667841733105021 -0.043482093835451402 -0.04348103966897407 -0.043727625638423362
leaf_weight=1.9797992408275602 0.28713601827621538 0.37035780400037754 0.3147996291518218 0.41372824460268021 0.66098330169916142 0.35007902607321739 0.36739958822727203 0.33562308177351929 0.42643975839018822 0.26902254298329353
leaf_count=9 1 2 5 7 8 6 5 7 9 5
internal_value=-0.00513509 -0.0374895 -0.0462557 -0.0441712 -0.0443653 -0.044028 -0.0444159 -0.0437672 -0.0436872 -0.0435913
internal_weight=5.77537 3.79557 3.42521 3.13808 2.1197 1.45872 0.682199 1.01837 0.776519 0.604646
internal_count=64 55 53 52 33 25 10 19 15 12
is_linear=0
shrinkage=0.05


Tree=125
num_leaves=11
num_cat=0
split_feature=2 5 2 2 6 2 0 0 12 12
split_gain=5.1231 1.58451 0.721594 0.0334617 0.0169197 0.00147636 0.00113393 0.000521253 0.000129585 2.24755e-06
threshold=675.00000000000011 0.93301270189221952 300.00000000000006 750.00000000000011 0.25000000000000017 2300.0000000000005 1.8034830000000002 4.7199000000000009 25.500000000000004 67.000000000000014
decision_type=2 2 2 2 2 2 2 2 2 2
left_child=2 3 4 -2 -1 6 -5 -8 -7 -10
right_child=1 -3 -4 5 -6 8 7 -9 9 -11
leaf_value=0.061284468463122903 -0.060076654599474477 0.021911983745214483 0.015572239542853951 -0.045405241865704521 0.05328007387106895 -0.045577383217155161 -0.049099678001765484 -0.047169957641013699 -0.044644791734323126 -0.044468807511953132
leaf_weight=1.2343786954879761 0.51004207134246859 1.0175129324197767 1.740063890814781 0.64753031730651933 1.4193075001239777 0.54843164235353448 0.56991700828075387 0.90665850788354874 0.37281401455402374 0.35341203957796097
leaf_count=5 2 6 8 8 7 6 4 8 5 5
internal_value=0.00134255 -0.0336667 0.0405953 -0.0481346 0.0570034 -0.0463425 -0.0471497 -0.0479148 -0.0449973 -0.0445592
internal_weight=9.32007 4.92632 4.39375 3.90881 2.65369 3.39876 2.12411 1.47658 1.27466 0.726226
internal_count=64 44 20 38 12 36 20 12 16 10
is_linear=0
shrinkage=0.05


Tree=126
num_leaves=11
num_cat=0
split_feature=2 0 14 6 9 12 6 12 8 3
split_gain=1.74895 1.57185 1.24834 0.923495 0.623177 0.00988935 0.000433849 0.000563477 4.78771e-05 2.19938e-05
threshold=1650.0000000000002 5.3224000000000009 1.0000000180025095e-35 1.0000000180025095e-35 -0.48574157668954127 25.500000000000004 1.0000000180025095e-35 50.000000000000007 0.77969889170510687 2.5000000000000004
decision_type=2 2 2 2 2 2 2 2 2 2
left_child=1 2 4 -3 -1 -5 7 -2 -8 -10
right_child=6 3 -4 5 -6 -7 8 -9 9 -11
leaf_value=-0.025566833892512488 -0.046812324094411009 0.011340648653964006 0.066640841079791763 -0.053910831417223463 0.029510470240515063 -0.045067236552496254 -0.044797306923994577 -0.044127635751282077 -0.043882880766970292 -0.044412121073969718
leaf_weight=0.89901955425739322 0.52749355882406268 1.1284861937165263 1.4175928086042402 0.78259177878499009 1.1978870779275896 0.53034531325101852 0.37099911645054795 0.31048917397856712 0.4569171629846096 0.34417501464486122
leaf_count=6 5 7 6 5 5 7 5 5 8 5
internal_value=-0.00462082 0.00898956 0.0303983 -0.0218289 0.00589684 -0.0503386 -0.0449488 -0.0458176 -0.0443277 -0.0441103
internal_weight=7.966 5.95592 3.5145 2.44142 2.09691 1.31294 2.01007 0.837983 1.17209 0.801092
internal_count=64 36 17 19 11 12 28 10 18 13
is_linear=0
shrinkage=0.05


Tree=127
num_leaves=11
num_cat=0
split_feature=0 0 6 0 12 5 10 8 10 0
split_gain=2.25453 3.603 0.0169532 0.0050572 0.000605427 0.000268003 3.81778e-05 2.33821e-05 3.19481e-06 1.09789e-07
threshold=10.361300000000002 10.654750000000002 1.0000000180025095e-35 11.100500000000002 36.500000000000007 -0.24999999999999994 4.5000000000000009 0.80625269229011354 4.5000000000000009 4.7199000000000009
decision_type=2 2 2 2 2 2 2 2 2 2
left_child=4 2 -2 -3 5 -1 -5 8 9 -6
right_child=1 3 -4 6 7 -7 -8 -9 -10 -11
leaf_value=-0.045775447226076633 0.053308135361364063 -0.050598907261517723 0.061973625978751425 -0.043627516853474678 -0.043165418937268628 -0.044247691832298292 -0.04434634643061991 -0.043794709081429378 -0.043425515603088834 -0.043217346933223426
leaf_weight=0.69110101461410522 1.0162995904684073 0.47257804125547387 1.2694362103939054 0.28337259218096733 0.20047383755445469 0.4910053610801699 0.53054478019475937 0.32956758514046669 0.22808361425995827 0.206776462495327
leaf_count=8 5 3 5 6 5 8 8 6 5 5
internal_value=-0.00388916 0.0204483 0.0581207 -0.0464848 -0.0443823 -0.0451409 -0.0440961 -0.043453 -0.0432757 -0.0431918
internal_weight=5.71924 3.57223 2.28574 1.2865 2.14701 1.18211 0.813917 0.964901 0.635334 0.40725
internal_count=64 27 10 17 37 16 14 21 15 10
is_linear=0
shrinkage=0.05


Tree=128
num_leaves=12
num_cat=0
split_feature=2 12 12 2 2 2 2 6 7 10 13
split_gain=2.62087 3.6712e-06 6.61767e-06 2.17903e-06 3.5408e-06 1.05312e-06 7.18025e-07 3.20145e-07 1.55071e-07 5.02895e-08 2.85679e-08
threshold=2950.0000000000005 40.000000000000007 34.000000000000007 1855.0000000000002 300.00000000000006 1650.0000000000002 300.00000000000006 -0.5 8.4166666666666696 4.5000000000000009 1.0000000180025095e-35
decision_type=2 2 2 2 2 2 2 2 2 2 2
left_child=1 2 3 4 -1 6 -3 -8 -5 -6 -7
right_child=-2 5 -4 8 9 10 7 -9 -10 -11 -12
leaf_value=-0.042208617005602182 0.062894797585579407 -0.042228978545778388 -0.042804538234004111 -0.042202813449437659 -0.042555373327012203 -0.042185265640718783 -0.042328711325220175 -0.042447564540016802 -0.042301114299649098 -0.042601135082775222 -0.042226862909672515
leaf_weight=0.088047505356371625 1.2658794075250623 0.078581518493592739 0.13230485003441572 0.074809834361076355 0.11528919264674187 0.087184129282832146 0.090691288933157921 0.15098518505692482 0.0865186657756567 0.12526893056929111 0.078384293243288994
leaf_count=6 5 5 5 5 5 6 5 7 5 5 5
internal_value=0.0137424 -0.0424103 -0.0424908 -0.042406 -0.0424799 -0.0423073 -0.0423603 -0.042403 -0.0422555 -0.0425792 -0.042205
internal_weight=2.37394 1.10807 0.622239 0.489934 0.328606 0.485826 0.320258 0.241676 0.161329 0.240558 0.165568
internal_count=64 59 31 26 16 28 17 12 10 10 11
is_linear=0
shrinkage=0.05


Tree=129
num_leaves=12
num_cat=0
split_feature=0 0 4 9 12 3 7 12 0 0 14
split_gain=4.41835 0.702554 0.0371917 0.000123226 6.03491e-05 2.59409e-05 1.93459e-05 1.4004e-05 7.11291e-06 1.27436e-05 1.50237e-06
threshold=10.654750000000002 11.105850000000002 36.000000000000007 -0.39271506111191329 31.500000000000004 5.5000000000000009 9.4416666666666682 67.000000000000014 4.7199000000000009 1.8034830000000002 1.0000000180025095e-35
decision_type=2 2 2 2 2 2 2 2 2 2 2
left_child=3 2 -2 5 -5 8 7 -7 9 -1 -10
right_child=1 -3 -4 4 -6 6 -8 -9 10 -11 -12
leaf_value=-0.043224182639876596 0.06994213491599309 0.014532521897015559 0.056526552889688657 -0.044787886669298199 -0.043861692199619766 -0.044165096916943009 -0.043382822781907041 -0.043663497405582147 -0.04333683054409411 -0.043745663394595756 -0.043156262395022835
leaf_weight=0.20751822739839576 0.98259708285331804 1.1782861799001692 1.0893625766038892 0.3680790178477763 0.33681210875511169 0.29759808257222176 0.22654318064451218 0.26134792342782021 0.22208720818161964 0.26903862506151199 0.23933893814682961
leaf_count=5 4 7 6 5 6 5 5 5 5 5 6
internal_value=0.00723631 0.0453585 0.0628887 -0.0437884 -0.0443453 -0.0435606 -0.0437726 -0.0439306 -0.0433831 -0.0435186 -0.0432432
internal_weight=5.67861 3.25025 2.07196 2.42836 0.704891 1.72347 0.785489 0.558946 0.937983 0.476557 0.461426
internal_count=64 17 10 47 11 36 15 10 21 10 11
is_linear=0
shrinkage=0.05


Tree=130
num_leaves=11
num_cat=0
split_feature=0 7 0 2 2 0 4 6 6 13
split_gain=4.27596 0.989634 0.0500852 8.99271e-05 0.000191095 7.53859e-05 2.1698e-05 1.48402e-05 1.34086e-05 2.78252e-06
threshold=1.8034830000000002 16.750000000000004 4.1838500000000005 2300.0000000000005 1350.0000000000002 4.7199000000000009 161.00000000000003 -0.24999999999999994 0.25000000000000017 1.0000000180025095e-35
decision_type=2 2 2 2 2 2 2 2 2 2
left_child=-1 2 -2 4 5 6 -4 -5 -7 -9
right_child=1 -3 3 7 -6 8 -8 9 -10 -11
leaf_value=0.055785843402476491 -0.06615745582018033 0.040528891693345392 -0.043956399228482351 -0.043862067724011411 -0.044934680715451987 -0.04376719752373609 -0.044536517577088729 -0.04336135479667641 -0.043333652939807024 -0.043584275491357294
leaf_weight=1.8894748538732526 0.2797790467739113 0.36864273995161045 0.29581853002309821 0.38718380406498909 0.62932602316141117 0.32557253912091255 0.35416094586253166 0.31479319185018528 0.3943762332201004 0.25207952037453651
leaf_count=9 1 2 5 7 8 6 5 7 9 5
internal_value=-0.00513112 -0.0370883 -0.0459383 -0.0440229 -0.0442135 -0.0438821 -0.0442725 -0.0436235 -0.0435297 -0.0434605
internal_weight=5.49121 3.60173 3.23309 2.95331 1.99925 1.36993 0.649979 0.954057 0.719949 0.566873
internal_count=64 55 53 52 33 25 10 19 15 12
is_linear=0
shrinkage=0.05


Tree=131
num_leaves=11
num_cat=0
split_feature=2 5 2 2 3 2 0 0 12 12
split_gain=4.70177 1.48516 0.685075 0.0272088 0.0144036 0.001216 0.000966743 0.000367363 0.000104696 3.06484e-06
threshold=675.00000000000011 0.93301270189221952 300.00000000000006 750.00000000000011 4.5000000000000009 2300.0000000000005 1.8034830000000002 4.7199000000000009 25.500000000000004 67.000000000000014
decision_type=2 2 2 2 2 2 2 2 2 2
left_child=2 3 4 -2 -1 6 -5 -8 -7 -10
right_child=1 -3 -4 5 -6 8 7 -9 9 -11
leaf_value=0.052402843485819542 -0.058637584785403388 0.020595209290467681 0.015172374100511365 -0.045102047458944965 0.059937571090587921 -0.045300820294421021 -0.048518883062341055 -0.046855510174417775 -0.044458892437392421 -0.044246600020922289
leaf_weight=1.3524903208017351 0.4935497343540195 1.0144931226968763 1.7313065528869627 0.60156156867742616 1.1944123059511182 0.51575480401515938 0.54127640277147271 0.85827471315860748 0.35217263549566269 0.32868493348360062
leaf_count=7 2 6 8 8 5 6 4 8 5 5
internal_value=0.00150406 -0.0329851 0.03944 -0.0477108 0.0559364 -0.0460243 -0.0467783 -0.0474988 -0.0447635 -0.0443564
internal_weight=8.98398 4.70577 4.27821 3.69127 2.5469 3.19773 2.00111 1.39955 1.19661 0.680858
internal_count=64 44 20 38 12 36 20 12 16 10
is_linear=0
shrinkage=0.05


Tree=132
num_leaves=11
num_cat=0
split_feature=2 0 14 6 11 12 6 12 8 3
split_gain=1.62026 1.38374 1.15545 0.879412 0.572329 0.00840822 0.000383383 0.000494739 3.81884e-05 2.05922e-05
threshold=1650.0000000000002 5.3224000000000009 1.0000000180025095e-35 1.0000000180025095e-35 6.5000000000000009 25.500000000000004 1.0000000180025095e-35 50.000000000000007 0.77969889170510687 2.5000000000000004
decision_type=2 2 2 2 2 2 2 2 2 2
left_child=1 2 4 -3 -1 -5 7 -2 -8 -10
right_child=6 3 -4 5 -6 -7 8 -9 9 -11
leaf_value=0.030690977684878558 -0.046531598799617706 0.011381834316936559 0.06450196463360984 -0.053209425106206548 -0.021879184620652199 -0.044799497845783146 -0.044571748657360445 -0.043932917172794357 -0.043707556890989263 -0.044237113274671822
leaf_weight=1.0718166977167136 0.50184537470340718 1.1108140796422961 1.3677417933940885 0.74728821218013741 1.0015045590698717 0.49346569553017616 0.34667821228504159 0.28840706124901772 0.42393577098846436 0.32378570735454559
leaf_count=4 5 7 6 5 7 7 5 5 8 5
internal_value=-0.00447404 0.00862792 0.0288298 -0.0209336 0.0052973 -0.0498647 -0.044744 -0.0455832 -0.044138 -0.0439369
internal_weight=7.67728 5.79263 3.44106 2.35157 2.07332 1.24075 1.88465 0.790252 1.0944 0.747721
internal_count=64 36 17 19 11 12 28 10 18 13
is_linear=0
shrinkage=0.05


Tree=133
num_leaves=11
num_cat=0
split_feature=0 0 6 0 2 3 9 10 10 3
split_gain=2.0998 3.317 0.0148628 0.00425248 0.000610582 0.000216132 7.66355e-05 3.46289e-05 1.18054e-05 3.52733e-06
threshold=10.361300000000002 10.654750000000002 1.0000000180025095e-35 11.100500000000002 2950.0000000000005 10.500000000000002 -0.39271506111191329 4.5000000000000009 4.5000000000000009 2.5000000000000004
decision_type=2 2 2 2 2 2 2 2 2 2
left_child=4 2 -2 -3 5 6 8 -5 9 -1
right_child=1 3 -4 7 -6 -7 -8 -9 -10 -11
leaf_value=-0.043084453284185531 0.052231364833130359 -0.050082924774470919 0.060538226688382338 -0.043484469400872493 -0.046006831905079183 -0.04525982480939713 -0.044137744740613487 -0.044192612029319345 -0.043533168008511376 -0.043342219964793871
leaf_weight=0.3426206149160862 0.96045020222663957 0.44807828217744805 1.2256134450435636 0.26324972882866859 0.38983479887247074 0.22071104869246472 0.42627764865756057 0.50155928358435631 0.42814051359891891 0.21663571149110794
leaf_count=9 5 3 5 6 4 3 7 8 9 5
internal_value=-0.00391288 0.0200969 0.0568886 -0.046215 -0.0442288 -0.0438046 -0.0435775 -0.0439489 -0.0433356 -0.0431843
internal_weight=5.42317 3.39895 2.18606 1.21289 2.02422 1.63439 1.41367 0.764809 0.987397 0.559256
internal_count=64 27 10 17 37 33 30 14 23 14
is_linear=0
shrinkage=0.05


Tree=134
num_leaves=12
num_cat=0
split_feature=2 12 12 0 2 8 2 0 3 7 13
split_gain=2.36174 3.61775e-06 6.00351e-06 2.11518e-06 9.00972e-07 6.9626e-07 6.40745e-07 4.96997e-07 4.5094e-07 2.23454e-07 2.91862e-08
threshold=2950.0000000000005 40.000000000000007 34.000000000000007 10.361300000000002 1650.0000000000002 0.96863394805116498 300.00000000000006 4.4118000000000004 2.5000000000000004 8.4166666666666696 1.0000000180025095e-35
decision_type=2 2 2 2 2 2 2 2 2 2 2
left_child=1 2 3 7 6 8 -3 -1 -5 -8 -6
right_child=-2 4 -4 5 10 -7 9 -9 -10 -11 -12
leaf_value=-0.042387308505997749 0.059507230465352647 -0.042186138289398399 -0.042758504143389144 -0.042116279671478601 -0.042145708102914382 -0.042391299414404074 -0.042395410935707471 -0.042537866729851506 -0.042284291149660667 -0.042293100713140769 -0.04218930959485781
leaf_weight=0.091535340994596703 1.2541838139295576 0.072719469666481018 0.12610367592424154 0.075589679181575775 0.080683242529630661 0.073048967868089676 0.14101840555667877 0.13663002010434866 0.084675595164299011 0.085865559056401253 0.073203675448894501
leaf_count=5 5 5 5 6 6 4 7 6 5 5 5
internal_value=0.0132978 -0.0423709 -0.0424528 -0.0423692 -0.0422648 -0.0422634 -0.0423153 -0.0424775 -0.042205 -0.0423567 -0.0421664
internal_weight=2.29526 1.04107 0.587583 0.46148 0.45349 0.233314 0.299603 0.228165 0.160265 0.226884 0.153887
internal_count=64 59 31 26 28 15 17 11 11 12 11
is_linear=0
shrinkage=0.05


Tree=135
num_leaves=11
num_cat=0
split_feature=0 2 9 12 5 7 12 0 0 14
split_gain=4.01729 0.728229 0.000114684 6.19047e-05 2.49835e-05 1.90324e-05 1.21208e-05 6.69642e-06 1.14566e-05 1.22958e-06
threshold=10.654750000000002 1855.0000000000002 -0.39271506111191329 31.500000000000004 0.25000000000000011 9.4416666666666682 67.000000000000014 4.7199000000000009 1.8034830000000002 1.0000000180025095e-35
decision_type=2 2 2 2 2 2 2 2 2 2
left_child=2 -2 4 -4 5 6 -1 8 -6 -9
right_child=1 -3 3 -5 7 -7 -8 9 -10 -11
leaf_value=-0.04403513138574891 0.01320672705321841 0.062359211822847309 -0.044671105436823684 -0.043707276416126345 -0.0431010718560563 -0.043249012464774278 -0.043556166834913201 -0.043203039454811153 -0.043612814798506656 -0.043033100608996087
leaf_weight=0.28245143964886688 1.2303623333573344 1.9445108175277708 0.35353232547640789 0.31506340950727463 0.19224662333726883 0.21024316921830177 0.24812136590480804 0.20558564364910126 0.25369651988148689 0.2207183763384819
leaf_count=5 8 9 5 6 5 5 5 5 5 6
internal_value=0.00694133 0.0433111 -0.0436663 -0.0442169 -0.0434381 -0.0436516 -0.0438111 -0.0432567 -0.0433922 -0.0431151
internal_weight=5.45653 3.17487 2.28166 0.668596 1.61306 0.740816 0.530573 0.872247 0.445943 0.426304
internal_count=64 17 47 11 36 15 10 21 10 11
is_linear=0
shrinkage=0.05


Tree=136
num_leaves=11
num_cat=0
split_feature=0 7 0 7 0 0 6 12 4 14
split_gain=3.94948 0.906091 0.0404986 7.24521e-05 6.43583e-05 6.3766e-05 1.60088e-05 1.84241e-05 8.5963e-06 3.05269e-06
threshold=1.8034830000000002 16.750000000000004 4.1838500000000005 7.541666666666667 11.100500000000002 4.7199000000000009 1.0000000180025095e-35 28.000000000000004 161.00000000000003 1.0000000180025095e-35
decision_type=2 2 2 2 2 2 2 2 2 2
left_child=-1 2 -2 4 -4 8 7 -7 -5 -8
right_child=1 -3 3 5 -6 6 9 -9 -10 -11
leaf_value=0.054772857777333851 -0.064073058307534986 0.037568097870089523 -0.044547121005498569 -0.043900925476471057 -0.043759681483904633 -0.04392756061979386 -0.043356681646374878 -0.043351877298294039 -0.044277877594006025 -0.043110421054952219
leaf_weight=1.7984044253826139 0.27289214730262834 0.36596377938985813 0.60951002687215827 0.28843094035983075 0.45184587314724922 0.28847899287939049 0.35889237001538277 0.26818899810314178 0.31798738241195679 0.19379890337586403
leaf_count=9 1 2 9 5 9 5 8 6 5 5
internal_value=-0.0051997 -0.0367732 -0.0456933 -0.0438872 -0.0442119 -0.0436863 -0.043461 -0.0436502 -0.0440986 -0.0432703
internal_weight=5.21439 3.41599 3.05003 2.77713 1.06136 1.71578 1.10936 0.556668 0.606418 0.552691
internal_count=64 55 53 52 18 34 24 11 10 13
is_linear=0
shrinkage=0.05


Tree=137
num_leaves=11
num_cat=0
split_feature=2 5 2 2 2 2 0 0 12 12
split_gain=4.31707 1.39315 0.652594 0.0223386 0.0132872 0.00101011 0.000832286 0.000256042 8.79866e-05 3.36124e-06
threshold=675.00000000000011 0.93301270189221952 300.00000000000006 750.00000000000011 115.00000000000001 2300.0000000000005 1.8034830000000002 4.7199000000000009 25.500000000000004 67.000000000000014
decision_type=2 2 2 2 2 2 2 2 2 2
left_child=2 3 4 -2 -1 6 -5 -8 -7 -10
right_child=1 -3 -4 5 -6 8 7 -9 9 -11
leaf_value=0.052097062410706066 -0.057381015844800314 0.019407594348157798 0.014759712540846107 -0.044823753199229377 0.05971343085781286 -0.045055094215923956 -0.047998162383384099 -0.04657230798651784 -0.044271092699661292 -0.044041019597533773
leaf_weight=1.5234580487012865 0.47725413739681277 1.0083126425743101 1.7215624600648878 0.55849583074450526 0.91750286519527424 0.48430849239230134 0.51389728486537911 0.8128616064786911 0.33067919313907623 0.30532386526465416
leaf_count=8 2 6 8 8 4 6 4 8 5 5
internal_value=0.0016507 -0.0323482 0.0383336 -0.0473321 0.0549599 -0.0457364 -0.046443 -0.0471246 -0.0445473 -0.0441606
internal_weight=8.65366 4.49113 4.16252 3.48282 2.44096 3.00557 1.88525 1.32676 1.12031 0.636003
internal_count=64 44 20 38 12 36 20 12 16 10
is_linear=0
shrinkage=0.05


Tree=138
num_leaves=10
num_cat=0
split_feature=2 2 14 6 6 6 12 7 3
split_gain=1.49004 1.23365 1.42287 2.86824 0.000608542 0.000335364 0.000427056 3.22418e-05 1.7915e-05
threshold=1650.0000000000002 300.00000000000006 1.0000000180025095e-35 1.0000000180025095e-35 0.25000000000000017 1.0000000180025095e-35 50.000000000000007 8.5833333333333339 2.5000000000000004
decision_type=2 2 2 2 2 2 2 2 2
left_child=1 4 3 -3 -1 6 -2 8 -7
right_child=5 2 -4 -5 -6 7 -8 -9 -10
leaf_value=-0.046404955234019586 -0.046251030318420629 0.03848362026802063 0.062574007948947671 -0.055223755823452937 -0.043768523296498045 -0.043536608514739818 -0.043753293398206744 -0.044364287637345047 -0.044049223697654433
leaf_weight=0.53355906903743733 0.47445259615778912 2.0622630268335347 1.3159860819578169 1.3519159518182275 0.37111275643110275 0.39138723537325837 0.26768398284912109 0.32359016686677933 0.30192155763506889
leaf_count=5 5 9 6 9 7 8 5 5 5
internal_value=-0.00436872 0.00817222 0.0184036 0.00137821 -0.0453234 -0.044542 -0.0453501 -0.0439522 -0.0437598
internal_weight=7.39387 5.63484 4.73017 3.41418 0.904672 1.75904 0.742137 1.0169 0.693309
internal_count=64 36 24 18 12 28 10 18 13
is_linear=0
shrinkage=0.05


Tree=139
num_leaves=12
num_cat=0
split_feature=0 0 12 0 2 4 9 10 6 7 12
split_gain=1.96051 3.05086 0.00799285 0.0035711 0.000494283 0.000184183 7.5056e-05 2.55654e-05 1.10028e-05 9.21801e-06 1.70924e-06
threshold=10.361300000000002 10.654750000000002 67.000000000000014 11.100500000000002 2950.0000000000005 315.50000000000006 -0.39271506111191329 4.5000000000000009 0.25000000000000017 10.508333333333335 94.500000000000014
decision_type=2 2 2 2 2 2 2 2 2 2 2
left_child=4 2 -2 -3 5 6 8 -5 9 -1 -10
right_child=1 3 -4 7 -6 -7 -8 -9 10 -11 -12
leaf_value=-0.043560385768766974 0.058601448269727074 -0.049578889710474555 0.052381664496598618 -0.043376035020532583 -0.045727547702236283 -0.045071455272805178 -0.04403601115364468 -0.044005353919819523 -0.042934535747694416 -0.043114459848837085 -0.043133168972116213
leaf_weight=0.29559143632650331 1.1461139023303992 0.42442767322063424 0.94028873741626728 0.24621858261525631 0.3686513453721999 0.2083284594118594 0.40918577089905761 0.46836381405591965 0.20529830455780029 0.19063210487365723 0.22923194244503975
leaf_count=6 5 3 5 6 4 3 7 8 6 5 6
internal_value=-0.00389265 0.0198687 0.0557983 -0.0459462 -0.0440832 -0.0436891 -0.0434726 -0.0437885 -0.0432222 -0.0433856 -0.0430393
internal_weight=5.13233 3.22541 2.0864 1.13901 1.90692 1.53827 1.32994 0.714582 0.920754 0.486224 0.43453
internal_count=64 27 10 17 37 33 30 14 23 11 12
is_linear=0
shrinkage=0.05


Tree=140
num_leaves=11
num_cat=0
split_feature=2 12 12 2 2 2 7 6 10 13
split_gain=2.13203 3.57542e-06 5.29022e-06 2.13547e-06 3.25215e-06 7.8891e-07 4.78505e-07 2.34184e-07 6.77277e-08 2.40851e-08
threshold=2950.0000000000005 40.000000000000007 34.000000000000007 1855.0000000000002 300.00000000000006 1650.0000000000002 8.4166666666666696 0.25000000000000017 4.5000000000000009 1.0000000180025095e-35
decision_type=2 2 2 2 2 2 2 2 2 2
left_child=1 2 3 4 -1 6 -3 -5 -6 -7
right_child=-2 5 -4 7 8 9 -8 -9 -10 -11
leaf_value=-0.042127954085658212 0.05645635926760293 -0.042334738132691771 -0.04271127196362081 -0.042245085629148915 -0.042479643017898895 -0.042108610525832896 -0.04220383407350195 -0.042114724491054009 -0.042535100295384681 -0.042149789715177383
leaf_weight=0.075183871202171182 1.2384526580572126 0.14750212524086237 0.11984020285308361 0.063430570997297764 0.10504426155239344 0.07455267570912838 0.13253889605402946 0.075405827723443508 0.11568501126021147 0.067801456898450851
leaf_count=6 5 8 5 4 5 6 9 6 5 5
internal_value=0.012891 -0.0423337 -0.0424171 -0.0423361 -0.042412 -0.0422241 -0.0422728 -0.0421743 -0.0425087 -0.0421282
internal_weight=2.21544 0.976985 0.55459 0.43475 0.295913 0.422395 0.280041 0.138836 0.220729 0.142354
internal_count=64 59 31 26 16 28 17 10 10 11
is_linear=0
shrinkage=0.05


Tree=141
num_leaves=11
num_cat=0
split_feature=0 2 9 12 3 2 3 0 0 14
split_gain=3.66884 0.688509 0.000108176 6.14464e-05 2.30161e-05 1.2754e-05 8.24187e-06 6.28821e-06 1.02713e-05 9.71693e-07
threshold=10.654750000000002 1855.0000000000002 -0.39271506111191329 31.500000000000004 5.5000000000000009 875.00000000000011 7.5000000000000009 4.7199000000000009 1.8034830000000002 1.0000000180025095e-35
decision_type=2 2 2 2 2 2 2 2 2 2
left_child=2 -2 4 -4 7 -6 -7 8 -1 -9
right_child=1 -3 3 -5 5 6 -8 9 -10 -11
leaf_value=-0.042987194360880332 0.012452118137078777 0.060820966678448711 -0.044557558141084863 -0.043572050102216479 -0.043811681586353381 -0.04356132746881982 -0.043125574272734106 -0.043077452038034869 -0.043488909031550373 -0.042920187560441359
leaf_weight=0.17795293405652068 1.2178475037217142 1.8584818243980405 0.33953250572085369 0.29610330983996391 0.25653460808098316 0.24464240297675133 0.19501455128192902 0.18991871923208237 0.23904383555054665 0.20343262702226639
leaf_count=5 8 9 5 6 5 5 5 5 5 6
internal_value=0.00668861 0.0416729 -0.0435515 -0.0440985 -0.0433207 -0.0435315 -0.043368 -0.0431395 -0.0432748 -0.0429961
internal_weight=5.2185 3.07633 2.14218 0.635636 1.50654 0.696192 0.439657 0.810348 0.416997 0.393351
internal_count=64 17 47 11 36 15 10 21 10 11
is_linear=0
shrinkage=0.05


Tree=142
num_leaves=11
num_cat=0
split_feature=6 9 12 4 2 2 2 3 3 7
split_gain=1.2233 1.26504 0.51212 0.595713 0.0183838 0.000111784 0.000152425 4.94856e-05 7.89287e-06 5.99272e-06
threshold=0.6830127018922193 -0.78387299218671014 9.5000000000000018 9.5000000000000018 2950.0000000000005 2300.0000000000005 1350.0000000000002 6.5000000000000009 5.5000000000000009 8.4166666666666696
decision_type=2 2 2 2 2 2 2 2 2 2
left_child=1 -1 -2 -4 5 6 7 8 -3 -7
right_child=2 4 3 -5 -6 9 -8 -9 -10 -11
leaf_value=0.029966774435551471 0.065141066888106475 -0.043457792033848801 -0.04374408408472414 0.027342524488059974 -0.055704793734525471 -0.043165394099012523 -0.045236698029838221 -0.044465781406597363 -0.043805827975442552 -0.043498268216639963
leaf_weight=0.7349432818591598 0.5513287186622623 0.32333653420209907 0.39739596471190441 1.1405954323709009 0.4077167473733424 0.31973147392272938 0.25966622680425644 0.24573422782123089 0.32830978557467461 0.23428166657686234
leaf_count=7 2 7 8 10 4 8 3 4 6 5
internal_value=-0.00527398 -0.0265571 0.0237959 0.00897472 -0.0461637 -0.0438902 -0.0441698 -0.0438611 -0.0436331 -0.0433062
internal_weight=4.94304 2.85372 2.08932 1.53799 2.11878 1.71106 1.15705 0.897381 0.651646 0.554013
internal_count=64 44 20 18 37 33 20 17 13 13
is_linear=0
shrinkage=0.05


Tree=143
num_leaves=11
num_cat=0
split_feature=2 5 2 2 6 2 0 6 12 12
split_gain=3.94765 1.30891 0.627723 0.0182503 0.0129439 0.000879474 0.000732358 0.000271674 7.18628e-05 2.47271e-06
threshold=675.00000000000011 0.93301270189221952 300.00000000000006 750.00000000000011 -0.5 2300.0000000000005 1.8034830000000002 0.25000000000000017 25.500000000000004 67.000000000000014
decision_type=2 2 2 2 2 2 2 2 2 2
left_child=2 3 4 -2 -1 6 -5 -8 -7 -10
right_child=1 -3 -4 5 -6 8 7 -9 9 -11
leaf_value=0.058638010374293947 -0.056212245525820506 0.018356705217721012 0.014198375953343468 -0.044567998001336907 0.051023318114637506 -0.044794466805034364 -0.047695445628327532 -0.046197997038838375 -0.044054655055712641 -0.043849638977417532
leaf_weight=0.92236636579036724 0.46032717823982272 1.0003933086991308 1.7157221585512159 0.5182064808905128 1.4130944907665253 0.45154717564582803 0.50720833241939522 0.75190649181604385 0.30607371032238007 0.28311879932880402
leaf_count=4 2 6 8 8 8 6 4 8 5 5
internal_value=0.00178703 -0.0317055 0.0371612 -0.0469819 0.0540307 -0.0454742 -0.0461501 -0.0468012 -0.0443199 -0.0439561
internal_weight=8.32996 4.27878 4.05118 3.27839 2.33546 2.81806 1.77732 1.25911 1.04074 0.589193
internal_count=64 44 20 38 12 36 20 12 16 10
is_linear=0
shrinkage=0.05


Tree=144
num_leaves=10
num_cat=0
split_feature=2 2 14 6 6 6 12 7 3
split_gain=1.37151 1.10743 1.32017 2.64065 0.000474597 0.000291624 0.000365771 2.49912e-05 1.417e-05
threshold=1650.0000000000002 300.00000000000006 1.0000000180025095e-35 1.0000000180025095e-35 0.25000000000000017 1.0000000180025095e-35 50.000000000000007 8.5833333333333339 2.5000000000000004
decision_type=2 2 2 2 2 2 2 2 2
left_child=1 4 3 -3 -1 6 -2 8 -7
right_child=5 2 -4 -5 -6 7 -8 -9 -10
leaf_value=-0.046014278685692162 -0.045984799790624899 0.036428992478309191 0.060930024221054015 -0.054691720033770763 -0.043597538529508234 -0.043402081871835092 -0.043594372688457096 -0.044158840152506401 -0.043874318614737118
leaf_weight=0.49712783098220814 0.44768598675727822 2.0406921282410626 1.2629691809415815 1.3026094399392603 0.34351931884884834 0.36514816433191299 0.24905619397759438 0.30140970274806023 0.28116804733872414
leaf_count=5 5 9 6 9 7 8 5 5 5
internal_value=-0.00433466 0.00774742 0.0173787 0.000926751 -0.0450267 -0.0443538 -0.0451303 -0.0437829 -0.0436075
internal_weight=7.09139 5.44692 4.60627 3.3433 0.840647 1.64447 0.696742 0.947726 0.646316
internal_count=64 36 24 18 12 28 10 18 13
is_linear=0
shrinkage=0.05


Tree=145
num_leaves=11
num_cat=0
split_feature=0 0 12 0 2 3 9 10 3 0
split_gain=1.83654 2.81515 0.00749242 0.00300561 0.000401036 0.000154335 7.05636e-05 1.84352e-05 9.47067e-06 3.43664e-06
threshold=10.361300000000002 10.654750000000002 67.000000000000014 11.100500000000002 2950.0000000000005 10.500000000000002 -0.39271506111191329 4.5000000000000009 5.5000000000000009 4.7199000000000009
decision_type=2 2 2 2 2 2 2 2 2 2
left_child=4 2 -2 -3 5 6 8 -5 9 -1
right_child=1 3 -4 7 -6 -7 -8 -9 -10 -11
leaf_value=-0.043113714163101807 0.057630090581538521 -0.049110573270237726 0.051459621217212217 -0.04327776750302488 -0.045465666870801745 -0.044877185416676763 -0.043928495508461278 -0.043830692946704441 -0.043369456437556575 -0.042872268763898561
leaf_weight=0.33960859850048974 1.1033038347959521 0.40268742293119408 0.88783484697341908 0.23032093606889248 0.34812046587467183 0.19685108587145794 0.39070839062333129 0.43634256720542908 0.26158101111650467 0.2603729460388422
leaf_count=9 5 3 5 6 4 3 7 8 6 8
internal_value=-0.00382321 0.019736 0.0548787 -0.0456999 -0.0439418 -0.0435757 -0.0433711 -0.0436397 -0.0431184 -0.0430089
internal_weight=4.85773 3.06049 1.99114 1.06935 1.79724 1.44912 1.25227 0.666664 0.861563 0.599982
internal_count=64 27 10 17 37 33 30 14 23 17
is_linear=0
shrinkage=0.05


Tree=146
num_leaves=11
num_cat=0
split_feature=2 2 2 0 7 2 3 3 6 7
split_gain=1.9311 2.97126e-06 4.2699e-06 4.89054e-06 1.84895e-06 1.38423e-06 1.2387e-07 1.1841e-07 9.66697e-08 5.755e-08
threshold=2950.0000000000005 2300.0000000000005 300.00000000000006 1.8034830000000002 9.1416666666666675 1350.0000000000002 2.5000000000000004 5.5000000000000009 0.25000000000000017 8.4166666666666696
decision_type=2 2 2 2 2 2 2 2 2 2
left_child=1 2 8 -4 5 7 -3 -5 -1 -8
right_child=-2 6 3 4 -6 -7 9 -9 -10 -11
leaf_value=-0.042141662980107436 0.053737967388049347 -0.042056371532043557 -0.042099305416756772 -0.042271530870092215 -0.042639026624604962 -0.042511787787420298 -0.042110882962510809 -0.042353330624822855 -0.042059142737706022 -0.042176976677349653
leaf_weight=0.066341840662062501 1.2201315164566038 0.054897239431738853 0.10843934863805771 0.083784100599586964 0.12219077348709106 0.17893085069954395 0.062470908276736736 0.093738235533237457 0.076316730119287968 0.069662720896303654
leaf_count=5 5 5 9 5 5 8 5 5 7 5
internal_value=0.012537 -0.0422973 -0.0423429 -0.0424025 -0.0424712 -0.0424136 -0.0421195 -0.0423147 -0.0420975 -0.0421457
internal_weight=2.1369 0.916773 0.729742 0.587083 0.478644 0.356453 0.187031 0.177522 0.142659 0.132134
internal_count=64 59 44 32 23 18 15 10 12 10
is_linear=0
shrinkage=0.05


Tree=147
num_leaves=11
num_cat=0
split_feature=0 2 9 12 3 7 12 0 0 14
split_gain=3.35801 0.650013 9.98507e-05 5.67024e-05 1.97394e-05 1.55071e-05 1.01324e-05 6.12325e-06 8.21963e-06 8.12764e-07
threshold=10.654750000000002 1855.0000000000002 -0.39271506111191329 31.500000000000004 5.5000000000000009 9.4416666666666682 67.000000000000014 4.7199000000000009 1.8034830000000002 1.0000000180025095e-35
decision_type=2 2 2 2 2 2 2 2 2 2
left_child=2 -2 4 -4 7 6 -6 8 -1 -9
right_child=1 -3 3 -5 5 -7 -8 9 -10 -11
leaf_value=-0.042908990457973001 0.011806753044990067 0.059423122682263421 -0.044429791246446922 -0.043457343329736588 -0.043779287811948543 -0.04302015130400038 -0.043314090227355363 -0.042965979022665045 -0.043371277913150208 -0.042816311426379365
leaf_weight=0.16800789721310161 1.2025465890765192 1.774065777659416 0.32377387955784787 0.27914003655314445 0.25248947367072105 0.18200405687093735 0.21821179613471031 0.17580915987491608 0.22482695803046227 0.18739517778158188
leaf_count=5 8 9 5 6 5 5 5 5 5 6
internal_value=0.00646117 0.0401862 -0.0434411 -0.0439796 -0.0432106 -0.0434121 -0.0435636 -0.0430367 -0.0431736 -0.0428888
internal_weight=4.98827 2.97661 2.01166 0.602914 1.40874 0.652705 0.470701 0.756039 0.392835 0.363204
internal_count=64 17 47 11 36 15 10 21 10 11
is_linear=0
shrinkage=0.05


Tree=148
num_leaves=11
num_cat=0
split_feature=0 7 0 2 2 0 4 3 6 12
split_gain=3.42836 0.762489 0.0270046 8.32972e-05 0.000146372 7.17068e-05 2.31707e-05 8.5188e-06 8.45285e-06 6.17246e-06
threshold=1.8034830000000002 16.750000000000004 4.1838500000000005 2300.0000000000005 1350.0000000000002 4.7199000000000009 161.00000000000003 3.5000000000000004 0.25000000000000017 43.000000000000007
decision_type=2 2 2 2 2 2 2 2 2 2
left_child=-1 2 -2 4 5 6 -4 -5 -7 -9
right_child=1 -3 3 7 -6 8 -8 9 -10 -11
leaf_value=0.053114064442020381 -0.06065989865300582 0.033218757393087953 -0.043575148854251455 -0.043018346070778091 -0.044524587448590919 -0.043351255056559894 -0.044218833833292302 -0.043510559866190991 -0.042967584448662471 -0.043146644297725689
leaf_weight=1.6402278840541837 0.25808665156364519 0.34897411614656437 0.25004968419671081 0.29011423885822285 0.55565849319100369 0.26541319116950035 0.31711271405220032 0.28411448746919632 0.31268197670578957 0.19752800837159157
leaf_count=9 1 2 5 8 8 6 5 6 9 5
internal_value=-0.00527731 -0.0363758 -0.0452696 -0.0436632 -0.0438587 -0.0435356 -0.043935 -0.0432324 -0.0431437 -0.0433613
internal_weight=4.71996 3.07973 2.73076 2.47267 1.70092 1.14526 0.567162 0.771757 0.578095 0.481642
internal_count=64 55 53 52 33 25 10 19 15 11
is_linear=0
shrinkage=0.05


Tree=149
num_leaves=11
num_cat=0
split_feature=2 5 2 2 2 2 0 12 12 12
split_gain=3.61741 1.22849 0.585628 0.0148359 0.00884312 0.0007524 0.000603036 0.00018585 5.87763e-05 1.77981e-06
threshold=675.00000000000011 0.93301270189221952 300.00000000000006 750.00000000000011 115.00000000000001 2300.0000000000005 1.8034830000000002 55.500000000000007 25.500000000000004 67.000000000000014
decision_type=2 2 2 2 2 2 2 2 2 2
left_child=2 3 4 -2 -1 6 -5 -8 -7 -10
right_child=1 -3 -4 5 -6 8 7 -9 9 -11
leaf_value=0.050560629205705435 -0.05511115714072462 0.017348900545893262 0.0140968110198094 -0.044383493156423884 0.057050861045076909 -0.044552777310989923 -0.046992193941320516 -0.045722783351205436 -0.043852893647206015 -0.043672032942110015
leaf_weight=1.3746229708194739 0.4426466524600986 0.99084524810314167 1.7062898129224775 0.48963357880711589 0.84898339211940754 0.42038305476307858 0.69861982762813546 0.49097135290503502 0.28272182494401932 0.26216131076216698
leaf_count=8 2 6 8 8 4 6 6 6 5 5
internal_value=0.00189803 -0.0310916 0.0361308 -0.0466391 0.0530386 -0.045221 -0.0458604 -0.0464683 -0.0441086 -0.0437659
internal_weight=8.00788 4.07798 3.9299 3.08714 2.22361 2.64449 1.67922 1.18959 0.965266 0.544883
internal_count=64 44 20 38 12 36 20 12 16 10
is_linear=0
shrinkage=0.05


Tree=150
num_leaves=12
num_cat=0
split_feature=12 9 6 0 0 7 10 7 12 2 3
split_gain=0.768547 1.84973 1.26689 1.00711 0.84171 1.271 0.553248 0.355899 0.00586659 0.000327169 0.000267692
threshold=43.000000000000007 -0.35206144883412549 1.0000000180025095e-35 9.1832000000000011 4.3650000000000011 8.4166666666666696 4.5000000000000009 16.041666666666668 9.5000000000000018 1350.0000000000002 5.5000000000000009
decision_type=2 2 2 2 2 2 2 2 2 2 2
left_child=1 7 -3 4 5 -2 -4 8 -1 -10 -5
right_child=3 2 6 10 -6 -7 -8 -9 9 -11 -12
leaf_value=-0.051956072837786554 0.056972029530786589 0.051304477277198238 0.0088512503548894249 -0.043426440251435772 0.052623122222487634 -0.051495720351987399 -0.056494823753925873 -0.098211751111179413 -0.046150570162596452 -0.044486953896555076 -0.045408302973969208
leaf_weight=0.4622980244457725 0.45732478797435827 0.95621657371521029 0.63348353281617142 0.36950200051069249 1.2518428713083265 0.65960601344704628 0.66280890256166458 0.43125753849744786 0.58695041015744187 0.59523961693048477 0.31618082150816917
leaf_count=4 2 4 5 8 7 8 5 3 7 9 4
internal_value=-0.0101808 -0.0237329 0.00764483 0.00902299 0.0244699 -0.00708385 -0.0245609 -0.0577827 -0.0471804 -0.0453129 -0.0443403
internal_weight=7.38271 4.32825 2.25251 3.05446 2.36877 1.11693 1.29629 2.07575 1.64449 1.18219 0.685683
internal_count=66 37 14 29 17 10 10 23 20 16 12
is_linear=0
shrinkage=0.05


Tree=151
num_leaves=12
num_cat=0
split_feature=0 0 0 5 5 5 6 10 9 4 6
split_gain=1.77507 2.3327 0.002242 0.000462776 0.000191229 0.000113459 1.23841e-05 1.13013e-05 8.40348e-06 2.32989e-06 6.91266e-07
threshold=10.361300000000002 10.654750000000002 11.100500000000002 -0.24999999999999994 -0.6830127018922193 0.93301270189221952 -0.9330127018922193 4.5000000000000009 -0.48574157668954127 9.5000000000000018 0.6830127018922193
decision_type=2 2 2 2 2 2 2 2 2 2 2
left_child=3 -2 -3 4 -1 6 -5 -4 9 -8 -11
right_child=1 2 7 5 -6 -7 8 -9 -10 10 -12
leaf_value=-0.043965927211187757 0.055017661601744421 -0.04866314539293478 -0.043359136693406519 -0.043378144339410223 -0.045374849656435255 -0.044345348961695875 -0.042973107227045976 -0.043828141835511057 -0.043230317772156468 -0.042686070708926452 -0.042820413100540106
leaf_weight=0.43690000474452972 1.5961315780878069 0.38151511549949635 0.24321726709604263 0.17859100177884113 0.53666237369179759 0.19186913222074509 0.17259669303894054 0.27218645438551903 0.1614916510879989 0.19551991112530231 0.1876592468470335
leaf_count=8 8 3 6 4 7 3 5 5 4 7 6
internal_value=-0.00962171 0.018762 -0.0457576 -0.0439507 -0.0447426 -0.0432419 -0.0430056 -0.0436068 -0.0429128 -0.0428206 -0.0427519
internal_weight=4.55434 2.49305 0.896919 2.06129 0.973562 1.08773 0.895859 0.515404 0.717268 0.555776 0.383179
internal_count=66 22 14 44 15 29 26 11 22 18 13
is_linear=0
shrinkage=0.05


Tree=152
num_leaves=12
num_cat=0
split_feature=2 12 9 6 3 0 9 3 9 14 2
split_gain=1.84819 7.08089e-06 3.69944e-06 2.66471e-06 1.04445e-06 7.88117e-07 6.8635e-07 2.54064e-07 2.00292e-07 1.2814e-07 1.804e-09
threshold=2950.0000000000005 9.5000000000000018 -0.35206144883412549 1.0000000180025095e-35 2.5000000000000004 5.3224000000000009 -0.73233588278529849 2.5000000000000004 -0.5 1.0000000180025095e-35 1650.0000000000002
decision_type=2 2 2 2 2 2 2 2 2 2 2
left_child=1 -1 4 -4 8 6 -6 -5 -3 -7 -10
right_child=-2 2 3 7 5 9 -8 -9 10 -11 -12
leaf_value=-0.042684262564444464 0.051211854548931401 -0.042160584777188766 -0.042569557420744197 -0.042336798021277149 -0.042192843589412748 -0.04218897114218325 -0.04238022606286504 -0.04221526999727717 -0.042059587881410031 -0.042089524182874712 -0.042047261335045695
leaf_weight=0.11648261733353171 1.1984584480524061 0.067720749415457249 0.13683501724153746 0.083199908956885338 0.084020075388252846 0.071828670799732208 0.11680579930543888 0.089021572843194008 0.055088149383664242 0.058998296968638897 0.064359508454799652
leaf_count=6 5 5 6 5 6 5 6 6 5 5 6
internal_value=0.00999181 -0.0423193 -0.0422679 -0.0424048 -0.0421863 -0.0422396 -0.0423018 -0.042274 -0.0420919 -0.0421441 -0.0420529
internal_weight=2.14282 0.94436 0.827878 0.309056 0.518821 0.331653 0.200826 0.172221 0.187168 0.130827 0.119448
internal_count=66 61 55 17 38 22 12 11 16 10 11
is_linear=0
shrinkage=0.05


Tree=153
num_leaves=11
num_cat=0
split_feature=0 10 9 7 3 2 4 0 0 14
split_gain=3.04601 0.798718 0.000129092 4.01969e-05 3.90364e-05 1.92748e-05 9.91367e-06 4.92091e-06 7.5569e-06 8.80145e-07
threshold=10.654750000000002 4.5000000000000009 -0.39271506111191329 7.0750000000000011 5.5000000000000009 875.00000000000011 220.00000000000003 4.7199000000000009 1.6389149500000002 1.0000000180025095e-35
decision_type=2 2 2 2 2 2 2 2 2 2
left_child=2 -2 4 -4 7 -6 -7 8 -1 -9
right_child=1 -3 3 -5 5 6 -8 9 -10 -11
leaf_value=-0.042808119251690202 0.0078539868163138363 0.06489852893853669 -0.043586506802435386 -0.044339349044019975 -0.043795729921422825 -0.043428150027406243 -0.042943822683421562 -0.042857065751120589 -0.04324666995937454 -0.042701172504857242
leaf_weight=0.18624213151633762 1.1639627888798714 1.297828808426857 0.33333436027169216 0.37879321724176407 0.24260327778756618 0.27502260357141495 0.17156885378062725 0.19429077580571175 0.20786390826106071 0.16955084167420864
leaf_count=6 8 6 7 6 5 6 5 6 5 6
internal_value=-9.10567e-05 0.0379272 -0.0434358 -0.043987 -0.0431646 -0.043437 -0.0432421 -0.042917 -0.0430394 -0.0427844
internal_weight=4.62106 2.46179 2.15927 0.712128 1.44714 0.689195 0.446591 0.757948 0.394106 0.363842
internal_count=66 14 52 13 39 16 11 23 11 12
is_linear=0
shrinkage=0.05


Tree=154
num_leaves=10
num_cat=0
split_feature=0 6 12 2 2 3 3 3 0
split_gain=3.9908 0.279178 0.000158324 0.000122526 0.000184457 3.93701e-05 1.53567e-05 5.16099e-06 3.81966e-06
threshold=4.1838500000000005 0.6830127018922193 43.000000000000007 2300.0000000000005 675.00000000000011 3.5000000000000004 3.5000000000000004 1.5000000000000002 10.361300000000002
decision_type=2 2 2 2 2 2 2 2 2
left_child=1 -1 3 4 -2 -6 7 -4 -8
right_child=2 -3 6 -5 5 -7 8 -9 -10
leaf_value=0.022505877123231703 -0.043364818069045713 0.056163483049520194 -0.043170476535290221 -0.043264139032202553 -0.04426385789253378 -0.044958328640381684 -0.04352846527750711 -0.042803311454046214 -0.043247778344807038
leaf_weight=0.95968742668628726 0.36922095715999625 1.720898702740669 0.19708117097616185 0.36948806792497624 0.32621489465236664 0.54507970809936523 0.2941538542509079 0.18606910482048988 0.20614683628082275
leaf_count=5 9 9 5 9 5 7 6 6 5
internal_value=0.0017619 0.0441136 -0.0437682 -0.0440634 -0.0443014 -0.0446983 -0.0432304 -0.0429922 -0.0434128
internal_weight=5.17404 2.68059 2.49345 1.61 1.24052 0.871295 0.883451 0.38315 0.500301
internal_count=66 14 52 30 21 12 22 11 11
is_linear=0
shrinkage=0.05


Tree=155
num_leaves=10
num_cat=0
split_feature=2 4 10 2 5 9 4 0 3
split_gain=3.68354 0.764482 2.14206 1.31326 0.679163 0.000696733 0.000254124 7.04302e-05 4.54479e-05
threshold=1350.0000000000002 161.00000000000003 4.5000000000000009 300.00000000000006 0.93301270189221952 -0.39271506111191329 285.00000000000006 1.6389149500000002 6.5000000000000009
decision_type=2 2 2 2 2 2 2 2 2
left_child=1 3 -3 -1 5 7 -7 -2 -9
right_child=4 2 -4 -5 -6 6 -8 8 -10
leaf_value=0.049357435082494405 -0.043496544096667367 0.0091062889618711996 0.10150013071935449 -0.025018989996792564 0.012825320364679406 -0.046364672849990789 -0.044771226339856848 -0.04480886510614232 -0.044075322343155636
leaf_weight=1.3948976546525957 0.28968445584178015 1.2088313922286034 1.3040290325880051 1.033027686178684 0.64640447497367848 0.84632495418190956 0.35523837059736252 0.37734667211771011 0.47944151982665062
leaf_count=9 6 6 5 9 4 9 5 5 8
internal_value=0.0112002 0.0377208 0.0570533 0.0177119 -0.0325583 -0.0450523 -0.0458936 -0.0441705 -0.0443984
internal_weight=7.93523 4.94079 2.51286 2.42793 2.99444 2.34804 1.20156 1.14647 0.856788
internal_count=66 29 11 18 37 33 14 19 13
is_linear=0
shrinkage=0.05


Tree=156
num_leaves=13
num_cat=0
split_feature=12 9 6 0 0 7 10 7 5 2 3 2
split_gain=0.705484 1.73946 1.12062 0.931848 0.759894 1.15381 0.507841 0.301883 0.00482871 0.000475516 0.000235574 6.41628e-05
threshold=43.000000000000007 -0.35206144883412549 1.0000000180025095e-35 9.1832000000000011 4.3650000000000011 8.4166666666666696 4.5000000000000009 16.041666666666668 0.93301270189221952 875.00000000000011 5.5000000000000009 2590.0000000000005
decision_type=2 2 2 2 2 2 2 2 2 2 2 2
left_child=1 7 -3 4 5 -2 -4 8 9 -1 -5 -11
right_child=3 2 6 10 -6 -7 -8 -9 -10 11 -12 -13
leaf_value=-0.046281062608912023 0.055649909838759982 0.048888576013327328 0.0083394373093846792 -0.043279683627506692 0.051750804737950219 -0.050521588598267601 -0.055121579827352364 -0.094491785856517921 -0.051557259571875638 -0.043746310830917789 -0.045205608119075334 -0.04478053770981013
leaf_weight=0.54581502825021722 0.43664132058620519 0.93940582871437106 0.6333242133259771 0.34076605737209309 1.1869468763470647 0.61817458644509315 0.62769606709480286 0.42361126095056523 0.40611299499869336 0.31269445270299911 0.297303207218647 0.28816939890384674
leaf_count=7 2 4 5 8 7 8 5 3 3 6 4 4
internal_value=-0.00990509 -0.0230323 0.00754771 0.00913433 0.0243083 -0.00657187 -0.0232495 -0.0570786 -0.0468721 -0.0452128 -0.0441771 -0.0442423
internal_weight=7.05666 4.17683 2.20043 2.87983 2.24176 1.05482 1.26102 1.9764 1.55279 1.14668 0.638069 0.600864
internal_count=66 37 14 29 17 10 10 23 20 17 12 10
is_linear=0
shrinkage=0.05


Tree=157
num_leaves=12
num_cat=0
split_feature=0 0 0 5 5 5 6 9 10 4 0
split_gain=1.65001 2.16417 0.00182597 0.00037082 0.000153838 0.000103413 9.01647e-06 6.92741e-06 6.40491e-06 1.80037e-06 4.94921e-07
threshold=10.361300000000002 10.654750000000002 11.100500000000002 -0.24999999999999994 -0.6830127018922193 0.93301270189221952 -0.9330127018922193 -0.48574157668954127 4.5000000000000009 9.5000000000000018 4.7199000000000009
decision_type=2 2 2 2 2 2 2 2 2 2 2
left_child=3 -2 -3 4 -1 6 -5 9 -4 -8 -11
right_child=1 2 8 5 -6 -7 7 -9 -10 10 -12
leaf_value=-0.043805420968605541 0.054207798010014345 -0.048162344570500427 -0.043287109193633481 -0.043231099333998768 -0.045108178997583043 -0.044208148989488279 -0.042870183176040362 -0.043116388745145541 -0.043651183203932103 -0.042712125425534452 -0.04258895751930044
leaf_weight=0.40993315353989601 1.5188960731029513 0.36442015320062626 0.23248070850968361 0.1648667678236958 0.50671924650669087 0.18472142517566681 0.15974423848092523 0.15054512023925826 0.25147231668233871 0.22793659940361977 0.12700632400810719
leaf_count=8 8 3 6 4 7 3 5 4 5 8 5
internal_value=-0.00950227 0.0184788 -0.0454892 -0.0437966 -0.0445256 -0.0431382 -0.0429001 -0.0428181 -0.0434763 -0.0427308 -0.0426681
internal_weight=4.29874 2.36727 0.848373 1.93147 0.916652 1.01482 0.830099 0.665232 0.483953 0.514687 0.354943
internal_count=66 22 14 44 15 29 26 22 11 18 13
is_linear=0
shrinkage=0.05


Tree=158
num_leaves=13
num_cat=0
split_feature=12 0 8 9 5 12 7 3 0 0 14 10
split_gain=1.22062 0.743626 0.320982 0.0620738 0.00624685 5.23068e-06 1.45009e-06 8.95235e-07 2.73459e-07 4.50402e-07 6.32268e-08 2.66397e-08
threshold=36.500000000000007 5.3224000000000009 0.77969889170510687 -0.97868534383143924 0.93301270189221952 40.000000000000007 7.8333333333333339 8.5000000000000018 6.5645500000000014 4.1838500000000005 1.0000000180025095e-35 4.5000000000000009
decision_type=2 2 2 2 2 2 2 2 2 2 2 2
left_child=1 2 3 -1 5 -2 -3 8 9 -7 -11 -10
right_child=4 6 -4 -5 -6 7 -8 -9 11 10 -12 -13
leaf_value=0.047685682669226383 -0.04256442356922191 -0.042345533745537095 0.079988246750583247 0.013691590451427449 -0.052768958862169014 -0.042030126734149555 -0.042095383125726471 -0.042301686833410526 -0.042057202953811185 -0.042214676756603939 -0.042148255061232875 -0.042006175398542761
leaf_weight=0.22012020274996758 0.087163826450705417 0.15111280931159843 0.57651550509035587 0.34439601562917255 0.19935429096221924 0.071639236994087696 0.093953903764486313 0.066963681951165199 0.054965024814009666 0.076491006650030613 0.067395588383078575 0.047839443199336529
leaf_count=2 4 9 3 8 1 7 8 4 5 5 5 5
internal_value=0.00996547 0.036774 0.0537464 0.0269468 -0.0453465 -0.0422146 -0.0422496 -0.0421355 -0.0421006 -0.0421326 -0.0421836 -0.0420335
internal_weight=2.05791 1.3861 1.14103 0.564516 0.671812 0.472458 0.245067 0.385294 0.31833 0.215526 0.143887 0.102804
internal_count=66 30 13 10 36 35 17 31 27 17 10 10
is_linear=0
shrinkage=0.05


Tree=159
num_leaves=10
num_cat=0
split_feature=0 10 9 7 5 2 0 0 14
split_gain=2.7725 0.753485 0.000111783 3.696e-05 3.18172e-05 1.56291e-05 4.57655e-06 7.06165e-06 7.20851e-07
threshold=10.654750000000002 4.5000000000000009 -0.39271506111191329 7.0750000000000011 0.25000000000000011 1350.0000000000002 4.7199000000000009 1.6389149500000002 1.0000000180025095e-35
decision_type=2 2 2 2 2 2 2 2 2
left_child=2 -2 4 -4 5 -1 7 -6 -8
right_child=1 -3 3 -5 6 -7 8 -9 -10
leaf_value=-0.043566571682962699 0.0070580661248752195 0.063159240273362546 -0.043452525750638966 -0.044197276018057834 -0.042716976760713836 -0.043074144335169748 -0.042764026135274948 -0.043155388951614713 -0.042617253808660216
leaf_weight=0.31556203775107883 1.1525653600692749 1.2450375109910965 0.31107246503233899 0.35867302678525448 0.17224162071943283 0.32926719076931477 0.17985743097960949 0.19679323397576809 0.15640278160572052
leaf_count=7 8 6 7 6 6 9 6 5 6
internal_value=-0.000166797 0.0361905 -0.0433233 -0.0438514 -0.0430613 -0.0433151 -0.0428292 -0.0429508 -0.0426958
internal_weight=4.41747 2.3976 2.01987 0.669745 1.35012 0.644829 0.705295 0.369035 0.33626
internal_count=66 14 52 13 39 16 23 11 12
is_linear=0
shrinkage=0.05


Tree=160
num_leaves=10
num_cat=0
split_feature=0 7 12 2 2 3 3 3 0
split_gain=3.65649 0.274038 0.000138488 0.000105215 0.000159318 2.60397e-05 1.26644e-05 4.20488e-06 2.87811e-06
threshold=4.1838500000000005 8.9583333333333339 43.000000000000007 2300.0000000000005 675.00000000000011 3.5000000000000004 3.5000000000000004 1.5000000000000002 10.361300000000002
decision_type=2 2 2 2 2 2 2 2 2
left_child=1 -1 3 4 -2 -6 7 -4 -8
right_child=2 -3 6 -5 5 -7 8 -9 -10
leaf_value=0.023886418697772228 -0.043238177366392336 0.056910924690614963 -0.04305121252130107 -0.043149312836756958 -0.044158677382575208 -0.044735841222373229 -0.043385488743046707 -0.042706063631025609 -0.043132945150451386
leaf_weight=1.0972552448511126 0.34454784356057666 1.4693863987922666 0.1824364736676215 0.34535198844969262 0.31467962637543678 0.51566408947110176 0.273407232016325 0.17091190069913864 0.19207299873232841
leaf_count=7 9 7 5 9 5 7 6 6 5
internal_value=0.0015839 0.0427927 -0.0436342 -0.0439165 -0.0441421 -0.0445171 -0.04311 -0.0428843 -0.0432813
internal_weight=4.90571 2.56664 2.33907 1.52024 1.17489 0.830344 0.818829 0.353348 0.46548
internal_count=66 14 52 30 21 12 22 11 11
is_linear=0
shrinkage=0.05


Tree=161
num_leaves=10
num_cat=0
split_feature=2 4 10 2 5 9 4 12 9
split_gain=3.31916 0.649323 1.84956 1.19987 0.645841 0.000572479 0.000209412 6.22916e-05 2.74352e-05
threshold=1350.0000000000002 161.00000000000003 4.5000000000000009 300.00000000000006 0.93301270189221952 -0.39271506111191329 285.00000000000006 23.500000000000004 -0.52414661475995694
decision_type=2 2 2 2 2 2 2 2 2
left_child=1 3 -3 -1 5 7 -7 -2 -9
right_child=4 2 -4 -5 -6 6 -8 8 -10
leaf_value=0.048657329678773231 -0.044474868510874913 0.0088905630331640555 0.095093829965001153 -0.024212416049270727 0.012259501795769675 -0.046044952573689069 -0.044549364890730019 -0.043997613581554781 -0.04335142555920668
leaf_weight=1.3048845306038859 0.410995833575726 1.1907094419002533 1.3033566027879715 0.99617479741573323 0.63976375013589848 0.79764017462730408 0.3312574103474617 0.3455295562744144 0.31310345977544751
leaf_count=9 6 6 5 9 4 9 5 6 7
internal_value=0.0108999 0.0362659 0.0539389 0.0171106 -0.0319546 -0.0448207 -0.0456061 -0.0439918 -0.0436904
internal_weight=7.63342 4.79513 2.49407 2.30106 2.83829 2.19853 1.1289 1.06963 0.658633
internal_count=66 29 11 18 37 33 14 19 13
is_linear=0
shrinkage=0.05


Tree=162
num_leaves=12
num_cat=0
split_feature=12 9 6 0 0 7 10 8 7 2 3
split_gain=0.642931 1.63251 0.994086 0.86128 0.691278 1.05107 0.467022 0.252461 0.00339197 0.00059964 0.00020679
threshold=43.000000000000007 -0.35206144883412549 1.0000000180025095e-35 9.1832000000000011 4.3650000000000011 8.4166666666666696 4.5000000000000009 -0.7865660924854927 8.4166666666666696 1350.0000000000002 5.5000000000000009
decision_type=2 2 2 2 2 2 2 2 2 2 2
left_child=1 7 -3 4 5 -2 -4 -1 -9 -10 -5
right_child=3 2 6 10 -6 -7 -8 8 9 -11 -12
leaf_value=-0.090716749844732852 0.054467217336832588 0.046707397463295441 0.0078689904788642028 -0.043149467987412274 0.050959236214585174 -0.049613669014704515 -0.053855178148083507 -0.050360685376875158 -0.046122246459876698 -0.043701970893249571 -0.045017946482525925
leaf_weight=0.41658712923526753 0.41599953174591142 0.92106130719184909 0.63284545019268967 0.31495603919029225 1.1239272058010099 0.58181706070899963 0.59419364482164383 0.42325356602668751 0.57718640752136685 0.45977902412414551 0.27947748079895973
leaf_count=3 2 4 5 8 7 8 5 4 7 9 4
internal_value=-0.00963143 -0.0223164 0.00744836 0.00916547 0.0240683 -0.00622133 -0.0220209 -0.0563836 -0.0465887 -0.0450491 -0.0440279
internal_weight=6.74108 4.02491 2.1481 2.71618 2.12174 0.997817 1.22704 1.87681 1.46022 1.03697 0.594434
internal_count=66 37 14 29 17 10 10 23 20 16 12
is_linear=0
shrinkage=0.05


Tree=163
num_leaves=13
num_cat=0
split_feature=0 0 0 5 12 5 9 6 9 7 6 12
split_gain=1.52018 1.99634 0.00148376 0.000293099 0.00014718 9.11825e-05 3.93544e-05 6.46053e-06 5.49188e-06 4.71254e-06 1.3716e-06 8.59985e-07
threshold=10.361300000000002 10.654750000000002 11.100500000000002 -0.24999999999999994 23.500000000000004 0.93301270189221952 -0.39271506111191329 -0.9330127018922193 -0.48574157668954127 7.0750000000000011 0.6830127018922193 115.00000000000001
decision_type=2 2 2 2 2 2 2 2 2 2 2 2
left_child=3 -2 -3 4 -1 7 -6 -5 10 -4 -9 -12
right_child=1 2 9 5 6 -7 -8 8 -10 -11 11 -13
leaf_value=-0.045174072288377595 0.053196464438452273 -0.047696118944495408 -0.043488639062639819 -0.043096561047722144 -0.04334597500189296 -0.044063218030441477 -0.044199708913279109 -0.042537046865297815 -0.043008142957857341 -0.043160219284853231 -0.042785358143472382 -0.042616831311862738
leaf_weight=0.3153073191642759 1.4393761157989504 0.34770734608173359 0.27183013781905174 0.15204605832695939 0.24454746767878532 0.17692757397890091 0.30129515752196312 0.16792462952434994 0.14006738550961062 0.18260381743311882 0.17983746714890003 0.13072647154331207
leaf_count=4 8 3 6 4 6 3 5 7 4 5 6 5
internal_value=-0.00954512 0.0179712 -0.0452377 -0.0436464 -0.044314 -0.0430396 -0.0438172 -0.0428046 -0.0427328 -0.0433567 -0.0426522 -0.0427144
internal_weight=4.0502 2.24152 0.802141 1.80868 0.86115 0.94753 0.545843 0.770602 0.618556 0.454434 0.478489 0.310564
internal_count=66 22 14 44 15 29 11 26 22 11 18 11
is_linear=0
shrinkage=0.05


Tree=164
num_leaves=12
num_cat=0
split_feature=2 12 5 2 2 3 2 0 4 12 0
split_gain=1.58801 5.67693e-06 3.23113e-06 1.61054e-06 2.33564e-06 7.5873e-07 2.69511e-07 2.04456e-07 2.02484e-07 5.10427e-08 6.16797e-10
threshold=2950.0000000000005 40.000000000000007 -0.5 2300.0000000000005 675.00000000000011 8.5000000000000018 1650.0000000000002 6.5645500000000014 62.000000000000007 67.000000000000014 1.6389149500000002
decision_type=2 2 2 2 2 2 2 2 2 2 2
left_child=1 2 -1 4 -4 6 7 9 -6 -3 -8
right_child=-2 5 3 -5 8 -7 10 -9 -10 -11 -12
leaf_value=-0.042574427608538155 0.048424985078550198 -0.042098779563518318 -0.042101701174810019 -0.042060587361532183 -0.042372778700974612 -0.042260640060760066 -0.042002639125589609 -0.042024140294065343 -0.042472182184786961 -0.042159537201231008 -0.041994510308714143
leaf_weight=0.13347848271951079 1.1376011073589323 0.059484810568392277 0.076944084838032833 0.064996588043868542 0.098089110106229782 0.062510053627192974 0.047523775137960911 0.060212318785488605 0.1072397381067276 0.082524415105581284 0.045850452035665512
leaf_count=7 5 5 7 6 5 4 5 6 5 6 5
internal_value=0.00993909 -0.0422531 -0.0423653 -0.042285 -0.0423367 -0.0421024 -0.0420689 -0.0421013 -0.0424247 -0.0421341 -0.0419986
internal_weight=1.97645 0.838854 0.480748 0.34727 0.282273 0.358106 0.295596 0.202222 0.205329 0.142009 0.0933742
internal_count=66 61 30 23 17 31 27 17 10 11 10
is_linear=0
shrinkage=0.05


Tree=165
num_leaves=10
num_cat=0
split_feature=0 10 9 7 3 2 0 0 9
split_gain=2.52559 0.712754 9.6845e-05 3.38339e-05 2.51267e-05 1.3601e-05 4.30812e-06 5.83022e-06 4.74465e-07
threshold=10.654750000000002 4.5000000000000009 -0.39271506111191329 7.0750000000000011 5.5000000000000009 1350.0000000000002 4.7199000000000009 1.6389149500000002 -0.52414661475995694
decision_type=2 2 2 2 2 2 2 2 2
left_child=2 -2 4 -4 6 -6 7 -1 -8
right_child=1 -3 3 -5 5 -7 8 -9 -10
leaf_value=-0.042653447294169471 0.0063152051345522599 0.061600115117742743 -0.04332804566218413 -0.044063138902755712 -0.043440150460295396 -0.042964348002760423 -0.042550168572149161 -0.043064125512704797 -0.04267390749021574
leaf_weight=0.16220323182642438 1.1413723453879356 1.1917020529508591 0.2906736135482787 0.33919823728501797 0.29549818113446236 0.30544958636164665 0.14546115137636628 0.18497616238892078 0.16573855653405223
leaf_count=6 8 6 7 6 7 9 6 5 6
internal_value=-0.000243915 0.034554 -0.0432177 -0.0437239 -0.0429645 -0.0431983 -0.0427512 -0.0428723 -0.0426161
internal_weight=4.22227 2.33307 1.8892 0.629872 1.25933 0.600948 0.658379 0.347179 0.3112
internal_count=66 14 52 13 39 16 23 11 12
is_linear=0
shrinkage=0.05


Tree=166
num_leaves=11
num_cat=0
split_feature=0 6 8 12 2 2 12 3 3 0
split_gain=3.36077 0.321797 0.0199548 0.000120605 9.13495e-05 0.00014442 1.76121e-05 1.03359e-05 3.33819e-06 2.13345e-06
threshold=4.1838500000000005 0.25000000000000017 0.77969889170510687 43.000000000000007 300.00000000000006 2300.0000000000005 23.500000000000004 3.5000000000000004 1.5000000000000002 10.361300000000002
decision_type=2 2 2 2 2 2 2 2 2 2
left_child=1 -1 -3 4 -2 6 -6 8 -5 -9
right_child=3 2 -4 7 5 -7 -8 9 -10 -11
leaf_value=0.01439709015203822 -0.042826733953163797 0.05875958653928242 0.047928025316363011 -0.042941254228099343 -0.044548021996728457 -0.043038643207628471 -0.044094259256199926 -0.043252639152266313 -0.042621225682845904 -0.043027196866844732
leaf_weight=0.7529975771903995 0.21438429690897498 0.89954909682273843 0.80638399720191956 0.16879493743181218 0.35163028538227059 0.32265841029584408 0.54571546614170074 0.25387044996023178 0.15753037668764591 0.17889069393277168
leaf_count=4 7 4 6 5 5 9 9 6 6 5
internal_value=0.00148544 0.0416224 0.0536396 -0.0435089 -0.0437786 -0.0439459 -0.0442721 -0.0429992 -0.0427868 -0.0431594
internal_weight=4.65241 2.45893 1.70593 2.19347 1.43439 1.22 0.897346 0.759086 0.326325 0.432761
internal_count=66 14 10 52 30 23 14 22 11 11
is_linear=0
shrinkage=0.05


Tree=167
num_leaves=10
num_cat=0
split_feature=2 5 4 10 2 2 0 3 12
split_gain=2.99951 0.614072 0.552987 1.61149 1.09341 0.00033369 0.000494074 7.42111e-05 4.07107e-05
threshold=1350.0000000000002 0.93301270189221952 161.00000000000003 4.5000000000000009 300.00000000000006 2300.0000000000005 1.8034830000000002 7.5000000000000009 25.500000000000004
decision_type=2 2 2 2 2 2 2 2 2
left_child=2 5 4 -4 -1 6 -2 -8 -7
right_child=1 -3 3 -5 -6 8 7 -9 -10
leaf_value=0.048034155879316309 -0.043603633801555824 0.011727183241627262 0.0087266032991500323 0.089662163400016051 -0.023339965335334084 -0.044075722415666443 -0.046064926565023159 -0.045198666063695506 -0.043278930819823286
leaf_weight=1.2192064449191096 0.42585571482777662 0.63258726149797428 1.1720456555485725 1.2940741628408432 0.95838194340467442 0.30306995287537564 0.50465258210897446 0.48469402268528938 0.3403257243335247
leaf_count=9 9 4 6 5 9 5 5 6 8
internal_value=0.0106424 -0.0313585 0.0349833 0.0511968 0.0166216 -0.0445984 -0.0450276 -0.0456405 -0.0436543
internal_weight=7.33489 2.69119 4.64371 2.46612 2.17759 2.0586 1.4152 0.989347 0.643396
internal_count=66 37 29 11 18 33 20 11 13
is_linear=0
shrinkage=0.05


Tree=168
num_leaves=12
num_cat=0
split_feature=12 9 6 0 0 7 10 7 8 2 3
split_gain=0.589429 1.53224 0.881067 0.797723 0.626375 0.957292 0.429775 0.208528 0.00313291 0.000474865 0.000182239
threshold=43.000000000000007 -0.35206144883412549 1.0000000180025095e-35 9.1832000000000011 4.3650000000000011 8.4166666666666696 4.5000000000000009 16.041666666666668 0.85115577981609924 1350.0000000000002 5.5000000000000009
decision_type=2 2 2 2 2 2 2 2 2 2 2
left_child=1 7 -3 4 5 -2 -4 8 9 -1 -5
right_child=3 2 6 10 -6 -7 -8 -9 -10 -11 -12
leaf_value=-0.045783066369259835 0.053403663814614644 0.044678149909772008 0.007428955107361546 -0.04302653477169275 0.050239940309421742 -0.048823076401650865 -0.052720134407830577 -0.086968766687144872 -0.050026389435739685 -0.043556874809116145 -0.044844156601287974
leaf_weight=0.54154358059167884 0.39547096192836839 0.9013815671205524 0.63214842602610566 0.29029920138418663 1.0630074366927145 0.54407566785812378 0.56011354550719261 0.40978367254137982 0.40651211515069008 0.42954748868942261 0.2626909427344799
leaf_count=7 2 4 5 8 7 8 5 3 4 9 4
internal_value=-0.00937581 -0.0216538 0.00737423 0.00927038 0.0239502 -0.00579412 -0.0208285 -0.0556555 -0.0463411 -0.0447983 -0.04389
internal_weight=6.43657 3.88103 2.09364 2.55554 2.00255 0.939547 1.19226 1.78739 1.3776 0.971091 0.55299
internal_count=66 37 14 29 17 10 10 23 20 16 12
is_linear=0
shrinkage=0.05


Tree=169
num_leaves=11
num_cat=0
split_feature=0 0 0 5 5 5 0 0 7 9
split_gain=1.41431 1.85662 0.00120347 0.000232588 9.27778e-05 8.38006e-05 4.97775e-06 8.46992e-06 4.20195e-06 6.81097e-07
threshold=10.361300000000002 10.654750000000002 11.100500000000002 -0.24999999999999994 -0.6830127018922193 0.93301270189221952 4.7199000000000009 1.8034830000000002 7.0750000000000011 -0.49524719222984687
decision_type=2 2 2 2 2 2 2 2 2 2
left_child=3 -2 -3 4 -1 6 7 -5 -4 -8
right_child=1 2 8 5 -6 -7 9 -9 -10 -11
leaf_value=-0.043527589978117474 0.052560285394197825 -0.047262962354846477 -0.043375242502892555 -0.042572461914927071 -0.0446054073742818 -0.043949173228693045 -0.042446131818679012 -0.043009073758038294 -0.043055041383201882 -0.042609556804096983
leaf_weight=0.35948499292135239 1.3665070757269862 0.33143657445907582 0.25586774386465549 0.19901764206588268 0.44908996671438239 0.17041203752160072 0.10803006403148174 0.25138292089104652 0.17088649421930313 0.15555886924266815
leaf_count=8 8 3 6 8 7 3 5 7 5 6
internal_value=-0.00942027 0.0177453 -0.0450026 -0.0435133 -0.0441262 -0.0429529 -0.0427152 -0.0428161 -0.043247 -0.0425426
internal_weight=3.81767 2.1247 0.758191 1.69298 0.808575 0.884402 0.713989 0.450401 0.426754 0.263589
internal_count=66 22 14 44 15 29 26 15 11 11
is_linear=0
shrinkage=0.05


Tree=170
num_leaves=11
num_cat=0
split_feature=2 12 2 2 0 4 2 0 12 0
split_gain=1.4577 4.92477e-06 2.77814e-06 3.52394e-06 1.58463e-06 6.32326e-07 2.15425e-07 1.52051e-07 3.96771e-08 3.06785e-10
threshold=2950.0000000000005 40.000000000000007 675.00000000000011 2300.0000000000005 4.4701000000000013 263.50000000000006 1650.0000000000002 6.5645500000000014 67.000000000000014 1.6389149500000002
decision_type=2 2 2 2 2 2 2 2 2 2
left_child=1 2 -1 4 -4 6 7 8 -3 -8
right_child=-2 5 3 -5 -6 -7 9 -9 -10 -11
leaf_value=-0.042053731189090802 0.046796170706663108 -0.042066520117761227 -0.042301344177185542 -0.042032121070301659 -0.042534213105034552 -0.042220774620087158 -0.041976930938512763 -0.042000497298914745 -0.042122149345849451 -0.04197097068407641
leaf_weight=0.078321819193661324 1.1099561303853986 0.055241303518414497 0.11559023428708315 0.060615278780460358 0.19852043502032757 0.058226518332958221 0.043939543887972832 0.05610982608050108 0.076361830346286297 0.042444703169167042
leaf_count=8 5 5 7 6 9 4 5 6 6 5
internal_value=0.00991143 -0.0422173 -0.0423246 -0.0423812 -0.0424485 -0.0420711 -0.0420393 -0.0420694 -0.0420988 -0.041974
internal_weight=1.89533 0.785371 0.453048 0.374726 0.314111 0.332324 0.274097 0.187713 0.131603 0.0863842
internal_count=66 61 30 22 16 31 27 17 11 10
is_linear=0
shrinkage=0.05


Tree=171
num_leaves=10
num_cat=0
split_feature=0 10 9 7 5 2 0 0 14
split_gain=2.30171 0.675947 8.30478e-05 3.10128e-05 2.09023e-05 2.35518e-05 5.31576e-06 1.02259e-05 9.12954e-07
threshold=10.654750000000002 4.5000000000000009 -0.39271506111191329 7.0750000000000011 -0.24999999999999994 1350.0000000000002 4.7199000000000009 1.8034830000000002 1.0000000180025095e-35
decision_type=2 2 2 2 2 2 2 2 2
left_child=2 -2 4 -4 5 -1 7 -6 -8
right_child=1 -3 3 -5 6 -7 8 -9 -10
leaf_value=-0.043667147831719405 0.0056146905011701777 0.060198000009345054 -0.043210562640426012 -0.043937305022992978 -0.042562611173434642 -0.042875592957319596 -0.042640811786034183 -0.043042335826971985 -0.042469265434839226
leaf_weight=0.14967794343829122 1.1303119957447052 1.1385017186403275 0.27084900438785542 0.320513054728508 0.19510299339890491 0.25250278599560261 0.18612527661025524 0.25795769691467285 0.13296344317495823
leaf_count=3 8 6 7 6 8 8 7 7 6
internal_value=-0.000311548 0.0330049 -0.0431212 -0.0436045 -0.0428779 -0.0431702 -0.0427257 -0.0428358 -0.0425693
internal_weight=4.03451 2.26881 1.76569 0.591362 1.17433 0.402181 0.772149 0.453061 0.319089
internal_count=66 14 52 13 39 11 28 15 13
is_linear=0
shrinkage=0.05


Tree=172
num_leaves=10
num_cat=0
split_feature=0 6 12 2 2 7 3 3 0
split_gain=3.08316 0.266116 0.000105818 7.86982e-05 0.000123156 1.42781e-05 8.48147e-06 2.69953e-06 1.55028e-06
threshold=4.1838500000000005 0.6830127018922193 43.000000000000007 2300.0000000000005 490.00000000000006 7.0750000000000011 3.5000000000000004 1.5000000000000002 10.361300000000002
decision_type=2 2 2 2 2 2 2 2 2
left_child=1 -1 3 4 -2 -6 7 -4 -8
right_child=2 -3 6 -5 5 -7 8 -9 -10
leaf_value=0.018261546640135566 -0.042881947506838707 0.05320611265484574 -0.042839980905186863 -0.042940506785404786 -0.043946096144832893 -0.044367490903088849 -0.043129378939685221 -0.042540185094919955 -0.04293007506835389
leaf_weight=0.85826013982296023 0.24762207455933116 1.4918174669146536 0.15610670298337925 0.30139135383069504 0.40123552083969116 0.40283243358135223 0.2355157732963562 0.14468410238623619 0.16658422350883484
leaf_count=5 8 9 5 9 7 6 6 6 5
internal_value=0.00132307 0.0404442 -0.0433943 -0.0436528 -0.0438569 -0.0441572 -0.0428966 -0.0426958 -0.0430468
internal_weight=4.40605 2.35008 2.05597 1.35308 1.05169 0.804068 0.702891 0.300791 0.4021
internal_count=66 14 52 30 21 13 22 11 11
is_linear=0
shrinkage=0.05


Tree=173
num_leaves=14
num_cat=0
split_feature=0 9 12 9 12 11 0 0 3 8 0 12 0
split_gain=1.61186 0.928869 0.905844 0.790938 0.714092 0.505471 0.713047 0.198977 0.193475 0.146172 0.00357591 0.000659551 0.000647534
threshold=4.1838500000000005 -0.35206144883412549 50.000000000000007 -0.48574157668954127 40.000000000000007 1.0000000180025095e-35 4.3650000000000011 4.7199000000000009 7.5000000000000009 0.85115577981609924 1.4436222000000003 115.00000000000001 1.8034830000000002
decision_type=2 2 2 2 2 2 2 2 2 2 2 2 2
left_child=10 2 3 7 8 -4 -7 -2 -3 -9 -1 -8 -12
right_child=1 4 5 -5 -6 6 11 9 -10 -11 12 -13 -14
leaf_value=-0.051175341431427004 0.052693260191688851 -0.047899488304525055 0.046771699807410333 0.094076478581837555 0.027880607417151777 0.043101661369950028 -0.043678398715214818 -0.00043244198729091112 -0.0056466761021634389 0.038907603426657382 -0.043517235908853792 -0.046772091537500449 -0.046591585963874665
leaf_weight=0.35407758131623246 0.75526041537523292 0.74769210442900724 0.46666138619184483 0.7905142456293105 0.83652496710419644 0.34230148792266823 0.36633065715432167 0.49633338302373886 0.42488577961921692 0.4503801092505455 0.35782158002257347 0.32523087412118912 0.32853200286626816
leaf_count=3 4 7 4 4 6 2 8 7 4 3 8 3 3
internal_value=0.010359 0.0203182 0.0342705 0.0527483 -0.00741149 0.00357731 -0.0159196 0.0335526 -0.0325891 0.0182828 -0.0470942 -0.0451333 -0.0449888
internal_weight=7.04255 6.00212 3.99301 2.49249 2.0091 1.50052 1.03386 1.70197 1.17258 0.946713 1.04043 0.691562 0.686354
internal_count=66 52 35 18 17 17 13 14 11 10 14 11 11
is_linear=0
shrinkage=0.05


Tree=174
num_leaves=13
num_cat=0
split_feature=12 9 6 0 0 7 10 7 5 2 3 2
split_gain=0.53839 1.41233 0.789051 0.733921 0.561753 0.895588 0.40165 0.172184 0.00315301 0.000198993 0.000152999 2.95352e-05
threshold=43.000000000000007 -0.35206144883412549 1.0000000180025095e-35 9.1832000000000011 4.3650000000000011 8.4166666666666696 4.5000000000000009 16.041666666666668 0.93301270189221952 875.00000000000011 5.5000000000000009 2590.0000000000005
decision_type=2 2 2 2 2 2 2 2 2 2 2 2
left_child=1 7 -3 4 5 -2 -4 8 9 -1 -5 -11
right_child=3 2 6 10 -6 -7 -8 -9 -10 11 -12 -13
leaf_value=-0.045178771436364555 0.05278761251083755 0.042619238999033825 0.0068454559551329452 -0.042914941302684882 0.049490788760603192 -0.048366535909252349 -0.052132522673987658 -0.083516209535700964 -0.049914490342023318 -0.043347054487935084 -0.044643680890711891 -0.044123692825089933
leaf_weight=0.44335214048624061 0.38242132961750053 0.8816533982753757 0.63197835534810998 0.26766276918351639 0.99731691926717758 0.51147923432290554 0.53141194581985474 0.39886740967631329 0.36075906082987785 0.25677452608942986 0.24526574090123177 0.23395511507987976
leaf_count=7 2 4 5 8 7 8 5 3 3 6 4 4
internal_value=-0.00915438 -0.0210243 0.00694251 0.0093049 0.023692 -0.00509158 -0.0200944 -0.0547925 -0.0459443 -0.044411 -0.0437416 -0.0437173
internal_weight=6.1429 3.73875 2.04504 2.40415 1.89122 0.893901 1.16339 1.69371 1.29484 0.934082 0.512929 0.49073
internal_count=66 37 14 29 17 10 10 23 20 17 12 10
is_linear=0
shrinkage=0.05


Tree=175
num_leaves=11
num_cat=0
split_feature=0 0 0 5 5 5 0 0 7 9
split_gain=1.31949 1.72259 0.000961488 0.000192921 7.75343e-05 6.86488e-05 4.20414e-06 6.71022e-06 3.77561e-06 3.72489e-07
threshold=10.361300000000002 10.654750000000002 11.100500000000002 -0.24999999999999994 -0.6830127018922193 0.93301270189221952 4.7199000000000009 1.8034830000000002 7.0750000000000011 -0.49524719222984687
decision_type=2 2 2 2 2 2 2 2 2 2
left_child=3 -2 -3 4 -1 6 7 -5 -4 -8
right_child=1 2 8 5 -6 -7 9 -9 -10 -11
leaf_value=-0.043399251600626236 0.051938377867494424 -0.046843913568226501 -0.043270540861516181 -0.042507398490745384 -0.044414609492624969 -0.043791540243771132 -0.042397810739962044 -0.042910258627374832 -0.042957202561052871 -0.042523267757992596
leaf_weight=0.33753079734742641 1.2976029589772227 0.31287072598934162 0.24100307002663612 0.18518532626330853 0.4244491755962374 0.15955587476491928 0.10139855928719044 0.23394104093313217 0.15994211472570896 0.14204838313162327
leaf_count=8 8 3 6 8 7 3 5 7 5 6
internal_value=-0.00926064 0.0176196 -0.0447666 -0.0433917 -0.0439648 -0.0428605 -0.0426363 -0.0427323 -0.0431455 -0.042471
internal_weight=3.59553 2.01142 0.713816 1.58411 0.76198 0.822129 0.662573 0.419126 0.400945 0.243447
internal_count=66 22 14 44 15 29 26 15 11 11
is_linear=0
shrinkage=0.05


Tree=176
num_leaves=12
num_cat=0
split_feature=2 12 2 2 2 6 3 2 0 12 0
split_gain=1.34036 4.19471e-06 2.38535e-06 2.99863e-06 1.40496e-06 9.01142e-07 5.63357e-07 1.78976e-07 1.14694e-07 3.43926e-08 5.68605e-11
threshold=2950.0000000000005 40.000000000000007 675.00000000000011 2300.0000000000005 1350.0000000000002 0.25000000000000017 8.5000000000000018 1650.0000000000002 6.5645500000000014 67.000000000000014 1.6389149500000002
decision_type=2 2 2 2 2 2 2 2 2 2 2
left_child=1 2 -1 4 -4 -6 7 8 9 -3 -9
right_child=-2 6 3 -5 5 -7 -8 10 -10 -11 -12
leaf_value=-0.042025023376658414 0.045230403191596533 -0.042036032869379736 -0.042542618598955195 -0.042005638915571117 -0.04241964519652295 -0.042197693658252211 -0.042189313008621207 -0.041951594656552682 -0.041978890785043618 -0.042089792082175045 -0.041948922469893131
leaf_weight=0.072752046864479891 1.087862506508827 0.051208349876105785 0.11214797012507915 0.056504495441913605 0.1000207019969821 0.08425475936383009 0.05466854851692915 0.040398699231445789 0.052478647790849209 0.071000606752932072 0.039247991517186165
leaf_count=8 5 5 5 6 5 6 4 5 6 6 5
internal_value=0.00999298 -0.0421839 -0.0422857 -0.0423395 -0.0424031 -0.0423182 -0.0420437 -0.0420124 -0.0420407 -0.0420673 -0.0419503
internal_weight=1.82255 0.734683 0.42568 0.352928 0.296423 0.184275 0.309003 0.254334 0.174688 0.122209 0.0796467
internal_count=66 61 30 22 16 11 31 27 17 11 10
is_linear=0
shrinkage=0.05


Tree=177
num_leaves=10
num_cat=0
split_feature=0 2 9 7 5 2 0 0 14
split_gain=2.10517 0.529734 6.6015e-05 2.45539e-05 1.92195e-05 2.23582e-05 4.50484e-06 8.32823e-06 5.84846e-07
threshold=10.654750000000002 1855.0000000000002 -0.39271506111191329 7.0750000000000011 -0.24999999999999994 1350.0000000000002 4.7199000000000009 1.8034830000000002 1.0000000180025095e-35
decision_type=2 2 2 2 2 2 2 2 2
left_child=2 -2 4 -4 5 -1 7 -6 -8
right_child=1 -3 3 -5 6 -7 8 -9 -10
leaf_value=-0.043581009658549281 0.0069865619286796632 0.055938356839662189 -0.043107904910874413 -0.043777126147219694 -0.042496961220279891 -0.042788685923444578 -0.042558265092827334 -0.042945467128094911 -0.0424157735988486
leaf_weight=0.14318910986185085 1.0979002639651301 1.1128561347723005 0.25297574698925007 0.29913674294948578 0.18144177645444881 0.23543234169483185 0.17108831182122231 0.24095992930233479 0.12435219064354897
leaf_count=3 7 7 7 6 8 8 7 7 6
internal_value=-0.000261043 0.031628 -0.0430246 -0.0434705 -0.0428001 -0.0430883 -0.0426481 -0.0427528 -0.0424983
internal_weight=3.85933 2.21076 1.64858 0.552112 1.09646 0.378621 0.717842 0.422402 0.295441
internal_count=66 14 52 13 39 11 28 15 13
is_linear=0
shrinkage=0.05


Tree=178
num_leaves=11
num_cat=0
split_feature=0 6 2 2 9 6 6 6 3 4
split_gain=2.80969 0.261448 6.27863e-05 0.000109475 3.68793e-05 3.13252e-05 7.52273e-06 3.31179e-06 4.29152e-07 3.38205e-07
threshold=4.1838500000000005 0.6830127018922193 2300.0000000000005 490.00000000000006 -0.48574157668954127 0.25000000000000017 -0.9330127018922193 -0.24999999999999994 3.5000000000000004 83.000000000000014
decision_type=2 2 2 2 2 2 2 2 2 2
left_child=1 -1 3 6 -5 -6 -2 -4 -8 -9
right_child=2 -3 7 4 5 -7 8 9 -10 -11
leaf_value=0.016876750172410929 -0.043064618730742049 0.052229336532196385 -0.042928138631690045 -0.043302087658709451 -0.044235694432715279 -0.043550396227391458 -0.042600968127020189 -0.042581997998804938 -0.04272192544596172 -0.04269531755259337
leaf_weight=0.83223833143711123 0.18671819195151329 1.4073683172464369 0.1638037171214819 0.33421075902879194 0.39079616591334365 0.29086704924702644 0.15345528163015831 0.12433738075196732 0.14044423215091228 0.13995788432657719
leaf_count=5 5 9 5 9 6 6 6 5 5 5
internal_value=0.00101932 0.0390923 -0.0432854 -0.0434382 -0.0437323 -0.0439433 -0.0428164 -0.0427515 -0.0426588 -0.042642
internal_weight=4.1642 2.23961 1.92459 1.49649 1.01587 0.681663 0.480618 0.428099 0.2939 0.264295
internal_count=66 14 52 37 21 12 16 15 11 10
is_linear=0
shrinkage=0.05


Tree=179
num_leaves=11
num_cat=0
split_feature=2 5 4 10 2 9 12 12 12 0
split_gain=2.54656 0.543713 0.442152 1.22858 0.934286 0.00030589 0.00014162 5.19291e-05 3.98344e-05 1.68626e-05
threshold=1350.0000000000002 0.93301270189221952 161.00000000000003 4.5000000000000009 300.00000000000006 -0.39271506111191329 25.500000000000004 17.500000000000004 43.000000000000007 4.1838500000000005
decision_type=2 2 2 2 2 2 2 2 2 2
left_child=2 5 4 -4 -1 7 -7 -2 -8 -9
right_child=1 -3 3 -5 -6 6 8 9 -10 -11
leaf_value=0.04697005836524995 -0.044203435266961646 0.010612286351326182 0.0092727749943957872 0.081264542619133823 -0.022731466211315297 -0.045634581875669822 -0.0447521659358084 -0.04304424434602297 -0.043907654924314976 -0.043567608988068572
leaf_weight=1.0618560537695882 0.25201479345560085 0.59829422831535328 1.1140564754605293 1.266159251332283 0.87853377684950817 0.37912134081125271 0.32304349541664124 0.25846217945218086 0.24593709409236908 0.3804536797106266
leaf_count=9 4 4 6 5 9 4 5 7 5 8
internal_value=0.0100743 -0.0307911 0.0331271 0.0475689 0.0154119 -0.0442609 -0.044886 -0.0435956 -0.0443871 -0.0433559
internal_weight=6.75793 2.43733 4.32061 2.38022 1.94039 1.83903 0.948102 0.890931 0.568981 0.638916
internal_count=66 37 29 11 18 33 14 19 10 15
is_linear=0
shrinkage=0.05


end of trees

feature_importances:
Column_0=355
Column_2=336
Column_12=203
Column_3=149
Column_6=118
Column_7=104
Column_9=91
Column_5=82
Column_4=64
Column_10=42
Column_8=39
Column_11=33
Column_14=24
Column_13=15

parameters:
[boosting: gbdt]
[objective: multiclass]
[metric: multi_logloss]
[tree_learner: serial]
[device_type: cpu]
[data_sample_strategy: bagging]
[data: ]
[valid: ]
[num_iterations: 1000]
[learning_rate: 0.05]
[num_leaves: 31]
[num_threads: -1]
[seed: 42]
[deterministic: 0]
[force_col_wise: 0]
[force_row_wise: 0]
[histogram_pool_size: -1]
[max_depth: -1]
[min_data_in_leaf: 5]
[min_sum_hessian_in_leaf: 0.001]
[bagging_fraction: 0.8]
[pos_bagging_fraction: 1]
[neg_bagging_fraction: 1]
[bagging_freq: 5]
[bagging_seed: 400]
[bagging_by_query: 0]
[feature_fraction: 0.9]
[feature_fraction_bynode: 1]
[feature_fraction_seed: 30056]
[extra_trees: 0]
[extra_seed: 12879]
[early_stopping_round: 0]
[early_stopping_min_delta: 0]
[first_metric_only: 0]
[max_delta_step: 0]
[lambda_l1: 0]
[lambda_l2: 0]
[linear_lambda: 0]
[min_gain_to_split: 0]
[drop_rate: 0.1]
[max_drop: 50]
[skip_drop: 0.5]
[xgboost_dart_mode: 0]
[uniform_drop: 0]
[drop_seed: 17869]
[top_rate: 0.2]
[other_rate: 0.1]
[min_data_per_group: 100]
[max_cat_threshold: 32]
[cat_l2: 10]
[cat_smooth: 10]
[max_cat_to_onehot: 4]
[top_k: 20]
[monotone_constraints: ]
[monotone_constraints_method: basic]
[monotone_penalty: 0]
[feature_contri: ]
[forcedsplits_filename: ]
[refit_decay_rate: 0.9]
[cegb_tradeoff: 1]
[cegb_penalty_split: 0]
[cegb_penalty_feature_lazy: ]
[cegb_penalty_feature_coupled: ]
[path_smooth: 0]
[interaction_constraints: ]
[verbosity: -1]
[saved_feature_importance_type: 0]
[use_quantized_grad: 0]
[num_grad_quant_bins: 4]
[quant_train_renew_leaf: 0]
[stochastic_rounding: 1]
[linear_tree: 0]
[max_bin: 255]
[max_bin_by_feature: ]
[min_data_in_bin: 3]
[bin_construct_sample_cnt: 200000]
[data_random_seed: 175]
[is_enable_sparse: 1]
[enable_bundle: 1]
[use_missing: 1]
[zero_as_missing: 0]
[feature_pre_filter: 1]
[pre_partition: 0]
[two_round: 0]
[header: 0]
[label_column: ]
[weight_column: ]
[group_column: ]
[ignore_column: ]
[categorical_feature: ]
[forcedbins_filename: ]
[precise_float_parser: 0]
[parser_config_file: ]
[objective_seed: 16083]
[num_class: 6]
[is_unbalance: 0]
[scale_pos_weight: 1]
[sigmoid: 1]
[boost_from_average: 1]
[reg_sqrt: 0]
[alpha: 0.9]
[fair_c: 1]
[poisson_max_delta_step: 0.7]
[tweedie_variance_power: 1.5]
[lambdarank_truncation_level: 30]
[lambdarank_norm: 1]
[label_gain: ]
[lambdarank_position_bias_regularization: 0]
[eval_at: ]
[multi_error_top_k: 1]
[auc_mu_weights: ]
[num_machines: 1]
[local_listen_port: 12400]
[time_out: 120]
[machine_list_filename: ]
[machines: ]
[gpu_platform_id: -1]
[gpu_device_id: -1]
[gpu_use_dp: 0]
[num_gpu: 1]

end of parameters

pandas_categorical:null
